date,HF_Rates,HF_Credit,HF_FX,HF_Liquidity,HF_Growth,HF_Inflation,Raw_Growth,Raw_Inflation,Raw_Liquidity,Raw_Credit,Raw_Rates,Raw_FX
2018-01-01,,,,0.0,0.0,0.0,,,,,,
2018-01-02,,,,0.0,0.0,0.0026312243797030786,,,,,,
2018-01-03,0.0011303865375877908,-9.948096465961509e-05,0.004193351631595066,0.009473771791346994,0.0008972438669190908,-0.004677886047912295,,,,,,
2018-01-04,0.0025944449424748495,-0.0005513617723826858,0.000679137503152738,0.011345784890841678,0.003683838846899147,0.0028404387665113794,,,,,,
2018-01-05,0.0021673949382043922,-0.00011600761676300309,0.0020288267480885747,0.01010154445891392,0.006434145628586552,0.002884944595138154,,,,,,
2018-01-06,0.0021673949382043922,-0.00011600761676300309,0.0020288267480885747,0.01010154445891392,0.006434145628586552,-0.0005307135527639331,,,,,,
2018-01-07,0.0021673949382043922,-0.00011600761676300309,0.0020288267480885747,0.01010154445891392,0.006434145628586552,0.00045504637448055287,,,,,,
2018-01-08,0.0020831159287126866,0.00034286056277355037,0.0055506807215877085,0.011767484070897857,0.008350906181906675,0.004756141682257182,,,,,,
2018-01-09,0.0009416146411036497,0.0010651403524806202,0.008226128344555494,0.007962595427903996,0.01607982542767602,0.00475590423599902,,,,,,
2018-01-10,0.0014379240233187707,0.0005957254516589794,0.005503805295553721,-0.005580371890694364,0.016846159315813687,0.010894448722288997,,,,,,
2018-01-11,0.0037325806888698354,0.000633750261319288,0.0004125968376482714,-0.0014416818809440055,0.0196219992582988,0.009550949434429336,,,,,,
2018-01-12,0.0046643938877296565,0.0008771012889535745,-0.010017906396025511,-0.013020356541320268,0.019814267883857765,0.007353827325730989,,,,,,
2018-01-13,0.0046643938877296565,0.0008771012889535745,-0.010017906396025511,-0.013020356541320268,0.019814267883857765,0.004912909163819093,,,,,,
2018-01-14,0.0046643938877296565,0.0008771012889535745,-0.010017906396025511,-0.013020356541320268,0.019814267883857765,0.0040934134469519864,,,,,,
2018-01-15,0.006203868293830572,0.00035223868072919995,-0.014870032089186358,-0.05455238004742098,0.020487360781474437,0.012647537866817913,,,,,,
2018-01-16,0.005689552624895899,0.00028224965189072027,-0.015456010618048577,-0.051154906094385756,0.026360065537589888,0.01207589223967873,,,,,,
2018-01-17,0.005633534215709002,0.0001592525894696939,-0.009802980549681317,-0.056190451758478206,0.02148625667649017,0.008992602544943332,,,,,,
2018-01-18,0.006931770503500134,2.635250229721109e-05,-0.013994169153168423,-0.06018025005856186,0.022333789421196664,0.013466634209432764,,,,,,
2018-01-19,0.007250702762288341,-5.925285586050322e-05,-0.012580179492967858,-0.06682805895313701,0.022685841704396574,0.022283879792245186,,,,,,
2018-01-20,0.007250702762288341,-5.925285586050322e-05,-0.012580179492967858,-0.06682805895313701,0.022685841704396574,0.017753400012934004,,,,,,
2018-01-21,0.007250702762288341,-5.925285586050322e-05,-0.012580179492967858,-0.06682805895313701,0.022685841704396574,0.021360912219071604,,,,,,
2018-01-22,0.005995468954364425,0.00027047738767027596,-0.015349009744920483,-0.05773834714861344,0.025498239980690892,0.018074870213499503,,,,,,
2018-01-23,0.005610910619611831,0.00047598238040014174,-0.019784801384393425,-0.06961712755339958,0.027982387952800766,0.017039046790651817,,,,,,
2018-01-24,0.005836065344840713,0.0006573676309249432,-0.027495912495504538,-0.060017205311161066,0.026536685833642867,0.02012682941949904,,,,,,
2018-01-25,0.006547934220351603,0.00044584410893477866,-0.026544128740773498,-0.0563568266324054,0.02818280332349472,0.029751135712348952,,,,,,
2018-01-26,0.005654166191082721,0.0009614295467277323,-0.030403577678586036,-0.06115159538519147,0.031813607924679604,0.028856758317373665,,,,,,
2018-01-27,0.005654166191082721,0.0009614295467277323,-0.030403577678586036,-0.06115159538519147,0.031813607924679604,0.025942926722006966,,,,,,
2018-01-28,0.005654166191082721,0.0009614295467277323,-0.030403577678586036,-0.06115159538519147,0.031813607924679604,0.025942926722006966,,,,,,
2018-01-29,0.005492706685017001,0.00048374293838149285,-0.026989611863164953,-0.07015047360697854,0.02988320776563604,0.026045544314138934,,,,,,
2018-01-30,0.005371906150859029,0.000719752161480347,-0.029283959932554948,-0.061812187326019154,0.022744616972864003,0.017864893850894188,,,,,,
2018-01-31,0.0041420856387706095,0.0009100832603468056,-0.029912149960038215,-0.09587771662165091,0.026912325557059816,0.017539144893975005,1.2547508344580545,0.6683010935501166,-1.9675799277680512,3.3570433731968,2.0056751941701454,-1.9059865831063958
2018-02-01,0.0035334142094782806,0.0007256003905655728,-0.035300020516448094,-0.14761964515111695,0.022912838006649987,0.016516461678427286,1.2547508344580545,0.6683010935501166,-1.9675799277680512,3.3570433731968,2.0056751941701454,-1.9059865831063958
2018-02-02,0.0032374839087363494,0.0007450995073399191,-0.029205831438589125,-0.15039136203948225,0.023900793735821067,0.021039214305419607,1.2547508344580545,0.6683010935501166,-1.9675799277680512,3.3570433731968,2.0056751941701454,-1.9059865831063958
2018-02-03,0.0032374839087363494,0.0007450995073399191,-0.029205831438589125,-0.15039136203948225,0.023900793735821067,0.026970892709880488,1.2547508344580545,0.6683010935501166,-1.9675799277680512,3.3570433731968,2.0056751941701454,-1.9059865831063958
2018-02-04,0.0032374839087363494,0.0007450995073399191,-0.029205831438589125,-0.15039136203948225,0.023900793735821067,0.024541548365711163,1.2547508344580545,0.6683010935501166,-1.9675799277680512,3.3570433731968,2.0056751941701454,-1.9059865831063958
2018-02-05,0.003970516505129029,8.092538979653785e-05,-0.02323829394517929,-0.15969082799767653,0.021017312660158535,0.015707960615443488,1.2547508344580545,0.6683010935501166,-1.9675799277680512,3.3570433731968,2.0056751941701454,-1.9059865831063958
2018-02-06,0.0015121238684646654,0.0006012479095772738,-0.023595114230412495,-0.20411563601833693,0.007008578436572221,0.01014939513896614,1.2547508344580545,0.6683010935501166,-1.9675799277680512,3.3570433731968,2.0056751941701454,-1.9059865831063958
2018-02-07,0.0011074072794597933,0.0008908405311865986,-0.01693580960905594,-0.18102795644990097,-0.0009236063567960532,0.004395564437291417,1.2547508344580545,0.6683010935501166,-1.9675799277680512,3.3570433731968,2.0056751941701454,-1.9059865831063958
2018-02-08,0.0024883539331516102,0.0006250967730488943,-0.0177114672559322,-0.15517478207160834,-0.005128449465742273,-0.0013446426060748345,1.2547508344580545,0.6683010935501166,-1.9675799277680512,3.3570433731968,2.0056751941701454,-1.9059865831063958
2018-02-09,0.0025551427174533847,0.0007738856178828302,-0.015316151429104696,-0.1729402183725536,-0.019339413458163784,-0.009565823922639959,1.2547508344580545,0.6683010935501166,-1.9675799277680512,3.3570433731968,2.0056751941701454,-1.9059865831063958
2018-02-10,0.0025551427174533847,0.0007738856178828302,-0.015316151429104696,-0.1729402183725536,-0.019339413458163784,-0.00823547995072088,1.2547508344580545,0.6683010935501166,-1.9675799277680512,3.3570433731968,2.0056751941701454,-1.9059865831063958
2018-02-11,0.0025551427174533847,0.0007738856178828302,-0.015316151429104696,-0.1729402183725536,-0.019339413458163784,-0.010223253848627057,1.2547508344580545,0.6683010935501166,-1.9675799277680512,3.3570433731968,2.0056751941701454,-1.9059865831063958
2018-02-12,0.0021423385618185575,0.00154985538841379,-0.01877884724289358,-0.14511920212224128,-0.016716711166458235,-0.01520665001250715,1.2547508344580545,0.6683010935501166,-1.9675799277680512,3.3570433731968,2.0056751941701454,-1.9059865831063958
2018-02-13,0.0023327849396707068,0.0005598603809251479,-0.0229529610763064,-0.14678295086151058,-0.010202759095597275,-0.013745182814435705,1.2547508344580545,0.6683010935501166,-1.9675799277680512,3.3570433731968,2.0056751941701454,-1.9059865831063958
2018-02-14,0.0024094158926641907,0.0004827943188596695,-0.03251785857137346,-0.14708778889098378,-0.002244266354660464,-0.01289304255732981,1.2547508344580545,0.6683010935501166,-1.9675799277680512,3.3570433731968,2.0056751941701454,-1.9059865831063958
2018-02-15,0.0024094158926641907,0.0004827943188596695,-0.03251785857137346,-0.14708778889098378,-0.0016302716527483185,-0.005320981121016734,1.2547508344580545,0.6683010935501166,-1.9675799277680512,3.3570433731968,2.0056751941701454,-1.9059865831063958
2018-02-16,0.0024094158926641907,0.0004827943188596695,-0.03251785857137346,-0.14708778889098378,1.602613932386531e-05,-0.007897620930843847,1.2547508344580545,0.6683010935501166,-1.9675799277680512,3.3570433731968,2.0056751941701454,-1.9059865831063958
2018-02-17,0.0024094158926641907,0.0004827943188596695,-0.03251785857137346,-0.14708778889098378,1.602613932386531e-05,-0.0018938512646976763,1.2547508344580545,0.6683010935501166,-1.9675799277680512,3.3570433731968,2.0056751941701454,-1.9059865831063958
2018-02-18,0.0024094158926641907,0.0004827943188596695,-0.03251785857137346,-0.14708778889098378,1.602613932386531e-05,-0.009707448335061968,1.2547508344580545,0.6683010935501166,-1.9675799277680512,3.3570433731968,2.0056751941701454,-1.9059865831063958
2018-02-19,0.0024094158926641907,0.0004827943188596695,-0.03251785857137346,-0.14708778889098378,1.602613932386531e-05,-0.0026900904583400283,1.2547508344580545,0.6683010935501166,-1.9675799277680512,3.3570433731968,2.0056751941701454,-1.9059865831063958
2018-02-20,0.0024094158926641907,0.0004827943188596695,-0.03251785857137346,-0.14708778889098378,-0.0008959202892074783,-0.008286908584584028,1.2547508344580545,0.6683010935501166,-1.9675799277680512,3.3570433731968,2.0056751941701454,-1.9059865831063958
2018-02-21,0.0024094158926641907,0.0004827943188596695,-0.03251785857137346,-0.14708778889098378,0.00038287360205063183,-0.008449481556878281,1.2547508344580545,0.6683010935501166,-1.9675799277680512,3.3570433731968,2.0056751941701454,-1.9059865831063958
2018-02-22,0.0023634337972162633,0.00037532231490011725,-0.022027679045232507,-0.13761739104361684,0.004472188723036267,-0.008749336106674093,1.2547508344580545,0.6683010935501166,-1.9675799277680512,3.3570433731968,2.0056751941701454,-1.9059865831063958
2018-02-23,0.001976983002911936,0.0002937482483922338,-0.020769004774539468,-0.1368303857471718,0.010519385906775026,0.0037123508701047275,1.2547508344580545,0.6683010935501166,-1.9675799277680512,3.3570433731968,2.0056751941701454,-1.9059865831063958
2018-02-24,0.001976983002911936,0.0002937482483922338,-0.020769004774539468,-0.1368303857471718,0.010519385906775026,-0.0014427320210814503,1.2547508344580545,0.6683010935501166,-1.9675799277680512,3.3570433731968,2.0056751941701454,-1.9059865831063958
2018-02-25,0.001976983002911936,0.0002937482483922338,-0.020769004774539468,-0.1368303857471718,0.010519385906775026,-0.00718333395032863,1.2547508344580545,0.6683010935501166,-1.9675799277680512,3.3570433731968,2.0056751941701454,-1.9059865831063958
2018-02-26,0.00046460712826190687,0.0011423596292110538,-0.02123624250954892,-0.11403063067085421,0.011809673322647455,0.007565352011860045,1.2547508344580545,0.6683010935501166,-1.9675799277680512,3.3570433731968,2.0056751941701454,-1.9059865831063958
2018-02-27,-0.0007887037103089245,0.00204410618547346,-0.014981234050818637,-0.10039608487279619,0.0071066655521908155,0.0012166244748127737,1.2547508344580545,0.6683010935501166,-1.9675799277680512,3.3570433731968,2.0056751941701454,-1.9059865831063958
2018-02-28,-0.002156125460063052,0.0026166441833499476,-0.012204992484620147,-0.03364352339339556,0.002412291809926607,-0.0010447694526901081,1.1535435113261068,0.8804376947259045,-1.9103783549406905,3.808080309244116,1.8485073932245437,-1.602091363741516
2018-03-01,-0.0023686419164656858,0.002687571766665009,-0.017003086483142194,-0.02246661097137504,0.0018015259103897937,-0.009702071386160215,1.1535435113261068,0.8804376947259045,-1.9103783549406905,3.808080309244116,1.8485073932245437,-1.602091363741516
2018-03-02,-0.0017236008332324193,0.0020786700227920507,-0.019707406745594236,-0.021796466825512974,-0.001398733249975557,-0.021123054753276256,1.1535435113261068,0.8804376947259045,-1.9103783549406905,3.808080309244116,1.8485073932245437,-1.602091363741516
2018-03-03,-0.0017236008332324193,0.0020786700227920507,-0.019707406745594236,-0.021796466825512974,-0.001398733249975557,-0.027474485193590047,1.1535435113261068,0.8804376947259045,-1.9103783549406905,3.808080309244116,1.8485073932245437,-1.602091363741516
2018-03-04,-0.0017236008332324193,0.0020786700227920507,-0.019707406745594236,-0.021796466825512974,-0.001398733249975557,-0.028373342600932702,1.1535435113261068,0.8804376947259045,-1.9103783549406905,3.808080309244116,1.8485073932245437,-1.602091363741516
2018-03-05,-0.0011926248732507805,0.0010589538033800583,-0.019440686734925494,-0.01595283966946351,-0.004265943885599334,-0.02940447467030795,1.1535435113261068,0.8804376947259045,-1.9103783549406905,3.808080309244116,1.8485073932245437,-1.602091363741516
2018-03-06,-0.00021083382456699162,0.001046599224031164,-0.02500698231522014,-0.007088086675248408,0.0012944429371686298,-0.0260533869217498,1.1535435113261068,0.8804376947259045,-1.9103783549406905,3.808080309244116,1.8485073932245437,-1.602091363741516
2018-03-07,-0.001497152115183198,0.0010261545718064369,-0.02413552262023111,-0.014445738329269481,-0.0016580562569835163,-0.03831615289506565,1.1535435113261068,0.8804376947259045,-1.9103783549406905,3.808080309244116,1.8485073932245437,-1.602091363741516
2018-03-08,-0.0024699211261649534,0.0011909488425350112,-0.01758294009899375,-0.008962246830003327,0.004929875905373263,-0.05321555301630526,1.1535435113261068,0.8804376947259045,-1.9103783549406905,3.808080309244116,1.8485073932245437,-1.602091363741516
2018-03-09,-0.0024917108941258093,0.0011759897540539743,-0.018303800695644523,0.007883242018190937,0.003213832660330114,-0.061867566079719244,1.1535435113261068,0.8804376947259045,-1.9103783549406905,3.808080309244116,1.8485073932245437,-1.602091363741516
2018-03-10,-0.0024917108941258093,0.0011759897540539743,-0.018303800695644523,0.007883242018190937,0.003213832660330114,-0.0653324622254822,1.1535435113261068,0.8804376947259045,-1.9103783549406905,3.808080309244116,1.8485073932245437,-1.602091363741516
2018-03-11,-0.0024917108941258093,0.0011759897540539743,-0.018303800695644523,0.007883242018190937,0.003213832660330114,-0.06938556250886113,1.1535435113261068,0.8804376947259045,-1.9103783549406905,3.808080309244116,1.8485073932245437,-1.602091363741516
2018-03-12,-0.0027096038258969113,0.0010564895867251067,-0.020767592938028545,0.026769747887063572,0.006070609549453593,-0.05970775738516611,1.1535435113261068,0.8804376947259045,-1.9103783549406905,3.808080309244116,1.8485073932245437,-1.602091363741516
2018-03-13,-0.0020724058414032243,0.0007509628184929618,-0.02300383338394152,0.0246826787219293,0.005577990621174932,-0.06707900495386705,1.1535435113261068,0.8804376947259045,-1.9103783549406905,3.808080309244116,1.8485073932245437,-1.602091363741516
2018-03-14,-0.0011546916690406972,0.0008823518221984239,-0.022736221154062708,0.009303891521077145,0.007090809870772045,-0.06034163637041142,1.1535435113261068,0.8804376947259045,-1.9103783549406905,3.808080309244116,1.8485073932245437,-1.602091363741516
2018-03-15,-0.0013477850356836685,0.0011142794708441928,-0.018132292765772107,0.0019171888948642662,0.005908337469917728,-0.056808905528211336,1.1535435113261068,0.8804376947259045,-1.9103783549406905,3.808080309244116,1.8485073932245437,-1.602091363741516
2018-03-16,-0.0022683462726388326,0.0012669282426429618,-0.01753308505152762,0.0032766692315661255,0.004670274574096555,-0.056851904820392485,1.1535435113261068,0.8804376947259045,-1.9103783549406905,3.808080309244116,1.8485073932245437,-1.602091363741516
2018-03-17,-0.0022683462726388326,0.0012669282426429618,-0.01753308505152762,0.0032766692315661255,0.004670274574096555,-0.0668273261284894,1.1535435113261068,0.8804376947259045,-1.9103783549406905,3.808080309244116,1.8485073932245437,-1.602091363741516
2018-03-18,-0.0022683462726388326,0.0012669282426429618,-0.01753308505152762,0.0032766692315661255,0.004670274574096555,-0.07291652171249312,1.1535435113261068,0.8804376947259045,-1.9103783549406905,3.808080309244116,1.8485073932245437,-1.602091363741516
2018-03-19,-0.0029287100611653516,0.0014225566770944553,-0.020593868212784305,0.0024194683733537157,-0.0005490406286440428,-0.062355123335561966,1.1535435113261068,0.8804376947259045,-1.9103783549406905,3.808080309244116,1.8485073932245437,-1.602091363741516
2018-03-20,-0.003969784589469394,0.0020841005827683112,-0.015243300340664123,0.0004445718911937429,-0.0012282329453169657,-0.06659159820009604,1.1535435113261068,0.8804376947259045,-1.9103783549406905,3.808080309244116,1.8485073932245437,-1.602091363741516
2018-03-21,-0.005436216569000174,0.002708856423677908,-0.023331551906310533,-0.006624848548528614,-0.005269328273643395,-0.07593257567008885,1.1535435113261068,0.8804376947259045,-1.9103783549406905,3.808080309244116,1.8485073932245437,-1.602091363741516
2018-03-22,-0.005794683893074137,0.0024645001309062664,-0.02297459629151033,-0.007054347235447765,-0.006709663191805904,-0.06507633367283426,1.1535435113261068,0.8804376947259045,-1.9103783549406905,3.808080309244116,1.8485073932245437,-1.602091363741516
2018-03-23,-0.009467114386191855,0.0017699280662148986,-0.025026358688504002,-0.06748251645036446,-0.017648928095247075,-0.09465155353148272,1.1535435113261068,0.8804376947259045,-1.9103783549406905,3.808080309244116,1.8485073932245437,-1.602091363741516
2018-03-24,-0.009467114386191855,0.0017699280662148986,-0.025026358688504002,-0.06748251645036446,-0.017648928095247075,-0.10995432984029163,1.1535435113261068,0.8804376947259045,-1.9103783549406905,3.808080309244116,1.8485073932245437,-1.602091363741516
2018-03-25,-0.009467114386191855,0.0017699280662148986,-0.025026358688504002,-0.06748251645036446,-0.018488714118464433,-0.10605189419325978,1.1535435113261068,0.8804376947259045,-1.9103783549406905,3.808080309244116,1.8485073932245437,-1.602091363741516
2018-03-26,-0.010921190885329612,0.001715611562859154,-0.030456829664536222,-0.035183969816302015,-0.023236867945783737,-0.09099724620276971,1.1535435113261068,0.8804376947259045,-1.9103783549406905,3.808080309244116,1.8485073932245437,-1.602091363741516
2018-03-27,-0.008852356497953018,0.001144427362505307,-0.027198732168777218,-0.006103245572698594,-0.017465749145030882,-0.08341512952867902,1.1535435113261068,0.8804376947259045,-1.9103783549406905,3.808080309244116,1.8485073932245437,-1.602091363741516
2018-03-28,-0.008655328588191846,0.0008067258506317954,-0.018889568572320492,-0.009416239473868595,-0.022488762346051776,-0.08202832548199455,1.1535435113261068,0.8804376947259045,-1.9103783549406905,3.808080309244116,1.8485073932245437,-1.602091363741516
2018-03-29,-0.008365142403436221,0.0005077321651095756,-0.018545280970005962,-0.007317690135711215,-0.015453694827151351,-0.08389283820108717,1.1535435113261068,0.8804376947259045,-1.9103783549406905,3.808080309244116,1.8485073932245437,-1.602091363741516
2018-03-30,-0.008174517054813979,0.00012465149786222707,-0.019699912820081433,0.016074301652746523,-0.015410466990297316,-0.07441311615857621,1.1535435113261068,0.8804376947259045,-1.9103783549406905,3.808080309244116,1.8485073932245437,-1.602091363741516
2018-03-31,-0.008174517054813979,0.00012465149786222707,-0.019699912820081433,0.016074301652746523,-0.015410466990297316,-0.08000600669315275,0.9831050392586561,0.9031492513038307,-1.830392673598416,2.4499299822636496,1.7153001418900524,-1.7360604394538954
2018-04-01,-0.008174517054813979,0.00012465149786222707,-0.019699912820081433,0.016074301652746523,-0.015410466990297316,-0.07817836559142156,0.9831050392586561,0.9031492513038307,-1.830392673598416,2.4499299822636496,1.7153001418900524,-1.7360604394538954
2018-04-02,-0.008361928833156673,0.00038826487611076654,-0.01866621194866047,-0.0059471678005289415,-0.013992435938654497,-0.07356244538288043,0.9831050392586561,0.9031492513038307,-1.830392673598416,2.4499299822636496,1.7153001418900524,-1.7360604394538954
2018-04-03,-0.008464823531805221,-0.0003225045806335425,-0.018077721925231938,-0.015129290616143383,-0.013560492180719454,-0.08991632676450784,0.9831050392586561,0.9031492513038307,-1.830392673598416,2.4499299822636496,1.7153001418900524,-1.7360604394538954
2018-04-04,-0.008322951755733055,-0.0005863465057759365,-0.018521604118897805,-0.021540397622660815,-0.02109489537725763,-0.08867503979495797,0.9831050392586561,0.9031492513038307,-1.830392673598416,2.4499299822636496,1.7153001418900524,-1.7360604394538954
2018-04-05,-0.008322951755733055,-0.0005863465057759365,-0.018521604118897805,-0.021540397622660815,-0.018952697076500172,-0.09791740890104597,0.9831050392586561,0.9031492513038307,-1.830392673598416,2.4499299822636496,1.7153001418900524,-1.7360604394538954
2018-04-06,-0.008322951755733055,-0.0005863465057759365,-0.018521604118897805,-0.021540397622660815,-0.01931915662301138,-0.09420024767600138,0.9831050392586561,0.9031492513038307,-1.830392673598416,2.4499299822636496,1.7153001418900524,-1.7360604394538954
2018-04-07,-0.008322951755733055,-0.0005863465057759365,-0.018521604118897805,-0.021540397622660815,-0.01931915662301138,-0.08909310331609994,0.9831050392586561,0.9031492513038307,-1.830392673598416,2.4499299822636496,1.7153001418900524,-1.7360604394538954
2018-04-08,-0.008322951755733055,-0.0005863465057759365,-0.018521604118897805,-0.021540397622660815,-0.01931915662301138,-0.08748289322869765,0.9831050392586561,0.9031492513038307,-1.830392673598416,2.4499299822636496,1.7153001418900524,-1.7360604394538954
2018-04-09,-0.011447823132344492,0.00035904349900584,-0.021208283959917473,-0.020086271584699333,-0.012201990706346796,-0.07678297296494066,0.9831050392586561,0.9031492513038307,-1.830392673598416,2.4499299822636496,1.7153001418900524,-1.7360604394538954
2018-04-10,-0.010943570457483842,-6.148406545214424e-05,-0.02422502632344037,-0.030077615146082176,-0.005703019558912209,-0.0720701390517697,0.9831050392586561,0.9031492513038307,-1.830392673598416,2.4499299822636496,1.7153001418900524,-1.7360604394538954
2018-04-11,-0.011111019272162403,-0.0002509653682795099,-0.025051278821737744,-0.026173304699311974,-0.004248151688925054,-0.07019123171499582,0.9831050392586561,0.9031492513038307,-1.830392673598416,2.4499299822636496,1.7153001418900524,-1.7360604394538954
2018-04-12,-0.011246036030442275,-0.000275418265648697,-0.022246402135738585,-0.02671260992667384,-0.00857130448550512,-0.06192921634383564,0.9831050392586561,0.9031492513038307,-1.830392673598416,2.4499299822636496,1.7153001418900524,-1.7360604394538954
2018-04-13,-0.011255755924689748,0.00028060877841318277,-0.02180066008666237,-0.021915212126630196,-0.01114301827141016,-0.06130796150120385,0.9831050392586561,0.9031492513038307,-1.830392673598416,2.4499299822636496,1.7153001418900524,-1.7360604394538954
2018-04-14,-0.011255755924689748,0.00028060877841318277,-0.02180066008666237,-0.021915212126630196,-0.01114301827141016,-0.07420882860658942,0.9831050392586561,0.9031492513038307,-1.830392673598416,2.4499299822636496,1.7153001418900524,-1.7360604394538954
2018-04-15,-0.011255755924689748,0.00028060877841318277,-0.02180066008666237,-0.021915212126630196,-0.01114301827141016,-0.06484503056872702,0.9831050392586561,0.9031492513038307,-1.830392673598416,2.4499299822636496,1.7153001418900524,-1.7360604394538954
2018-04-16,-0.014161976056555226,0.001332180808471306,-0.026055600049682326,-0.009687863872992517,-0.017308376730632888,-0.07209120342110889,0.9831050392586561,0.9031492513038307,-1.830392673598416,2.4499299822636496,1.7153001418900524,-1.7360604394538954
2018-04-17,-0.013919685212779975,0.002499862903582062,-0.025115960692216666,-0.02707730259870284,-0.018395518095759306,-0.0738493006332982,0.9831050392586561,0.9031492513038307,-1.830392673598416,2.4499299822636496,1.7153001418900524,-1.7360604394538954
2018-04-18,-0.02032633054550448,0.00528540987746251,-0.023584892297044524,-0.009733740747630778,-0.0143369394427541,-0.06602513966021455,0.9831050392586561,0.9031492513038307,-1.830392673598416,2.4499299822636496,1.7153001418900524,-1.7360604394538954
2018-04-19,-0.024316231643476516,0.005563481703602435,-0.020449326500376674,-0.011357878508224799,-0.008361294708070382,-0.05427787143113255,0.9831050392586561,0.9031492513038307,-1.830392673598416,2.4499299822636496,1.7153001418900524,-1.7360604394538954
2018-04-20,-0.025980256408769997,0.005653158469918762,-0.01592197327783551,-0.03216446522394495,-0.01077429943391532,-0.05849082886191754,0.9831050392586561,0.9031492513038307,-1.830392673598416,2.4499299822636496,1.7153001418900524,-1.7360604394538954
2018-04-21,-0.025980256408769997,0.005653158469918762,-0.01592197327783551,-0.03216446522394495,-0.01077429943391532,-0.06556775616409125,0.9831050392586561,0.9031492513038307,-1.830392673598416,2.4499299822636496,1.7153001418900524,-1.7360604394538954
2018-04-22,-0.025980256408769997,0.005653158469918762,-0.01592197327783551,-0.03216446522394495,-0.01077429943391532,-0.0672681460323686,0.9831050392586561,0.9031492513038307,-1.830392673598416,2.4499299822636496,1.7153001418900524,-1.7360604394538954
2018-04-23,-0.023908203895488422,0.0045655951423302366,-0.009100645555118136,-0.04376263865147864,-0.012073536946492486,-0.05406233589527922,0.9831050392586561,0.9031492513038307,-1.830392673598416,2.4499299822636496,1.7153001418900524,-1.7360604394538954
2018-04-24,-0.02027804886739304,0.0037514022802404012,-0.01111338188665878,-0.027923855815523667,-0.011191751048139189,-0.0483293167800764,0.9831050392586561,0.9031492513038307,-1.830392673598416,2.4499299822636496,1.7153001418900524,-1.7360604394538954
2018-04-25,-0.020408628329812384,0.003968345767993431,-0.006187110644180316,-0.01963657305135423,-0.010020823243877458,-0.051341467768987625,0.9831050392586561,0.9031492513038307,-1.830392673598416,2.4499299822636496,1.7153001418900524,-1.7360604394538954
2018-04-26,-0.019855343347379373,0.00340397683210214,-0.002271993026151109,-0.03357499289489094,-0.014412345938737487,-0.04754952753839695,0.9831050392586561,0.9031492513038307,-1.830392673598416,2.4499299822636496,1.7153001418900524,-1.7360604394538954
2018-04-27,-0.0179718480769977,0.003018369498941409,-0.0028618861899447623,-0.03466709912553502,-0.01738853319179918,-0.04352733650820495,0.9831050392586561,0.9031492513038307,-1.830392673598416,2.4499299822636496,1.7153001418900524,-1.7360604394538954
2018-04-28,-0.0179718480769977,0.003018369498941409,-0.0028618861899447623,-0.03466709912553502,-0.01738853319179918,-0.04836180650215868,0.9831050392586561,0.9031492513038307,-1.830392673598416,2.4499299822636496,1.7153001418900524,-1.7360604394538954
2018-04-29,-0.0179718480769977,0.003018369498941409,-0.0028618861899447623,-0.03466709912553502,-0.01738853319179918,-0.04750895802577863,0.9831050392586561,0.9031492513038307,-1.830392673598416,2.4499299822636496,1.7153001418900524,-1.7360604394538954
2018-04-30,-0.0179718480769977,0.003018369498941409,-0.0028618861899447623,-0.03466709912553502,-0.016837072381418183,-0.05110353083232075,0.9469010031268429,0.7132611740531006,-1.7473331632164357,2.774978947348025,1.5159081556157825,-1.4422177337066848
2018-05-01,-0.0179718480769977,0.003018369498941409,-0.0028618861899447623,-0.03466709912553502,-0.016188929051241346,-0.056470686941532074,0.9469010031268429,0.7132611740531006,-1.7473331632164357,2.774978947348025,1.5159081556157825,-1.4422177337066848
2018-05-02,-0.01597322769364462,0.002425176280239194,0.010790177468677165,-0.03330980966154742,-0.016732121814066556,-0.04428297950286851,0.9469010031268429,0.7132611740531006,-1.7473331632164357,2.774978947348025,1.5159081556157825,-1.4422177337066848
2018-05-03,-0.016345158725161957,0.0033484703475753497,0.007231727227673068,-0.020947065474163543,-0.019072592080851096,-0.05193297750903507,0.9469010031268429,0.7132611740531006,-1.7473331632164357,2.774978947348025,1.5159081556157825,-1.4422177337066848
2018-05-04,-0.017146769683807017,0.004334995304998701,0.008919911023273053,-0.02022302585952843,-0.01974015609811136,-0.04565471648958316,0.9469010031268429,0.7132611740531006,-1.7473331632164357,2.774978947348025,1.5159081556157825,-1.4422177337066848
2018-05-05,-0.017146769683807017,0.004334995304998701,0.008919911023273053,-0.02022302585952843,-0.01974015609811136,-0.05376183764013153,0.9469010031268429,0.7132611740531006,-1.7473331632164357,2.774978947348025,1.5159081556157825,-1.4422177337066848
2018-05-06,-0.017146769683807017,0.004334995304998701,0.008919911023273053,-0.02022302585952843,-0.01974015609811136,-0.047642936287523814,0.9469010031268429,0.7132611740531006,-1.7473331632164357,2.774978947348025,1.5159081556157825,-1.4422177337066848
2018-05-07,-0.017749106880974086,0.004082880787271592,0.010173111546160185,-0.0043744279138134,-0.019775650151414602,-0.049611585448712206,0.9469010031268429,0.7132611740531006,-1.7473331632164357,2.774978947348025,1.5159081556157825,-1.4422177337066848
2018-05-08,-0.015170595335616266,0.0031656651948178682,0.013992747062296584,-0.0041782571709713745,-0.017990643926392075,-0.04983575050967688,0.9469010031268429,0.7132611740531006,-1.7473331632164357,2.774978947348025,1.5159081556157825,-1.4422177337066848
2018-05-09,-0.012892024444951078,0.0029509328946412117,0.015110629964062539,-0.004701744297335638,-0.019197671214498675,-0.0544669697874702,0.9469010031268429,0.7132611740531006,-1.7473331632164357,2.774978947348025,1.5159081556157825,-1.4422177337066848
2018-05-10,-0.012736753648368682,0.004141816692616596,0.010633354552571972,-0.0039060631449417643,-0.018509804160747326,-0.03557061856410611,0.9469010031268429,0.7132611740531006,-1.7473331632164357,2.774978947348025,1.5159081556157825,-1.4422177337066848
2018-05-11,-0.013754798054085304,0.00451871390054126,0.008627314863184687,-0.015601730408263534,-0.015830268924558185,-0.02544037175521965,0.9469010031268429,0.7132611740531006,-1.7473331632164357,2.774978947348025,1.5159081556157825,-1.4422177337066848
2018-05-12,-0.013754798054085304,0.00451871390054126,0.008627314863184687,-0.015601730408263534,-0.015830268924558185,-0.032626781224815625,0.9469010031268429,0.7132611740531006,-1.7473331632164357,2.774978947348025,1.5159081556157825,-1.4422177337066848
2018-05-13,-0.013754798054085304,0.00451871390054126,0.008627314863184687,-0.015601730408263534,-0.015830268924558185,-0.02679727616834559,0.9469010031268429,0.7132611740531006,-1.7473331632164357,2.774978947348025,1.5159081556157825,-1.4422177337066848
2018-05-14,-0.013308779256655301,0.00470478775992722,0.009891714975575616,-0.0270170097816042,-0.014555995655217965,-0.033608366357669874,0.9469010031268429,0.7132611740531006,-1.7473331632164357,2.774978947348025,1.5159081556157825,-1.4422177337066848
2018-05-15,-0.012005693886779634,0.004891570440941573,0.01731743083401216,-0.016511293124348778,-0.01849004829463404,-0.02962034679255201,0.9469010031268429,0.7132611740531006,-1.7473331632164357,2.774978947348025,1.5159081556157825,-1.4422177337066848
2018-05-16,-0.011564289984941745,0.004703273822417309,0.01648176728501327,-0.014742163407519384,-0.018512453348301393,-0.0297911470710831,0.9469010031268429,0.7132611740531006,-1.7473331632164357,2.774978947348025,1.5159081556157825,-1.4422177337066848
2018-05-17,-0.012258539482879582,0.004915529635745486,0.019441203705381938,-0.020202782195647983,-0.019236338681176024,-0.022082150107994036,0.9469010031268429,0.7132611740531006,-1.7473331632164357,2.774978947348025,1.5159081556157825,-1.4422177337066848
2018-05-18,-0.012400961498733709,0.005141510850551145,0.02029648022697228,-0.02634682181828765,-0.016609279124992913,-0.029435667932158883,0.9469010031268429,0.7132611740531006,-1.7473331632164357,2.774978947348025,1.5159081556157825,-1.4422177337066848
2018-05-19,-0.012400961498733709,0.005141510850551145,0.02029648022697228,-0.02634682181828765,-0.016609279124992913,-0.033966863201011936,0.9469010031268429,0.7132611740531006,-1.7473331632164357,2.774978947348025,1.5159081556157825,-1.4422177337066848
2018-05-20,-0.012400961498733709,0.005141510850551145,0.02029648022697228,-0.02634682181828765,-0.016609279124992913,-0.026969356111839926,0.9469010031268429,0.7132611740531006,-1.7473331632164357,2.774978947348025,1.5159081556157825,-1.4422177337066848
2018-05-21,-0.012472162366089723,0.0053866399627710004,0.019281707269069304,-0.012849380834693206,-0.013765119425494998,-0.040957505955648926,0.9469010031268429,0.7132611740531006,-1.7473331632164357,2.774978947348025,1.5159081556157825,-1.4422177337066848
2018-05-22,-0.014701885317349728,0.0073483832311557196,0.019132009871665412,0.002389278147350052,-0.016397339835557058,-0.03325234436975168,0.9469010031268429,0.7132611740531006,-1.7473331632164357,2.774978947348025,1.5159081556157825,-1.4422177337066848
2018-05-23,-0.015286329417370403,0.007645765808225735,0.023142361927104504,-0.005574018359822942,-0.01953222729619142,-0.03803537059876249,0.9469010031268429,0.7132611740531006,-1.7473331632164357,2.774978947348025,1.5159081556157825,-1.4422177337066848
2018-05-24,-0.016419036910988893,0.007400358178746624,0.022055903249814768,-0.004786443436472052,-0.020755459673785417,-0.031052774360563414,0.9469010031268429,0.7132611740531006,-1.7473331632164357,2.774978947348025,1.5159081556157825,-1.4422177337066848
2018-05-25,-0.01680155127676719,0.008387783611020105,0.026726358885817647,-0.014798162114098179,-0.02187343009356499,-0.027892084044495207,0.9469010031268429,0.7132611740531006,-1.7473331632164357,2.774978947348025,1.5159081556157825,-1.4422177337066848
2018-05-26,-0.01680155127676719,0.008387783611020105,0.026726358885817647,-0.014798162114098179,-0.02187343009356499,-0.024921946524580445,0.9469010031268429,0.7132611740531006,-1.7473331632164357,2.774978947348025,1.5159081556157825,-1.4422177337066848
2018-05-27,-0.01680155127676719,0.008387783611020105,0.026726358885817647,-0.014798162114098179,-0.02187343009356499,-0.024711622747000263,0.9469010031268429,0.7132611740531006,-1.7473331632164357,2.774978947348025,1.5159081556157825,-1.4422177337066848
2018-05-28,-0.018176357944579502,0.00877270495493876,0.0285731201547762,-0.02320208694157878,-0.02118857747869941,-0.034986680448387195,0.9469010031268429,0.7132611740531006,-1.7473331632164357,2.774978947348025,1.5159081556157825,-1.4422177337066848
2018-05-29,-0.018753413032961186,0.008401562525279793,0.033213294743993704,-0.03347495764675426,-0.021037355839941648,-0.03321241415313157,0.9469010031268429,0.7132611740531006,-1.7473331632164357,2.774978947348025,1.5159081556157825,-1.4422177337066848
2018-05-30,-0.01961420856668661,0.00798722371707683,0.02511467720331606,-0.062488860272570286,-0.028541360188270196,-0.028493776217656336,0.9469010031268429,0.7132611740531006,-1.7473331632164357,2.774978947348025,1.5159081556157825,-1.4422177337066848
2018-05-31,-0.0193592980584828,0.008024942463643936,0.024072822276299033,-0.0527786933153459,-0.022392542896649617,-0.017229249658377892,1.010403469711388,0.6650427123570731,-1.6028290372645164,2.3252018910103387,1.5011632020089452,-0.9633701138804716
2018-06-01,-0.01901647385123706,0.0077278442490571475,0.026297054703266487,-0.05888754752219322,-0.020914799944268255,-0.010923520081022977,1.010403469711388,0.6650427123570731,-1.6028290372645164,2.3252018910103387,1.5011632020089452,-0.9633701138804716
2018-06-02,-0.01901647385123706,0.0077278442490571475,0.026297054703266487,-0.05888754752219322,-0.020914799944268255,-0.005334261293546841,1.010403469711388,0.6650427123570731,-1.6028290372645164,2.3252018910103387,1.5011632020089452,-0.9633701138804716
2018-06-03,-0.01901647385123706,0.0077278442490571475,0.026297054703266487,-0.05888754752219322,-0.020914799944268255,-0.01001882524117642,1.010403469711388,0.6650427123570731,-1.6028290372645164,2.3252018910103387,1.5011632020089452,-0.9633701138804716
2018-06-04,-0.016517285658722458,0.006936168876079951,0.02468302110588294,-0.06633349134660187,-0.015976618356055773,-0.011881216761934713,1.010403469711388,0.6650427123570731,-1.6028290372645164,2.3252018910103387,1.5011632020089452,-0.9633701138804716
2018-06-05,-0.015973650328442446,0.005611299633175748,0.022438865482730885,-0.048291698361469834,-0.011350090574855295,-0.019844488131167234,1.010403469711388,0.6650427123570731,-1.6028290372645164,2.3252018910103387,1.5011632020089452,-0.9633701138804716
2018-06-06,-0.015293199059180473,0.0048461473074236094,0.01991250929848798,-0.04395618034706325,-0.006614598207276596,-0.016083572460606245,1.010403469711388,0.6650427123570731,-1.6028290372645164,2.3252018910103387,1.5011632020089452,-0.9633701138804716
2018-06-07,-0.0146768261288166,0.004941489851780001,0.018202632623343207,-0.05157397622718482,0.0007867783222055905,-0.010877877676053806,1.010403469711388,0.6650427123570731,-1.6028290372645164,2.3252018910103387,1.5011632020089452,-0.9633701138804716
2018-06-08,-0.015892034204945116,0.005753615138847867,0.019540761811687513,-0.052932930754435475,-0.0036528239657949756,-0.002987505796970496,1.010403469711388,0.6650427123570731,-1.6028290372645164,2.3252018910103387,1.5011632020089452,-0.9633701138804716
2018-06-09,-0.015892034204945116,0.005753615138847867,0.019540761811687513,-0.052932930754435475,-0.0036528239657949756,-0.00566403116904564,1.010403469711388,0.6650427123570731,-1.6028290372645164,2.3252018910103387,1.5011632020089452,-0.9633701138804716
2018-06-10,-0.015892034204945116,0.005753615138847867,0.019540761811687513,-0.052932930754435475,-0.0036528239657949756,-0.006909107043129082,1.010403469711388,0.6650427123570731,-1.6028290372645164,2.3252018910103387,1.5011632020089452,-0.9633701138804716
2018-06-11,-0.016159722027191847,0.005764603071815144,0.021058845177983954,-0.06226276220845044,-0.0010774833139657923,-0.009301688434520537,1.010403469711388,0.6650427123570731,-1.6028290372645164,2.3252018910103387,1.5011632020089452,-0.9633701138804716
2018-06-12,-0.014766828150443612,0.004840769135548095,0.022425184136790954,-0.053222520309816765,0.000571314535935518,-0.0055824139443863465,1.010403469711388,0.6650427123570731,-1.6028290372645164,2.3252018910103387,1.5011632020089452,-0.9633701138804716
2018-06-13,-0.01416304465579643,0.004847946372418033,0.018928717912867876,-0.06777482268791152,-0.004095895730995024,-0.0034323473633438885,1.010403469711388,0.6650427123570731,-1.6028290372645164,2.3252018910103387,1.5011632020089452,-0.9633701138804716
2018-06-14,-0.016543022686768327,0.006138466019019462,0.034418496584469604,-0.07318386833234447,-0.0076169057399887875,0.004529416984377869,1.010403469711388,0.6650427123570731,-1.6028290372645164,2.3252018910103387,1.5011632020089452,-0.9633701138804716
2018-06-15,-0.019423371637659614,0.007344645399514849,0.032764628957084985,-0.09919439118898105,-0.010441859166770713,-0.00021552021018667652,1.010403469711388,0.6650427123570731,-1.6028290372645164,2.3252018910103387,1.5011632020089452,-0.9633701138804716
2018-06-16,-0.019423371637659614,0.007344645399514849,0.032764628957084985,-0.09919439118898105,-0.010441859166770713,0.005356852599079525,1.010403469711388,0.6650427123570731,-1.6028290372645164,2.3252018910103387,1.5011632020089452,-0.9633701138804716
2018-06-17,-0.019423371637659614,0.007344645399514849,0.032764628957084985,-0.09919439118898105,-0.010441859166770713,0.005762995066130917,1.010403469711388,0.6650427123570731,-1.6028290372645164,2.3252018910103387,1.5011632020089452,-0.9633701138804716
2018-06-18,-0.019423371637659614,0.007344645399514849,0.032764628957084985,-0.09919439118898105,-0.013578603777234495,0.0013007338277790485,1.010403469711388,0.6650427123570731,-1.6028290372645164,2.3252018910103387,1.5011632020089452,-0.9633701138804716
2018-06-19,-0.020278245543758566,0.008069205048946704,0.035128196255442945,-0.16694761187192916,-0.03416327972940189,-0.011173656322095356,1.010403469711388,0.6650427123570731,-1.6028290372645164,2.3252018910103387,1.5011632020089452,-0.9633701138804716
2018-06-20,-0.020653940338298482,0.007845348080735781,0.03614929188052207,-0.1495715812872307,-0.028882557803498844,-0.008497153111694886,1.010403469711388,0.6650427123570731,-1.6028290372645164,2.3252018910103387,1.5011632020089452,-0.9633701138804716
2018-06-21,-0.020865791143973467,0.008079314899658407,0.03360441476022924,-0.17130617786729055,-0.032696162585665337,-0.013767190651384964,1.010403469711388,0.6650427123570731,-1.6028290372645164,2.3252018910103387,1.5011632020089452,-0.9633701138804716
2018-06-22,-0.021063690628151055,0.008870209061938472,0.030146359494602093,-0.13435894987303382,-0.03162961799070776,-0.019087639617076445,1.010403469711388,0.6650427123570731,-1.6028290372645164,2.3252018910103387,1.5011632020089452,-0.9633701138804716
2018-06-23,-0.021063690628151055,0.008870209061938472,0.030146359494602093,-0.13435894987303382,-0.03162961799070776,-0.01991618010171006,1.010403469711388,0.6650427123570731,-1.6028290372645164,2.3252018910103387,1.5011632020089452,-0.9633701138804716
2018-06-24,-0.021063690628151055,0.008870209061938472,0.030146359494602093,-0.13435894987303382,-0.03162961799070776,-0.014932849065257109,1.010403469711388,0.6650427123570731,-1.6028290372645164,2.3252018910103387,1.5011632020089452,-0.9633701138804716
2018-06-25,-0.021182406824783562,0.008582312978869688,0.027744827592313892,-0.11396293270398093,-0.03893089265852038,-0.01639079716625283,1.010403469711388,0.6650427123570731,-1.6028290372645164,2.3252018910103387,1.5011632020089452,-0.9633701138804716
2018-06-26,-0.021630480535582364,0.008386628028597243,0.031647432156664324,-0.08015693419009028,-0.043634988004548764,-0.024058233950288898,1.010403469711388,0.6650427123570731,-1.6028290372645164,2.3252018910103387,1.5011632020089452,-0.9633701138804716
2018-06-27,-0.022446058393338242,0.008684960023393251,0.03786943841036161,-0.07221063885518075,-0.04956390775530749,-0.01754879877505513,1.010403469711388,0.6650427123570731,-1.6028290372645164,2.3252018910103387,1.5011632020089452,-0.9633701138804716
2018-06-28,-0.024961288619676947,0.009967019854696724,0.03842585133173937,-0.08274545030208247,-0.05110203590580363,-0.003735877271760085,1.010403469711388,0.6650427123570731,-1.6028290372645164,2.3252018910103387,1.5011632020089452,-0.9633701138804716
2018-06-29,-0.025524863366840678,0.01110435890432837,0.02988494100080541,-0.05502385585554671,-0.04513289629848759,0.0009092239879609342,1.010403469711388,0.6650427123570731,-1.6028290372645164,2.3252018910103387,1.5011632020089452,-0.9633701138804716
2018-06-30,-0.025524863366840678,0.01110435890432837,0.02988494100080541,-0.05502385585554671,-0.04513289629848759,0.0004984412882733762,0.9659736377987475,0.7607937159718985,-1.4229504346202175,1.3076390455330127,1.2711084144840943,-0.8614917547168
2018-07-01,-0.025524863366840678,0.01110435890432837,0.02988494100080541,-0.05502385585554671,-0.04513289629848759,-0.0011466679942802808,0.9659736377987475,0.7607937159718985,-1.4229504346202175,1.3076390455330127,1.2711084144840943,-0.8614917547168
2018-07-02,-0.029453822671766328,0.011697907496190818,0.03350429502019325,-0.19294152791339086,-0.052755933316102545,-0.00042075802977229403,0.9659736377987475,0.7607937159718985,-1.4229504346202175,1.3076390455330127,1.2711084144840943,-0.8614917547168
2018-07-03,-0.02968609223172669,0.01133613854710347,0.030604491152382063,-0.1790510881822981,-0.053441306005745565,0.0024570554665590853,0.9659736377987475,0.7607937159718985,-1.4229504346202175,1.3076390455330127,1.2711084144840943,-0.8614917547168
2018-07-04,-0.03078036859376676,0.010355233523445029,0.030065145347117572,-0.1958932907214206,-0.061953636535453604,-0.0031382051378126196,0.9659736377987475,0.7607937159718985,-1.4229504346202175,1.3076390455330127,1.2711084144840943,-0.8614917547168
2018-07-05,-0.027858073676060302,0.010033753721179095,0.028573208156615237,-0.22460551017447195,-0.07164827025473704,2.3691616147817392e-05,0.9659736377987475,0.7607937159718985,-1.4229504346202175,1.3076390455330127,1.2711084144840943,-0.8614917547168
2018-07-06,-0.027582940411704948,0.009296326037863234,0.02433443824764281,-0.22385811585670226,-0.07033314517073831,-0.00504134193990542,0.9659736377987475,0.7607937159718985,-1.4229504346202175,1.3076390455330127,1.2711084144840943,-0.8614917547168
2018-07-07,-0.027582940411704948,0.009296326037863234,0.02433443824764281,-0.22385811585670226,-0.07033314517073831,-0.0044218150690646055,0.9659736377987475,0.7607937159718985,-1.4229504346202175,1.3076390455330127,1.2711084144840943,-0.8614917547168
2018-07-08,-0.027582940411704948,0.009296326037863234,0.02433443824764281,-0.22385811585670226,-0.07033314517073831,-9.297855090265473e-05,0.9659736377987475,0.7607937159718985,-1.4229504346202175,1.3076390455330127,1.2711084144840943,-0.8614917547168
2018-07-09,-0.0265235452126672,0.007810605894649769,0.02513259079055674,-0.21548924499265076,-0.0620113105241692,0.0027112591581280113,0.9659736377987475,0.7607937159718985,-1.4229504346202175,1.3076390455330127,1.2711084144840943,-0.8614917547168
2018-07-10,-0.025394949075635886,0.007495891404868837,0.02686585890480353,-0.21059246920628472,-0.06058548524171044,0.01475505988727831,0.9659736377987475,0.7607937159718985,-1.4229504346202175,1.3076390455330127,1.2711084144840943,-0.8614917547168
2018-07-11,-0.02687624123948329,0.0077246847194611945,0.032205278256217995,-0.2249624471570922,-0.07465995341569596,0.023600601012550924,0.9659736377987475,0.7607937159718985,-1.4229504346202175,1.3076390455330127,1.2711084144840943,-0.8614917547168
2018-07-12,-0.02689644463450447,0.007859243912836655,0.03409529810670586,-0.20650767466530717,-0.06546048149715869,0.016744147732353908,0.9659736377987475,0.7607937159718985,-1.4229504346202175,1.3076390455330127,1.2711084144840943,-0.8614917547168
2018-07-13,-0.027793882576777063,0.008441704639239767,0.03208237747479625,-0.1961085658743316,-0.06759811731924181,0.015634012850798153,0.9659736377987475,0.7607937159718985,-1.4229504346202175,1.3076390455330127,1.2711084144840943,-0.8614917547168
2018-07-14,-0.027793882576777063,0.008441704639239767,0.03208237747479625,-0.1961085658743316,-0.06759811731924181,0.015634012850798153,0.9659736377987475,0.7607937159718985,-1.4229504346202175,1.3076390455330127,1.2711084144840943,-0.8614917547168
2018-07-15,-0.027793882576777063,0.008441704639239767,0.03208237747479625,-0.1961085658743316,-0.06759811731924181,0.018996270437036486,0.9659736377987475,0.7607937159718985,-1.4229504346202175,1.3076390455330127,1.2711084144840943,-0.8614917547168
2018-07-16,-0.029169640970231225,0.008956843755651311,0.03019211811854039,-0.19131432293099657,-0.07105329146998234,0.023653618196959474,0.9659736377987475,0.7607937159718985,-1.4229504346202175,1.3076390455330127,1.2711084144840943,-0.8614917547168
2018-07-17,-0.029838009323944426,0.0088847267003207,0.03571493411989468,-0.18417295423133545,-0.07388958995018126,0.009683540939057484,0.9659736377987475,0.7607937159718985,-1.4229504346202175,1.3076390455330127,1.2711084144840943,-0.8614917547168
2018-07-18,-0.030369166291960403,0.009136580736492705,0.035799110089759556,-0.18832373785846887,-0.07719112657414808,0.008413542133361072,0.9659736377987475,0.7607937159718985,-1.4229504346202175,1.3076390455330127,1.2711084144840943,-0.8614917547168
2018-07-19,-0.030462413795205534,0.009483208087969874,0.036146306739837875,-0.19859950051562714,-0.0781561879163198,0.0110475637179645,0.9659736377987475,0.7607937159718985,-1.4229504346202175,1.3076390455330127,1.2711084144840943,-0.8614917547168
2018-07-20,-0.030969929584879874,0.0084296415484445,0.029425650450397467,-0.19917946834056707,-0.07396318027259832,0.014064987285460823,0.9659736377987475,0.7607937159718985,-1.4229504346202175,1.3076390455330127,1.2711084144840943,-0.8614917547168
2018-07-21,-0.030969929584879874,0.0084296415484445,0.029425650450397467,-0.19917946834056707,-0.07396318027259832,0.017394470571833204,0.9659736377987475,0.7607937159718985,-1.4229504346202175,1.3076390455330127,1.2711084144840943,-0.8614917547168
2018-07-22,-0.030969929584879874,0.0084296415484445,0.029425650450397467,-0.19917946834056707,-0.07396318027259832,0.016230702889413452,0.9659736377987475,0.7607937159718985,-1.4229504346202175,1.3076390455330127,1.2711084144840943,-0.8614917547168
2018-07-23,-0.028010040059182284,0.006878745010430842,0.03144807715066544,-0.19555155839543797,-0.07052775072950737,0.022152113216459542,0.9659736377987475,0.7607937159718985,-1.4229504346202175,1.3076390455330127,1.2711084144840943,-0.8614917547168
2018-07-24,-0.024271313329304323,0.004807464598605926,0.03144807715066544,-0.18314784488829594,-0.0633521950764281,0.023111424243880605,0.9659736377987475,0.7607937159718985,-1.4229504346202175,1.3076390455330127,1.2711084144840943,-0.8614917547168
2018-07-25,-0.024554902372532328,0.004023993832315775,0.026164452161232643,-0.18091863190145538,-0.058992284340827185,0.02787823225312104,0.9659736377987475,0.7607937159718985,-1.4229504346202175,1.3076390455330127,1.2711084144840943,-0.8614917547168
2018-07-26,-0.0248885046482753,0.0035934242427985152,0.03257035026177235,-0.18182131527721754,-0.05924465839607965,0.03204948483672312,0.9659736377987475,0.7607937159718985,-1.4229504346202175,1.3076390455330127,1.2711084144840943,-0.8614917547168
2018-07-27,-0.0261979630077126,0.0030983444783651004,0.03177866820128783,-0.18688429066769338,-0.059876214957054544,0.04344696594138491,0.9659736377987475,0.7607937159718985,-1.4229504346202175,1.3076390455330127,1.2711084144840943,-0.8614917547168
2018-07-28,-0.0261979630077126,0.0030983444783651004,0.03177866820128783,-0.18688429066769338,-0.059876214957054544,0.044783444814236455,0.9659736377987475,0.7607937159718985,-1.4229504346202175,1.3076390455330127,1.2711084144840943,-0.8614917547168
2018-07-29,-0.0261979630077126,0.0030983444783651004,0.03177866820128783,-0.18688429066769338,-0.05974354807943342,0.045734351871002055,0.9659736377987475,0.7607937159718985,-1.4229504346202175,1.3076390455330127,1.2711084144840943,-0.8614917547168
2018-07-30,-0.026718294785725738,0.0034508579968463016,0.028218558334395794,-0.20041279822637742,-0.06339455286327084,0.04601434114796854,0.9659736377987475,0.7607937159718985,-1.4229504346202175,1.3076390455330127,1.2711084144840943,-0.8614917547168
2018-07-31,-0.02838695732451757,0.0038042865367461376,0.030572173041307216,-0.20445754361413684,-0.06173237459214312,0.05137129458335967,0.8958317294494803,0.880698646917864,-1.2096120407095716,0.7360736172644836,1.2804915667793537,-0.8512459235295622
2018-08-01,-0.029125933990480024,0.004192429443640511,0.03148179279909458,-0.21280823023465922,-0.06901763431160396,0.04687385652133906,0.8958317294494803,0.880698646917864,-1.2096120407095716,0.7360736172644836,1.2804915667793537,-0.8512459235295622
2018-08-02,-0.030847878652716765,0.003021667349934032,0.037145898641788855,-0.22982206574222305,-0.07915885787126724,0.038855975126173614,0.8958317294494803,0.880698646917864,-1.2096120407095716,0.7360736172644836,1.2804915667793537,-0.8512459235295622
2018-08-03,-0.03075891086964555,0.0029862190183181925,0.037450626120851926,-0.2380156667891273,-0.08292071800946343,0.049943270640663576,0.8958317294494803,0.880698646917864,-1.2096120407095716,0.7360736172644836,1.2804915667793537,-0.8512459235295622
2018-08-04,-0.03075891086964555,0.0029862190183181925,0.037450626120851926,-0.2380156667891273,-0.08292071800946343,0.05708271011372624,0.8958317294494803,0.880698646917864,-1.2096120407095716,0.7360736172644836,1.2804915667793537,-0.8512459235295622
2018-08-05,-0.03075891086964555,0.0029862190183181925,0.037450626120851926,-0.2380156667891273,-0.08292071800946343,0.05597851028143032,0.8958317294494803,0.880698646917864,-1.2096120407095716,0.7360736172644836,1.2804915667793537,-0.8512459235295622
2018-08-06,-0.03131289051963204,0.0026452695598898623,0.03890026686205961,-0.25406166236640454,-0.08471815429326518,0.05894175819223273,0.8958317294494803,0.880698646917864,-1.2096120407095716,0.7360736172644836,1.2804915667793537,-0.8512459235295622
2018-08-07,-0.03119643923490978,0.0016455276330104018,0.0368443371832462,-0.24013323290244515,-0.07851426363330588,0.06607541443045663,0.8958317294494803,0.880698646917864,-1.2096120407095716,0.7360736172644836,1.2804915667793537,-0.8512459235295622
2018-08-08,-0.029003723793470937,-0.00013311780307911913,0.036550027864151735,-0.2495409279727277,-0.07900162719330722,0.07150109998568228,0.8958317294494803,0.880698646917864,-1.2096120407095716,0.7360736172644836,1.2804915667793537,-0.8512459235295622
2018-08-09,-0.026053871286096264,-0.0017422060698866204,0.04185966933192575,-0.23676757042122232,-0.07248280475345674,0.05788782183030148,0.8958317294494803,0.880698646917864,-1.2096120407095716,0.7360736172644836,1.2804915667793537,-0.8512459235295622
2018-08-10,-0.02572182922743549,-0.0007359019828365732,0.04917023775738194,-0.23077347412715216,-0.07476235732772409,0.06022289977794804,0.8958317294494803,0.880698646917864,-1.2096120407095716,0.7360736172644836,1.2804915667793537,-0.8512459235295622
2018-08-11,-0.02572182922743549,-0.0007359019828365732,0.04917023775738194,-0.23077347412715216,-0.07476235732772409,0.06004284399787942,0.8958317294494803,0.880698646917864,-1.2096120407095716,0.7360736172644836,1.2804915667793537,-0.8512459235295622
2018-08-12,-0.02572182922743549,-0.0007359019828365732,0.04917023775738194,-0.23077347412715216,-0.07476235732772409,0.06454661265281358,0.8958317294494803,0.880698646917864,-1.2096120407095716,0.7360736172644836,1.2804915667793537,-0.8512459235295622
2018-08-13,-0.022880436231591528,-0.001860220730923845,0.049274064823021435,-0.2235067436907764,-0.08169846200126482,0.0719464416750397,0.8958317294494803,0.880698646917864,-1.2096120407095716,0.7360736172644836,1.2804915667793537,-0.8512459235295622
2018-08-14,-0.022966913807742628,-0.00099114534594813,0.052720765541430126,-0.2239570118510276,-0.08794704281873025,0.07309990827362171,0.8958317294494803,0.880698646917864,-1.2096120407095716,0.7360736172644836,1.2804915667793537,-0.8512459235295622
2018-08-15,-0.022782230758016886,-0.0009345054136723485,0.053300139817212155,-0.23453585983948758,-0.10280976247519855,0.0768413915229015,0.8958317294494803,0.880698646917864,-1.2096120407095716,0.7360736172644836,1.2804915667793537,-0.8512459235295622
2018-08-16,-0.021526581135512646,-0.0016886930064538008,0.0522558019894348,-0.2438456667168935,-0.10785024800651714,0.0702266402782982,0.8958317294494803,0.880698646917864,-1.2096120407095716,0.7360736172644836,1.2804915667793537,-0.8512459235295622
2018-08-17,-0.0191190317791472,-0.0030007731733870946,0.046883742907135595,-0.255229923332599,-0.10694064324413713,0.0844040296674152,0.8958317294494803,0.880698646917864,-1.2096120407095716,0.7360736172644836,1.2804915667793537,-0.8512459235295622
2018-08-18,-0.0191190317791472,-0.0030007731733870946,0.046883742907135595,-0.255229923332599,-0.10694064324413713,0.08707529516368896,0.8958317294494803,0.880698646917864,-1.2096120407095716,0.7360736172644836,1.2804915667793537,-0.8512459235295622
2018-08-19,-0.0191190317791472,-0.0030007731733870946,0.046883742907135595,-0.255229923332599,-0.10694064324413713,0.08672189028547872,0.8958317294494803,0.880698646917864,-1.2096120407095716,0.7360736172644836,1.2804915667793537,-0.8512459235295622
2018-08-20,-0.018647505029113165,-0.0031205717029652025,0.04280431902169257,-0.25726309702896033,-0.09972732206249582,0.09203082248950353,0.8958317294494803,0.880698646917864,-1.2096120407095716,0.7360736172644836,1.2804915667793537,-0.8512459235295622
2018-08-21,-0.01772223331766065,-0.0031578363334241466,0.0374333681335004,-0.25370612754232164,-0.09394348152163634,0.09458702279087687,0.8958317294494803,0.880698646917864,-1.2096120407095716,0.7360736172644836,1.2804915667793537,-0.8512459235295622
2018-08-22,-0.01934161698603154,-0.00312907379620031,0.037212747453988726,-0.2623792229914861,-0.09523660709616537,0.09460873953206213,0.8958317294494803,0.880698646917864,-1.2096120407095716,0.7360736172644836,1.2804915667793537,-0.8512459235295622
2018-08-23,-0.01857448371805448,-0.002835014906156119,0.0422461105601728,-0.25854212851959185,-0.09906308571767476,0.09823082408672588,0.8958317294494803,0.880698646917864,-1.2096120407095716,0.7360736172644836,1.2804915667793537,-0.8512459235295622
2018-08-24,-0.018465115469801452,-0.0024129570573322434,0.03699748022267113,-0.2642022481770881,-0.09781069969178675,0.10500718689180784,0.8958317294494803,0.880698646917864,-1.2096120407095716,0.7360736172644836,1.2804915667793537,-0.8512459235295622
2018-08-25,-0.018465115469801452,-0.0024129570573322434,0.03699748022267113,-0.2642022481770881,-0.09781069969178675,0.1067561157949835,0.8958317294494803,0.880698646917864,-1.2096120407095716,0.7360736172644836,1.2804915667793537,-0.8512459235295622
2018-08-26,-0.018465115469801452,-0.0024129570573322434,0.03699748022267113,-0.2642022481770881,-0.09781069969178675,0.10432008858812514,0.8958317294494803,0.880698646917864,-1.2096120407095716,0.7360736172644836,1.2804915667793537,-0.8512459235295622
2018-08-27,-0.0176683556976982,-0.003105749786437073,0.03277221693201082,-0.2532020077307521,-0.08842123659398621,0.0966412457965071,0.8958317294494803,0.880698646917864,-1.2096120407095716,0.7360736172644836,1.2804915667793537,-0.8512459235295622
2018-08-28,-0.01733888019693841,-0.0037900350013583273,0.03233945357967816,-0.25068986544158167,-0.08782284141562882,0.10250404354622476,0.8958317294494803,0.880698646917864,-1.2096120407095716,0.7360736172644836,1.2804915667793537,-0.8512459235295622
2018-08-29,-0.018021666782114365,-0.0033679089566486242,0.030385895463964085,-0.2533399450768467,-0.08881141174137949,0.09576252008283255,0.8958317294494803,0.880698646917864,-1.2096120407095716,0.7360736172644836,1.2804915667793537,-0.8512459235295622
2018-08-30,-0.019961345769533234,-0.0025393269645072047,0.03234327743912113,-0.2647919434768796,-0.09185740879754205,0.09059287460767475,0.8958317294494803,0.880698646917864,-1.2096120407095716,0.7360736172644836,1.2804915667793537,-0.8512459235295622
2018-08-31,-0.020522421063910445,-0.0021963319698318218,0.036440469595321434,-0.27623566037805247,-0.09541799274144556,0.09682294761491106,0.8611175522820086,0.9575137570950201,-1.089799129564093,1.2631232957927738,1.4378269240159418,-0.7464678008223326
2018-09-01,-0.020522421063910445,-0.0021963319698318218,0.036440469595321434,-0.27623566037805247,-0.09541799274144556,0.09822065938898862,0.8611175522820086,0.9575137570950201,-1.089799129564093,1.2631232957927738,1.4378269240159418,-0.7464678008223326
2018-09-02,-0.020522421063910445,-0.0021963319698318218,0.036440469595321434,-0.27623566037805247,-0.09541799274144556,0.10274470991601127,0.8611175522820086,0.9575137570950201,-1.089799129564093,1.2631232957927738,1.4378269240159418,-0.7464678008223326
2018-09-03,-0.019920994548706217,-0.0029745457565195643,0.036924237092455514,-0.2859229984415933,-0.09828434779727255,0.0942592355538093,0.8611175522820086,0.9575137570950201,-1.089799129564093,1.2631232957927738,1.4378269240159418,-0.7464678008223326
2018-09-04,-0.0194369938762452,-0.003688756358274037,0.039615206577282014,-0.2796258606336756,-0.09784024190564407,0.10288249805317104,0.8611175522820086,0.9575137570950201,-1.089799129564093,1.2631232957927738,1.4378269240159418,-0.7464678008223326
2018-09-05,-0.01831961080240252,-0.0040828314510092945,0.03632342240929631,-0.285213418586873,-0.1073430224956169,0.09983924274254785,0.8611175522820086,0.9575137570950201,-1.089799129564093,1.2631232957927738,1.4378269240159418,-0.7464678008223326
2018-09-06,-0.01756563284472823,-0.004353383658561083,0.035871147889180555,-0.2861034387183463,-0.11028631237092677,0.10166950687103672,0.8611175522820086,0.9575137570950201,-1.089799129564093,1.2631232957927738,1.4378269240159418,-0.7464678008223326
2018-09-07,-0.01699784437544949,-0.0046786077449084695,0.03963830000636215,-0.2863972347493393,-0.11014235158040209,0.10435850378824822,0.8611175522820086,0.9575137570950201,-1.089799129564093,1.2631232957927738,1.4378269240159418,-0.7464678008223326
2018-09-08,-0.01699784437544949,-0.0046786077449084695,0.03963830000636215,-0.2863972347493393,-0.11014235158040209,0.10764279046892329,0.8611175522820086,0.9575137570950201,-1.089799129564093,1.2631232957927738,1.4378269240159418,-0.7464678008223326
2018-09-09,-0.01699784437544949,-0.0046786077449084695,0.03963830000636215,-0.2863972347493393,-0.10917090918166714,0.1061018920563359,0.8611175522820086,0.9575137570950201,-1.089799129564093,1.2631232957927738,1.4378269240159418,-0.7464678008223326
2018-09-10,-0.01561569143866992,-0.005053147601616237,0.03697554709725215,-0.2996127542320527,-0.11504492651524083,0.11656601554598496,0.8611175522820086,0.9575137570950201,-1.089799129564093,1.2631232957927738,1.4378269240159418,-0.7464678008223326
2018-09-11,-0.014233776351706084,-0.006145138146959606,0.036922990756855345,-0.2981855321110232,-0.11602477508643025,0.09965447919951924,0.8611175522820086,0.9575137570950201,-1.089799129564093,1.2631232957927738,1.4378269240159418,-0.7464678008223326
2018-09-12,-0.013527324377517358,-0.005991361546191509,0.033843027337990716,-0.29522754722448474,-0.11929286681252332,0.10185628405619679,0.8611175522820086,0.9575137570950201,-1.089799129564093,1.2631232957927738,1.4378269240159418,-0.7464678008223326
2018-09-13,-0.014573741771970239,-0.005772550678943222,0.03072191554735837,-0.29421562693518566,-0.11210780389523232,0.11269755411027463,0.8611175522820086,0.9575137570950201,-1.089799129564093,1.2631232957927738,1.4378269240159418,-0.7464678008223326
2018-09-14,-0.015335934432313403,-0.005602466462314881,0.03480475703579722,-0.3049129135025829,-0.11183158925261438,0.10642641109201882,0.8611175522820086,0.9575137570950201,-1.089799129564093,1.2631232957927738,1.4378269240159418,-0.7464678008223326
2018-09-15,-0.015335934432313403,-0.005602466462314881,0.03480475703579722,-0.3049129135025829,-0.11183158925261438,0.10869066287717485,0.8611175522820086,0.9575137570950201,-1.089799129564093,1.2631232957927738,1.4378269240159418,-0.7464678008223326
2018-09-16,-0.015335934432313403,-0.005602466462314881,0.03480475703579722,-0.3049129135025829,-0.11183158925261438,0.11232078765904807,0.8611175522820086,0.9575137570950201,-1.089799129564093,1.2631232957927738,1.4378269240159418,-0.7464678008223326
2018-09-17,-0.016220179064722506,-0.005237466616775377,0.03125469804371894,-0.3154488203858419,-0.1167239836386502,0.10803026574163294,0.8611175522820086,0.9575137570950201,-1.089799129564093,1.2631232957927738,1.4378269240159418,-0.7464678008223326
2018-09-18,-0.015976205585821912,-0.005251704643495891,0.030673247377165147,-0.3081823528541919,-0.11410930720162576,0.11202761838442007,0.8611175522820086,0.9575137570950201,-1.089799129564093,1.2631232957927738,1.4378269240159418,-0.7464678008223326
2018-09-19,-0.014904395376856616,-0.005836679281178148,0.03063093545366502,-0.3045999254266123,-0.10492199206995911,0.1172242653203963,0.8611175522820086,0.9575137570950201,-1.089799129564093,1.2631232957927738,1.4378269240159418,-0.7464678008223326
2018-09-20,-0.01327935031145111,-0.006120506532750203,0.02400883923227981,-0.30747119557111724,-0.10614201128606501,0.11560723496167198,0.8611175522820086,0.9575137570950201,-1.089799129564093,1.2631232957927738,1.4378269240159418,-0.7464678008223326
2018-09-21,-0.011848923285327273,-0.006413806923558307,0.027107682756655316,-0.31133541304721507,-0.09709911296752378,0.11760565693134815,0.8611175522820086,0.9575137570950201,-1.089799129564093,1.2631232957927738,1.4378269240159418,-0.7464678008223326
2018-09-22,-0.011848923285327273,-0.006413806923558307,0.027107682756655316,-0.31133541304721507,-0.09709911296752378,0.1210388313086299,0.8611175522820086,0.9575137570950201,-1.089799129564093,1.2631232957927738,1.4378269240159418,-0.7464678008223326
2018-09-23,-0.011848923285327273,-0.006413806923558307,0.027107682756655316,-0.31133541304721507,-0.09709911296752378,0.12171872269231626,0.8611175522820086,0.9575137570950201,-1.089799129564093,1.2631232957927738,1.4378269240159418,-0.7464678008223326
2018-09-24,-0.011848923285327273,-0.006413806923558307,0.027107682756655316,-0.31133541304721507,-0.09768346915592813,0.12239840264047737,0.8611175522820086,0.9575137570950201,-1.089799129564093,1.2631232957927738,1.4378269240159418,-0.7464678008223326
2018-09-25,-0.013160497087531309,-0.006088864673452599,0.026831665473727062,-0.3099898666609763,-0.09955198157313458,0.1168230808445547,0.8611175522820086,0.9575137570950201,-1.089799129564093,1.2631232957927738,1.4378269240159418,-0.7464678008223326
2018-09-26,-0.013192839206780937,-0.005456056862927938,0.027734278804794954,-0.3110946799533634,-0.09754012816770091,0.11736227999997802,0.8611175522820086,0.9575137570950201,-1.089799129564093,1.2631232957927738,1.4378269240159418,-0.7464678008223326
2018-09-27,-0.015789827390430777,-0.004790490847919382,0.035574628490756544,-0.32414356165742425,-0.10145614096052916,0.11098948346818172,0.8611175522820086,0.9575137570950201,-1.089799129564093,1.2631232957927738,1.4378269240159418,-0.7464678008223326
2018-09-28,-0.016225300959873068,-0.004576303395841141,0.03702733652802159,-0.3212126997750893,-0.10113981746898808,0.10944102532399178,0.8611175522820086,0.9575137570950201,-1.089799129564093,1.2631232957927738,1.4378269240159418,-0.7464678008223326
2018-09-29,-0.016225300959873068,-0.004576303395841141,0.03702733652802159,-0.3212126997750893,-0.10113981746898808,0.10788219018728826,0.8611175522820086,0.9575137570950201,-1.089799129564093,1.2631232957927738,1.4378269240159418,-0.7464678008223326
2018-09-30,-0.016225300959873068,-0.004576303395841141,0.03702733652802159,-0.3212126997750893,-0.10113981746898808,0.10579269310540418,0.7968464255056732,0.9930114650411148,-1.0353671376494076,0.5882477313346361,1.4968067384432893,-0.7375751926220895
2018-10-01,-0.016225300959873068,-0.004576303395841141,0.03702733652802159,-0.3212126997750893,-0.10077095698364874,0.11873198351511235,0.7968464255056732,0.9930114650411148,-1.0353671376494076,0.5882477313346361,1.4968067384432893,-0.7375751926220895
2018-10-02,-0.016225300959873068,-0.004576303395841141,0.03702733652802159,-0.3212126997750893,-0.10034317272419338,0.12060663467563318,0.7968464255056732,0.9930114650411148,-1.0353671376494076,0.5882477313346361,1.4968067384432893,-0.7375751926220895
2018-10-03,-0.016225300959873068,-0.004576303395841141,0.03702733652802159,-0.3212126997750893,-0.09849353843507308,0.11502800191694992,0.7968464255056732,0.9930114650411148,-1.0353671376494076,0.5882477313346361,1.4968067384432893,-0.7375751926220895
2018-10-04,-0.016225300959873068,-0.004576303395841141,0.03702733652802159,-0.3212126997750893,-0.09849353843507308,0.10955860745742436,0.7968464255056732,0.9930114650411148,-1.0353671376494076,0.5882477313346361,1.4968067384432893,-0.7375751926220895
2018-10-05,-0.016225300959873068,-0.004576303395841141,0.03702733652802159,-0.3212126997750893,-0.09982465774820144,0.11112144667509458,0.7968464255056732,0.9930114650411148,-1.0353671376494076,0.5882477313346361,1.4968067384432893,-0.7375751926220895
2018-10-06,-0.016225300959873068,-0.004576303395841141,0.03702733652802159,-0.3212126997750893,-0.09982465774820144,0.11371465073037003,0.7968464255056732,0.9930114650411148,-1.0353671376494076,0.5882477313346361,1.4968067384432893,-0.7375751926220895
2018-10-07,-0.016225300959873068,-0.004576303395841141,0.03702733652802159,-0.3212126997750893,-0.09982465774820144,0.11268523279213166,0.7968464255056732,0.9930114650411148,-1.0353671376494076,0.5882477313346361,1.4968067384432893,-0.7375751926220895
2018-10-08,-0.017014186063164405,-0.004855738327744219,0.043250203461682846,-0.30026103346822575,-0.11268557168197721,0.1171365558857356,0.7968464255056732,0.9930114650411148,-1.0353671376494076,0.5882477313346361,1.4968067384432893,-0.7375751926220895
2018-10-09,-0.017788488251507695,-0.00484679714727021,0.041913039711356403,-0.30004137656988605,-0.11032397501974527,0.12180187141996772,0.7968464255056732,0.9930114650411148,-1.0353671376494076,0.5882477313346361,1.4968067384432893,-0.7375751926220895
2018-10-10,-0.018017057963123695,-0.005222879397461022,0.03982092384998015,-0.300517759932892,-0.10975205657780501,0.13050762494785847,0.7968464255056732,0.9930114650411148,-1.0353671376494076,0.5882477313346361,1.4968067384432893,-0.7375751926220895
2018-10-11,-0.017842183084490038,-0.00454165259807604,0.03587950011548113,-0.3519059063364466,-0.12374431132330693,0.11865523742202294,0.7968464255056732,0.9930114650411148,-1.0353671376494076,0.5882477313346361,1.4968067384432893,-0.7375751926220895
2018-10-12,-0.02023720761417669,-0.004478928154565964,0.03801586997056583,-0.3685431308244155,-0.1165170460490189,0.11534549020102679,0.7968464255056732,0.9930114650411148,-1.0353671376494076,0.5882477313346361,1.4968067384432893,-0.7375751926220895
2018-10-13,-0.02023720761417669,-0.004478928154565964,0.03801586997056583,-0.3685431308244155,-0.1165170460490189,0.11796633676984401,0.7968464255056732,0.9930114650411148,-1.0353671376494076,0.5882477313346361,1.4968067384432893,-0.7375751926220895
2018-10-14,-0.02023720761417669,-0.004478928154565964,0.03801586997056583,-0.3685431308244155,-0.1165170460490189,0.11761935693503556,0.7968464255056732,0.9930114650411148,-1.0353671376494076,0.5882477313346361,1.4968067384432893,-0.7375751926220895
2018-10-15,-0.02066860938088999,-0.00545659970950696,0.03617809798031135,-0.3778392666560839,-0.12036593677337497,0.12199122429735852,0.7968464255056732,0.9930114650411148,-1.0353671376494076,0.5882477313346361,1.4968067384432893,-0.7375751926220895
2018-10-16,-0.020119692074800688,-0.0055606731917637875,0.03634643220792022,-0.3975200953362677,-0.12468739190980464,0.1186536394878191,0.7968464255056732,0.9930114650411148,-1.0353671376494076,0.5882477313346361,1.4968067384432893,-0.7375751926220895
2018-10-17,-0.0209237141120705,-0.0055484215823570215,0.042247657685225204,-0.3931823426316926,-0.12407338821988709,0.1274207588434172,0.7968464255056732,0.9930114650411148,-1.0353671376494076,0.5882477313346361,1.4968067384432893,-0.7375751926220895
2018-10-18,-0.022214892486169924,-0.004825620881600989,0.04564631495416871,-0.4085005741107204,-0.12659220383581443,0.1133904673965704,0.7968464255056732,0.9930114650411148,-1.0353671376494076,0.5882477313346361,1.4968067384432893,-0.7375751926220895
2018-10-19,-0.022674288305881585,-0.004640830157261022,0.042519719087528496,-0.4019962673789348,-0.12125526523854274,0.11024853332499818,0.7968464255056732,0.9930114650411148,-1.0353671376494076,0.5882477313346361,1.4968067384432893,-0.7375751926220895
2018-10-20,-0.022674288305881585,-0.004640830157261022,0.042519719087528496,-0.4019962673789348,-0.12125526523854274,0.11007443142344513,0.7968464255056732,0.9930114650411148,-1.0353671376494076,0.5882477313346361,1.4968067384432893,-0.7375751926220895
2018-10-21,-0.022674288305881585,-0.004640830157261022,0.042519719087528496,-0.4019962673789348,-0.12125526523854274,0.10572490940119185,0.7968464255056732,0.9930114650411148,-1.0353671376494076,0.5882477313346361,1.4968067384432893,-0.7375751926220895
2018-10-22,-0.02113975653562783,-0.004862983301497148,0.04635658435814782,-0.37630802189857776,-0.1111647322020155,0.11334431522070508,0.7968464255056732,0.9930114650411148,-1.0353671376494076,0.5882477313346361,1.4968067384432893,-0.7375751926220895
2018-10-23,-0.02079323432451674,-0.005117387178244059,0.04552340724552317,-0.3783107862816642,-0.1195436025674859,0.11202301661737159,0.7968464255056732,0.9930114650411148,-1.0353671376494076,0.5882477313346361,1.4968067384432893,-0.7375751926220895
2018-10-24,-0.021992573992275055,-0.0043903625495317344,0.04955726244367209,-0.38039237826501243,-0.11880354951485451,0.10256356431221374,0.7968464255056732,0.9930114650411148,-1.0353671376494076,0.5882477313346361,1.4968067384432893,-0.7375751926220895
2018-10-25,-0.024253736075707133,-0.003631043472431039,0.052111116583303585,-0.38588949699256186,-0.11880996758363958,0.09894193740543875,0.7968464255056732,0.9930114650411148,-1.0353671376494076,0.5882477313346361,1.4968067384432893,-0.7375751926220895
2018-10-26,-0.023856046725465374,-0.003672225927724093,0.05021613775943312,-0.38140990718846035,-0.11829782726578099,0.1060520951556676,0.7968464255056732,0.9930114650411148,-1.0353671376494076,0.5882477313346361,1.4968067384432893,-0.7375751926220895
2018-10-27,-0.023856046725465374,-0.003672225927724093,0.05021613775943312,-0.38140990718846035,-0.11829782726578099,0.1129217204195872,0.7968464255056732,0.9930114650411148,-1.0353671376494076,0.5882477313346361,1.4968067384432893,-0.7375751926220895
2018-10-28,-0.023856046725465374,-0.003672225927724093,0.05021613775943312,-0.38140990718846035,-0.11829782726578099,0.11096196589905809,0.7968464255056732,0.9930114650411148,-1.0353671376494076,0.5882477313346361,1.4968067384432893,-0.7375751926220895
2018-10-29,-0.02534077545848623,-0.003086736660186218,0.05301731632937956,-0.3815521824625295,-0.12062641996633197,0.09969850425246275,0.7968464255056732,0.9930114650411148,-1.0353671376494076,0.5882477313346361,1.4968067384432893,-0.7375751926220895
2018-10-30,-0.025847731729247814,-0.002798917732567463,0.056369340993659756,-0.3764987154596338,-0.12240253320878745,0.1014476048877999,0.7968464255056732,0.9930114650411148,-1.0353671376494076,0.5882477313346361,1.4968067384432893,-0.7375751926220895
2018-10-31,-0.0258594411690789,-0.002957602996630171,0.057410771362181756,-0.3694717979505697,-0.12196709066438131,0.09324123337849659,0.6722819806782421,0.9731696054918415,-0.9112290552462601,0.6583810351706721,1.326401990509732,-0.36060593195954777
2018-11-01,-0.027115530006494026,-0.002786441190581912,0.049458812728847446,-0.3639379601963279,-0.11905827441698354,0.08351382170655777,0.6722819806782421,0.9731696054918415,-0.9112290552462601,0.6583810351706721,1.326401990509732,-0.36060593195954777
2018-11-02,-0.02526352852659386,-0.0037175041888324323,0.05127584297461374,-0.35000830384364845,-0.10848744876661713,0.07490377363797997,0.6722819806782421,0.9731696054918415,-0.9112290552462601,0.6583810351706721,1.326401990509732,-0.36060593195954777
2018-11-03,-0.02526352852659386,-0.0037175041888324323,0.05127584297461374,-0.35000830384364845,-0.10848744876661713,0.08114987289968938,0.6722819806782421,0.9731696054918415,-0.9112290552462601,0.6583810351706721,1.326401990509732,-0.36060593195954777
2018-11-04,-0.02526352852659386,-0.0037175041888324323,0.05127584297461374,-0.35000830384364845,-0.10848744876661713,0.07735237167302596,0.6722819806782421,0.9731696054918415,-0.9112290552462601,0.6583810351706721,1.326401990509732,-0.36060593195954777
2018-11-05,-0.024983402160844603,-0.003526886889288594,0.049679756495746186,-0.33965235524514525,-0.10910133924368803,0.0719466029412386,0.6722819806782421,0.9731696054918415,-0.9112290552462601,0.6583810351706721,1.326401990509732,-0.36060593195954777
2018-11-06,-0.025304092892456387,-0.0033878947351184685,0.047292180197112454,-0.3369120554715037,-0.11156593073365759,0.06817321698421992,0.6722819806782421,0.9731696054918415,-0.9112290552462601,0.6583810351706721,1.326401990509732,-0.36060593195954777
2018-11-07,-0.026050711275670713,-0.0026166415664139464,0.04795813928225101,-0.3374571884202857,-0.11176558528103354,0.06017557477857994,0.6722819806782421,0.9731696054918415,-0.9112290552462601,0.6583810351706721,1.326401990509732,-0.36060593195954777
2018-11-08,-0.02866032961366738,-0.001942708354620848,0.05265834517622592,-0.3422665922028039,-0.11135760266555654,0.06582302770903127,0.6722819806782421,0.9731696054918415,-0.9112290552462601,0.6583810351706721,1.326401990509732,-0.36060593195954777
2018-11-09,-0.028805756675626792,-0.0020291671197185668,0.05547355559250455,-0.3362020374422405,-0.11785593029348683,0.05586432728375942,0.6722819806782421,0.9731696054918415,-0.9112290552462601,0.6583810351706721,1.326401990509732,-0.36060593195954777
2018-11-10,-0.028805756675626792,-0.0020291671197185668,0.05547355559250455,-0.3362020374422405,-0.11785593029348683,0.06434578336674113,0.6722819806782421,0.9731696054918415,-0.9112290552462601,0.6583810351706721,1.326401990509732,-0.36060593195954777
2018-11-11,-0.028805756675626792,-0.0020291671197185668,0.05547355559250455,-0.3362020374422405,-0.11785593029348683,0.06092700386797898,0.6722819806782421,0.9731696054918415,-0.9112290552462601,0.6583810351706721,1.326401990509732,-0.36060593195954777
2018-11-12,-0.028557399125663463,-0.0019524222197733199,0.06299755187695077,-0.3132872177309659,-0.11392485003760269,0.040961297882979614,0.6722819806782421,0.9731696054918415,-0.9112290552462601,0.6583810351706721,1.326401990509732,-0.36060593195954777
2018-11-13,-0.028974616065732817,-0.0016240890671845865,0.056246816876592165,-0.29750899061683517,-0.1117930570651624,0.0437410763378158,0.6722819806782421,0.9731696054918415,-0.9112290552462601,0.6583810351706721,1.326401990509732,-0.36060593195954777
2018-11-14,-0.032600661193387226,-0.0005070018814175015,0.05672123931883655,-0.2922913834301813,-0.11151034666887939,0.02883569956438676,0.6722819806782421,0.9731696054918415,-0.9112290552462601,0.6583810351706721,1.326401990509732,-0.36060593195954777
2018-11-15,-0.03345710982867345,0.0001974957754540263,0.05760778241926334,-0.28044406395757293,-0.10503216766912675,0.0272669882947988,0.6722819806782421,0.9731696054918415,-0.9112290552462601,0.6583810351706721,1.326401990509732,-0.36060593195954777
2018-11-16,-0.03550660189270205,0.001886043516931668,0.050387826089184684,-0.27013517530497383,-0.10029598928190751,0.030021952518725702,0.6722819806782421,0.9731696054918415,-0.9112290552462601,0.6583810351706721,1.326401990509732,-0.36060593195954777
2018-11-17,-0.03550660189270205,0.001886043516931668,0.050387826089184684,-0.27013517530497383,-0.10029598928190751,0.0322597471496431,0.6722819806782421,0.9731696054918415,-0.9112290552462601,0.6583810351706721,1.326401990509732,-0.36060593195954777
2018-11-18,-0.03550660189270205,0.001886043516931668,0.050387826089184684,-0.27013517530497383,-0.10029598928190751,0.03448614235834832,0.6722819806782421,0.9731696054918415,-0.9112290552462601,0.6583810351706721,1.326401990509732,-0.36060593195954777
2018-11-19,-0.038912975638637826,0.002424316285099648,0.04804320885313573,-0.2710706779539969,-0.09423897041969471,0.024930982170190814,0.6722819806782421,0.9731696054918415,-0.9112290552462601,0.6583810351706721,1.326401990509732,-0.36060593195954777
2018-11-20,-0.038840477380172045,0.0010143156172816026,0.05457365132180936,-0.2890312771963354,-0.10106365926225414,0.01905000661888981,0.6722819806782421,0.9731696054918415,-0.9112290552462601,0.6583810351706721,1.326401990509732,-0.36060593195954777
2018-11-21,-0.03770458898094464,0.0007459966390531703,0.05336488622515978,-0.28346952772371303,-0.09886909697605317,-0.0006346692034354846,0.6722819806782421,0.9731696054918415,-0.9112290552462601,0.6583810351706721,1.326401990509732,-0.36060593195954777
2018-11-22,-0.037465791677776195,0.0006255668715101637,0.051420246397281044,-0.2817560461738281,-0.08821294830071436,0.00012782849599336224,0.6722819806782421,0.9731696054918415,-0.9112290552462601,0.6583810351706721,1.326401990509732,-0.36060593195954777
2018-11-23,-0.03611684337343146,6.701989456181501e-06,0.0555762036147589,-0.31567399828342163,-0.1057071905535669,-0.011013045353494039,0.6722819806782421,0.9731696054918415,-0.9112290552462601,0.6583810351706721,1.326401990509732,-0.36060593195954777
2018-11-24,-0.03611684337343146,6.701989456181501e-06,0.0555762036147589,-0.31567399828342163,-0.1057071905535669,-0.0075584484987903195,0.6722819806782421,0.9731696054918415,-0.9112290552462601,0.6583810351706721,1.326401990509732,-0.36060593195954777
2018-11-25,-0.03611684337343146,6.701989456181501e-06,0.0555762036147589,-0.31567399828342163,-0.1057071905535669,-0.012887806774896707,0.6722819806782421,0.9731696054918415,-0.9112290552462601,0.6583810351706721,1.326401990509732,-0.36060593195954777
2018-11-26,-0.03589663197048465,-0.00027981192038806224,0.057000513907981,-0.3167198770997931,-0.10262164569463134,-0.041302888351357925,0.6722819806782421,0.9731696054918415,-0.9112290552462601,0.6583810351706721,1.326401990509732,-0.36060593195954777
2018-11-27,-0.03473736930369575,-0.0006554575704869059,0.060154275232148446,-0.3101369618550171,-0.10885459692875195,-0.024717048634835384,0.6722819806782421,0.9731696054918415,-0.9112290552462601,0.6583810351706721,1.326401990509732,-0.36060593195954777
2018-11-28,-0.035420017895825384,-6.142072313330971e-05,0.05503781935387486,-0.30285897033288955,-0.10215521969052054,-0.018976627227269394,0.6722819806782421,0.9731696054918415,-0.9112290552462601,0.6583810351706721,1.326401990509732,-0.36060593195954777
2018-11-29,-0.0375203399030245,0.0006982623756246475,0.05399480804598,-0.3202221185860278,-0.10454031854312247,-0.030309686424751032,0.6722819806782421,0.9731696054918415,-0.9112290552462601,0.6583810351706721,1.326401990509732,-0.36060593195954777
2018-11-30,-0.036495527662515626,0.001088666007954986,0.05860538964086914,-0.3180068395496505,-0.1014739700194173,-0.030976791772471715,0.40222197653589276,0.8113121027874823,-0.743246140131081,1.560454907265306,1.0690355275540353,-0.3418541277112044
2018-12-01,-0.036495527662515626,0.001088666007954986,0.05860538964086914,-0.3180068395496505,-0.1014739700194173,-0.027437572157833958,0.40222197653589276,0.8113121027874823,-0.743246140131081,1.560454907265306,1.0690355275540353,-0.3418541277112044
2018-12-02,-0.036495527662515626,0.001088666007954986,0.05860538964086914,-0.3180068395496505,-0.1014739700194173,-0.02490330554003472,0.40222197653589276,0.8113121027874823,-0.743246140131081,1.560454907265306,1.0690355275540353,-0.3418541277112044
2018-12-03,-0.03557709540110798,0.001195243525918821,0.05618719659703286,-0.2983310498767097,-0.09091890122371697,-0.021822664389193207,0.40222197653589276,0.8113121027874823,-0.743246140131081,1.560454907265306,1.0690355275540353,-0.3418541277112044
2018-12-04,-0.03774772662361936,0.002580522780906813,0.056176881469898965,-0.29156940323589786,-0.09314201436563166,-0.002405002430948086,0.40222197653589276,0.8113121027874823,-0.743246140131081,1.560454907265306,1.0690355275540353,-0.3418541277112044
2018-12-05,-0.04093929096351567,0.004078824291735339,0.056661697446132586,-0.2962502904249928,-0.0980002241824961,0.011043837653118664,0.40222197653589276,0.8113121027874823,-0.743246140131081,1.560454907265306,1.0690355275540353,-0.3418541277112044
2018-12-06,-0.04104834393284984,0.004181460069104137,0.05449654810237914,-0.3053476702840164,-0.10625184246635146,-0.005957746493048081,0.40222197653589276,0.8113121027874823,-0.743246140131081,1.560454907265306,1.0690355275540353,-0.3418541277112044
2018-12-07,-0.04112383390998253,0.004259578170670464,0.05449654810237914,-0.304703466071092,-0.1041680947190242,-0.007478860782919733,0.40222197653589276,0.8113121027874823,-0.743246140131081,1.560454907265306,1.0690355275540353,-0.3418541277112044
2018-12-08,-0.04112383390998253,0.004259578170670464,0.05449654810237914,-0.304703466071092,-0.1041680947190242,-0.006288861077358826,0.40222197653589276,0.8113121027874823,-0.743246140131081,1.560454907265306,1.0690355275540353,-0.3418541277112044
2018-12-09,-0.04112383390998253,0.004259578170670464,0.05449654810237914,-0.304703466071092,-0.1041680947190242,0.004685142068923712,0.40222197653589276,0.8113121027874823,-0.743246140131081,1.560454907265306,1.0690355275540353,-0.3418541277112044
2018-12-10,-0.042193194526689015,0.005679416263762338,0.05853659728558647,-0.311644194647574,-0.11022243091282552,-0.00291445795650063,0.40222197653589276,0.8113121027874823,-0.743246140131081,1.560454907265306,1.0690355275540353,-0.3418541277112044
2018-12-11,-0.04306452553717122,0.005773386290688798,0.06110935487007585,-0.30552990707639527,-0.10521712567266889,-0.002449479231730384,0.40222197653589276,0.8113121027874823,-0.743246140131081,1.560454907265306,1.0690355275540353,-0.3418541277112044
2018-12-12,-0.043602355154004235,0.005853467046545102,0.05710615230802618,-0.30693132071684964,-0.10159462803354034,-0.0026473407067767376,0.40222197653589276,0.8113121027874823,-0.743246140131081,1.560454907265306,1.0690355275540353,-0.3418541277112044
2018-12-13,-0.041004591280700664,0.005005434275289433,0.05746685805458396,-0.3036068466426565,-0.0960938500735603,0.0010051860389281428,0.40222197653589276,0.8113121027874823,-0.743246140131081,1.560454907265306,1.0690355275540353,-0.3418541277112044
2018-12-14,-0.038248025695095555,0.0034952417186584483,0.060907780304164105,-0.32095128484281427,-0.10494806754332225,0.00793539297696464,0.40222197653589276,0.8113121027874823,-0.743246140131081,1.560454907265306,1.0690355275540353,-0.3418541277112044
2018-12-15,-0.038248025695095555,0.0034952417186584483,0.060907780304164105,-0.32095128484281427,-0.10494806754332225,0.015823065469177493,0.40222197653589276,0.8113121027874823,-0.743246140131081,1.560454907265306,1.0690355275540353,-0.3418541277112044
2018-12-16,-0.038248025695095555,0.0034952417186584483,0.060907780304164105,-0.32095128484281427,-0.10494806754332225,0.014857005082213503,0.40222197653589276,0.8113121027874823,-0.743246140131081,1.560454907265306,1.0690355275540353,-0.3418541277112044
2018-12-17,-0.03688748719942647,0.0030607921704600694,0.058053600162276564,-0.3236017150177136,-0.10338826481250425,0.006759996208006,0.40222197653589276,0.8113121027874823,-0.743246140131081,1.560454907265306,1.0690355275540353,-0.3418541277112044
2018-12-18,-0.03501340844600476,0.0027544896427607046,0.056251761256970845,-0.3241610886391388,-0.11067804430019632,0.006075987697432289,0.40222197653589276,0.8113121027874823,-0.743246140131081,1.560454907265306,1.0690355275540353,-0.3418541277112044
2018-12-19,-0.03499758599500158,0.0037004265556943583,0.05610735394583499,-0.3316342431026597,-0.11422870415717523,-0.014832391573322315,0.40222197653589276,0.8113121027874823,-0.743246140131081,1.560454907265306,1.0690355275540353,-0.3418541277112044
2018-12-20,-0.036328802602508814,0.004889350689243788,0.05009295239426381,-0.325072184966124,-0.11639041974531046,-0.00032927902326260715,0.40222197653589276,0.8113121027874823,-0.743246140131081,1.560454907265306,1.0690355275540353,-0.3418541277112044
2018-12-21,-0.038134406294620726,0.004790921538542214,0.05591541401894873,-0.3274322806889193,-0.11877979504134725,-0.01285405884648254,0.40222197653589276,0.8113121027874823,-0.743246140131081,1.560454907265306,1.0690355275540353,-0.3418541277112044
2018-12-22,-0.038134406294620726,0.004790921538542214,0.05591541401894873,-0.3274322806889193,-0.11877979504134725,-0.006654283139592253,0.40222197653589276,0.8113121027874823,-0.743246140131081,1.560454907265306,1.0690355275540353,-0.3418541277112044
2018-12-23,-0.038134406294620726,0.004790921538542214,0.05591541401894873,-0.3274322806889193,-0.11877979504134725,-0.013771036463094643,0.40222197653589276,0.8113121027874823,-0.743246140131081,1.560454907265306,1.0690355275540353,-0.3418541277112044
2018-12-24,-0.038671746157351805,0.00413279689549606,0.05222134104552956,-0.3207993259113477,-0.12181796670085272,-0.022565658636334588,0.40222197653589276,0.8113121027874823,-0.743246140131081,1.560454907265306,1.0690355275540353,-0.3418541277112044
2018-12-25,-0.03874111090240495,0.004556350379469665,0.05193134788108267,-0.32798836800127296,-0.12317382366625912,-0.04396555285268618,0.40222197653589276,0.8113121027874823,-0.743246140131081,1.560454907265306,1.0690355275540353,-0.3418541277112044
2018-12-26,-0.039945451573178525,0.004720488467858219,0.056541504730014736,-0.3303837805922232,-0.1226492701222979,-0.044447545117524294,0.40222197653589276,0.8113121027874823,-0.743246140131081,1.560454907265306,1.0690355275540353,-0.3418541277112044
2018-12-27,-0.04110005993002397,0.005401498388308612,0.05225156237611517,-0.3409177156900394,-0.12357269253602021,-0.027228758891576284,0.40222197653589276,0.8113121027874823,-0.743246140131081,1.560454907265306,1.0690355275540353,-0.3418541277112044
2018-12-28,-0.04378404951278947,0.006768012404847923,0.050304485580506375,-0.3601536657568493,-0.12323267311264673,-0.04344962735504937,0.40222197653589276,0.8113121027874823,-0.743246140131081,1.560454907265306,1.0690355275540353,-0.3418541277112044
2018-12-29,-0.04378404951278947,0.006768012404847923,0.050304485580506375,-0.3601536657568493,-0.12323267311264673,-0.037790777386716656,0.40222197653589276,0.8113121027874823,-0.743246140131081,1.560454907265306,1.0690355275540353,-0.3418541277112044
2018-12-30,-0.04378404951278947,0.006768012404847923,0.050304485580506375,-0.3601536657568493,-0.12323267311264673,-0.042331108457459,0.40222197653589276,0.8113121027874823,-0.743246140131081,1.560454907265306,1.0690355275540353,-0.3418541277112044
2018-12-31,-0.04378404951278947,0.006768012404847923,0.050304485580506375,-0.3601536657568493,-0.12445411798385123,-0.039234035398134,0.060117824861890816,0.47929721668994074,-0.6086841211962989,0.416904090825041,0.8537256936360211,-0.4990213117720489
2019-01-01,-0.04378404951278947,0.006768012404847923,0.050304485580506375,-0.3601536657568493,-0.12445411798385123,-0.03675764890234794,0.060117824861890816,0.47929721668994074,-0.6086841211962989,0.416904090825041,0.8537256936360211,-0.4990213117720489
2019-01-02,-0.044073688185930715,0.008167516600327218,0.05547222972528609,0.1841949944108417,-0.13206149157121372,-0.04048771864637529,0.060117824861890816,0.47929721668994074,-0.6086841211962989,0.416904090825041,0.8537256936360211,-0.4990213117720489
2019-01-03,-0.05014074991546136,0.009445306435375445,0.04973228237588234,0.17452772474136397,-0.13434527242154906,-0.019726892098335287,0.060117824861890816,0.47929721668994074,-0.6086841211962989,0.416904090825041,0.8537256936360211,-0.4990213117720489
2019-01-04,-0.052374643800306764,0.00888386085682824,0.04840322693973409,0.2057066916009446,-0.12607871427342296,-0.012726812774777073,0.060117824861890816,0.47929721668994074,-0.6086841211962989,0.416904090825041,0.8537256936360211,-0.4990213117720489
2019-01-05,-0.052374643800306764,0.00888386085682824,0.04840322693973409,0.2057066916009446,-0.12607871427342296,-0.02032417419426735,0.060117824861890816,0.47929721668994074,-0.6086841211962989,0.416904090825041,0.8537256936360211,-0.4990213117720489
2019-01-06,-0.052374643800306764,0.00888386085682824,0.04840322693973409,0.2057066916009446,-0.12607871427342296,-0.016350216079084955,0.060117824861890816,0.47929721668994074,-0.6086841211962989,0.416904090825041,0.8537256936360211,-0.4990213117720489
2019-01-07,-0.05290958333451545,0.00682988872647583,0.042716033003301734,0.23340085632109647,-0.12182192260942677,-0.00553631723023622,0.060117824861890816,0.47929721668994074,-0.6086841211962989,0.416904090825041,0.8537256936360211,-0.4990213117720489
2019-01-08,-0.053140644839357876,0.006647525052184355,0.04437862162241213,0.23102805353655836,-0.12246115179008182,-0.00635480721415916,0.060117824861890816,0.47929721668994074,-0.6086841211962989,0.416904090825041,0.8537256936360211,-0.4990213117720489
2019-01-09,-0.05401909727136589,0.0059434900373517285,0.03740525196074573,0.23050855379853424,-0.11950402919846975,-0.0007857769312085957,0.060117824861890816,0.47929721668994074,-0.6086841211962989,0.416904090825041,0.8537256936360211,-0.4990213117720489
2019-01-10,-0.055130689083260576,0.004896656910122421,0.04108462121173129,0.22718114395490385,-0.12171223385159291,0.009793152307616553,0.060117824861890816,0.47929721668994074,-0.6086841211962989,0.416904090825041,0.8537256936360211,-0.4990213117720489
2019-01-11,-0.054706809572562354,0.0044539180202646245,0.04265571312060801,0.2368609015988531,-0.12050718827705593,0.012826116824957165,0.060117824861890816,0.47929721668994074,-0.6086841211962989,0.416904090825041,0.8537256936360211,-0.4990213117720489
2019-01-12,-0.054706809572562354,0.0044539180202646245,0.04265571312060801,0.2368609015988531,-0.12050718827705593,0.0117789902319161,0.060117824861890816,0.47929721668994074,-0.6086841211962989,0.416904090825041,0.8537256936360211,-0.4990213117720489
2019-01-13,-0.054706809572562354,0.0044539180202646245,0.04265571312060801,0.2368609015988531,-0.12050718827705593,0.008831330152728356,0.060117824861890816,0.47929721668994074,-0.6086841211962989,0.416904090825041,0.8537256936360211,-0.4990213117720489
2019-01-14,-0.054027280464514105,0.00389407449911372,0.04187139939511775,0.23182057983224347,-0.12503283409011495,0.013363700512768245,0.060117824861890816,0.47929721668994074,-0.6086841211962989,0.416904090825041,0.8537256936360211,-0.4990213117720489
2019-01-15,-0.05285773703150054,0.003273992568549655,0.04568092320464168,0.24113043052710367,-0.12056476186645738,0.001500270464192337,0.060117824861890816,0.47929721668994074,-0.6086841211962989,0.416904090825041,0.8537256936360211,-0.4990213117720489
2019-01-16,-0.05521510585558287,0.0046130322182220684,0.04732823225233018,0.23860268922420746,-0.11645383776775857,0.010159237453222942,0.060117824861890816,0.47929721668994074,-0.6086841211962989,0.416904090825041,0.8537256936360211,-0.4990213117720489
2019-01-17,-0.057003526401123605,0.006248798272427525,0.047026375311702395,0.21287982795496377,-0.11721260213900363,0.013465859049663041,0.060117824861890816,0.47929721668994074,-0.6086841211962989,0.416904090825041,0.8537256936360211,-0.4990213117720489
2019-01-18,-0.0560231989924076,0.005423325963697767,0.049681436065739604,0.216142563236067,-0.11723762673500386,0.02177268307268499,0.060117824861890816,0.47929721668994074,-0.6086841211962989,0.416904090825041,0.8537256936360211,-0.4990213117720489
2019-01-19,-0.0560231989924076,0.005423325963697767,0.049681436065739604,0.216142563236067,-0.11723762673500386,0.005957178841278665,0.060117824861890816,0.47929721668994074,-0.6086841211962989,0.416904090825041,0.8537256936360211,-0.4990213117720489
2019-01-20,-0.0560231989924076,0.005423325963697767,0.049681436065739604,0.216142563236067,-0.11723762673500386,0.005522395109559739,0.060117824861890816,0.47929721668994074,-0.6086841211962989,0.416904090825041,0.8537256936360211,-0.4990213117720489
2019-01-21,-0.05534559284271856,0.0045731373120633245,0.04993066242558086,0.2207950567147841,-0.11731315978738394,0.02888060407709958,0.060117824861890816,0.47929721668994074,-0.6086841211962989,0.416904090825041,0.8537256936360211,-0.4990213117720489
2019-01-22,-0.05515333643468834,0.004037709523752042,0.04960882525442567,0.20951959883807264,-0.12130453846477526,0.02965995298470115,0.060117824861890816,0.47929721668994074,-0.6086841211962989,0.416904090825041,0.8537256936360211,-0.4990213117720489
2019-01-23,-0.05506546042876659,0.00425212976196665,0.04741755088818167,0.21093038941374445,-0.12030415324379601,0.024290601829435925,0.060117824861890816,0.47929721668994074,-0.6086841211962989,0.416904090825041,0.8537256936360211,-0.4990213117720489
2019-01-24,-0.05483799666012623,0.004612283218267232,0.051029124576774554,0.21596251731640245,-0.12043721672088392,0.02492838699858814,0.060117824861890816,0.47929721668994074,-0.6086841211962989,0.416904090825041,0.8537256936360211,-0.4990213117720489
2019-01-25,-0.053638369371914574,0.003985983077401278,0.0439875283433544,0.20242301157669257,-0.11523936272841047,0.02962324725883976,0.060117824861890816,0.47929721668994074,-0.6086841211962989,0.416904090825041,0.8537256936360211,-0.4990213117720489
2019-01-26,-0.053638369371914574,0.003985983077401278,0.0439875283433544,0.20242301157669257,-0.11523936272841047,0.003238506875569473,0.060117824861890816,0.47929721668994074,-0.6086841211962989,0.416904090825041,0.8537256936360211,-0.4990213117720489
2019-01-27,-0.053638369371914574,0.003985983077401278,0.0439875283433544,0.20242301157669257,-0.11523936272841047,0.007245720579798044,0.060117824861890816,0.47929721668994074,-0.6086841211962989,0.416904090825041,0.8537256936360211,-0.4990213117720489
2019-01-28,-0.053239739003735465,0.004264578464190483,0.04372642628378132,0.19298223432842335,-0.11491543560826285,0.029039014251622797,0.060117824861890816,0.47929721668994074,-0.6086841211962989,0.416904090825041,0.8537256936360211,-0.4990213117720489
2019-01-29,-0.05384258418439225,0.004524453134987838,0.04464574556963741,0.16686435870878416,-0.11199666648910608,0.0217762561610136,0.060117824861890816,0.47929721668994074,-0.6086841211962989,0.416904090825041,0.8537256936360211,-0.4990213117720489
2019-01-30,-0.0544005528884558,0.0053395404662621715,0.04010555707353569,0.164020825012843,-0.10950132752409705,0.016541484128521376,0.060117824861890816,0.47929721668994074,-0.6086841211962989,0.416904090825041,0.8537256936360211,-0.4990213117720489
2019-01-31,-0.05518582576301989,0.005552977603898723,0.04175167349695463,0.13754916726729224,-0.1050922240537219,0.01815489633793621,-0.08422810285089871,0.16328095624129452,-0.6388032967142517,0.1892858232853324,0.6479665683042527,-0.6602481647938748
2019-02-01,-0.05629302909765588,0.005665691594569644,0.04219131215584737,0.17311653980860364,-0.103510656440458,0.020751962267063384,-0.08422810285089871,0.16328095624129452,-0.6388032967142517,0.1892858232853324,0.6479665683042527,-0.6602481647938748
2019-02-02,-0.05629302909765588,0.005665691594569644,0.04219131215584737,0.17311653980860364,-0.103510656440458,0.021149317002105265,-0.08422810285089871,0.16328095624129452,-0.6388032967142517,0.1892858232853324,0.6479665683042527,-0.6602481647938748
2019-02-03,-0.05629302909765588,0.005665691594569644,0.04219131215584737,0.17311653980860364,-0.103510656440458,0.03159108025533036,-0.08422810285089871,0.16328095624129452,-0.6388032967142517,0.1892858232853324,0.6479665683042527,-0.6602481647938748
2019-02-04,-0.05629302909765588,0.005665691594569644,0.04219131215584737,0.17311653980860364,-0.10323456123428618,0.03332891991749112,-0.08422810285089871,0.16328095624129452,-0.6388032967142517,0.1892858232853324,0.6479665683042527,-0.6602481647938748
2019-02-05,-0.05629302909765588,0.005665691594569644,0.04219131215584737,0.17311653980860364,-0.10235225996811526,0.026838389099972288,-0.08422810285089871,0.16328095624129452,-0.6388032967142517,0.1892858232853324,0.6479665683042527,-0.6602481647938748
2019-02-06,-0.05629302909765588,0.005665691594569644,0.04219131215584737,0.17311653980860364,-0.10235225996811526,0.02043559103020652,-0.08422810285089871,0.16328095624129452,-0.6388032967142517,0.1892858232853324,0.6479665683042527,-0.6602481647938748
2019-02-07,-0.05629302909765588,0.005665691594569644,0.04219131215584737,0.17311653980860364,-0.10304861809021418,0.013949455395357633,-0.08422810285089871,0.16328095624129452,-0.6388032967142517,0.1892858232853324,0.6479665683042527,-0.6602481647938748
2019-02-08,-0.05629302909765588,0.005665691594569644,0.04219131215584737,0.17311653980860364,-0.10367207398760786,0.03138927967009947,-0.08422810285089871,0.16328095624129452,-0.6388032967142517,0.1892858232853324,0.6479665683042527,-0.6602481647938748
2019-02-09,-0.05629302909765588,0.005665691594569644,0.04219131215584737,0.17311653980860364,-0.10367207398760786,0.026909618076378594,-0.08422810285089871,0.16328095624129452,-0.6388032967142517,0.1892858232853324,0.6479665683042527,-0.6602481647938748
2019-02-10,-0.05629302909765588,0.005665691594569644,0.04219131215584737,0.17311653980860364,-0.10367207398760786,0.042375657346261864,-0.08422810285089871,0.16328095624129452,-0.6388032967142517,0.1892858232853324,0.6479665683042527,-0.6602481647938748
2019-02-11,-0.05786163954011958,0.005888794851649726,0.0573731065581492,0.20776089767536363,-0.10325846737346737,0.040942625634496334,-0.08422810285089871,0.16328095624129452,-0.6388032967142517,0.1892858232853324,0.6479665683042527,-0.6602481647938748
2019-02-12,-0.05826374616642449,0.005746281172599899,0.0538688911931956,0.2236864390708066,-0.10338213069628095,0.03074429149767001,-0.08422810285089871,0.16328095624129452,-0.6388032967142517,0.1892858232853324,0.6479665683042527,-0.6602481647938748
2019-02-13,-0.05837505401300935,0.005522573636003614,0.05859553207191637,0.2394977045454695,-0.09979323880105372,0.016712268111391176,-0.08422810285089871,0.16328095624129452,-0.6388032967142517,0.1892858232853324,0.6479665683042527,-0.6602481647938748
2019-02-14,-0.057873193936133105,0.00501732758246165,0.05732935746334955,0.24576193544521763,-0.09845508047155431,0.03011994947923939,-0.08422810285089871,0.16328095624129452,-0.6388032967142517,0.1892858232853324,0.6479665683042527,-0.6602481647938748
2019-02-15,-0.057846387131741284,0.004894968027675084,0.05580389879503378,0.24947467598184597,-0.10172244228045628,0.022754552421666355,-0.08422810285089871,0.16328095624129452,-0.6388032967142517,0.1892858232853324,0.6479665683042527,-0.6602481647938748
2019-02-16,-0.057846387131741284,0.004894968027675084,0.05580389879503378,0.24947467598184597,-0.10172244228045628,0.020926699567991015,-0.08422810285089871,0.16328095624129452,-0.6388032967142517,0.1892858232853324,0.6479665683042527,-0.6602481647938748
2019-02-17,-0.057846387131741284,0.004894968027675084,0.05580389879503378,0.24947467598184597,-0.10172244228045628,0.021294303230704678,-0.08422810285089871,0.16328095624129452,-0.6388032967142517,0.1892858232853324,0.6479665683042527,-0.6602481647938748
2019-02-18,-0.057025664504026685,0.004157399971992604,0.05481290036411457,0.28886626066349136,-0.09140772016257377,0.03527812757035838,-0.08422810285089871,0.16328095624129452,-0.6388032967142517,0.1892858232853324,0.6479665683042527,-0.6602481647938748
2019-02-19,-0.0548111953316871,0.0031418465873458423,0.05195062046000609,0.2969134675956236,-0.08951990107175554,0.032145434332619176,-0.08422810285089871,0.16328095624129452,-0.6388032967142517,0.1892858232853324,0.6479665683042527,-0.6602481647938748
2019-02-20,-0.05458987745613186,0.003599971344382946,0.05176409002963889,0.2966347009514507,-0.08331216257018213,0.03096765867577149,-0.08422810285089871,0.16328095624129452,-0.6388032967142517,0.1892858232853324,0.6479665683042527,-0.6602481647938748
2019-02-21,-0.054395405628169136,0.0029740814233861768,0.052738375122040604,0.29259135772222866,-0.08335199181250047,0.035544000143293536,-0.08422810285089871,0.16328095624129452,-0.6388032967142517,0.1892858232853324,0.6479665683042527,-0.6602481647938748
2019-02-22,-0.05325317872024149,0.002900836408523788,0.051557945404204664,0.32242569836211055,-0.0789970183302514,0.04251694993129485,-0.08422810285089871,0.16328095624129452,-0.6388032967142517,0.1892858232853324,0.6479665683042527,-0.6602481647938748
2019-02-23,-0.05325317872024149,0.002900836408523788,0.051557945404204664,0.32242569836211055,-0.0789970183302514,0.03325499855753504,-0.08422810285089871,0.16328095624129452,-0.6388032967142517,0.1892858232853324,0.6479665683042527,-0.6602481647938748
2019-02-24,-0.05325317872024149,0.002900836408523788,0.051557945404204664,0.32242569836211055,-0.0789970183302514,0.034968801829124166,-0.08422810285089871,0.16328095624129452,-0.6388032967142517,0.1892858232853324,0.6479665683042527,-0.6602481647938748
2019-02-25,-0.05146019342562114,0.002359286322412113,0.05058345830579192,0.38609631537679556,-0.06899467916446965,0.035953336780372616,-0.08422810285089871,0.16328095624129452,-0.6388032967142517,0.1892858232853324,0.6479665683042527,-0.6602481647938748
2019-02-26,-0.049605878069565734,0.0007385073202654802,0.04715904953515471,0.3937577534413868,-0.07315402188857938,0.030094607806738977,-0.08422810285089871,0.16328095624129452,-0.6388032967142517,0.1892858232853324,0.6479665683042527,-0.6602481647938748
2019-02-27,-0.04975661966624145,0.0017779762320832004,0.04744019117847953,0.3928073528579062,-0.07203456433704246,0.029032547009297582,-0.08422810285089871,0.16328095624129452,-0.6388032967142517,0.1892858232853324,0.6479665683042527,-0.6602481647938748
2019-02-28,-0.05037820510409541,0.002215044093787033,0.048595670858692874,0.4006207060365096,-0.07189713700678323,0.03675936859143645,-0.128949074940917,0.04329187102911478,-0.7390755507560817,0.6890381081049864,0.7642506342490791,-0.5361382851295928
2019-03-01,-0.04986192407269674,0.0021683944319209614,0.050664815646839556,0.40143851500331834,-0.06765455254357565,0.04710257768097036,-0.128949074940917,0.04329187102911478,-0.7390755507560817,0.6890381081049864,0.7642506342490791,-0.5361382851295928
2019-03-02,-0.04986192407269674,0.0021683944319209614,0.050664815646839556,0.40143851500331834,-0.06765455254357565,0.0417438541937876,-0.128949074940917,0.04329187102911478,-0.7390755507560817,0.6890381081049864,0.7642506342490791,-0.5361382851295928
2019-03-03,-0.04986192407269674,0.0021683944319209614,0.050664815646839556,0.40143851500331834,-0.06765455254357565,0.046251561381175504,-0.128949074940917,0.04329187102911478,-0.7390755507560817,0.6890381081049864,0.7642506342490791,-0.5361382851295928
2019-03-04,-0.049500236738924785,0.0020088312497584804,0.05335226246859637,0.43262637680611915,-0.06745038084727166,0.03746553278588781,-0.128949074940917,0.04329187102911478,-0.7390755507560817,0.6890381081049864,0.7642506342490791,-0.5361382851295928
2019-03-05,-0.04751751459762654,0.002047493817900037,0.055484039397802776,0.4836854979454342,-0.0645890429253316,0.03696797812849059,-0.128949074940917,0.04329187102911478,-0.7390755507560817,0.6890381081049864,0.7642506342490791,-0.5361382851295928
2019-03-06,-0.047234152337729096,0.0021486923282145742,0.055277511036295524,0.5178705612563601,-0.06450849805606201,0.034712918073830354,-0.128949074940917,0.04329187102911478,-0.7390755507560817,0.6890381081049864,0.7642506342490791,-0.5361382851295928
2019-03-07,-0.04809385868288296,0.00292153222374103,0.06296195313960173,0.5577140791615194,-0.0662391699034038,0.043980123524310265,-0.128949074940917,0.04329187102911478,-0.7390755507560817,0.6890381081049864,0.7642506342490791,-0.5361382851295928
2019-03-08,-0.051799394080168426,0.0033427500601677096,0.06017401098940134,0.4980246284084239,-0.0768663425834547,0.04053960917548327,-0.128949074940917,0.04329187102911478,-0.7390755507560817,0.6890381081049864,0.7642506342490791,-0.5361382851295928
2019-03-09,-0.051799394080168426,0.0033427500601677096,0.06017401098940134,0.4980246284084239,-0.0768663425834547,0.04740774568172013,-0.128949074940917,0.04329187102911478,-0.7390755507560817,0.6890381081049864,0.7642506342490791,-0.5361382851295928
2019-03-10,-0.051799394080168426,0.0033427500601677096,0.06017401098940134,0.4980246284084239,-0.0768663425834547,0.04977206871445687,-0.128949074940917,0.04329187102911478,-0.7390755507560817,0.6890381081049864,0.7642506342490791,-0.5361382851295928
2019-03-11,-0.05216245934685548,0.0038372916438718097,0.05724465472828777,0.5679055808540843,-0.07228383472799384,0.0451819034670698,-0.128949074940917,0.04329187102911478,-0.7390755507560817,0.6890381081049864,0.7642506342490791,-0.5361382851295928
2019-03-12,-0.05197062306926736,0.003294722685332818,0.057254963368990386,0.6047306457857895,-0.06481573263484364,0.0696053011514536,-0.128949074940917,0.04329187102911478,-0.7390755507560817,0.6890381081049864,0.7642506342490791,-0.5361382851295928
2019-03-13,-0.05259187700655499,0.0034996210931803606,0.051750205980348296,0.5649866373193153,-0.06390942584981053,0.07331588471650478,-0.128949074940917,0.04329187102911478,-0.7390755507560817,0.6890381081049864,0.7642506342490791,-0.5361382851295928
2019-03-14,-0.05205911195594226,0.0034473058487785035,0.054237948664829894,0.5109906951238825,-0.06816419462106542,0.07983576895973334,-0.128949074940917,0.04329187102911478,-0.7390755507560817,0.6890381081049864,0.7642506342490791,-0.5361382851295928
2019-03-15,-0.05132072495819051,0.0037883289736091452,0.05207691550486182,0.5320839356255468,-0.0627627014876782,0.07466733891466329,-0.128949074940917,0.04329187102911478,-0.7390755507560817,0.6890381081049864,0.7642506342490791,-0.5361382851295928
2019-03-16,-0.05132072495819051,0.0037883289736091452,0.05207691550486182,0.5320839356255468,-0.0627627014876782,0.07601123571693419,-0.128949074940917,0.04329187102911478,-0.7390755507560817,0.6890381081049864,0.7642506342490791,-0.5361382851295928
2019-03-17,-0.05132072495819051,0.0037883289736091452,0.05207691550486182,0.5320839356255468,-0.0627627014876782,0.07751841393507493,-0.128949074940917,0.04329187102911478,-0.7390755507560817,0.6890381081049864,0.7642506342490791,-0.5361382851295928
2019-03-18,-0.052075224974795664,0.004138248978004189,0.05188003247410655,0.5663503241316289,-0.0563690582033437,0.08468000505438485,-0.128949074940917,0.04329187102911478,-0.7390755507560817,0.6890381081049864,0.7642506342490791,-0.5361382851295928
2019-03-19,-0.05202648389467257,0.0038886274348420846,0.050657044444879284,0.57609203965594,-0.05593498070645459,0.08789386871561046,-0.128949074940917,0.04329187102911478,-0.7390755507560817,0.6890381081049864,0.7642506342490791,-0.5361382851295928
2019-03-20,-0.05185225196708676,0.0037613429342139293,0.045748725206965934,0.5740148294180203,-0.056553036160636186,0.08943309158548098,-0.128949074940917,0.04329187102911478,-0.7390755507560817,0.6890381081049864,0.7642506342490791,-0.5361382851295928
2019-03-21,-0.05213231636115179,0.004057382921517916,0.050264127630475164,0.5976172764394173,-0.054922207450553616,0.08777476139727086,-0.128949074940917,0.04329187102911478,-0.7390755507560817,0.6890381081049864,0.7642506342490791,-0.5361382851295928
2019-03-22,-0.0522432737680254,0.004234369869210108,0.05207047476056337,0.6087319680763508,-0.058633241762400416,0.08865298357686255,-0.128949074940917,0.04329187102911478,-0.7390755507560817,0.6890381081049864,0.7642506342490791,-0.5361382851295928
2019-03-23,-0.0522432737680254,0.004234369869210108,0.05207047476056337,0.6087319680763508,-0.058633241762400416,0.09058160872998024,-0.128949074940917,0.04329187102911478,-0.7390755507560817,0.6890381081049864,0.7642506342490791,-0.5361382851295928
2019-03-24,-0.0522432737680254,0.004234369869210108,0.05207047476056337,0.6087319680763508,-0.058633241762400416,0.09122111107649239,-0.128949074940917,0.04329187102911478,-0.7390755507560817,0.6890381081049864,0.7642506342490791,-0.5361382851295928
2019-03-25,-0.05440203723826342,0.005306995190995534,0.051946123717569015,0.6022875159871209,-0.06748000036125953,0.07342048361717443,-0.128949074940917,0.04329187102911478,-0.7390755507560817,0.6890381081049864,0.7642506342490791,-0.5361382851295928
2019-03-26,-0.05633887681683536,0.005803826122020239,0.05475473402547981,0.5481152961730922,-0.06822766672943162,0.07523936768616252,-0.128949074940917,0.04329187102911478,-0.7390755507560817,0.6890381081049864,0.7642506342490791,-0.5361382851295928
2019-03-27,-0.056938838609285725,0.005493552066997309,0.056790699300386716,0.558813152367395,-0.06460817924565179,0.07748920463932078,-0.128949074940917,0.04329187102911478,-0.7390755507560817,0.6890381081049864,0.7642506342490791,-0.5361382851295928
2019-03-28,-0.05704616840899179,0.005618659698987671,0.059142257207500326,0.5324297867922325,-0.06698957453296293,0.07547235170023542,-0.128949074940917,0.04329187102911478,-0.7390755507560817,0.6890381081049864,0.7642506342490791,-0.5361382851295928
2019-03-29,-0.05740630379513112,0.005612613391288934,0.05893646413243736,0.5714497118266174,-0.05480499518915749,0.08477329812862945,-0.128949074940917,0.04329187102911478,-0.7390755507560817,0.6890381081049864,0.7642506342490791,-0.5361382851295928
2019-03-30,-0.05740630379513112,0.005612613391288934,0.05893646413243736,0.5714497118266174,-0.05480499518915749,0.08768975350352706,-0.128949074940917,0.04329187102911478,-0.7390755507560817,0.6890381081049864,0.7642506342490791,-0.5361382851295928
2019-03-31,-0.05740630379513112,0.005612613391288934,0.05893646413243736,0.5714497118266174,-0.05480499518915749,0.088010988347495,0.006644264142026957,0.19517835911999953,-0.7689269950362624,0.46729927921021613,0.5886516412949319,-0.34475389125476247
2019-04-01,-0.05360509710541994,0.0040293324757448845,0.060562564065540614,0.6644378426078713,-0.04533636107003045,0.09508246889541945,0.006644264142026957,0.19517835911999953,-0.7689269950362624,0.46729927921021613,0.5886516412949319,-0.34475389125476247
2019-04-02,-0.05095532656581525,0.002869441178483312,0.06031596254277638,0.6767264914800561,-0.04656368153009257,0.09590073192680014,0.006644264142026957,0.19517835911999953,-0.7689269950362624,0.46729927921021613,0.5886516412949319,-0.34475389125476247
2019-04-03,-0.04925264224245052,0.0013173239402800574,0.0575204559085869,0.6918960065192348,-0.041287229386626774,0.10681354873445506,0.006644264142026957,0.19517835911999953,-0.7689269950362624,0.46729927921021613,0.5886516412949319,-0.34475389125476247
2019-04-04,-0.04358988074922865,-0.0004616484963319012,0.06023104162184212,0.6941785015304879,-0.04128929638388865,0.10702118315041674,0.006644264142026957,0.19517835911999953,-0.7689269950362624,0.46729927921021613,0.5886516412949319,-0.34475389125476247
2019-04-05,-0.04358988074922865,-0.0004616484963319012,0.06023104162184212,0.6941785015304879,-0.04468908960743241,0.10909768316242786,0.006644264142026957,0.19517835911999953,-0.7689269950362624,0.46729927921021613,0.5886516412949319,-0.34475389125476247
2019-04-06,-0.04358988074922865,-0.0004616484963319012,0.06023104162184212,0.6941785015304879,-0.04468908960743241,0.10529231536913644,0.006644264142026957,0.19517835911999953,-0.7689269950362624,0.46729927921021613,0.5886516412949319,-0.34475389125476247
2019-04-07,-0.04358988074922865,-0.0004616484963319012,0.06023104162184212,0.6941785015304879,-0.04468908960743241,0.10577362980444095,0.006644264142026957,0.19517835911999953,-0.7689269950362624,0.46729927921021613,0.5886516412949319,-0.34475389125476247
2019-04-08,-0.04354699820556174,0.00018959829407649842,0.058010875109353544,0.6876045688638408,-0.04578158160400652,0.12282710807445346,0.006644264142026957,0.19517835911999953,-0.7689269950362624,0.46729927921021613,0.5886516412949319,-0.34475389125476247
2019-04-09,-0.04233682184615295,-5.8956024064471535e-05,0.05720736438557583,0.6909592769814917,-0.039800509439008334,0.12801235934210783,0.006644264142026957,0.19517835911999953,-0.7689269950362624,0.46729927921021613,0.5886516412949319,-0.34475389125476247
2019-04-10,-0.0392024687921223,-0.001619958804880306,0.05617639403628316,0.6885656170887126,-0.04297156471440484,0.12647109079229155,0.006644264142026957,0.19517835911999953,-0.7689269950362624,0.46729927921021613,0.5886516412949319,-0.34475389125476247
2019-04-11,-0.04108079959895361,-0.0006583507179741543,0.05862231543654728,0.6568553197784508,-0.04866622004770924,0.13668976800945323,0.006644264142026957,0.19517835911999953,-0.7689269950362624,0.46729927921021613,0.5886516412949319,-0.34475389125476247
2019-04-12,-0.040124521032490645,-0.0008643334517078882,0.05611029583455829,0.6522966394693615,-0.04753034939084385,0.13195429458158264,0.006644264142026957,0.19517835911999953,-0.7689269950362624,0.46729927921021613,0.5886516412949319,-0.34475389125476247
2019-04-13,-0.040124521032490645,-0.0008643334517078882,0.05611029583455829,0.6522966394693615,-0.04753034939084385,0.13488029923510034,0.006644264142026957,0.19517835911999953,-0.7689269950362624,0.46729927921021613,0.5886516412949319,-0.34475389125476247
2019-04-14,-0.040124521032490645,-0.0008643334517078882,0.05611029583455829,0.6522966394693615,-0.04753034939084385,0.13149926832905037,0.006644264142026957,0.19517835911999953,-0.7689269950362624,0.46729927921021613,0.5886516412949319,-0.34475389125476247
2019-04-15,-0.03435931692033534,-0.002136107139637189,0.05621350672537151,0.6346572221669448,-0.04932711205079478,0.138928297915637,0.006644264142026957,0.19517835911999953,-0.7689269950362624,0.46729927921021613,0.5886516412949319,-0.34475389125476247
2019-04-16,-0.0327209625375261,-0.004097339082009377,0.05791631067587666,0.6597431091032218,-0.04538235463876013,0.13177634781725803,0.006644264142026957,0.19517835911999953,-0.7689269950362624,0.46729927921021613,0.5886516412949319,-0.34475389125476247
2019-04-17,-0.032556012339797435,-0.004078624084567051,0.057277556863958745,0.6743050951387136,-0.04558329155345821,0.13217227789446873,0.006644264142026957,0.19517835911999953,-0.7689269950362624,0.46729927921021613,0.5886516412949319,-0.34475389125476247
2019-04-18,-0.03279396052842998,-0.0037416970341838107,0.06155581916782893,0.6649339876427605,-0.04971177841017124,0.12607229382627919,0.006644264142026957,0.19517835911999953,-0.7689269950362624,0.46729927921021613,0.5886516412949319,-0.34475389125476247
2019-04-19,-0.03464951487396917,-0.003730024328379211,0.06056009973487564,0.6743792342713671,-0.04850957013527159,0.1292528393591248,0.006644264142026957,0.19517835911999953,-0.7689269950362624,0.46729927921021613,0.5886516412949319,-0.34475389125476247
2019-04-20,-0.03464951487396917,-0.003730024328379211,0.06056009973487564,0.6743792342713671,-0.04850957013527159,0.13628062141462632,0.006644264142026957,0.19517835911999953,-0.7689269950362624,0.46729927921021613,0.5886516412949319,-0.34475389125476247
2019-04-21,-0.03464951487396917,-0.003730024328379211,0.06056009973487564,0.6743792342713671,-0.04850957013527159,0.13307883727261163,0.006644264142026957,0.19517835911999953,-0.7689269950362624,0.46729927921021613,0.5886516412949319,-0.34475389125476247
2019-04-22,-0.03303168219987007,-0.005241341850740433,0.06015935990750221,0.6644852092759552,-0.0543242116828147,0.13825878418080265,0.006644264142026957,0.19517835911999953,-0.7689269950362624,0.46729927921021613,0.5886516412949319,-0.34475389125476247
2019-04-23,-0.03187527189196271,-0.006065551022769844,0.0632432097856902,0.6322244332874879,-0.05515080754222618,0.14231304122954447,0.006644264142026957,0.19517835911999953,-0.7689269950362624,0.46729927921021613,0.5886516412949319,-0.34475389125476247
2019-04-24,-0.031186337074085912,-0.0068386057150297,0.06820319174939204,0.6507852002011928,-0.05800264598846238,0.14392889207615978,0.006644264142026957,0.19517835911999953,-0.7689269950362624,0.46729927921021613,0.5886516412949319,-0.34475389125476247
2019-04-25,-0.030407971197645822,-0.006608945398809518,0.06889660938055508,0.5793734849900235,-0.06010796010986423,0.14142532332076754,0.006644264142026957,0.19517835911999953,-0.7689269950362624,0.46729927921021613,0.5886516412949319,-0.34475389125476247
2019-04-26,-0.030675047381127363,-0.00616488166220408,0.06750054485587942,0.5630701933211739,-0.06021960769181931,0.14307107768062943,0.006644264142026957,0.19517835911999953,-0.7689269950362624,0.46729927921021613,0.5886516412949319,-0.34475389125476247
2019-04-27,-0.030675047381127363,-0.00616488166220408,0.06750054485587942,0.5630701933211739,-0.06021960769181931,0.14419067643875788,0.006644264142026957,0.19517835911999953,-0.7689269950362624,0.46729927921021613,0.5886516412949319,-0.34475389125476247
2019-04-28,-0.030675047381127363,-0.00616488166220408,0.06750054485587942,0.5630701933211739,-0.06021960769181931,0.14689917295927818,0.006644264142026957,0.19517835911999953,-0.7689269950362624,0.46729927921021613,0.5886516412949319,-0.34475389125476247
2019-04-29,-0.030422876112334962,-0.005528600474459466,0.06577598466974943,0.4953251665021775,-0.06267380853394097,0.14079032984182752,0.006644264142026957,0.19517835911999953,-0.7689269950362624,0.46729927921021613,0.5886516412949319,-0.34475389125476247
2019-04-30,-0.031142487373880257,-0.006040576922097918,0.062320905806041105,0.5157026488880668,-0.0620434129141189,0.14581989418812932,0.1570054101015916,0.4732477071631461,-0.70974207417687,0.8792799442590229,1.1224859843788184,-0.2821189987139099
2019-05-01,-0.031142487373880257,-0.006040576922097918,0.062320905806041105,0.5157026488880668,-0.06598258395950533,0.14741327707833896,0.1570054101015916,0.4732477071631461,-0.70974207417687,0.8792799442590229,1.1224859843788184,-0.2821189987139099
2019-05-02,-0.031142487373880257,-0.006040576922097918,0.062320905806041105,0.5157026488880668,-0.06857713193686317,0.15010062001402244,0.1570054101015916,0.4732477071631461,-0.70974207417687,0.8792799442590229,1.1224859843788184,-0.2821189987139099
2019-05-03,-0.031142487373880257,-0.006040576922097918,0.062320905806041105,0.5157026488880668,-0.06736309860755896,0.14603139578787402,0.1570054101015916,0.4732477071631461,-0.70974207417687,0.8792799442590229,1.1224859843788184,-0.2821189987139099
2019-05-04,-0.031142487373880257,-0.006040576922097918,0.062320905806041105,0.5157026488880668,-0.06736309860755896,0.14888324175087733,0.1570054101015916,0.4732477071631461,-0.70974207417687,0.8792799442590229,1.1224859843788184,-0.2821189987139099
2019-05-05,-0.031142487373880257,-0.006040576922097918,0.062320905806041105,0.5157026488880668,-0.06736309860755896,0.1452729109569051,0.1570054101015916,0.4732477071631461,-0.70974207417687,0.8792799442590229,1.1224859843788184,-0.2821189987139099
2019-05-06,-0.03454732764821611,-0.005195581915773184,0.06256708742653172,0.40051712157457575,-0.08217713453574046,0.13411886277123625,0.1570054101015916,0.4732477071631461,-0.70974207417687,0.8792799442590229,1.1224859843788184,-0.2821189987139099
2019-05-07,-0.0351225504283047,-0.00617964969309126,0.0632234101732424,0.4200999744269743,-0.07927975114952862,0.1363227564348338,0.1570054101015916,0.4732477071631461,-0.70974207417687,0.8792799442590229,1.1224859843788184,-0.2821189987139099
2019-05-08,-0.03596642872417688,-0.005967407814904568,0.06303894047239078,0.4207163983738809,-0.08983116526311723,0.12760449231469662,0.1570054101015916,0.4732477071631461,-0.70974207417687,0.8792799442590229,1.1224859843788184,-0.2821189987139099
2019-05-09,-0.0364280625284189,-0.006314398723782144,0.06162441182818579,0.40868013803838804,-0.09887549493273806,0.13172239389047663,0.1570054101015916,0.4732477071631461,-0.70974207417687,0.8792799442590229,1.1224859843788184,-0.2821189987139099
2019-05-10,-0.038053570038621864,-0.00564144334153438,0.06045423291398855,0.4574724069976298,-0.09864270438091471,0.1324674680119852,0.1570054101015916,0.4732477071631461,-0.70974207417687,0.8792799442590229,1.1224859843788184,-0.2821189987139099
2019-05-11,-0.038053570038621864,-0.00564144334153438,0.06045423291398855,0.4574724069976298,-0.09864270438091471,0.13419124881314753,0.1570054101015916,0.4732477071631461,-0.70974207417687,0.8792799442590229,1.1224859843788184,-0.2821189987139099
2019-05-12,-0.038053570038621864,-0.00564144334153438,0.06045423291398855,0.4574724069976298,-0.09864270438091471,0.13434731719938914,0.1570054101015916,0.4732477071631461,-0.70974207417687,0.8792799442590229,1.1224859843788184,-0.2821189987139099
2019-05-13,-0.03943979300175238,-0.005508729035685889,0.060176760584145894,0.4120626702395111,-0.10331570991173211,0.1272332534522364,0.1570054101015916,0.4732477071631461,-0.70974207417687,0.8792799442590229,1.1224859843788184,-0.2821189987139099
2019-05-14,-0.040732720342596784,-0.00577651739055729,0.06273638229467227,0.40046493498652025,-0.10592106995234798,0.12250980974519045,0.1570054101015916,0.4732477071631461,-0.70974207417687,0.8792799442590229,1.1224859843788184,-0.2821189987139099
2019-05-15,-0.0402260773402493,-0.006670756890830409,0.06265435541036102,0.4268624974168719,-0.09956461361815978,0.13361056010647313,0.1570054101015916,0.4732477071631461,-0.70974207417687,0.8792799442590229,1.1224859843788184,-0.2821189987139099
2019-05-16,-0.0413448251822518,-0.006305554213410947,0.06583315792469124,0.4385478675784362,-0.09780332043050156,0.13743070865067142,0.1570054101015916,0.4732477071631461,-0.70974207417687,0.8792799442590229,1.1224859843788184,-0.2821189987139099
2019-05-17,-0.04165826964335262,-0.006306676095099384,0.06751973988746374,0.38687723004709484,-0.1046378128695774,0.14629055737745605,0.1570054101015916,0.4732477071631461,-0.70974207417687,0.8792799442590229,1.1224859843788184,-0.2821189987139099
2019-05-18,-0.04165826964335262,-0.006306676095099384,0.06751973988746374,0.38687723004709484,-0.1046378128695774,0.14597747028663058,0.1570054101015916,0.4732477071631461,-0.70974207417687,0.8792799442590229,1.1224859843788184,-0.2821189987139099
2019-05-19,-0.04165826964335262,-0.006306676095099384,0.06751973988746374,0.38687723004709484,-0.1046378128695774,0.1455073171946499,0.1570054101015916,0.4732477071631461,-0.70974207417687,0.8792799442590229,1.1224859843788184,-0.2821189987139099
2019-05-20,-0.04124955715058365,-0.007104938135199301,0.06683603851189746,0.37980312113976383,-0.10603087454857603,0.1429335319968711,0.1570054101015916,0.4732477071631461,-0.70974207417687,0.8792799442590229,1.1224859843788184,-0.2821189987139099
2019-05-21,-0.04120762078063789,-0.00780771681058956,0.06759168801306659,0.40695329216494547,-0.10532942842616475,0.15806580615076132,0.1570054101015916,0.4732477071631461,-0.70974207417687,0.8792799442590229,1.1224859843788184,-0.2821189987139099
2019-05-22,-0.038512047559810525,-0.00826916181188131,0.06822432170795356,0.39654708494637536,-0.10980502302693532,0.15614360563768803,0.1570054101015916,0.4732477071631461,-0.70974207417687,0.8792799442590229,1.1224859843788184,-0.2821189987139099
2019-05-23,-0.03868656120814451,-0.0073636621413706305,0.06586874122562048,0.3672733448166387,-0.11692731936930964,0.15151549306269274,0.1570054101015916,0.4732477071631461,-0.70974207417687,0.8792799442590229,1.1224859843788184,-0.2821189987139099
2019-05-24,-0.03894303048806502,-0.0071750511573316356,0.06330317097396965,0.3493960425548993,-0.11245653391563817,0.13974289673003018,0.1570054101015916,0.4732477071631461,-0.70974207417687,0.8792799442590229,1.1224859843788184,-0.2821189987139099
2019-05-25,-0.03894303048806502,-0.0071750511573316356,0.06330317097396965,0.3493960425548993,-0.11245653391563817,0.14083627453519937,0.1570054101015916,0.4732477071631461,-0.70974207417687,0.8792799442590229,1.1224859843788184,-0.2821189987139099
2019-05-26,-0.03894303048806502,-0.0071750511573316356,0.06330317097396965,0.3493960425548993,-0.11245653391563817,0.13896725499832127,0.1570054101015916,0.4732477071631461,-0.70974207417687,0.8792799442590229,1.1224859843788184,-0.2821189987139099
2019-05-27,-0.03881903206431625,-0.007351534595636977,0.06472759940925032,0.3913342976796931,-0.11086113648417982,0.13728132575317428,0.1570054101015916,0.4732477071631461,-0.70974207417687,0.8792799442590229,1.1224859843788184,-0.2821189987139099
2019-05-28,-0.03879170698946133,-0.008350356533514236,0.06650816059301656,0.3855226134478187,-0.10790616212074394,0.14491505736128663,0.1570054101015916,0.4732477071631461,-0.70974207417687,0.8792799442590229,1.1224859843788184,-0.2821189987139099
2019-05-29,-0.0403408708718721,-0.006564866985531492,0.06885759264335578,0.39246483181774633,-0.11418145939770823,0.14135553284114347,0.1570054101015916,0.4732477071631461,-0.70974207417687,0.8792799442590229,1.1224859843788184,-0.2821189987139099
2019-05-30,-0.04079944446663786,-0.005953447044112159,0.06900026634859191,0.384510342618885,-0.11673479278513886,0.13275097041358302,0.1570054101015916,0.4732477071631461,-0.70974207417687,0.8792799442590229,1.1224859843788184,-0.2821189987139099
2019-05-31,-0.040500511813542306,-0.0061525731607871,0.06475123435348284,0.3848548354444879,-0.12129342419653104,0.11851306774035412,0.04782118588096881,0.6219920953731491,-0.7052658272525225,0.4626797202749099,0.935158051055597,-0.23688268743440596
2019-06-01,-0.040500511813542306,-0.0061525731607871,0.06475123435348284,0.3848548354444879,-0.12129342419653104,0.12010173799447267,0.04782118588096881,0.6219920953731491,-0.7052658272525225,0.4626797202749099,0.935158051055597,-0.23688268743440596
2019-06-02,-0.040500511813542306,-0.0061525731607871,0.06475123435348284,0.3848548354444879,-0.12129342419653104,0.12073411416322202,0.04782118588096881,0.6219920953731491,-0.7052658272525225,0.4626797202749099,0.935158051055597,-0.23688268743440596
2019-06-03,-0.04196204761172673,-0.005588031441707053,0.05944030448026971,0.36041731537929317,-0.12152260200900554,0.11163288146547413,0.04782118588096881,0.6219920953731491,-0.7052658272525225,0.4626797202749099,0.935158051055597,-0.23688268743440596
2019-06-04,-0.04461474535923837,-0.004609043616098263,0.058504129014239514,0.33756313902475127,-0.12254489147857962,0.10331147640194008,0.04782118588096881,0.6219920953731491,-0.7052658272525225,0.4626797202749099,0.935158051055597,-0.23688268743440596
2019-06-05,-0.045273030557643534,-0.0039561360063445905,0.06040912628545969,0.33566728923012484,-0.11903219292488604,0.10626293483435839,0.04782118588096881,0.6219920953731491,-0.7052658272525225,0.4626797202749099,0.935158051055597,-0.23688268743440596
2019-06-06,-0.045710554443941676,-0.003499853156243904,0.05738748144178363,0.29933977149184626,-0.12286983981648224,0.10149687469400391,0.04782118588096881,0.6219920953731491,-0.7052658272525225,0.4626797202749099,0.935158051055597,-0.23688268743440596
2019-06-07,-0.045710554443941676,-0.003499853156243904,0.05738748144178363,0.29933977149184626,-0.13313837783072,0.10118733897748967,0.04782118588096881,0.6219920953731491,-0.7052658272525225,0.4626797202749099,0.935158051055597,-0.23688268743440596
2019-06-08,-0.045710554443941676,-0.003499853156243904,0.05738748144178363,0.29933977149184626,-0.13313837783072,0.10443880059982771,0.04782118588096881,0.6219920953731491,-0.7052658272525225,0.4626797202749099,0.935158051055597,-0.23688268743440596
2019-06-09,-0.045710554443941676,-0.003499853156243904,0.05738748144178363,0.29933977149184626,-0.13313837783072,0.1024459430762069,0.04782118588096881,0.6219920953731491,-0.7052658272525225,0.4626797202749099,0.935158051055597,-0.23688268743440596
2019-06-10,-0.04562705419709412,-0.0038501066208228574,0.054501002533697385,0.31140481989480573,-0.12571780909682995,0.11126555493001851,0.04782118588096881,0.6219920953731491,-0.7052658272525225,0.4626797202749099,0.935158051055597,-0.23688268743440596
2019-06-11,-0.043517453058890654,-0.005100135518177673,0.05411847079390164,0.36043703323372217,-0.11784552013932582,0.12337514800826063,0.04782118588096881,0.6219920953731491,-0.7052658272525225,0.4626797202749099,0.935158051055597,-0.23688268743440596
2019-06-12,-0.04254462935965009,-0.005995454643046183,0.0567972176781778,0.3540203175930557,-0.12363769594165493,0.11658366976717366,0.04782118588096881,0.6219920953731491,-0.7052658272525225,0.4626797202749099,0.935158051055597,-0.23688268743440596
2019-06-13,-0.042519499785282355,-0.005403984002372186,0.05737485883923654,0.3624832207140065,-0.12569825247558353,0.1067574030905458,0.04782118588096881,0.6219920953731491,-0.7052658272525225,0.4626797202749099,0.935158051055597,-0.23688268743440596
2019-06-14,-0.04340743372634781,-0.004105692007138728,0.0628695909066167,0.3323107407793935,-0.12843751291272215,0.10769996036415748,0.04782118588096881,0.6219920953731491,-0.7052658272525225,0.4626797202749099,0.935158051055597,-0.23688268743440596
2019-06-15,-0.04340743372634781,-0.004105692007138728,0.0628695909066167,0.3323107407793935,-0.12843751291272215,0.1095975320800106,0.04782118588096881,0.6219920953731491,-0.7052658272525225,0.4626797202749099,0.935158051055597,-0.23688268743440596
2019-06-16,-0.04340743372634781,-0.004105692007138728,0.0628695909066167,0.3323107407793935,-0.12843751291272215,0.10991202784130412,0.04782118588096881,0.6219920953731491,-0.7052658272525225,0.4626797202749099,0.935158051055597,-0.23688268743440596
2019-06-17,-0.04485323097577598,-0.0023497660420533917,0.06256200901293751,0.33042702841960436,-0.12933384621533278,0.10559134313282281,0.04782118588096881,0.6219920953731491,-0.7052658272525225,0.4626797202749099,0.935158051055597,-0.23688268743440596
2019-06-18,-0.044331949312354735,-0.0027981647754860006,0.06376194747763164,0.3271532511400212,-0.12665662678639672,0.10849268379674525,0.04782118588096881,0.6219920953731491,-0.7052658272525225,0.4626797202749099,0.935158051055597,-0.23688268743440596
2019-06-19,-0.043803079390316024,-0.0032591174502911713,0.059162574385500766,0.3448785068353854,-0.11902260811597272,0.12172905633407173,0.04782118588096881,0.6219920953731491,-0.7052658272525225,0.4626797202749099,0.935158051055597,-0.23688268743440596
2019-06-20,-0.04389824268949172,-0.003571874632635641,0.053276165609400405,0.3614876881526106,-0.11488477003717165,0.13109892749834515,0.04782118588096881,0.6219920953731491,-0.7052658272525225,0.4626797202749099,0.935158051055597,-0.23688268743440596
2019-06-21,-0.044572687605640815,-0.0034228463786394325,0.0490940142859152,0.3895022460985078,-0.11633248428235188,0.1474563040623553,0.04782118588096881,0.6219920953731491,-0.7052658272525225,0.4626797202749099,0.935158051055597,-0.23688268743440596
2019-06-22,-0.044572687605640815,-0.0034228463786394325,0.0490940142859152,0.3895022460985078,-0.11633248428235188,0.15619145603608547,0.04782118588096881,0.6219920953731491,-0.7052658272525225,0.4626797202749099,0.935158051055597,-0.23688268743440596
2019-06-23,-0.044572687605640815,-0.0034228463786394325,0.0490940142859152,0.3895022460985078,-0.11633248428235188,0.1542842976809607,0.04782118588096881,0.6219920953731491,-0.7052658272525225,0.4626797202749099,0.935158051055597,-0.23688268743440596
2019-06-24,-0.04396766371294425,-0.00502880126688221,0.046900598690834294,0.3884291566430246,-0.11613246801208996,0.16398572085907887,0.04782118588096881,0.6219920953731491,-0.7052658272525225,0.4626797202749099,0.935158051055597,-0.23688268743440596
2019-06-25,-0.043759593516961015,-0.0055465198146184,0.048744617610260055,0.3773641539992525,-0.11550184850785997,0.17089507379384944,0.04782118588096881,0.6219920953731491,-0.7052658272525225,0.4626797202749099,0.935158051055597,-0.23688268743440596
2019-06-26,-0.043428076034904284,-0.006403618451253923,0.04870302157020312,0.3772504477053783,-0.11571038284482148,0.17190216685210252,0.04782118588096881,0.6219920953731491,-0.7052658272525225,0.4626797202749099,0.935158051055597,-0.23688268743440596
2019-06-27,-0.04288408152506418,-0.0072395036875650964,0.04893180930718022,0.38759290052796097,-0.11482728079040412,0.18085390300209192,0.04782118588096881,0.6219920953731491,-0.7052658272525225,0.4626797202749099,0.935158051055597,-0.23688268743440596
2019-06-28,-0.043562351350849404,-0.006688146672913509,0.04890061811557278,0.3667917471765727,-0.11605168841824819,0.19053087933471297,0.04782118588096881,0.6219920953731491,-0.7052658272525225,0.4626797202749099,0.935158051055597,-0.23688268743440596
2019-06-29,-0.043562351350849404,-0.006688146672913509,0.04890061811557278,0.3667917471765727,-0.11605168841824819,0.18447774800711275,0.04782118588096881,0.6219920953731491,-0.7052658272525225,0.4626797202749099,0.935158051055597,-0.23688268743440596
2019-06-30,-0.043562351350849404,-0.006688146672913509,0.04890061811557278,0.3667917471765727,-0.11605168841824819,0.18344883992075897,-0.03472886674800925,0.6055193007996088,-0.7869469071557692,0.012482704034011501,0.8518825744351664,-0.5355583324208811
2019-07-01,-0.044085352961694246,-0.006463652452323054,0.055326204008396496,0.10340888539464776,-0.11187267795525249,0.18925787762333093,-0.03472886674800925,0.6055193007996088,-0.7869469071557692,0.012482704034011501,0.8518825744351664,-0.5355583324208811
2019-07-02,-0.045212355010788796,-0.005058309295404739,0.05443773754283998,0.10280381016840137,-0.1170138711617768,0.17755859229738294,-0.03472886674800925,0.6055193007996088,-0.7869469071557692,0.012482704034011501,0.8518825744351664,-0.5355583324208811
2019-07-03,-0.04529798593315926,-0.003955987117476911,0.05439637677352982,0.0971586322628167,-0.11666037449029443,0.16392784571544547,-0.03472886674800925,0.6055193007996088,-0.7869469071557692,0.012482704034011501,0.8518825744351664,-0.5355583324208811
2019-07-04,-0.04994149942409565,-0.0038997822369123414,0.05448944235374209,0.09320831348904539,-0.11542251875544117,0.17807973636954702,-0.03472886674800925,0.6055193007996088,-0.7869469071557692,0.012482704034011501,0.8518825744351664,-0.5355583324208811
2019-07-05,-0.04988849186896005,-0.0038965938060918637,0.059814366098766225,0.09571769527859571,-0.11888434284245586,0.17185794386292694,-0.03472886674800925,0.6055193007996088,-0.7869469071557692,0.012482704034011501,0.8518825744351664,-0.5355583324208811
2019-07-06,-0.04988849186896005,-0.0038965938060918637,0.059814366098766225,0.09571769527859571,-0.11888434284245586,0.1715717304732242,-0.03472886674800925,0.6055193007996088,-0.7869469071557692,0.012482704034011501,0.8518825744351664,-0.5355583324208811
2019-07-07,-0.04988849186896005,-0.0038965938060918637,0.059814366098766225,0.09571769527859571,-0.11888434284245586,0.17085540912877742,-0.03472886674800925,0.6055193007996088,-0.7869469071557692,0.012482704034011501,0.8518825744351664,-0.5355583324208811
2019-07-08,-0.04963071597599522,-0.00497425299855303,0.06124396601648696,0.05927191423119692,-0.12432025036861392,0.17693213493452753,-0.03472886674800925,0.6055193007996088,-0.7869469071557692,0.012482704034011501,0.8518825744351664,-0.5355583324208811
2019-07-09,-0.049272023985327484,-0.004904010845103723,0.06282557823392776,0.06446480837363308,-0.13093149534911186,0.1837430561593491,-0.03472886674800925,0.6055193007996088,-0.7869469071557692,0.012482704034011501,0.8518825744351664,-0.5355583324208811
2019-07-10,-0.049286584825196655,-0.004869073083395792,0.05798569430911005,0.05357441828519405,-0.13037834670833826,0.1800450807356853,-0.03472886674800925,0.6055193007996088,-0.7869469071557692,0.012482704034011501,0.8518825744351664,-0.5355583324208811
2019-07-11,-0.05019558402124202,-0.004656632320761966,0.058573014377939825,0.05403152196831392,-0.12572817878736556,0.1878330276083123,-0.03472886674800925,0.6055193007996088,-0.7869469071557692,0.012482704034011501,0.8518825744351664,-0.5355583324208811
2019-07-12,-0.04994100444642102,-0.00458912974933301,0.05548367055456793,0.05409124515850688,-0.12445278180649585,0.18558252963678815,-0.03472886674800925,0.6055193007996088,-0.7869469071557692,0.012482704034011501,0.8518825744351664,-0.5355583324208811
2019-07-13,-0.04994100444642102,-0.00458912974933301,0.05548367055456793,0.05409124515850688,-0.12445278180649585,0.19237324968224503,-0.03472886674800925,0.6055193007996088,-0.7869469071557692,0.012482704034011501,0.8518825744351664,-0.5355583324208811
2019-07-14,-0.04994100444642102,-0.00458912974933301,0.05548367055456793,0.05409124515850688,-0.12445278180649585,0.18987702357574437,-0.03472886674800925,0.6055193007996088,-0.7869469071557692,0.012482704034011501,0.8518825744351664,-0.5355583324208811
2019-07-15,-0.04976950923685397,-0.0050021756581200005,0.05660961055952607,0.06716431409733385,-0.12133415444068248,0.200610210718982,-0.03472886674800925,0.6055193007996088,-0.7869469071557692,0.012482704034011501,0.8518825744351664,-0.5355583324208811
2019-07-16,-0.048953467838086184,-0.0054677033594735525,0.061170213962437825,0.07228981699507693,-0.12067068040951641,0.20322215304301935,-0.03472886674800925,0.6055193007996088,-0.7869469071557692,0.012482704034011501,0.8518825744351664,-0.5355583324208811
2019-07-17,-0.04884214587415869,-0.005505138135864063,0.059352200219486506,0.07187955417058968,-0.12056476843388818,0.1929497938095809,-0.03472886674800925,0.6055193007996088,-0.7869469071557692,0.012482704034011501,0.8518825744351664,-0.5355583324208811
2019-07-18,-0.04960275723504959,-0.004789959879634487,0.05545230106120613,0.05059088782280651,-0.12373645977015953,0.1873247738757556,-0.03472886674800925,0.6055193007996088,-0.7869469071557692,0.012482704034011501,0.8518825744351664,-0.5355583324208811
2019-07-19,-0.049921950414504646,-0.004892131102509523,0.058603029860933575,0.053389245723378095,-0.11079335312190998,0.1810479304807346,-0.03472886674800925,0.6055193007996088,-0.7869469071557692,0.012482704034011501,0.8518825744351664,-0.5355583324208811
2019-07-20,-0.049921950414504646,-0.004892131102509523,0.058603029860933575,0.053389245723378095,-0.11079335312190998,0.1838049740170705,-0.03472886674800925,0.6055193007996088,-0.7869469071557692,0.012482704034011501,0.8518825744351664,-0.5355583324208811
2019-07-21,-0.049921950414504646,-0.004892131102509523,0.058603029860933575,0.053389245723378095,-0.11079335312190998,0.18708665665018911,-0.03472886674800925,0.6055193007996088,-0.7869469071557692,0.012482704034011501,0.8518825744351664,-0.5355583324208811
2019-07-22,-0.04972342779695782,-0.0052440999343977834,0.060703783660826516,0.020389532185818404,-0.11761447412706322,0.18154663043420796,-0.03472886674800925,0.6055193007996088,-0.7869469071557692,0.012482704034011501,0.8518825744351664,-0.5355583324208811
2019-07-23,-0.050320153498578435,-0.004958019480974518,0.06472178760689695,0.03401785590536769,-0.11925828860800136,0.18319348044679762,-0.03472886674800925,0.6055193007996088,-0.7869469071557692,0.012482704034011501,0.8518825744351664,-0.5355583324208811
2019-07-24,-0.04990456476518912,-0.005489740703134016,0.0643635590980487,0.045463807496709044,-0.11832965005716804,0.18269626372698017,-0.03472886674800925,0.6055193007996088,-0.7869469071557692,0.012482704034011501,0.8518825744351664,-0.5355583324208811
2019-07-25,-0.04988377668922939,-0.005592066577146948,0.06567412141119111,0.046133820190208424,-0.11871156118367403,0.18420986695177016,-0.03472886674800925,0.6055193007996088,-0.7869469071557692,0.012482704034011501,0.8518825744351664,-0.5355583324208811
2019-07-26,-0.050572915733166135,-0.005621317977258622,0.06755558895587588,0.04681154475566211,-0.1204326718967561,0.18259912046017454,-0.03472886674800925,0.6055193007996088,-0.7869469071557692,0.012482704034011501,0.8518825744351664,-0.5355583324208811
2019-07-27,-0.050572915733166135,-0.005621317977258622,0.06755558895587588,0.04681154475566211,-0.1204326718967561,0.18885926896117153,-0.03472886674800925,0.6055193007996088,-0.7869469071557692,0.012482704034011501,0.8518825744351664,-0.5355583324208811
2019-07-28,-0.050572915733166135,-0.005621317977258622,0.06755558895587588,0.04681154475566211,-0.1204326718967561,0.1899277379808475,-0.03472886674800925,0.6055193007996088,-0.7869469071557692,0.012482704034011501,0.8518825744351664,-0.5355583324208811
2019-07-29,-0.049764799671911275,-0.00626161735719688,0.06853538075011945,0.04744229701012065,-0.12316637695685989,0.180239223100957,-0.03472886674800925,0.6055193007996088,-0.7869469071557692,0.012482704034011501,0.8518825744351664,-0.5355583324208811
2019-07-30,-0.048612978640781956,-0.006594723026822846,0.0680867490767233,0.05274144847920208,-0.12206597290356763,0.18435099110031244,-0.03472886674800925,0.6055193007996088,-0.7869469071557692,0.012482704034011501,0.8518825744351664,-0.5355583324208811
2019-07-31,-0.05006690418772142,-0.006058958977687157,0.07381957101241776,0.047448694358446404,-0.13110837723856755,0.18955522177884573,-0.03705492703065437,0.5394857716720118,-0.8408830960674257,-0.27350999005185833,0.7342580581624452,-0.0685030843384719
2019-08-01,-0.050564698925854246,-0.005919410841231265,0.07195333168750961,0.04221299056317209,-0.13565516849119702,0.1870959847416105,-0.03705492703065437,0.5394857716720118,-0.8408830960674257,-0.27350999005185833,0.7342580581624452,-0.0685030843384719
2019-08-02,-0.05372552504094641,-0.004835260548557763,0.06849839824578619,0.02787355337800235,-0.14702066849058326,0.16449526167248843,-0.03705492703065437,0.5394857716720118,-0.8408830960674257,-0.27350999005185833,0.7342580581624452,-0.0685030843384719
2019-08-03,-0.05372552504094641,-0.004835260548557763,0.06849839824578619,0.02787355337800235,-0.14702066849058326,0.16676123188883832,-0.03705492703065437,0.5394857716720118,-0.8408830960674257,-0.27350999005185833,0.7342580581624452,-0.0685030843384719
2019-08-04,-0.05372552504094641,-0.004835260548557763,0.06849839824578619,0.02787355337800235,-0.14702066849058326,0.16822001970892897,-0.03705492703065437,0.5394857716720118,-0.8408830960674257,-0.27350999005185833,0.7342580581624452,-0.0685030843384719
2019-08-05,-0.05476407889353607,-0.0029808716704922134,0.05973934858737895,0.02154311430482685,-0.1584660796410496,0.1721174708810084,-0.03705492703065437,0.5394857716720118,-0.8408830960674257,-0.27350999005185833,0.7342580581624452,-0.0685030843384719
2019-08-06,-0.05383314296158126,-0.003015233035276399,0.06322660825963822,-0.007927804369200386,-0.15945611819386915,0.15921189748372686,-0.03705492703065437,0.5394857716720118,-0.8408830960674257,-0.27350999005185833,0.7342580581624452,-0.0685030843384719
2019-08-07,-0.058109085144216754,-0.0031390176787100543,0.06367765900284672,-0.008245086555691063,-0.16115429395890565,0.1573716731799718,-0.03705492703065437,0.5394857716720118,-0.8408830960674257,-0.27350999005185833,0.7342580581624452,-0.0685030843384719
2019-08-08,-0.05836475551088727,-0.0029834567896966924,0.06357519368735609,-0.005799897336670877,-0.14823277240132066,0.14340031622621904,-0.03705492703065437,0.5394857716720118,-0.8408830960674257,-0.27350999005185833,0.7342580581624452,-0.0685030843384719
2019-08-09,-0.059810779049223495,-0.002383221803653024,0.06324727107709216,-0.017092400203099996,-0.1506105510826586,0.1432461207471297,-0.03705492703065437,0.5394857716720118,-0.8408830960674257,-0.27350999005185833,0.7342580581624452,-0.0685030843384719
2019-08-10,-0.059810779049223495,-0.002383221803653024,0.06324727107709216,-0.017092400203099996,-0.1506105510826586,0.14768416193467485,-0.03705492703065437,0.5394857716720118,-0.8408830960674257,-0.27350999005185833,0.7342580581624452,-0.0685030843384719
2019-08-11,-0.059810779049223495,-0.002383221803653024,0.06324727107709216,-0.017092400203099996,-0.1506105510826586,0.14956085786673864,-0.03705492703065437,0.5394857716720118,-0.8408830960674257,-0.27350999005185833,0.7342580581624452,-0.0685030843384719
2019-08-12,-0.059467033873491504,-0.002353941410386584,0.061678876784817205,-0.000821095275880087,-0.15034127867877234,0.16261834771576097,-0.03705492703065437,0.5394857716720118,-0.8408830960674257,-0.27350999005185833,0.7342580581624452,-0.0685030843384719
2019-08-13,-0.060606724767083175,-0.0015834397544876033,0.06552901898340247,-0.0037875807485501234,-0.15409976373625842,0.16997422341742263,-0.03705492703065437,0.5394857716720118,-0.8408830960674257,-0.27350999005185833,0.7342580581624452,-0.0685030843384719
2019-08-14,-0.06117232224883762,-0.0011893469050987537,0.06736999920309261,0.003270096613423445,-0.15404576685607524,0.18889774514409977,-0.03705492703065437,0.5394857716720118,-0.8408830960674257,-0.27350999005185833,0.7342580581624452,-0.0685030843384719
2019-08-15,-0.06184860000782977,-0.0009531600182453026,0.06917696982195454,0.009136727932973305,-0.1532442584371787,0.19090853949800626,-0.03705492703065437,0.5394857716720118,-0.8408830960674257,-0.27350999005185833,0.7342580581624452,-0.0685030843384719
2019-08-16,-0.06181265209737907,-0.0014875367557821706,0.06978839740345266,0.013754737075166739,-0.15193940293572475,0.19227095499533867,-0.03705492703065437,0.5394857716720118,-0.8408830960674257,-0.27350999005185833,0.7342580581624452,-0.0685030843384719
2019-08-17,-0.06181265209737907,-0.0014875367557821706,0.06978839740345266,0.013754737075166739,-0.15193940293572475,0.19385681108709957,-0.03705492703065437,0.5394857716720118,-0.8408830960674257,-0.27350999005185833,0.7342580581624452,-0.0685030843384719
2019-08-18,-0.06181265209737907,-0.0014875367557821706,0.06978839740345266,0.013754737075166739,-0.15193940293572475,0.20287788911368734,-0.03705492703065437,0.5394857716720118,-0.8408830960674257,-0.27350999005185833,0.7342580581624452,-0.0685030843384719
2019-08-19,-0.060638653847591706,-0.0010055814838710875,0.07124474268968062,0.046744854590237715,-0.1453435326757274,0.21076551005894792,-0.03705492703065437,0.5394857716720118,-0.8408830960674257,-0.27350999005185833,0.7342580581624452,-0.0685030843384719
2019-08-20,-0.060383628668996936,-0.0012800349319902482,0.06962780449943096,0.050272159660324445,-0.14599869593010756,0.21482058667340836,-0.03705492703065437,0.5394857716720118,-0.8408830960674257,-0.27350999005185833,0.7342580581624452,-0.0685030843384719
2019-08-21,-0.05990533448207136,-0.0023827975685565272,0.07036118876222708,0.05206179594575965,-0.1462376357045041,0.2214885958482317,-0.03705492703065437,0.5394857716720118,-0.8408830960674257,-0.27350999005185833,0.7342580581624452,-0.0685030843384719
2019-08-22,-0.05829070505444656,-0.0028346932861172958,0.06976066151966498,0.05618344096579252,-0.1499276543708656,0.2284353313263921,-0.03705492703065437,0.5394857716720118,-0.8408830960674257,-0.27350999005185833,0.7342580581624452,-0.0685030843384719
2019-08-23,-0.05847933159554075,-0.002831590319470334,0.06421008507447823,0.050655869107513685,-0.1501732472282627,0.22999294614922705,-0.03705492703065437,0.5394857716720118,-0.8408830960674257,-0.27350999005185833,0.7342580581624452,-0.0685030843384719
2019-08-24,-0.05847933159554075,-0.002831590319470334,0.06421008507447823,0.050655869107513685,-0.1501732472282627,0.2332539862875064,-0.03705492703065437,0.5394857716720118,-0.8408830960674257,-0.27350999005185833,0.7342580581624452,-0.0685030843384719
2019-08-25,-0.05847933159554075,-0.002831590319470334,0.06421008507447823,0.050655869107513685,-0.1501732472282627,0.23365752573098283,-0.03705492703065437,0.5394857716720118,-0.8408830960674257,-0.27350999005185833,0.7342580581624452,-0.0685030843384719
2019-08-26,-0.058618456080007375,-0.0020970189410508544,0.0680301233772751,0.04992569504927865,-0.15716311009269737,0.22973003924484628,-0.03705492703065437,0.5394857716720118,-0.8408830960674257,-0.27350999005185833,0.7342580581624452,-0.0685030843384719
2019-08-27,-0.05848244217361587,-0.0024022395668286123,0.0680811354569355,0.06932718745838436,-0.15438360531189788,0.21997121500888897,-0.03705492703065437,0.5394857716720118,-0.8408830960674257,-0.27350999005185833,0.7342580581624452,-0.0685030843384719
2019-08-28,-0.05801457313160352,-0.002663501811028701,0.06959101599273909,0.06876137267117882,-0.15330519953103833,0.2350645519925534,-0.03705492703065437,0.5394857716720118,-0.8408830960674257,-0.27350999005185833,0.7342580581624452,-0.0685030843384719
2019-08-29,-0.05818366220545923,-0.0018476759990045943,0.07211727173538707,0.07053037093564507,-0.15566063636635696,0.23686455165264272,-0.03705492703065437,0.5394857716720118,-0.8408830960674257,-0.27350999005185833,0.7342580581624452,-0.0685030843384719
2019-08-30,-0.058474363775556926,-0.002963651486944885,0.07618161021349534,0.049973280804634146,-0.15516318873589824,0.2519032120271291,-0.03705492703065437,0.5394857716720118,-0.8408830960674257,-0.27350999005185833,0.7342580581624452,-0.0685030843384719
2019-08-31,-0.058474363775556926,-0.002963651486944885,0.07618161021349534,0.049973280804634146,-0.15516318873589824,0.25577536284466923,-0.08501146758960128,0.49558818990887243,-0.7847576159444977,-0.24075311760149443,0.5702204492863864,-0.02539326632424303
2019-09-01,-0.058474363775556926,-0.002963651486944885,0.07618161021349534,0.049973280804634146,-0.15516318873589824,0.2608229903301528,-0.08501146758960128,0.49558818990887243,-0.7847576159444977,-0.24075311760149443,0.5702204492863864,-0.02539326632424303
2019-09-02,-0.058145616077563855,-0.0033648398601869856,0.07856986324688031,0.07908086514771527,-0.15508490660710628,0.26912155495930096,-0.08501146758960128,0.49558818990887243,-0.7847576159444977,-0.24075311760149443,0.5702204492863864,-0.02539326632424303
2019-09-03,-0.05832293018125145,-0.003896704956870667,0.07734829499554019,0.08911339711612769,-0.15853690399560322,0.25885567824638805,-0.08501146758960128,0.49558818990887243,-0.7847576159444977,-0.24075311760149443,0.5702204492863864,-0.02539326632424303
2019-09-04,-0.058080712581205285,-0.0037751580308788,0.0719001083622971,0.09725095563899905,-0.14565864164063777,0.25962531068448236,-0.08501146758960128,0.49558818990887243,-0.7847576159444977,-0.24075311760149443,0.5702204492863864,-0.02539326632424303
2019-09-05,-0.05925601029751926,-0.002536865780969566,0.07209321153020543,0.10623134289507707,-0.14107004961889125,0.27658954682464226,-0.08501146758960128,0.49558818990887243,-0.7847576159444977,-0.24075311760149443,0.5702204492863864,-0.02539326632424303
2019-09-06,-0.06094789389016153,-0.0017841068566774032,0.07198143654341504,0.10994973588330831,-0.13794675119520103,0.2709646791195253,-0.08501146758960128,0.49558818990887243,-0.7847576159444977,-0.24075311760149443,0.5702204492863864,-0.02539326632424303
2019-09-07,-0.06094789389016153,-0.0017841068566774032,0.07198143654341504,0.10994973588330831,-0.13794675119520103,0.26847232974869195,-0.08501146758960128,0.49558818990887243,-0.7847576159444977,-0.24075311760149443,0.5702204492863864,-0.02539326632424303
2019-09-08,-0.06094789389016153,-0.0017841068566774032,0.07198143654341504,0.10994973588330831,-0.13794675119520103,0.2754598106572127,-0.08501146758960128,0.49558818990887243,-0.7847576159444977,-0.24075311760149443,0.5702204492863864,-0.02539326632424303
2019-09-09,-0.06120592524456914,-0.001886874143990469,0.0711481116788304,0.142237766328342,-0.14102149208134154,0.2897300597601401,-0.08501146758960128,0.49558818990887243,-0.7847576159444977,-0.24075311760149443,0.5702204492863864,-0.02539326632424303
2019-09-10,-0.059982904918793545,-0.002445530894321535,0.0712803343417947,0.14502709783333043,-0.14106828252150608,0.2952802092492685,-0.08501146758960128,0.49558818990887243,-0.7847576159444977,-0.24075311760149443,0.5702204492863864,-0.02539326632424303
2019-09-11,-0.05827886987494246,-0.002839926555388894,0.07423969650263773,0.1359187197932808,-0.1377933815575193,0.29496865219316104,-0.08501146758960128,0.49558818990887243,-0.7847576159444977,-0.24075311760149443,0.5702204492863864,-0.02539326632424303
2019-09-12,-0.05652966485100297,-0.00369742137852902,0.07214079462376555,0.13774652108140012,-0.13398016206618027,0.29562006319189316,-0.08501146758960128,0.49558818990887243,-0.7847576159444977,-0.24075311760149443,0.5702204492863864,-0.02539326632424303
2019-09-13,-0.05652966485100297,-0.00369742137852902,0.07214079462376555,0.13774652108140012,-0.13524188223862493,0.29995116065525224,-0.08501146758960128,0.49558818990887243,-0.7847576159444977,-0.24075311760149443,0.5702204492863864,-0.02539326632424303
2019-09-14,-0.05652966485100297,-0.00369742137852902,0.07214079462376555,0.13774652108140012,-0.13524188223862493,0.30135161250485026,-0.08501146758960128,0.49558818990887243,-0.7847576159444977,-0.24075311760149443,0.5702204492863864,-0.02539326632424303
2019-09-15,-0.05652966485100297,-0.00369742137852902,0.07214079462376555,0.13774652108140012,-0.13524188223862493,0.30353084383111995,-0.08501146758960128,0.49558818990887243,-0.7847576159444977,-0.24075311760149443,0.5702204492863864,-0.02539326632424303
2019-09-16,-0.05565920893035392,-0.004424843181004778,0.07428475495541886,0.1455313052798086,-0.13446442447891138,0.30051652619272345,-0.08501146758960128,0.49558818990887243,-0.7847576159444977,-0.24075311760149443,0.5702204492863864,-0.02539326632424303
2019-09-17,-0.05598165122403487,-0.005075748365348187,0.06988433721991039,0.11898896998049312,-0.14002551172584238,0.33024486279938026,-0.08501146758960128,0.49558818990887243,-0.7847576159444977,-0.24075311760149443,0.5702204492863864,-0.02539326632424303
2019-09-18,-0.05599094944590488,-0.005893051682125949,0.07372371477228168,0.11771545948910221,-0.14102798575367684,0.3103503031153569,-0.08501146758960128,0.49558818990887243,-0.7847576159444977,-0.24075311760149443,0.5702204492863864,-0.02539326632424303
2019-09-19,-0.05404453976592605,-0.0060986484294781595,0.07142078284573217,0.13140122789122122,-0.14536145896929123,0.2972749502504842,-0.08501146758960128,0.49558818990887243,-0.7847576159444977,-0.24075311760149443,0.5702204492863864,-0.02539326632424303
2019-09-20,-0.05426916535543891,-0.005586212466563434,0.07249864298829445,0.1333183729686313,-0.14464940016468195,0.2961425604391144,-0.08501146758960128,0.49558818990887243,-0.7847576159444977,-0.24075311760149443,0.5702204492863864,-0.02539326632424303
2019-09-21,-0.05426916535543891,-0.005586212466563434,0.07249864298829445,0.1333183729686313,-0.14464940016468195,0.3015630304694218,-0.08501146758960128,0.49558818990887243,-0.7847576159444977,-0.24075311760149443,0.5702204492863864,-0.02539326632424303
2019-09-22,-0.05426916535543891,-0.005586212466563434,0.07249864298829445,0.1333183729686313,-0.14464940016468195,0.3003873027386135,-0.08501146758960128,0.49558818990887243,-0.7847576159444977,-0.24075311760149443,0.5702204492863864,-0.02539326632424303
2019-09-23,-0.054614824793959627,-0.005572730315782981,0.07430668573123744,0.12445147291915612,-0.14965025253312222,0.313785065940983,-0.08501146758960128,0.49558818990887243,-0.7847576159444977,-0.24075311760149443,0.5702204492863864,-0.02539326632424303
2019-09-24,-0.05463965401547044,-0.006066024910570067,0.0718428573678076,0.12711693248087608,-0.14909178398005615,0.31229651745334186,-0.08501146758960128,0.49558818990887243,-0.7847576159444977,-0.24075311760149443,0.5702204492863864,-0.02539326632424303
2019-09-25,-0.05344270834769993,-0.00607791518385814,0.07761615383877851,0.1032025051849568,-0.15309518207867984,0.30786835012894864,-0.08501146758960128,0.49558818990887243,-0.7847576159444977,-0.24075311760149443,0.5702204492863864,-0.02539326632424303
2019-09-26,-0.05318480287161054,-0.006662216590766268,0.07974850083530205,0.06430561956220926,-0.15214997334573327,0.29828267533891656,-0.08501146758960128,0.49558818990887243,-0.7847576159444977,-0.24075311760149443,0.5702204492863864,-0.02539326632424303
2019-09-27,-0.05179755580591261,-0.007363118168976168,0.07931487135656512,0.07531580657066823,-0.15448634334899947,0.29819539455914673,-0.08501146758960128,0.49558818990887243,-0.7847576159444977,-0.24075311760149443,0.5702204492863864,-0.02539326632424303
2019-09-28,-0.05179755580591261,-0.007363118168976168,0.07931487135656512,0.07531580657066823,-0.15448634334899947,0.30127003008136527,-0.08501146758960128,0.49558818990887243,-0.7847576159444977,-0.24075311760149443,0.5702204492863864,-0.02539326632424303
2019-09-29,-0.05179755580591261,-0.007363118168976168,0.07931487135656512,0.07531580657066823,-0.15448634334899947,0.29905535959936264,-0.08501146758960128,0.49558818990887243,-0.7847576159444977,-0.24075311760149443,0.5702204492863864,-0.02539326632424303
2019-09-30,-0.05165438475385431,-0.00735742900926839,0.0820287535195997,0.12478531810336727,-0.15220346640397478,0.30328822144996503,-0.15588905411246157,0.5103012549704318,-0.6707856893688797,-0.01439472977141599,0.7106326211333089,0.08518438347010289
2019-10-01,-0.05165438475385431,-0.00735742900926839,0.0820287535195997,0.12478531810336727,-0.15158760061317897,0.3004060250549322,-0.15588905411246157,0.5103012549704318,-0.6707856893688797,-0.01439472977141599,0.7106326211333089,0.08518438347010289
2019-10-02,-0.05165438475385431,-0.00735742900926839,0.0820287535195997,0.12478531810336727,-0.15157767338011763,0.3024682456848944,-0.15588905411246157,0.5103012549704318,-0.6707856893688797,-0.01439472977141599,0.7106326211333089,0.08518438347010289
2019-10-03,-0.05165438475385431,-0.00735742900926839,0.0820287535195997,0.12478531810336727,-0.152004284095054,0.30172325947350487,-0.15588905411246157,0.5103012549704318,-0.6707856893688797,-0.01439472977141599,0.7106326211333089,0.08518438347010289
2019-10-04,-0.05165438475385431,-0.00735742900926839,0.0820287535195997,0.12478531810336727,-0.15156779257587694,0.3051732416182586,-0.15588905411246157,0.5103012549704318,-0.6707856893688797,-0.01439472977141599,0.7106326211333089,0.08518438347010289
2019-10-05,-0.05165438475385431,-0.00735742900926839,0.0820287535195997,0.12478531810336727,-0.15156779257587694,0.3069163967761544,-0.15588905411246157,0.5103012549704318,-0.6707856893688797,-0.01439472977141599,0.7106326211333089,0.08518438347010289
2019-10-06,-0.05165438475385431,-0.00735742900926839,0.0820287535195997,0.12478531810336727,-0.15156779257587694,0.31278846205866045,-0.15588905411246157,0.5103012549704318,-0.6707856893688797,-0.01439472977141599,0.7106326211333089,0.08518438347010289
2019-10-07,-0.05165438475385431,-0.00735742900926839,0.0820287535195997,0.12478531810336727,-0.15773723398448874,0.3195341821054357,-0.15588905411246157,0.5103012549704318,-0.6707856893688797,-0.01439472977141599,0.7106326211333089,0.08518438347010289
2019-10-08,-0.05193246690015052,-0.0074709882131329675,0.07889963460301952,0.12300641709423199,-0.15981079793724948,0.3030795747132963,-0.15588905411246157,0.5103012549704318,-0.6707856893688797,-0.01439472977141599,0.7106326211333089,0.08518438347010289
2019-10-09,-0.05386397812615196,-0.006846052679301051,0.07815274831141095,0.13368696539409178,-0.15859431992392603,0.31235939529501217,-0.15588905411246157,0.5103012549704318,-0.6707856893688797,-0.01439472977141599,0.7106326211333089,0.08518438347010289
2019-10-10,-0.0538660487896131,-0.007346687455853984,0.07471854363281205,0.14983882394092593,-0.1565767747525261,0.31891336268636755,-0.15588905411246157,0.5103012549704318,-0.6707856893688797,-0.01439472977141599,0.7106326211333089,0.08518438347010289
2019-10-11,-0.051180403841400324,-0.008295766932623128,0.07096844227872134,0.146705218697606,-0.14827449288008665,0.33157479494713,-0.15588905411246157,0.5103012549704318,-0.6707856893688797,-0.01439472977141599,0.7106326211333089,0.08518438347010289
2019-10-12,-0.051180403841400324,-0.008295766932623128,0.07096844227872134,0.146705218697606,-0.14827449288008665,0.33772734070477073,-0.15588905411246157,0.5103012549704318,-0.6707856893688797,-0.01439472977141599,0.7106326211333089,0.08518438347010289
2019-10-13,-0.051180403841400324,-0.008295766932623128,0.07096844227872134,0.146705218697606,-0.14827449288008665,0.3405528796850179,-0.15588905411246157,0.5103012549704318,-0.6707856893688797,-0.01439472977141599,0.7106326211333089,0.08518438347010289
2019-10-14,-0.05014021000408164,-0.009004053919388078,0.07247412929929231,0.1654486605782323,-0.1453576117537705,0.34495746774981784,-0.15588905411246157,0.5103012549704318,-0.6707856893688797,-0.01439472977141599,0.7106326211333089,0.08518438347010289
2019-10-15,-0.0492111664824455,-0.008793275215574714,0.0709402311663816,0.14590725903758936,-0.1465429585534742,0.3507900843206633,-0.15588905411246157,0.5103012549704318,-0.6707856893688797,-0.01439472977141599,0.7106326211333089,0.08518438347010289
2019-10-16,-0.04929437967672978,-0.008968811349987615,0.06792876521324254,0.1407352220033935,-0.14533802094549864,0.34235329578635015,-0.15588905411246157,0.5103012549704318,-0.6707856893688797,-0.01439472977141599,0.7106326211333089,0.08518438347010289
2019-10-17,-0.04957208060427165,-0.008591963807075609,0.06383671970071625,0.13691328837068245,-0.14417647845870804,0.3553886691638713,-0.15588905411246157,0.5103012549704318,-0.6707856893688797,-0.01439472977141599,0.7106326211333089,0.08518438347010289
2019-10-18,-0.04914784643532866,-0.009280607397071261,0.05967662789179362,0.12317892641175941,-0.14819292126324266,0.3578840018331021,-0.15588905411246157,0.5103012549704318,-0.6707856893688797,-0.01439472977141599,0.7106326211333089,0.08518438347010289
2019-10-19,-0.04914784643532866,-0.009280607397071261,0.05967662789179362,0.12317892641175941,-0.14819292126324266,0.36586486811297114,-0.15588905411246157,0.5103012549704318,-0.6707856893688797,-0.01439472977141599,0.7106326211333089,0.08518438347010289
2019-10-20,-0.04914784643532866,-0.009280607397071261,0.05967662789179362,0.12317892641175941,-0.14819292126324266,0.3669680765559193,-0.15588905411246157,0.5103012549704318,-0.6707856893688797,-0.01439472977141599,0.7106326211333089,0.08518438347010289
2019-10-21,-0.04678340152855931,-0.01015362746669779,0.06076729752178911,0.11187397938831266,-0.14418746296599813,0.3700478062417565,-0.15588905411246157,0.5103012549704318,-0.6707856893688797,-0.01439472977141599,0.7106326211333089,0.08518438347010289
2019-10-22,-0.045330925541855915,-0.010908789608854108,0.06277153210973918,0.1281667110506789,-0.1419459678873788,0.38572688765748636,-0.15588905411246157,0.5103012549704318,-0.6707856893688797,-0.01439472977141599,0.7106326211333089,0.08518438347010289
2019-10-23,-0.044837012781677066,-0.010827472299563712,0.06234071427388077,0.11779823066024973,-0.1465869019286785,0.39796837580713285,-0.15588905411246157,0.5103012549704318,-0.6707856893688797,-0.01439472977141599,0.7106326211333089,0.08518438347010289
2019-10-24,-0.044748210814243405,-0.010379396392883433,0.06471123363312214,0.11506853471054561,-0.14287000735783864,0.4081683580134292,-0.15588905411246157,0.5103012549704318,-0.6707856893688797,-0.01439472977141599,0.7106326211333089,0.08518438347010289
2019-10-25,-0.04503031270317681,-0.010266848938092488,0.06610356353340663,0.1224723699613848,-0.1424944411304505,0.4129880705584138,-0.15588905411246157,0.5103012549704318,-0.6707856893688797,-0.01439472977141599,0.7106326211333089,0.08518438347010289
2019-10-26,-0.04503031270317681,-0.010266848938092488,0.06610356353340663,0.1224723699613848,-0.1424944411304505,0.41693255992035416,-0.15588905411246157,0.5103012549704318,-0.6707856893688797,-0.01439472977141599,0.7106326211333089,0.08518438347010289
2019-10-27,-0.04503031270317681,-0.010266848938092488,0.06610356353340663,0.1224723699613848,-0.1424944411304505,0.4141796008340881,-0.15588905411246157,0.5103012549704318,-0.6707856893688797,-0.01439472977141599,0.7106326211333089,0.08518438347010289
2019-10-28,-0.04143818384195164,-0.011835727648090155,0.06531635515832745,0.15012070162435276,-0.14079205014021992,0.4193304477618178,-0.15588905411246157,0.5103012549704318,-0.6707856893688797,-0.01439472977141599,0.7106326211333089,0.08518438347010289
2019-10-29,-0.039777688125275934,-0.012419941596326423,0.0647433889326402,0.13286683410220582,-0.14232023978944133,0.42249362873828444,-0.15588905411246157,0.5103012549704318,-0.6707856893688797,-0.01439472977141599,0.7106326211333089,0.08518438347010289
2019-10-30,-0.03839689034967286,-0.013281522932002243,0.062317123845264,0.1192865781300092,-0.14356775707596126,0.42547424069772893,-0.15588905411246157,0.5103012549704318,-0.6707856893688797,-0.01439472977141599,0.7106326211333089,0.08518438347010289
2019-10-31,-0.03986161344550643,-0.012047598872729881,0.06065463051576181,0.10877766279859098,-0.14577627049778893,0.422094895557728,-0.14784162787860136,0.6876786437020437,-0.6054702432198015,0.2644586459598872,0.9567728125928914,-0.3221357356150119
2019-11-01,-0.04019549765278352,-0.010738177842175234,0.05968836748663009,0.11656323571117636,-0.1438942796232849,0.4227770370190677,-0.14784162787860136,0.6876786437020437,-0.6054702432198015,0.2644586459598872,0.9567728125928914,-0.3221357356150119
2019-11-03,-0.04019549765278352,-0.010738177842175234,0.05968836748663009,0.11656323571117636,-0.1438942796232849,0.43848655072916237,-0.14784162787860136,0.6876786437020437,-0.6054702432198015,0.2644586459598872,0.9567728125928914,-0.3221357356150119
2019-11-04,-0.039938345679115805,-0.011482313081176976,0.06334108181350173,0.12175678711542719,-0.1411664836742638,0.42566218015262414,-0.14784162787860136,0.6876786437020437,-0.6054702432198015,0.2644586459598872,0.9567728125928914,-0.3221357356150119
2019-11-05,-0.04031524896195382,-0.010807104780638399,0.06704201371020357,0.1235279324351535,-0.1374245040212404,0.4290645690556391,-0.14784162787860136,0.6876786437020437,-0.6054702432198015,0.2644586459598872,0.9567728125928914,-0.3221357356150119
2019-11-06,-0.04277941466135515,-0.010316632200226383,0.06721565319377942,0.11097515194852783,-0.13982572430648318,0.4334945866835704,-0.14784162787860136,0.6876786437020437,-0.6054702432198015,0.2644586459598872,0.9567728125928914,-0.3221357356150119
2019-11-07,-0.042956339848173375,-0.010746653825973285,0.06903344508724463,0.11952165877225773,-0.13382891191467125,0.4249222987648807,-0.14784162787860136,0.6876786437020437,-0.6054702432198015,0.2644586459598872,0.9567728125928914,-0.3221357356150119
2019-11-08,-0.042206895912546116,-0.011869984565540781,0.07201002996578565,0.11844558972988276,-0.13651069790216613,0.4264805694365185,-0.14784162787860136,0.6876786437020437,-0.6054702432198015,0.2644586459598872,0.9567728125928914,-0.3221357356150119
2019-11-09,-0.042206895912546116,-0.011869984565540781,0.07201002996578565,0.11844558972988276,-0.13651069790216613,0.42146879753288635,-0.14784162787860136,0.6876786437020437,-0.6054702432198015,0.2644586459598872,0.9567728125928914,-0.3221357356150119
2019-11-10,-0.042206895912546116,-0.011869984565540781,0.07201002996578565,0.11844558972988276,-0.13651069790216613,0.4204189051217048,-0.14784162787860136,0.6876786437020437,-0.6054702432198015,0.2644586459598872,0.9567728125928914,-0.3221357356150119
2019-11-11,-0.04225822314038341,-0.011692796123523586,0.07004846844084933,0.08892572695941729,-0.14486452442782197,0.41097895372358517,-0.14784162787860136,0.6876786437020437,-0.6054702432198015,0.2644586459598872,0.9567728125928914,-0.3221357356150119
2019-11-12,-0.043599994655862506,-0.011675316288816795,0.07130103977631452,0.09126939113685492,-0.1428932149245702,0.41801866569868545,-0.14784162787860136,0.6876786437020437,-0.6054702432198015,0.2644586459598872,0.9567728125928914,-0.3221357356150119
2019-11-13,-0.043942048800837075,-0.011725143647114411,0.07120950287168581,0.08668139695084781,-0.14847964055505786,0.41302281196761076,-0.14784162787860136,0.6876786437020437,-0.6054702432198015,0.2644586459598872,0.9567728125928914,-0.3221357356150119
2019-11-14,-0.044218108178699644,-0.011856742002220422,0.06974477832127501,0.09642950982348433,-0.1499557340261071,0.418555695808799,-0.14784162787860136,0.6876786437020437,-0.6054702432198015,0.2644586459598872,0.9567728125928914,-0.3221357356150119
2019-11-15,-0.04432578343847937,-0.011482769440797957,0.0677583876440685,0.08361794345184105,-0.1532820913316589,0.4187706148440024,-0.14784162787860136,0.6876786437020437,-0.6054702432198015,0.2644586459598872,0.9567728125928914,-0.3221357356150119
2019-11-16,-0.04432578343847937,-0.011482769440797957,0.0677583876440685,0.08361794345184105,-0.1532820913316589,0.41446975003578723,-0.14784162787860136,0.6876786437020437,-0.6054702432198015,0.2644586459598872,0.9567728125928914,-0.3221357356150119
2019-11-17,-0.04432578343847937,-0.011482769440797957,0.0677583876440685,0.08361794345184105,-0.1532820913316589,0.41003839716589485,-0.14784162787860136,0.6876786437020437,-0.6054702432198015,0.2644586459598872,0.9567728125928914,-0.3221357356150119
2019-11-18,-0.04620937497297928,-0.009848256546791223,0.06613549154003973,0.08975216796472035,-0.15183432860116955,0.4014934394511741,-0.14784162787860136,0.6876786437020437,-0.6054702432198015,0.2644586459598872,0.9567728125928914,-0.3221357356150119
2019-11-19,-0.04855578623658796,-0.009056121517435844,0.06618660896699302,0.11132656793190782,-0.1488577410444446,0.40247693373119625,-0.14784162787860136,0.6876786437020437,-0.6054702432198015,0.2644586459598872,0.9567728125928914,-0.3221357356150119
2019-11-20,-0.04928335494967606,-0.008352023240965067,0.06645240600028923,0.10839053558996696,-0.14998695066328696,0.3969700822571348,-0.14784162787860136,0.6876786437020437,-0.6054702432198015,0.2644586459598872,0.9567728125928914,-0.3221357356150119
2019-11-21,-0.049861658377996054,-0.008337034548180355,0.06720870422707648,0.10911650317259065,-0.1531457401695612,0.3923876958284882,-0.14784162787860136,0.6876786437020437,-0.6054702432198015,0.2644586459598872,0.9567728125928914,-0.3221357356150119
2019-11-22,-0.050026940933201924,-0.008159074575932568,0.07058904920608977,0.09616765671666662,-0.15330596567378105,0.4026743190189746,-0.14784162787860136,0.6876786437020437,-0.6054702432198015,0.2644586459598872,0.9567728125928914,-0.3221357356150119
2019-11-23,-0.050026940933201924,-0.008159074575932568,0.07058904920608977,0.09616765671666662,-0.15330596567378105,0.3988486876946219,-0.14784162787860136,0.6876786437020437,-0.6054702432198015,0.2644586459598872,0.9567728125928914,-0.3221357356150119
2019-11-24,-0.050026940933201924,-0.008159074575932568,0.07058904920608977,0.09616765671666662,-0.15330596567378105,0.391333294117253,-0.14784162787860136,0.6876786437020437,-0.6054702432198015,0.2644586459598872,0.9567728125928914,-0.3221357356150119
2019-11-25,-0.04918611395024297,-0.009059006810150816,0.07111831129260382,0.0871608475356539,-0.1449822779931515,0.39722511047685766,-0.14784162787860136,0.6876786437020437,-0.6054702432198015,0.2644586459598872,0.9567728125928914,-0.3221357356150119
2019-11-26,-0.04933694523868537,-0.009160095904702015,0.07063002010829422,0.08209958102589512,-0.1465734729038758,0.3870817100130731,-0.14784162787860136,0.6876786437020437,-0.6054702432198015,0.2644586459598872,0.9567728125928914,-0.3221357356150119
2019-11-27,-0.04960944067282669,-0.008955844137918278,0.0713933478099652,0.08438010425170565,-0.14412972122915815,0.38617837496933377,-0.14784162787860136,0.6876786437020437,-0.6054702432198015,0.2644586459598872,0.9567728125928914,-0.3221357356150119
2019-11-28,-0.0487235518830631,-0.008878380953975196,0.07117977907642792,0.08255826213736939,-0.1456902455728783,0.3863448718311447,-0.14784162787860136,0.6876786437020437,-0.6054702432198015,0.2644586459598872,0.9567728125928914,-0.3221357356150119
2019-11-29,-0.049087796014049445,-0.008674246289187781,0.07081358303948282,0.08760073095923895,-0.1514567158654392,0.38388190764965874,-0.14784162787860136,0.6876786437020437,-0.6054702432198015,0.2644586459598872,0.9567728125928914,-0.3221357356150119
2019-11-30,-0.049087796014049445,-0.008674246289187781,0.07081358303948282,0.08760073095923895,-0.1514567158654392,0.37753678553037423,0.07249522163910078,0.9888375872014074,-0.6189598282881031,-0.6476942638117824,0.7506785746791502,-0.13075134174018158
2019-12-01,-0.049087796014049445,-0.008674246289187781,0.07081358303948282,0.08760073095923895,-0.1514567158654392,0.37924046172787146,0.07249522163910078,0.9888375872014074,-0.6189598282881031,-0.6476942638117824,0.7506785746791502,-0.13075134174018158
2019-12-02,-0.0489026193055343,-0.009545766025420122,0.06683483019024794,0.0910081952918514,-0.15020566861712256,0.3846560424624265,0.07249522163910078,0.9888375872014074,-0.6189598282881031,-0.6476942638117824,0.7506785746791502,-0.13075134174018158
2019-12-03,-0.04697247090781753,-0.009122420690125699,0.06525127464831437,0.097605877018722,-0.15256045205440075,0.37865686464523274,0.07249522163910078,0.9888375872014074,-0.6189598282881031,-0.6476942638117824,0.7506785746791502,-0.13075134174018158
2019-12-04,-0.04846849211691551,-0.0086226965540257,0.06363450940672055,0.10099152025909947,-0.15485786480733332,0.3834427160962201,0.07249522163910078,0.9888375872014074,-0.6189598282881031,-0.6476942638117824,0.7506785746791502,-0.13075134174018158
2019-12-05,-0.04834669907348421,-0.008563700904735683,0.06172814666483806,0.11267597025412396,-0.15218633186998692,0.39067669262413013,0.07249522163910078,0.9888375872014074,-0.6189598282881031,-0.6476942638117824,0.7506785746791502,-0.13075134174018158
2019-12-06,-0.04847163023121093,-0.009024311799908369,0.06473691625264677,0.12001342206171844,-0.14265903800313243,0.39788775696959655,0.07249522163910078,0.9888375872014074,-0.6189598282881031,-0.6476942638117824,0.7506785746791502,-0.13075134174018158
2019-12-07,-0.04847163023121093,-0.009024311799908369,0.06473691625264677,0.12001342206171844,-0.14265903800313243,0.4007632843985946,0.07249522163910078,0.9888375872014074,-0.6189598282881031,-0.6476942638117824,0.7506785746791502,-0.13075134174018158
2019-12-08,-0.04847163023121093,-0.009024311799908369,0.06473691625264677,0.12001342206171844,-0.14265903800313243,0.4007632843985946,0.07249522163910078,0.9888375872014074,-0.6189598282881031,-0.6476942638117824,0.7506785746791502,-0.13075134174018158
2019-12-09,-0.04724017108223988,-0.009295622424373984,0.06439906112083205,0.1267432572307181,-0.13284752956365026,0.4130240429054865,0.07249522163910078,0.9888375872014074,-0.6189598282881031,-0.6476942638117824,0.7506785746791502,-0.13075134174018158
2019-12-10,-0.04727769195322429,-0.009019569079391832,0.0628321124716853,0.13304683620441607,-0.1310709597681974,0.4120146804757037,0.07249522163910078,0.9888375872014074,-0.6189598282881031,-0.6476942638117824,0.7506785746791502,-0.13075134174018158
2019-12-11,-0.04815835713161887,-0.008879564790793881,0.059067585191684424,0.12606303507037,-0.12463810869931514,0.4143525853435895,0.07249522163910078,0.9888375872014074,-0.6189598282881031,-0.6476942638117824,0.7506785746791502,-0.13075134174018158
2019-12-12,-0.04902054548645318,-0.008751079359040292,0.05482549792000546,0.12564966120662846,-0.1220101831321278,0.41090367687154544,0.07249522163910078,0.9888375872014074,-0.6189598282881031,-0.6476942638117824,0.7506785746791502,-0.13075134174018158
2019-12-13,-0.04800304086970797,-0.009130059620769071,0.05950960504439806,0.13364665333614792,-0.11574269698721536,0.4105651351881279,0.07249522163910078,0.9888375872014074,-0.6189598282881031,-0.6476942638117824,0.7506785746791502,-0.13075134174018158
2019-12-14,-0.04800304086970797,-0.009130059620769071,0.05950960504439806,0.13364665333614792,-0.11574269698721536,0.4107357242891291,0.07249522163910078,0.9888375872014074,-0.6189598282881031,-0.6476942638117824,0.7506785746791502,-0.13075134174018158
2019-12-15,-0.04800304086970797,-0.009130059620769071,0.05950960504439806,0.13364665333614792,-0.11574269698721536,0.4107357242891291,0.07249522163910078,0.9888375872014074,-0.6189598282881031,-0.6476942638117824,0.7506785746791502,-0.13075134174018158
2019-12-16,-0.048000957963804214,-0.009239961161112697,0.05948902107725007,0.15747918581000522,-0.11383007080319739,0.40619667783173197,0.07249522163910078,0.9888375872014074,-0.6189598282881031,-0.6476942638117824,0.7506785746791502,-0.13075134174018158
2019-12-17,-0.04721778371274066,-0.010073249719425026,0.05976691035381165,0.170121353903376,-0.10788836694583193,0.40962865155799616,0.07249522163910078,0.9888375872014074,-0.6189598282881031,-0.6476942638117824,0.7506785746791502,-0.13075134174018158
2019-12-18,-0.04613277918407144,-0.010197757655341144,0.06189680293314237,0.1731188183162264,-0.10906844964058929,0.4109574344977361,0.07249522163910078,0.9888375872014074,-0.6189598282881031,-0.6476942638117824,0.7506785746791502,-0.13075134174018158
2019-12-19,-0.0457947164504795,-0.010257192638691848,0.06181466319290929,0.18089974657865807,-0.10765283401197298,0.41422059743167333,0.07249522163910078,0.9888375872014074,-0.6189598282881031,-0.6476942638117824,0.7506785746791502,-0.13075134174018158
2019-12-20,-0.047118199507182545,-0.009015801943645707,0.06466925364132647,0.1665829630173547,-0.10649357364748215,0.4136387647453122,0.07249522163910078,0.9888375872014074,-0.6189598282881031,-0.6476942638117824,0.7506785746791502,-0.13075134174018158
2019-12-21,-0.047118199507182545,-0.009015801943645707,0.06466925364132647,0.1665829630173547,-0.10649357364748215,0.41312749212285554,0.07249522163910078,0.9888375872014074,-0.6189598282881031,-0.6476942638117824,0.7506785746791502,-0.13075134174018158
2019-12-22,-0.047118199507182545,-0.009015801943645707,0.06466925364132647,0.1665829630173547,-0.10649357364748215,0.41466396922406235,0.07249522163910078,0.9888375872014074,-0.6189598282881031,-0.6476942638117824,0.7506785746791502,-0.13075134174018158
2019-12-23,-0.048596289789520686,-0.008117789402299236,0.06459758006327898,0.13988376123169255,-0.10911208816733323,0.4192086379587859,0.07249522163910078,0.9888375872014074,-0.6189598282881031,-0.6476942638117824,0.7506785746791502,-0.13075134174018158
2019-12-24,-0.050621761185201564,-0.007249035049782249,0.06476141712731875,0.16058527369203285,-0.10663675629232755,0.41516531178868527,0.07249522163910078,0.9888375872014074,-0.6189598282881031,-0.6476942638117824,0.7506785746791502,-0.13075134174018158
2019-12-25,-0.050732905766643466,-0.006911511355779165,0.06399355669363116,0.16797118760406868,-0.10695131841583724,0.41301592657735786,0.07249522163910078,0.9888375872014074,-0.6189598282881031,-0.6476942638117824,0.7506785746791502,-0.13075134174018158
2019-12-26,-0.051772563354741674,-0.005693440383384152,0.06324559821044995,0.17547746806303047,-0.10317326323450755,0.417697928752343,0.07249522163910078,0.9888375872014074,-0.6189598282881031,-0.6476942638117824,0.7506785746791502,-0.13075134174018158
2019-12-27,-0.052942908793403465,-0.004989474206414046,0.05771886687726702,0.16392048304252635,-0.10067262252825755,0.41836304599910273,0.07249522163910078,0.9888375872014074,-0.6189598282881031,-0.6476942638117824,0.7506785746791502,-0.13075134174018158
2019-12-28,-0.052942908793403465,-0.004989474206414046,0.05771886687726702,0.16392048304252635,-0.10067262252825755,0.4211987817851666,0.07249522163910078,0.9888375872014074,-0.6189598282881031,-0.6476942638117824,0.7506785746791502,-0.13075134174018158
2019-12-29,-0.052942908793403465,-0.004989474206414046,0.05771886687726702,0.16392048304252635,-0.10067262252825755,0.41957368933494266,0.07249522163910078,0.9888375872014074,-0.6189598282881031,-0.6476942638117824,0.7506785746791502,-0.13075134174018158
2019-12-30,-0.052377074021302095,-0.005719617799998078,0.055213376450715,0.1156006976928586,-0.09784846982326484,0.4250192147972126,0.07249522163910078,0.9888375872014074,-0.6189598282881031,-0.6476942638117824,0.7506785746791502,-0.13075134174018158
2019-12-31,-0.052382258592019726,-0.005486709799978007,0.052536207840775395,0.5422011229156412,-0.10129438578222678,0.42641822526600504,0.3393087430346042,1.3122575586485379,-0.5972848355472997,0.039780097742647805,0.7029250317479171,-0.47620983856272686
2020-01-01,-0.052382258592019726,-0.005486709799978007,0.052536207840775395,0.5422011229156412,-0.10129438578222678,0.43136743993737614,0.3393087430346042,1.3122575586485379,-0.5972848355472997,0.039780097742647805,0.7029250317479171,-0.47620983856272686
2020-01-02,-0.05200482380061988,-0.005977252297495683,0.05579059971515998,0.18513759548745945,-0.09647391652366104,0.42347619977988044,0.3393087430346042,1.3122575586485379,-0.5972848355472997,0.039780097742647805,0.7029250317479171,-0.47620983856272686
2020-01-03,-0.05080363007545685,-0.007096076813611463,0.0565034169963301,0.19413656134415472,-0.10222491745663156,0.4283482507646674,0.3393087430346042,1.3122575586485379,-0.5972848355472997,0.039780097742647805,0.7029250317479171,-0.47620983856272686
2020-01-04,-0.05080363007545685,-0.007096076813611463,0.0565034169963301,0.19413656134415472,-0.10222491745663156,0.42851365372400707,0.3393087430346042,1.3122575586485379,-0.5972848355472997,0.039780097742647805,0.7029250317479171,-0.47620983856272686
2020-01-05,-0.05080363007545685,-0.007096076813611463,0.0565034169963301,0.19413656134415472,-0.10222491745663156,0.4285963105617697,0.3393087430346042,1.3122575586485379,-0.5972848355472997,0.039780097742647805,0.7029250317479171,-0.47620983856272686
2020-01-06,-0.05121489499549381,-0.006847222917383489,0.054036141941616544,0.21057984977945038,-0.10458095006783687,0.44206006965224304,0.3393087430346042,1.3122575586485379,-0.5972848355472997,0.039780097742647805,0.7029250317479171,-0.47620983856272686
2020-01-07,-0.0512886015747922,-0.00702881269284461,0.05665440354010143,0.23031317176986968,-0.10061940038059063,0.45066632154550373,0.3393087430346042,1.3122575586485379,-0.5972848355472997,0.039780097742647805,0.7029250317479171,-0.47620983856272686
2020-01-08,-0.05162285184727877,-0.006862892977197221,0.06062830994170321,0.2151394502550794,-0.10386486682510038,0.4551183103894946,0.3393087430346042,1.3122575586485379,-0.5972848355472997,0.039780097742647805,0.7029250317479171,-0.47620983856272686
2020-01-09,-0.05166435974623207,-0.0067261373791398515,0.061995680170043754,0.23132513587662318,-0.09043681907169568,0.43645912770974865,0.3393087430346042,1.3122575586485379,-0.5972848355472997,0.039780097742647805,0.7029250317479171,-0.47620983856272686
2020-01-10,-0.053140941961665744,-0.006492964413113311,0.061235926576614474,0.22751367461548655,-0.09129324069175764,0.44044745361939003,0.3393087430346042,1.3122575586485379,-0.5972848355472997,0.039780097742647805,0.7029250317479171,-0.47620983856272686
2020-01-11,-0.053140941961665744,-0.006492964413113311,0.061235926576614474,0.22751367461548655,-0.09129324069175764,0.44109284105402585,0.3393087430346042,1.3122575586485379,-0.5972848355472997,0.039780097742647805,0.7029250317479171,-0.47620983856272686
2020-01-12,-0.053140941961665744,-0.006492964413113311,0.061235926576614474,0.22751367461548655,-0.09129324069175764,0.4433483196324103,0.3393087430346042,1.3122575586485379,-0.5972848355472997,0.039780097742647805,0.7029250317479171,-0.47620983856272686
2020-01-13,-0.054688911934778206,-0.0061411178083559115,0.06194488410081145,0.2428096030102825,-0.08850762180175449,0.4402966168609581,0.3393087430346042,1.3122575586485379,-0.5972848355472997,0.039780097742647805,0.7029250317479171,-0.47620983856272686
2020-01-14,-0.05456683821259534,-0.006198687605761144,0.061647127542466595,0.24115601992040753,-0.08374023267776859,0.44322637123207326,0.3393087430346042,1.3122575586485379,-0.5972848355472997,0.039780097742647805,0.7029250317479171,-0.47620983856272686
2020-01-15,-0.05460201629127204,-0.006472739919525572,0.05990113818273113,0.24237099029287182,-0.0870657285316447,0.4429836033015187,0.3393087430346042,1.3122575586485379,-0.5972848355472997,0.039780097742647805,0.7029250317479171,-0.47620983856272686
2020-01-16,-0.05451097034928287,-0.006285143134270865,0.06087854466036402,0.2425541034343362,-0.08633469574807093,0.4418054144455717,0.3393087430346042,1.3122575586485379,-0.5972848355472997,0.039780097742647805,0.7029250317479171,-0.47620983856272686
2020-01-17,-0.0548006883605342,-0.006289448777429096,0.06419848175629272,0.23499007157062451,-0.0847179015480633,0.44816034091957735,0.3393087430346042,1.3122575586485379,-0.5972848355472997,0.039780097742647805,0.7029250317479171,-0.47620983856272686
2020-01-18,-0.0548006883605342,-0.006289448777429096,0.06419848175629272,0.23499007157062451,-0.0847179015480633,0.44744782919947207,0.3393087430346042,1.3122575586485379,-0.5972848355472997,0.039780097742647805,0.7029250317479171,-0.47620983856272686
2020-01-19,-0.0548006883605342,-0.006289448777429096,0.06419848175629272,0.23499007157062451,-0.0847179015480633,0.4516491030218875,0.3393087430346042,1.3122575586485379,-0.5972848355472997,0.039780097742647805,0.7029250317479171,-0.47620983856272686
2020-01-20,-0.05567579710262238,-0.005181833317348006,0.06397310424896785,0.25040351837781766,-0.08801912255528747,0.4547405585509712,0.3393087430346042,1.3122575586485379,-0.5972848355472997,0.039780097742647805,0.7029250317479171,-0.47620983856272686
2020-01-21,-0.05883314897837877,-0.0038624942632711212,0.06397310424896785,0.2421635146468237,-0.10164093919536941,0.4494623194379793,0.3393087430346042,1.3122575586485379,-0.5972848355472997,0.039780097742647805,0.7029250317479171,-0.47620983856272686
2020-01-22,-0.060818441126429756,-0.003232276872273565,0.06262053436619053,0.2460108624030209,-0.09617437173131961,0.44744008296205473,0.3393087430346042,1.3122575586485379,-0.5972848355472997,0.039780097742647805,0.7029250317479171,-0.47620983856272686
2020-01-23,-0.06205023540239074,-0.0021838734224103318,0.06490865256853007,0.20321334699966342,-0.10929095334790495,0.4402158176246615,0.3393087430346042,1.3122575586485379,-0.5972848355472997,0.039780097742647805,0.7029250317479171,-0.47620983856272686
2020-01-24,-0.06205023540239074,-0.0021838734224103318,0.06490865256853007,0.20321334699966342,-0.10934200204667927,0.4473549863305021,0.3393087430346042,1.3122575586485379,-0.5972848355472997,0.039780097742647805,0.7029250317479171,-0.47620983856272686
2020-01-25,-0.06205023540239074,-0.0021838734224103318,0.06490865256853007,0.20321334699966342,-0.10934200204667927,0.4522735643047005,0.3393087430346042,1.3122575586485379,-0.5972848355472997,0.039780097742647805,0.7029250317479171,-0.47620983856272686
2020-01-26,-0.06205023540239074,-0.0021838734224103318,0.06490865256853007,0.20321334699966342,-0.10934200204667927,0.44735741599931766,0.3393087430346042,1.3122575586485379,-0.5972848355472997,0.039780097742647805,0.7029250317479171,-0.47620983856272686
2020-01-27,-0.06205023540239074,-0.0021838734224103318,0.06490865256853007,0.20321334699966342,-0.11234304972681641,0.45492466753662936,0.3393087430346042,1.3122575586485379,-0.5972848355472997,0.039780097742647805,0.7029250317479171,-0.47620983856272686
2020-01-28,-0.06205023540239074,-0.0021838734224103318,0.06490865256853007,0.20321334699966342,-0.11206281553550944,0.4555993405447893,0.3393087430346042,1.3122575586485379,-0.5972848355472997,0.039780097742647805,0.7029250317479171,-0.47620983856272686
2020-01-29,-0.06205023540239074,-0.0021838734224103318,0.06490865256853007,0.20321334699966342,-0.11218153862286036,0.45685572199190383,0.3393087430346042,1.3122575586485379,-0.5972848355472997,0.039780097742647805,0.7029250317479171,-0.47620983856272686
2020-01-30,-0.06205023540239074,-0.0021838734224103318,0.06490865256853007,0.20321334699966342,-0.11355853945584109,0.4563398622910802,0.3393087430346042,1.3122575586485379,-0.5972848355472997,0.039780097742647805,0.7029250317479171,-0.47620983856272686
2020-01-31,-0.06205023540239074,-0.0021838734224103318,0.06490865256853007,0.20321334699966342,-0.11377779798215225,0.45449741129443066,-0.38750956668503417,1.6377670073814896,-0.5606552227715536,1.0565030234135564,0.46281686676385886,-0.24461539021722578
2020-02-01,-0.06205023540239074,-0.0021838734224103318,0.06490865256853007,0.20321334699966342,-0.11377779798215225,0.4518401418351621,-0.38750956668503417,1.6377670073814896,-0.5606552227715536,1.0565030234135564,0.46281686676385886,-0.24461539021722578
2020-02-02,-0.06205023540239074,-0.0021838734224103318,0.06490865256853007,0.20321334699966342,-0.11377779798215225,0.45503660054348516,-0.38750956668503417,1.6377670073814896,-0.5606552227715536,1.0565030234135564,0.46281686676385886,-0.24461539021722578
2020-02-03,-0.06801780656703771,0.0036403221788144924,0.06605521850118978,0.10784601608554525,-0.1532813551857711,0.3976252596070565,-0.38750956668503417,1.6377670073814896,-0.5606552227715536,1.0565030234135564,0.46281686676385886,-0.24461539021722578
2020-02-04,-0.06577805745160581,0.003301372123865054,0.06745610811722336,0.10418633848605811,-0.1475064078300557,0.3993531561029754,-0.38750956668503417,1.6377670073814896,-0.5606552227715536,1.0565030234135564,0.46281686676385886,-0.24461539021722578
2020-02-05,-0.06891910801535794,0.0031150292266278745,0.07077473737017437,0.13867343550938305,-0.14293771300613625,0.3956434799490538,-0.38750956668503417,1.6377670073814896,-0.5606552227715536,1.0565030234135564,0.46281686676385886,-0.24461539021722578
2020-02-06,-0.07294685037855841,0.003019347755386037,0.07280003836654103,0.17842230771328266,-0.13372542832730505,0.40163354799766177,-0.38750956668503417,1.6377670073814896,-0.5606552227715536,1.0565030234135564,0.46281686676385886,-0.24461539021722578
2020-02-07,-0.07700821167616234,0.004045618284067243,0.075095479985132,0.19453275876581605,-0.14172470174233576,0.4028536140607312,-0.38750956668503417,1.6377670073814896,-0.5606552227715536,1.0565030234135564,0.46281686676385886,-0.24461539021722578
2020-02-08,-0.07700821167616234,0.004045618284067243,0.075095479985132,0.19453275876581605,-0.14172470174233576,0.409645672619008,-0.38750956668503417,1.6377670073814896,-0.5606552227715536,1.0565030234135564,0.46281686676385886,-0.24461539021722578
2020-02-09,-0.07700821167616234,0.004045618284067243,0.075095479985132,0.19453275876581605,-0.14172470174233576,0.4063904219705395,-0.38750956668503417,1.6377670073814896,-0.5606552227715536,1.0565030234135564,0.46281686676385886,-0.24461539021722578
2020-02-10,-0.07788033087522916,0.004467158697796791,0.07685871948169654,0.2140602701734501,-0.14071083612874138,0.4035660594532117,-0.38750956668503417,1.6377670073814896,-0.5606552227715536,1.0565030234135564,0.46281686676385886,-0.24461539021722578
2020-02-11,-0.07693214642606061,0.0031734634993150213,0.07579656847417049,0.19956773480300233,-0.1347540014610982,0.41506599525574517,-0.38750956668503417,1.6377670073814896,-0.5606552227715536,1.0565030234135564,0.46281686676385886,-0.24461539021722578
2020-02-12,-0.07495303235279904,0.0025612429566412853,0.07784211738000424,0.22545031069312163,-0.13270430383789172,0.41738389493911027,-0.38750956668503417,1.6377670073814896,-0.5606552227715536,1.0565030234135564,0.46281686676385886,-0.24461539021722578
2020-02-13,-0.0756353355569882,0.0024283307339454385,0.07905481431693373,0.21489534321724765,-0.13004887395305115,0.4207537085689047,-0.38750956668503417,1.6377670073814896,-0.5606552227715536,1.0565030234135564,0.46281686676385886,-0.24461539021722578
2020-02-14,-0.07452899517292999,0.0010873157955123558,0.07973108333069134,0.21665075807088535,-0.12517795380187755,0.42515862176341523,-0.38750956668503417,1.6377670073814896,-0.5606552227715536,1.0565030234135564,0.46281686676385886,-0.24461539021722578
2020-02-15,-0.07452899517292999,0.0010873157955123558,0.07973108333069134,0.21665075807088535,-0.12517795380187755,0.42624054346364865,-0.38750956668503417,1.6377670073814896,-0.5606552227715536,1.0565030234135564,0.46281686676385886,-0.24461539021722578
2020-02-16,-0.07452899517292999,0.0010873157955123558,0.07973108333069134,0.21665075807088535,-0.12517795380187755,0.4280908542336405,-0.38750956668503417,1.6377670073814896,-0.5606552227715536,1.0565030234135564,0.46281686676385886,-0.24461539021722578
2020-02-17,-0.07229256437448872,-0.00019560317187039544,0.07976134356873865,0.2601743725092292,-0.12150526503933247,0.4377452750376884,-0.38750956668503417,1.6377670073814896,-0.5606552227715536,1.0565030234135564,0.46281686676385886,-0.24461539021722578
2020-02-18,-0.07218176285254352,-0.0003914067992034642,0.08270658428164823,0.293277057064363,-0.12572391358499374,0.4328678625527648,-0.38750956668503417,1.6377670073814896,-0.5606552227715536,1.0565030234135564,0.46281686676385886,-0.24461539021722578
2020-02-19,-0.07240644037421828,-0.0008034109683677793,0.08394357326942925,0.27833035378023263,-0.1225888013888598,0.4318144939718127,-0.38750956668503417,1.6377670073814896,-0.5606552227715536,1.0565030234135564,0.46281686676385886,-0.24461539021722578
2020-02-20,-0.07125789480897637,-0.0014098107850847308,0.0869167145539066,0.2963178131220491,-0.12206151653479808,0.4422509585728406,-0.38750956668503417,1.6377670073814896,-0.5606552227715536,1.0565030234135564,0.46281686676385886,-0.24461539021722578
2020-02-21,-0.07225614151735704,-0.0013590761354750347,0.08161897986125533,0.3231153412751307,-0.1274910505147849,0.4475263127780795,-0.38750956668503417,1.6377670073814896,-0.5606552227715536,1.0565030234135564,0.46281686676385886,-0.24461539021722578
2020-02-22,-0.07225614151735704,-0.0013590761354750347,0.08161897986125533,0.3231153412751307,-0.1274910505147849,0.4434034194551262,-0.38750956668503417,1.6377670073814896,-0.5606552227715536,1.0565030234135564,0.46281686676385886,-0.24461539021722578
2020-02-23,-0.07225614151735704,-0.0013590761354750347,0.08161897986125533,0.3231153412751307,-0.1274910505147849,0.44178352623694045,-0.38750956668503417,1.6377670073814896,-0.5606552227715536,1.0565030234135564,0.46281686676385886,-0.24461539021722578
2020-02-24,-0.0733601321486852,-0.00021384110849920202,0.08162904781997671,0.35514874849330363,-0.13418759079159573,0.4366380579517594,-0.38750956668503417,1.6377670073814896,-0.5606552227715536,1.0565030234135564,0.46281686676385886,-0.24461539021722578
2020-02-25,-0.07589772899674418,-1.5554095502579024e-05,0.07832679060635706,0.35699539128676605,-0.1337655977724508,0.42984684287651975,-0.38750956668503417,1.6377670073814896,-0.5606552227715536,1.0565030234135564,0.46281686676385886,-0.24461539021722578
2020-02-26,-0.07617930814935292,-0.00039837742352843986,0.07945812659294249,0.317437782270828,-0.13487968509750395,0.4163297703439851,-0.38750956668503417,1.6377670073814896,-0.5606552227715536,1.0565030234135564,0.46281686676385886,-0.24461539021722578
2020-02-27,-0.07662788530918108,4.2726270816362266e-05,0.07265760192338344,0.31846429377240487,-0.13963024955431094,0.4047018503048401,-0.38750956668503417,1.6377670073814896,-0.5606552227715536,1.0565030234135564,0.46281686676385886,-0.24461539021722578
2020-02-28,-0.07521696841562742,0.0015688487241006799,0.06936612319608837,0.24306492731641152,-0.15244759345341843,0.3912828819011346,-0.38750956668503417,1.6377670073814896,-0.5606552227715536,1.0565030234135564,0.46281686676385886,-0.24461539021722578
2020-02-29,-0.07521696841562742,0.0015688487241006799,0.06936612319608837,0.24306492731641152,-0.15244759345341843,0.39104688486646905,-2.501516927243749,1.7445727547256606,-0.48606679090565635,0.8587019090017426,0.03454298700164504,-0.1616821528714691
2020-03-01,-0.07521696841562742,0.0015688487241006799,0.06936612319608837,0.24306492731641152,-0.15244759345341843,0.3945280463572031,-2.501516927243749,1.7445727547256606,-0.48606679090565635,0.8587019090017426,0.03454298700164504,-0.1616821528714691
2020-03-02,-0.07975368786878856,0.0016488754349918144,0.06330162547919338,0.29346836406977894,-0.13819148628902922,0.39115856117168196,-2.501516927243749,1.7445727547256606,-0.48606679090565635,0.8587019090017426,0.03454298700164504,-0.1616821528714691
2020-03-03,-0.0814497968072121,0.0007723898720070066,0.05930232279350778,0.31707199416244214,-0.13687596186924753,0.39922461051200603,-2.501516927243749,1.7445727547256606,-0.48606679090565635,0.8587019090017426,0.03454298700164504,-0.1616821528714691
2020-03-04,-0.08223144578437003,0.002912449865895117,0.06175272278527111,0.32265192787859365,-0.1340857508275267,0.4055235263324336,-2.501516927243749,1.7445727547256606,-0.48606679090565635,0.8587019090017426,0.03454298700164504,-0.1616821528714691
2020-03-05,-0.08563641121637189,0.0028130410959631424,0.054388680264858213,0.3372406425612005,-0.1285065008534139,0.4016204725454276,-2.501516927243749,1.7445727547256606,-0.48606679090565635,0.8587019090017426,0.03454298700164504,-0.1616821528714691
2020-03-06,-0.08711394428783525,0.0043491368357008175,0.048625498409051504,0.33860744041276847,-0.1390430733952427,0.393669244892457,-2.501516927243749,1.7445727547256606,-0.48606679090565635,0.8587019090017426,0.03454298700164504,-0.1616821528714691
2020-03-07,-0.08711394428783525,0.0043491368357008175,0.048625498409051504,0.33860744041276847,-0.1390430733952427,0.39422936781147855,-2.501516927243749,1.7445727547256606,-0.48606679090565635,0.8587019090017426,0.03454298700164504,-0.1616821528714691
2020-03-08,-0.08711394428783525,0.0043491368357008175,0.048625498409051504,0.33860744041276847,-0.1390430733952427,0.3931058761261805,-2.501516927243749,1.7445727547256606,-0.48606679090565635,0.8587019090017426,0.03454298700164504,-0.1616821528714691
2020-03-09,-0.0931034976254086,0.008149896136607881,0.041309516683395775,0.2932347732209762,-0.159204924112592,0.3737545821257,-2.501516927243749,1.7445727547256606,-0.48606679090565635,0.8587019090017426,0.03454298700164504,-0.1616821528714691
2020-03-10,-0.09504597984089358,0.007795936970475981,0.05085998424744986,0.3212561666897421,-0.14892554550704043,0.33526375455977325,-2.501516927243749,1.7445727547256606,-0.48606679090565635,0.8587019090017426,0.03454298700164504,-0.1616821528714691
2020-03-11,-0.09290057313776456,0.006796013472395224,0.054141430576072014,0.3057043881793656,-0.15587015766560605,0.34898267446485304,-2.501516927243749,1.7445727547256606,-0.48606679090565635,0.8587019090017426,0.03454298700164504,-0.1616821528714691
2020-03-12,-0.09112797727070132,0.007135937243978208,0.06288748450144588,0.281242198887407,-0.17351875110595433,0.34485344695319947,-2.501516927243749,1.7445727547256606,-0.48606679090565635,0.8587019090017426,0.03454298700164504,-0.1616821528714691
2020-03-13,-0.08815410564099768,0.005785704155827354,0.07304549804546412,0.27232828270948245,-0.17947942705258196,0.34064096735254135,-2.501516927243749,1.7445727547256606,-0.48606679090565635,0.8587019090017426,0.03454298700164504,-0.1616821528714691
2020-03-14,-0.08815410564099768,0.005785704155827354,0.07304549804546412,0.27232828270948245,-0.17947942705258196,0.3409846383720207,-2.501516927243749,1.7445727547256606,-0.48606679090565635,0.8587019090017426,0.03454298700164504,-0.1616821528714691
2020-03-15,-0.08815410564099768,0.005785704155827354,0.07304549804546412,0.27232828270948245,-0.17947942705258196,0.3405554123932695,-2.501516927243749,1.7445727547256606,-0.48606679090565635,0.8587019090017426,0.03454298700164504,-0.1616821528714691
2020-03-16,-0.0872645861616218,0.006482485656686632,0.06960212577527625,0.2179682174689262,-0.20208651977351674,0.34644768386056024,-2.501516927243749,1.7445727547256606,-0.48606679090565635,0.8587019090017426,0.03454298700164504,-0.1616821528714691
2020-03-17,-0.08546493527586707,0.005677535437208947,0.08263838062947204,0.2185069092519279,-0.2078781947221268,0.33055404333286226,-2.501516927243749,1.7445727547256606,-0.48606679090565635,0.8587019090017426,0.03454298700164504,-0.1616821528714691
2020-03-18,-0.08524521679643937,0.006045310098312995,0.09612062230368468,0.2008338401446192,-0.24317474513311085,0.32018041981027173,-2.501516927243749,1.7445727547256606,-0.48606679090565635,0.8587019090017426,0.03454298700164504,-0.1616821528714691
2020-03-19,-0.08316897278106972,0.005180832686571213,0.11825901205847467,0.22170369926432942,-0.2625176912141182,0.2996464857120966,-2.501516927243749,1.7445727547256606,-0.48606679090565635,0.8587019090017426,0.03454298700164504,-0.1616821528714691
2020-03-20,-0.08258673671300354,0.00514833478986132,0.11272288152234422,0.22941868225805906,-0.24344757033703374,0.31366466354179545,-2.501516927243749,1.7445727547256606,-0.48606679090565635,0.8587019090017426,0.03454298700164504,-0.1616821528714691
2020-03-21,-0.08258673671300354,0.00514833478986132,0.11272288152234422,0.22941868225805906,-0.24344757033703374,0.31410838146039854,-2.501516927243749,1.7445727547256606,-0.48606679090565635,0.8587019090017426,0.03454298700164504,-0.1616821528714691
2020-03-22,-0.08258673671300354,0.00514833478986132,0.11272288152234422,0.22941868225805906,-0.24344757033703374,0.3120641443999033,-2.501516927243749,1.7445727547256606,-0.48606679090565635,0.8587019090017426,0.03454298700164504,-0.1616821528714691
2020-03-23,-0.08385351090622728,0.006301576298706202,0.10979290789210694,0.17910962830122545,-0.2717408046892414,0.29719281807334136,-2.501516927243749,1.7445727547256606,-0.48606679090565635,0.8587019090017426,0.03454298700164504,-0.1616821528714691
2020-03-24,-0.08906895182703889,0.006822456833146973,0.10558093806156521,0.19341988306183994,-0.25501883945413745,0.30220658935371103,-2.501516927243749,1.7445727547256606,-0.48606679090565635,0.8587019090017426,0.03454298700164504,-0.1616821528714691
2020-03-25,-0.08872705849775764,0.0076378584167885455,0.09790830379046545,0.21757166950763082,-0.23368314145947386,0.3074699778055676,-2.501516927243749,1.7445727547256606,-0.48606679090565635,0.8587019090017426,0.03454298700164504,-0.1616821528714691
2020-03-26,-0.08946708069842357,0.008705506304183541,0.08203796279125852,0.2073902020120975,-0.23885119182693398,0.3050869430512711,-2.501516927243749,1.7445727547256606,-0.48606679090565635,0.8587019090017426,0.03454298700164504,-0.1616821528714691
2020-03-27,-0.09133175677840677,0.008642365679359831,0.07215671902369447,0.19656501229563747,-0.23463022005675258,0.2954873710137471,-2.501516927243749,1.7445727547256606,-0.48606679090565635,0.8587019090017426,0.03454298700164504,-0.1616821528714691
2020-03-28,-0.09133175677840677,0.008642365679359831,0.07215671902369447,0.19656501229563747,-0.23463022005675258,0.2957596010988465,-2.501516927243749,1.7445727547256606,-0.48606679090565635,0.8587019090017426,0.03454298700164504,-0.1616821528714691
2020-03-29,-0.09133175677840677,0.008642365679359831,0.07215671902369447,0.19656501229563747,-0.23463022005675258,0.29811799891790985,-2.501516927243749,1.7445727547256606,-0.48606679090565635,0.8587019090017426,0.03454298700164504,-0.1616821528714691
2020-03-30,-0.09055376089580036,0.008768959359927275,0.08125151240707962,0.16664899592096483,-0.24168886725164096,0.27869582481756355,-2.501516927243749,1.7445727547256606,-0.48606679090565635,0.8587019090017426,0.03454298700164504,-0.1616821528714691
2020-03-31,-0.09041800471390304,0.009658426245974794,0.07917473202156478,0.4251140933559205,-0.2374025436142457,0.26881470187149,-3.464681744543527,1.3761207557532043,-0.2598055418196661,0.3736482207944334,-0.2129376547858315,0.0072774029331793555
2020-04-01,-0.0913634352991316,0.010885297107179448,0.08426636114083408,0.42104568654284613,-0.2448091959944112,0.25748791077709116,-3.464681744543527,1.3761207557532043,-0.2598055418196661,0.3736482207944334,-0.2129376547858315,0.0072774029331793555
2020-04-02,-0.09314379390424798,0.01032900740167153,0.09100070630115176,0.4542390294108991,-0.23654513606158292,0.25396005492821566,-3.464681744543527,1.3761207557532043,-0.2598055418196661,0.3736482207944334,-0.2129376547858315,0.0072774029331793555
2020-04-03,-0.09104899426426682,0.009191237360220539,0.0956931983139313,0.4456948449122463,-0.23564319597155203,0.27978170116653095,-3.464681744543527,1.3761207557532043,-0.2598055418196661,0.3736482207944334,-0.2129376547858315,0.0072774029331793555
2020-04-04,-0.09104899426426682,0.009191237360220539,0.0956931983139313,0.4456948449122463,-0.23564319597155203,0.2786531493044994,-3.464681744543527,1.3761207557532043,-0.2598055418196661,0.3736482207944334,-0.2129376547858315,0.0072774029331793555
2020-04-05,-0.09104899426426682,0.009191237360220539,0.0956931983139313,0.4456948449122463,-0.23564319597155203,0.2767630509175452,-3.464681744543527,1.3761207557532043,-0.2598055418196661,0.3736482207944334,-0.2129376547858315,0.0072774029331793555
2020-04-06,-0.09104899426426682,0.009191237360220539,0.0956931983139313,0.4456948449122463,-0.23316685039621854,0.27429689203394575,-3.464681744543527,1.3761207557532043,-0.2598055418196661,0.3736482207944334,-0.2129376547858315,0.0072774029331793555
2020-04-07,-0.09652346866683381,0.009890560613319943,0.0888960205339453,0.4981207200856749,-0.2236452291582988,0.28966479279924456,-3.464681744543527,1.3761207557532043,-0.2598055418196661,0.3736482207944334,-0.2129376547858315,0.0072774029331793555
2020-04-08,-0.0970662485532171,0.01228839560098316,0.09043685258325196,0.504576038903568,-0.22603638442852905,0.28722171058565055,-3.464681744543527,1.3761207557532043,-0.2598055418196661,0.3736482207944334,-0.2129376547858315,0.0072774029331793555
2020-04-09,-0.0989059386522132,0.01197329418205606,0.08529199743839677,0.523546630467217,-0.2210389650316085,0.29620993616816776,-3.464681744543527,1.3761207557532043,-0.2598055418196661,0.3736482207944334,-0.2129376547858315,0.0072774029331793555
2020-04-10,-0.09822981951665566,0.010520594220124968,0.08423762177941208,0.48308936147986264,-0.21679611421275763,0.2966893642431859,-3.464681744543527,1.3761207557532043,-0.2598055418196661,0.3736482207944334,-0.2129376547858315,0.0072774029331793555
2020-04-11,-0.09822981951665566,0.010520594220124968,0.08423762177941208,0.48308936147986264,-0.21679611421275763,0.30090164458695734,-3.464681744543527,1.3761207557532043,-0.2598055418196661,0.3736482207944334,-0.2129376547858315,0.0072774029331793555
2020-04-12,-0.09822981951665566,0.010520594220124968,0.08423762177941208,0.48308936147986264,-0.21679611421275763,0.2992524953348678,-3.464681744543527,1.3761207557532043,-0.2598055418196661,0.3736482207944334,-0.2129376547858315,0.0072774029331793555
2020-04-13,-0.09540365115904292,0.00935111080109774,0.0832022377826287,0.4704557377900777,-0.22606814494923505,0.30062910254905983,-3.464681744543527,1.3761207557532043,-0.2598055418196661,0.3736482207944334,-0.2129376547858315,0.0072774029331793555
2020-04-14,-0.0953976907421713,0.009762684201601646,0.07773819680735283,0.4964058363772528,-0.22056763671121563,0.300304368383938,-3.464681744543527,1.3761207557532043,-0.2598055418196661,0.3736482207944334,-0.2129376547858315,0.0072774029331793555
2020-04-15,-0.09637818516169772,0.009918581976560592,0.0857313975277526,0.49145665491555945,-0.2269571318873915,0.2907691585183681,-3.464681744543527,1.3761207557532043,-0.2598055418196661,0.3736482207944334,-0.2129376547858315,0.0072774029331793555
2020-04-16,-0.09668980995750409,0.010015238987219899,0.08830105945660505,0.5037118272526694,-0.22630508708899583,0.28165330429273605,-3.464681744543527,1.3761207557532043,-0.2598055418196661,0.3736482207944334,-0.2129376547858315,0.0072774029331793555
2020-04-17,-0.09721762124710975,0.00963073081874577,0.08613846434246819,0.4998283300966855,-0.2247007492913256,0.2814877738414355,-3.464681744543527,1.3761207557532043,-0.2598055418196661,0.3736482207944334,-0.2129376547858315,0.0072774029331793555
2020-04-18,-0.09721762124710975,0.00963073081874577,0.08613846434246819,0.4998283300966855,-0.2247007492913256,0.2822683547575491,-3.464681744543527,1.3761207557532043,-0.2598055418196661,0.3736482207944334,-0.2129376547858315,0.0072774029331793555
2020-04-19,-0.09721762124710975,0.00963073081874577,0.08613846434246819,0.4998283300966855,-0.2247007492913256,0.2834386633412539,-3.464681744543527,1.3761207557532043,-0.2598055418196661,0.3736482207944334,-0.2129376547858315,0.0072774029331793555
2020-04-20,-0.09766086783500338,0.007699239781995937,0.08889773549353575,0.5253186083185748,-0.2228679186718815,0.278588537918068,-3.464681744543527,1.3761207557532043,-0.2598055418196661,0.3736482207944334,-0.2129376547858315,0.0072774029331793555
2020-04-21,-0.09585992325592596,0.007894659290343942,0.09140926752807677,0.5199440031932112,-0.23633617529324055,0.2627585963680621,-3.464681744543527,1.3761207557532043,-0.2598055418196661,0.3736482207944334,-0.2129376547858315,0.0072774029331793555
2020-04-22,-0.095232377575168,0.008295165726182274,0.09420395761690792,0.5344272492633502,-0.23264427207611307,0.23656486096787913,-3.464681744543527,1.3761207557532043,-0.2598055418196661,0.3736482207944334,-0.2129376547858315,0.0072774029331793555
2020-04-23,-0.09710626104465425,0.010489209928306265,0.09450255421290665,0.5274638670630017,-0.22824848933429748,0.2359476510679311,-3.464681744543527,1.3761207557532043,-0.2598055418196661,0.3736482207944334,-0.2129376547858315,0.0072774029331793555
2020-04-24,-0.10072702046200055,0.011105440950662349,0.09161698207360314,0.49951762052833787,-0.23369902743218315,0.26241940274643494,-3.464681744543527,1.3761207557532043,-0.2598055418196661,0.3736482207944334,-0.2129376547858315,0.0072774029331793555
2020-04-25,-0.10072702046200055,0.011105440950662349,0.09161698207360314,0.49951762052833787,-0.23369902743218315,0.2651757432594209,-3.464681744543527,1.3761207557532043,-0.2598055418196661,0.3736482207944334,-0.2129376547858315,0.0072774029331793555
2020-04-26,-0.10072702046200055,0.011105440950662349,0.09161698207360314,0.49951762052833787,-0.23369902743218315,0.26000993832150243,-3.464681744543527,1.3761207557532043,-0.2598055418196661,0.3736482207944334,-0.2129376547858315,0.0072774029331793555
2020-04-27,-0.10066476768211752,0.010555610078100353,0.09021991591254142,0.4899155074133848,-0.22355695786543534,0.26060367982271004,-3.464681744543527,1.3761207557532043,-0.2598055418196661,0.3736482207944334,-0.2129376547858315,0.0072774029331793555
2020-04-28,-0.10038905963618594,0.0106200592898682,0.08809140586957154,0.4662559224315973,-0.2214486316193351,0.24523597958255097,-3.464681744543527,1.3761207557532043,-0.2598055418196661,0.3736482207944334,-0.2129376547858315,0.0072774029331793555
2020-04-29,-0.10050174560510239,0.01129104008955939,0.08431600704925857,0.46214312853733075,-0.216176785963329,0.23997248951496641,-3.464681744543527,1.3761207557532043,-0.2598055418196661,0.3736482207944334,-0.2129376547858315,0.0072774029331793555
2020-04-30,-0.10078738223379957,0.01085823891655091,0.0804056733138343,0.49638270076138935,-0.2141513178200632,0.25722263868387224,-2.449652435299857,0.7207844140285744,-0.03163227072823632,0.30141511744234867,-0.29989936980797166,0.027575747738083436
2020-05-01,-0.10078738223379957,0.01085823891655091,0.0804056733138343,0.49638270076138935,-0.21681614531242385,0.25722263868387224,-2.449652435299857,0.7207844140285744,-0.03163227072823632,0.30141511744234867,-0.29989936980797166,0.027575747738083436
2020-05-02,-0.10078738223379957,0.01085823891655091,0.0804056733138343,0.49638270076138935,-0.21681614531242385,0.2562785136423386,-2.449652435299857,0.7207844140285744,-0.03163227072823632,0.30141511744234867,-0.29989936980797166,0.027575747738083436
2020-05-03,-0.10078738223379957,0.01085823891655091,0.0804056733138343,0.49638270076138935,-0.21681614531242385,0.2534395751291157,-2.449652435299857,0.7207844140285744,-0.03163227072823632,0.30141511744234867,-0.29989936980797166,0.027575747738083436
2020-05-04,-0.10078738223379957,0.01085823891655091,0.0804056733138343,0.49638270076138935,-0.21791692050205158,0.2537569843079955,-2.449652435299857,0.7207844140285744,-0.03163227072823632,0.30141511744234867,-0.29989936980797166,0.027575747738083436
2020-05-05,-0.10078738223379957,0.01085823891655091,0.0804056733138343,0.49638270076138935,-0.21730619552858507,0.2528049680003735,-2.449652435299857,0.7207844140285744,-0.03163227072823632,0.30141511744234867,-0.29989936980797166,0.027575747738083436
2020-05-06,-0.09966492357505852,0.009067695310500778,0.09139557148823974,0.5334019646504935,-0.21532569759091863,0.28387998520008556,-2.449652435299857,0.7207844140285744,-0.03163227072823632,0.30141511744234867,-0.29989936980797166,0.027575747738083436
2020-05-07,-0.09977373448938687,0.0076650936395539215,0.08760239919836144,0.5336898891426118,-0.2135261355560454,0.28328747325832054,-2.449652435299857,0.7207844140285744,-0.03163227072823632,0.30141511744234867,-0.29989936980797166,0.027575747738083436
2020-05-08,-0.09234473577717217,0.007046450223530232,0.08686091623242964,0.5512503912098577,-0.2033783295975896,0.28239602695600113,-2.449652435299857,0.7207844140285744,-0.03163227072823632,0.30141511744234867,-0.29989936980797166,0.027575747738083436
2020-05-09,-0.09234473577717217,0.007046450223530232,0.08686091623242964,0.5512503912098577,-0.2033783295975896,0.27852096200042614,-2.449652435299857,0.7207844140285744,-0.03163227072823632,0.30141511744234867,-0.29989936980797166,0.027575747738083436
2020-05-10,-0.09234473577717217,0.007046450223530232,0.08686091623242964,0.5512503912098577,-0.2033783295975896,0.2766734058968875,-2.449652435299857,0.7207844140285744,-0.03163227072823632,0.30141511744234867,-0.29989936980797166,0.027575747738083436
2020-05-11,-0.08828804373002253,0.004782072795734282,0.0916139395162272,0.5511312077341979,-0.20078772393294347,0.27470710193043085,-2.449652435299857,0.7207844140285744,-0.03163227072823632,0.30141511744234867,-0.29989936980797166,0.027575747738083436
2020-05-12,-0.0887542973720038,0.004710593901805726,0.08981753233059842,0.5575910397498823,-0.20576462164218684,0.27183685954362313,-2.449652435299857,0.7207844140285744,-0.03163227072823632,0.30141511744234867,-0.29989936980797166,0.027575747738083436
2020-05-13,-0.08863828832329801,0.004955461368148062,0.09121725238658718,0.5699376152966342,-0.20754024172855498,0.26509056730551034,-2.449652435299857,0.7207844140285744,-0.03163227072823632,0.30141511744234867,-0.29989936980797166,0.027575747738083436
2020-05-14,-0.08598577373546801,0.00433689860229558,0.09221565494249784,0.5589876334703654,-0.21205203684778187,0.25774199863710534,-2.449652435299857,0.7207844140285744,-0.03163227072823632,0.30141511744234867,-0.29989936980797166,0.027575747738083436
2020-05-15,-0.08643705809074309,0.004377608928799903,0.09321306168496746,0.5671463558236571,-0.21440924170597495,0.25573654362489856,-2.449652435299857,0.7207844140285744,-0.03163227072823632,0.30141511744234867,-0.29989936980797166,0.027575747738083436
2020-05-16,-0.08643705809074309,0.004377608928799903,0.09321306168496746,0.5671463558236571,-0.21440924170597495,0.2536680088000742,-2.449652435299857,0.7207844140285744,-0.03163227072823632,0.30141511744234867,-0.29989936980797166,0.027575747738083436
2020-05-17,-0.08643705809074309,0.004377608928799903,0.09321306168496746,0.5671463558236571,-0.21440924170597495,0.2578239219060512,-2.449652435299857,0.7207844140285744,-0.03163227072823632,0.30141511744234867,-0.29989936980797166,0.027575747738083436
2020-05-18,-0.08570330000637294,0.003326142252764286,0.08580971373757806,0.5592686786221608,-0.20908553964977253,0.2624263547429867,-2.449652435299857,0.7207844140285744,-0.03163227072823632,0.30141511744234867,-0.29989936980797166,0.027575747738083436
2020-05-19,-0.08318141153924774,0.0024851136817513053,0.08513713777162846,0.5759286005514502,-0.20188675194068761,0.2717890326734241,-2.449652435299857,0.7207844140285744,-0.03163227072823632,0.30141511744234867,-0.29989936980797166,0.027575747738083436
2020-05-20,-0.08302150937121566,0.0024450745813923147,0.08118937282938832,0.5597855931303819,-0.2025719607379294,0.2667463347210713,-2.449652435299857,0.7207844140285744,-0.03163227072823632,0.30141511744234867,-0.29989936980797166,0.027575747738083436
2020-05-21,-0.08463185096278836,0.0023967647295731753,0.08377113710220818,0.5377858571344327,-0.20331704744315057,0.2729679067573413,-2.449652435299857,0.7207844140285744,-0.03163227072823632,0.30141511744234867,-0.29989936980797166,0.027575747738083436
2020-05-22,-0.08959469490735561,0.003276580662255113,0.08708056343478054,0.5192485325587712,-0.22182931928523245,0.26798972188550246,-2.449652435299857,0.7207844140285744,-0.03163227072823632,0.30141511744234867,-0.29989936980797166,0.027575747738083436
2020-05-23,-0.08959469490735561,0.003276580662255113,0.08708056343478054,0.5192485325587712,-0.22182931928523245,0.27360897915622645,-2.449652435299857,0.7207844140285744,-0.03163227072823632,0.30141511744234867,-0.29989936980797166,0.027575747738083436
2020-05-24,-0.08959469490735561,0.003276580662255113,0.08708056343478054,0.5192485325587712,-0.22182931928523245,0.2696801157015676,-2.449652435299857,0.7207844140285744,-0.03163227072823632,0.30141511744234867,-0.29989936980797166,0.027575747738083436
2020-05-25,-0.08848751643378283,0.002649280189314984,0.08697027890068243,0.5141827528512213,-0.2182124498657789,0.26859763467638315,-2.449652435299857,0.7207844140285744,-0.03163227072823632,0.30141511744234867,-0.29989936980797166,0.027575747738083436
2020-05-26,-0.08784228027734964,0.0014091738520883856,0.07965058893467392,0.5498800003270387,-0.21106698906337532,0.2665597932642469,-2.449652435299857,0.7207844140285744,-0.03163227072823632,0.30141511744234867,-0.29989936980797166,0.027575747738083436
2020-05-27,-0.08215553097380379,-0.0011386883044185447,0.07862029631136702,0.5397310892000404,-0.21847320587469743,0.268328499473852,-2.449652435299857,0.7207844140285744,-0.03163227072823632,0.30141511744234867,-0.29989936980797166,0.027575747738083436
2020-05-28,-0.08465022546936818,-0.00030415591186838675,0.0742218696336453,0.5353118798479463,-0.21900981370729453,0.2625564660307767,-2.449652435299857,0.7207844140285744,-0.03163227072823632,0.30141511744234867,-0.29989936980797166,0.027575747738083436
2020-05-29,-0.08430778241433434,-4.82453443296782e-05,0.07356172988713894,0.5534973064482301,-0.22032251748373932,0.27574569097011387,-2.449652435299857,0.7207844140285744,-0.03163227072823632,0.30141511744234867,-0.29989936980797166,0.027575747738083436
2020-05-30,-0.08430778241433434,-4.82453443296782e-05,0.07356172988713894,0.5534973064482301,-0.22032251748373932,0.27621274293594,-2.449652435299857,0.7207844140285744,-0.03163227072823632,0.30141511744234867,-0.29989936980797166,0.027575747738083436
2020-05-31,-0.08430778241433434,-4.82453443296782e-05,0.07356172988713894,0.5534973064482301,-0.22032251748373932,0.2797198055947373,-1.5842931445766453,0.12887227306719531,-0.01745990356913964,0.3849871381810984,-0.019577694987085822,-0.10620001040472468
2020-06-01,-0.08427764513904545,-0.00017085689624407596,0.06816533358229837,0.5999521771259978,-0.20444533282246358,0.2819182955000773,-1.5842931445766453,0.12887227306719531,-0.01745990356913964,0.3849871381810984,-0.019577694987085822,-0.10620001040472468
2020-06-02,-0.08104582725404275,-0.0009739405990419892,0.06504889102701994,0.6017285367227844,-0.1978384262700095,0.29165478871030387,-1.5842931445766453,0.12887227306719531,-0.01745990356913964,0.3849871381810984,-0.019577694987085822,-0.10620001040472468
2020-06-03,-0.07553583832038235,-0.0006525824600166485,0.062476194410474695,0.6006575943225607,-0.19525203386499906,0.29908599735666813,-1.5842931445766453,0.12887227306719531,-0.01745990356913964,0.3849871381810984,-0.019577694987085822,-0.10620001040472468
2020-06-04,-0.07465312560536674,-0.0026238618344185394,0.056618746202648396,0.6046756110632054,-0.2001872425001754,0.30106556454021316,-1.5842931445766453,0.12887227306719531,-0.01745990356913964,0.3849871381810984,-0.019577694987085822,-0.10620001040472468
2020-06-05,-0.07256256507953152,-0.0035699512989643134,0.058748121241411155,0.6037410723981765,-0.19318649238747862,0.3030074209592487,-1.5842931445766453,0.12887227306719531,-0.01745990356913964,0.3849871381810984,-0.019577694987085822,-0.10620001040472468
2020-06-06,-0.07256256507953152,-0.0035699512989643134,0.058748121241411155,0.6037410723981765,-0.19318649238747862,0.3098248435659375,-1.5842931445766453,0.12887227306719531,-0.01745990356913964,0.3849871381810984,-0.019577694987085822,-0.10620001040472468
2020-06-07,-0.07256256507953152,-0.0035699512989643134,0.058748121241411155,0.6037410723981765,-0.19318649238747862,0.311587243460824,-1.5842931445766453,0.12887227306719531,-0.01745990356913964,0.3849871381810984,-0.019577694987085822,-0.10620001040472468
2020-06-08,-0.07342554623726782,-0.0018854973276754006,0.055282345774150365,0.5988500366983223,-0.19010946846343113,0.3138691215280972,-1.5842931445766453,0.12887227306719531,-0.01745990356913964,0.3849871381810984,-0.019577694987085822,-0.10620001040472468
2020-06-09,-0.07489612252442834,-0.0014148558149540413,0.05351237931035713,0.6079044754521445,-0.18460922503654142,0.31732207697496917,-1.5842931445766453,0.12887227306719531,-0.01745990356913964,0.3849871381810984,-0.019577694987085822,-0.10620001040472468
2020-06-10,-0.07553703375416665,-0.0018582627379177818,0.05040166913522415,0.6119132028924803,-0.18202553996241616,0.307260521266857,-1.5842931445766453,0.12887227306719531,-0.01745990356913964,0.3849871381810984,-0.019577694987085822,-0.10620001040472468
2020-06-11,-0.0769234340590127,-0.0011169889964295354,0.05752662102879691,0.611961884084193,-0.18855882530630597,0.3171512947092232,-1.5842931445766453,0.12887227306719531,-0.01745990356913964,0.3849871381810984,-0.019577694987085822,-0.10620001040472468
2020-06-12,-0.07991201006782156,-0.00030711470470379254,0.05999496630795742,0.6159203529044617,-0.1913305508210524,0.3116683967246645,-1.5842931445766453,0.12887227306719531,-0.01745990356913964,0.3849871381810984,-0.019577694987085822,-0.10620001040472468
2020-06-13,-0.07991201006782156,-0.00030711470470379254,0.05999496630795742,0.6159203529044617,-0.1913305508210524,0.3199380743501305,-1.5842931445766453,0.12887227306719531,-0.01745990356913964,0.3849871381810984,-0.019577694987085822,-0.10620001040472468
2020-06-14,-0.07991201006782156,-0.00030711470470379254,0.05999496630795742,0.6159203529044617,-0.1913305508210524,0.32111319031558816,-1.5842931445766453,0.12887227306719531,-0.01745990356913964,0.3849871381810984,-0.019577694987085822,-0.10620001040472468
2020-06-15,-0.08056687173460075,-0.0007532045107037089,0.05450380059426041,0.6208235260391539,-0.20011533677089183,0.31212626472908805,-1.5842931445766453,0.12887227306719531,-0.01745990356913964,0.3849871381810984,-0.019577694987085822,-0.10620001040472468
2020-06-16,-0.07619457290975695,-0.0038478395673230414,0.05910331163723059,0.6501958116235815,-0.1919544612917984,0.3232062686895661,-1.5842931445766453,0.12887227306719531,-0.01745990356913964,0.3849871381810984,-0.019577694987085822,-0.10620001040472468
2020-06-17,-0.07247759777804241,-0.005293445356576387,0.059928258015715885,0.6610444874955397,-0.19195454468276738,0.32999110056868863,-1.5842931445766453,0.12887227306719531,-0.01745990356913964,0.3849871381810984,-0.019577694987085822,-0.10620001040472468
2020-06-18,-0.07144983705619046,-0.005552395300238211,0.06375079345917123,0.651495656404999,-0.190166418900637,0.33867079017991464,-1.5842931445766453,0.12887227306719531,-0.01745990356913964,0.3849871381810984,-0.019577694987085822,-0.10620001040472468
2020-06-19,-0.07106924559263306,-0.005465742145160379,0.06612179944313867,0.6583162375218266,-0.18579784101409688,0.3499386449593568,-1.5842931445766453,0.12887227306719531,-0.01745990356913964,0.3849871381810984,-0.019577694987085822,-0.10620001040472468
2020-06-20,-0.07106924559263306,-0.005465742145160379,0.06612179944313867,0.6583162375218266,-0.18579784101409688,0.35575604625240453,-1.5842931445766453,0.12887227306719531,-0.01745990356913964,0.3849871381810984,-0.019577694987085822,-0.10620001040472468
2020-06-21,-0.07106924559263306,-0.005465742145160379,0.06612179944313867,0.6583162375218266,-0.18579784101409688,0.3598669631697588,-1.5842931445766453,0.12887227306719531,-0.01745990356913964,0.3849871381810984,-0.019577694987085822,-0.10620001040472468
2020-06-22,-0.07046861870104015,-0.005508900613284351,0.05813474257119777,0.6664395115546006,-0.18751156611298372,0.35647164531980463,-1.5842931445766453,0.12887227306719531,-0.01745990356913964,0.3849871381810984,-0.019577694987085822,-0.10620001040472468
2020-06-23,-0.0689529069429674,-0.005652468128366062,0.05546127697529368,0.6702727500905177,-0.18532363351667236,0.3591330066726516,-1.5842931445766453,0.12887227306719531,-0.01745990356913964,0.3849871381810984,-0.019577694987085822,-0.10620001040472468
2020-06-24,-0.07043827413777592,-0.004097568938879137,0.0617540351284519,0.6615196877872797,-0.1849606197941176,0.3644276133183225,-1.5842931445766453,0.12887227306719531,-0.01745990356913964,0.3849871381810984,-0.019577694987085822,-0.10620001040472468
2020-06-25,-0.07043827413777592,-0.004097568938879137,0.0617540351284519,0.6615196877872797,-0.18436569834808986,0.36645569885530416,-1.5842931445766453,0.12887227306719531,-0.01745990356913964,0.3849871381810984,-0.019577694987085822,-0.10620001040472468
2020-06-26,-0.07043827413777592,-0.004097568938879137,0.0617540351284519,0.6615196877872797,-0.18335212170430848,0.36342086053415956,-1.5842931445766453,0.12887227306719531,-0.01745990356913964,0.3849871381810984,-0.019577694987085822,-0.10620001040472468
2020-06-27,-0.07043827413777592,-0.004097568938879137,0.0617540351284519,0.6615196877872797,-0.18335212170430848,0.36688174935182255,-1.5842931445766453,0.12887227306719531,-0.01745990356913964,0.3849871381810984,-0.019577694987085822,-0.10620001040472468
2020-06-28,-0.07043827413777592,-0.004097568938879137,0.0617540351284519,0.6615196877872797,-0.18335212170430848,0.36830309405804124,-1.5842931445766453,0.12887227306719531,-0.01745990356913964,0.3849871381810984,-0.019577694987085822,-0.10620001040472468
2020-06-29,-0.07252550171077543,-0.0036864507915248534,0.06369793959943204,0.6542025234610198,-0.18719865810252995,0.35988998001080097,-1.5842931445766453,0.12887227306719531,-0.01745990356913964,0.3849871381810984,-0.019577694987085822,-0.10620001040472468
2020-06-30,-0.07220935933895534,-0.002967255902609489,0.0633181251952275,0.8243538046856735,-0.18044841720708754,0.36299218050352394,-1.064712592890434,-0.06065405310424722,-0.2038994962030475,-0.004735651997590894,0.1776360595043565,-0.30338393136666847
2020-07-01,-0.07328112601514658,-0.00297031452678187,0.06092541218728942,0.21296781340317217,-0.16914168179586714,0.36445707903157654,-1.064712592890434,-0.06065405310424722,-0.2038994962030475,-0.004735651997590894,0.1776360595043565,-0.30338393136666847
2020-07-02,-0.07311454010201701,-0.0029679700443263624,0.06175920874093033,0.22485084410102413,-0.1582468283802437,0.36973909555144424,-1.064712592890434,-0.06065405310424722,-0.2038994962030475,-0.004735651997590894,0.1776360595043565,-0.30338393136666847
2020-07-03,-0.0687795369068952,-0.005031276149915387,0.06075125827449612,0.2309288070025991,-0.1576038877684014,0.3793741232006161,-1.064712592890434,-0.06065405310424722,-0.2038994962030475,-0.004735651997590894,0.1776360595043565,-0.30338393136666847
2020-07-04,-0.0687795369068952,-0.005031276149915387,0.06075125827449612,0.2309288070025991,-0.1576038877684014,0.3838685076819402,-1.064712592890434,-0.06065405310424722,-0.2038994962030475,-0.004735651997590894,0.1776360595043565,-0.30338393136666847
2020-07-05,-0.0687795369068952,-0.005031276149915387,0.06075125827449612,0.2309288070025991,-0.1576038877684014,0.3831592860714301,-1.064712592890434,-0.06065405310424722,-0.2038994962030475,-0.004735651997590894,0.1776360595043565,-0.30338393136666847
2020-07-06,-0.060475845039370646,-0.008207427644456589,0.05675657079701768,0.26351505904150874,-0.13882677859046993,0.38594203077332345,-1.064712592890434,-0.06065405310424722,-0.2038994962030475,-0.004735651997590894,0.1776360595043565,-0.30338393136666847
2020-07-07,-0.06017231836812198,-0.008078737855056639,0.059061694787879926,0.28322441288443295,-0.14052177273458527,0.39165012466589,-1.064712592890434,-0.06065405310424722,-0.2038994962030475,-0.004735651997590894,0.1776360595043565,-0.30338393136666847
2020-07-08,-0.05663284328905249,-0.009658385327322327,0.05366794040480993,0.31457926300552086,-0.1345635941593572,0.40169276644082214,-1.064712592890434,-0.06065405310424722,-0.2038994962030475,-0.004735651997590894,0.1776360595043565,-0.30338393136666847
2020-07-09,-0.052762671191888044,-0.009842512209882193,0.05695492415653369,0.3566857333373216,-0.1294134005649776,0.4104540993634694,-1.064712592890434,-0.06065405310424722,-0.2038994962030475,-0.004735651997590894,0.1776360595043565,-0.30338393136666847
2020-07-10,-0.0553227405387644,-0.008445295746842607,0.05558036081293427,0.3658968194902192,-0.1346858065681495,0.4059899247000422,-1.064712592890434,-0.06065405310424722,-0.2038994962030475,-0.004735651997590894,0.1776360595043565,-0.30338393136666847
2020-07-11,-0.0553227405387644,-0.008445295746842607,0.05558036081293427,0.3658968194902192,-0.1346858065681495,0.4068758507137029,-1.064712592890434,-0.06065405310424722,-0.2038994962030475,-0.004735651997590894,0.1776360595043565,-0.30338393136666847
2020-07-12,-0.0553227405387644,-0.008445295746842607,0.05558036081293427,0.3658968194902192,-0.1346858065681495,0.4118892828896107,-1.064712592890434,-0.06065405310424722,-0.2038994962030475,-0.004735651997590894,0.1776360595043565,-0.30338393136666847
2020-07-13,-0.054443638753257084,-0.007722837031092444,0.054711020580075265,0.417110835330438,-0.12208144013751997,0.42160267826161024,-1.064712592890434,-0.06065405310424722,-0.2038994962030475,-0.004735651997590894,0.1776360595043565,-0.30338393136666847
2020-07-14,-0.05643319204575048,-0.006534244115132926,0.05060913640651166,0.40428726297631995,-0.12597896402885925,0.42065514267979726,-1.064712592890434,-0.06065405310424722,-0.2038994962030475,-0.004735651997590894,0.1776360595043565,-0.30338393136666847
2020-07-15,-0.0593475445863304,-0.004695238811463942,0.04903859191641857,0.3633941417711748,-0.13116143432744534,0.4212552238351956,-1.064712592890434,-0.06065405310424722,-0.2038994962030475,-0.004735651997590894,0.1776360595043565,-0.30338393136666847
2020-07-16,-0.06385933860130166,-0.003415444453139238,0.05180959843765953,0.29910293815142613,-0.14375075926609268,0.4186341339469291,-1.064712592890434,-0.06065405310424722,-0.2038994962030475,-0.004735651997590894,0.1776360595043565,-0.30338393136666847
2020-07-17,-0.0639762414150703,-0.003448193069322314,0.04893197533356641,0.2995270911089221,-0.1420164959354258,0.41734241837911545,-1.064712592890434,-0.06065405310424722,-0.2038994962030475,-0.004735651997590894,0.1776360595043565,-0.30338393136666847
2020-07-18,-0.0639762414150703,-0.003448193069322314,0.04893197533356641,0.2995270911089221,-0.1420164959354258,0.4189941050134397,-1.064712592890434,-0.06065405310424722,-0.2038994962030475,-0.004735651997590894,0.1776360595043565,-0.30338393136666847
2020-07-19,-0.0639762414150703,-0.003448193069322314,0.04893197533356641,0.2995270911089221,-0.1420164959354258,0.421565585583586,-1.064712592890434,-0.06065405310424722,-0.2038994962030475,-0.004735651997590894,0.1776360595043565,-0.30338393136666847
2020-07-20,-0.06361942190729664,-0.003222573956554009,0.04625441784942852,0.3418239920970535,-0.13675093593881782,0.41722281460522564,-1.064712592890434,-0.06065405310424722,-0.2038994962030475,-0.004735651997590894,0.1776360595043565,-0.30338393136666847
2020-07-21,-0.06404201418267907,-0.003977644934342384,0.04005965362654229,0.3517764257590295,-0.1284168883200258,0.4241680370993521,-1.064712592890434,-0.06065405310424722,-0.2038994962030475,-0.004735651997590894,0.1776360595043565,-0.30338393136666847
2020-07-22,-0.06608333896247542,-0.0032813105921246644,0.038640587687278405,0.3648723674089942,-0.13069600869796918,0.4295087280867092,-1.064712592890434,-0.06065405310424722,-0.2038994962030475,-0.004735651997590894,0.1776360595043565,-0.30338393136666847
2020-07-23,-0.06699397581482336,-0.003370201334928047,0.036366855608708226,0.36413925758132176,-0.1297658133881385,0.4316372319014636,-1.064712592890434,-0.06065405310424722,-0.2038994962030475,-0.004735651997590894,0.1776360595043565,-0.30338393136666847
2020-07-24,-0.06923578447292755,-0.0030195903278794622,0.031513613431923715,0.3034581740202619,-0.14071310268361925,0.4211752493471831,-1.064712592890434,-0.06065405310424722,-0.2038994962030475,-0.004735651997590894,0.1776360595043565,-0.30338393136666847
2020-07-25,-0.06923578447292755,-0.0030195903278794622,0.031513613431923715,0.3034581740202619,-0.14071310268361925,0.4222098692116309,-1.064712592890434,-0.06065405310424722,-0.2038994962030475,-0.004735651997590894,0.1776360595043565,-0.30338393136666847
2020-07-26,-0.06923578447292755,-0.0030195903278794622,0.031513613431923715,0.3034581740202619,-0.14071310268361925,0.4267574981314309,-1.064712592890434,-0.06065405310424722,-0.2038994962030475,-0.004735651997590894,0.1776360595043565,-0.30338393136666847
2020-07-27,-0.06965091225986797,-0.00313391298215826,0.023042631052415108,0.3018083592314559,-0.13964677216310928,0.419090447658809,-1.064712592890434,-0.06065405310424722,-0.2038994962030475,-0.004735651997590894,0.1776360595043565,-0.30338393136666847
2020-07-28,-0.06800332471138848,-0.00447321897832742,0.025491226585064752,0.315270658616712,-0.13622883957649334,0.42228689120471385,-1.064712592890434,-0.06065405310424722,-0.2038994962030475,-0.004735651997590894,0.1776360595043565,-0.30338393136666847
2020-07-29,-0.06555748050196297,-0.005495700924863178,0.021139319425750758,0.3510804731325922,-0.13041576281689468,0.42033661284593243,-1.064712592890434,-0.06065405310424722,-0.2038994962030475,-0.004735651997590894,0.1776360595043565,-0.30338393136666847
2020-07-30,-0.06376389992341036,-0.0057132866171627494,0.015075726693491664,0.3498960435257659,-0.1320530849738683,0.4229865671221628,-1.064712592890434,-0.06065405310424722,-0.2038994962030475,-0.004735651997590894,0.1776360595043565,-0.30338393136666847
2020-07-31,-0.06264602573040778,-0.006310303207827439,0.022264931030726687,0.36813830136426046,-0.1312566871997145,0.4208186882572845,-0.6948008947119746,0.05990284812841743,-0.4629412468933482,1.318558003016466,0.41791178077940183,-1.063895250057151
2020-08-01,-0.06264602573040778,-0.006310303207827439,0.022264931030726687,0.36813830136426046,-0.1312566871997145,0.4202869591362029,-0.6948008947119746,0.05990284812841743,-0.4629412468933482,1.318558003016466,0.41791178077940183,-1.063895250057151
2020-08-02,-0.06264602573040778,-0.006310303207827439,0.022264931030726687,0.36813830136426046,-0.1312566871997145,0.42060876428038807,-0.6948008947119746,0.05990284812841743,-0.4629412468933482,1.318558003016466,0.41791178077940183,-1.063895250057151
2020-08-03,-0.06175277898382814,-0.006600621003444718,0.023121049603149202,0.4165901525211481,-0.13028413889654294,0.42656861663229845,-0.6948008947119746,0.05990284812841743,-0.4629412468933482,1.318558003016466,0.41791178077940183,-1.063895250057151
2020-08-04,-0.0628379650634392,-0.0068150881139185104,0.01900450322517533,0.4021395504544531,-0.12257709260660486,0.43046236688626077,-0.6948008947119746,0.05990284812841743,-0.4629412468933482,1.318558003016466,0.41791178077940183,-1.063895250057151
2020-08-05,-0.06278663884528846,-0.0071972531929106465,0.015021252205205449,0.4282483120436005,-0.12250278205293845,0.42846534449054,-0.6948008947119746,0.05990284812841743,-0.4629412468933482,1.318558003016466,0.41791178077940183,-1.063895250057151
2020-08-06,-0.06106814885800771,-0.009000375573654962,0.015398533409055726,0.4267546626618723,-0.12195679954263933,0.4329025367848776,-0.6948008947119746,0.05990284812841743,-0.4629412468933482,1.318558003016466,0.41791178077940183,-1.063895250057151
2020-08-07,-0.059503008905496535,-0.010878914216737923,0.02173446720501271,0.4111790912738181,-0.12873555830111597,0.4315703066479756,-0.6948008947119746,0.05990284812841743,-0.4629412468933482,1.318558003016466,0.41791178077940183,-1.063895250057151
2020-08-08,-0.059503008905496535,-0.010878914216737923,0.02173446720501271,0.4111790912738181,-0.12873555830111597,0.435752802835022,-0.6948008947119746,0.05990284812841743,-0.4629412468933482,1.318558003016466,0.41791178077940183,-1.063895250057151
2020-08-09,-0.059503008905496535,-0.010878914216737923,0.02173446720501271,0.4111790912738181,-0.12873555830111597,0.4345823955850851,-0.6948008947119746,0.05990284812841743,-0.4629412468933482,1.318558003016466,0.41791178077940183,-1.063895250057151
2020-08-10,-0.05999944783166422,-0.010602079491147998,0.024175789802237335,0.41634402988041935,-0.12626936749630288,0.43012839062979985,-0.6948008947119746,0.05990284812841743,-0.4629412468933482,1.318558003016466,0.41791178077940183,-1.063895250057151
2020-08-11,-0.06126772434476846,-0.009711201510056555,0.024784634066283506,0.38471409378131904,-0.12351283042058667,0.4320414372980797,-0.6948008947119746,0.05990284812841743,-0.4629412468933482,1.318558003016466,0.41791178077940183,-1.063895250057151
2020-08-12,-0.06161729237122049,-0.009991871410992004,0.02128324098153478,0.35683545757861945,-0.12210127388606894,0.4289355246097901,-0.6948008947119746,0.05990284812841743,-0.4629412468933482,1.318558003016466,0.41791178077940183,-1.063895250057151
2020-08-13,-0.061359319095607434,-0.01049609023428022,0.020094154863847358,0.36459088408265594,-0.12131391834138965,0.4286025244437119,-0.6948008947119746,0.05990284812841743,-0.4629412468933482,1.318558003016466,0.41791178077940183,-1.063895250057151
2020-08-14,-0.06212213010558165,-0.009817706531053738,0.018367391098000785,0.37235621333136104,-0.11886413311998635,0.42562642376416676,-0.6948008947119746,0.05990284812841743,-0.4629412468933482,1.318558003016466,0.41791178077940183,-1.063895250057151
2020-08-15,-0.06212213010558165,-0.009817706531053738,0.018367391098000785,0.37235621333136104,-0.11886413311998635,0.42355605807674623,-0.6948008947119746,0.05990284812841743,-0.4629412468933482,1.318558003016466,0.41791178077940183,-1.063895250057151
2020-08-16,-0.06212213010558165,-0.009817706531053738,0.018367391098000785,0.37235621333136104,-0.11886413311998635,0.4223528440726367,-0.6948008947119746,0.05990284812841743,-0.4629412468933482,1.318558003016466,0.41791178077940183,-1.063895250057151
2020-08-17,-0.06402462224701533,-0.009452422267326788,0.015541773598511055,0.3963287425716647,-0.11219443266642656,0.4304942740675271,-0.6948008947119746,0.05990284812841743,-0.4629412468933482,1.318558003016466,0.41791178077940183,-1.063895250057151
2020-08-18,-0.06376316745101163,-0.009940672026800601,0.008904843824985464,0.4152435983334608,-0.11005003987898353,0.42963680304312024,-0.6948008947119746,0.05990284812841743,-0.4629412468933482,1.318558003016466,0.41791178077940183,-1.063895250057151
2020-08-19,-0.06067616843454382,-0.011451142058845676,0.01737574341065984,0.3895691991686583,-0.1071205302563268,0.4255584052652062,-0.6948008947119746,0.05990284812841743,-0.4629412468933482,1.318558003016466,0.41791178077940183,-1.063895250057151
2020-08-20,-0.0595723123452806,-0.012459197250985543,0.014095432802888275,0.37293438464067524,-0.11176090625218715,0.4213395784982238,-0.6948008947119746,0.05990284812841743,-0.4629412468933482,1.318558003016466,0.41791178077940183,-1.063895250057151
2020-08-21,-0.05948271159387031,-0.011936929707606514,0.019566222884248696,0.3788314690909546,-0.11146927502271071,0.42561969338571454,-0.6948008947119746,0.05990284812841743,-0.4629412468933482,1.318558003016466,0.41791178077940183,-1.063895250057151
2020-08-22,-0.05948271159387031,-0.011936929707606514,0.019566222884248696,0.3788314690909546,-0.11146927502271071,0.4229159521351246,-0.6948008947119746,0.05990284812841743,-0.4629412468933482,1.318558003016466,0.41791178077940183,-1.063895250057151
2020-08-23,-0.05948271159387031,-0.011936929707606514,0.019566222884248696,0.3788314690909546,-0.11146927502271071,0.4282333300237577,-0.6948008947119746,0.05990284812841743,-0.4629412468933482,1.318558003016466,0.41791178077940183,-1.063895250057151
2020-08-24,-0.059579530276168136,-0.012015553986799765,0.020521353221978456,0.3911793591613352,-0.10943822184283263,0.42089307582559154,-0.6948008947119746,0.05990284812841743,-0.4629412468933482,1.318558003016466,0.41791178077940183,-1.063895250057151
2020-08-25,-0.05757331182287195,-0.012857842153696675,0.017626531735970175,0.37604051634015745,-0.10981277562526205,0.42606659825631343,-0.6948008947119746,0.05990284812841743,-0.4629412468933482,1.318558003016466,0.41791178077940183,-1.063895250057151
2020-08-26,-0.05684475046324855,-0.01317389829795823,0.015551262918765851,0.3395525390842807,-0.10955679338758188,0.42408571894353086,-0.6948008947119746,0.05990284812841743,-0.4629412468933482,1.318558003016466,0.41791178077940183,-1.063895250057151
2020-08-27,-0.05487950525166185,-0.013922965189630876,0.017727822876527743,0.35248986154972695,-0.11116895716549446,0.4293026800953364,-0.6948008947119746,0.05990284812841743,-0.4629412468933482,1.318558003016466,0.41791178077940183,-1.063895250057151
2020-08-28,-0.05344742161135496,-0.014177251133434599,0.009760851938231507,0.3645290576546571,-0.10486916148107575,0.4279616029120522,-0.6948008947119746,0.05990284812841743,-0.4629412468933482,1.318558003016466,0.41791178077940183,-1.063895250057151
2020-08-29,-0.05344742161135496,-0.014177251133434599,0.009760851938231507,0.3645290576546571,-0.10486916148107575,0.42560414127325563,-0.6948008947119746,0.05990284812841743,-0.4629412468933482,1.318558003016466,0.41791178077940183,-1.063895250057151
2020-08-30,-0.05344742161135496,-0.014177251133434599,0.009760851938231507,0.3645290576546571,-0.10486916148107575,0.4278646555535548,-0.6948008947119746,0.05990284812841743,-0.4629412468933482,1.318558003016466,0.41791178077940183,-1.063895250057151
2020-08-31,-0.055066007369458214,-0.013234328039976928,0.008774594514205925,0.37114470453778553,-0.10709227874000254,0.43300542997522057,-0.43167653017647223,0.11478911619126268,-0.736336452818675,0.9040575785484007,0.5038681580556207,-1.3090219282725855
2020-09-01,-0.05641609768584477,-0.012838660136896607,0.009458062190524252,0.3770901196401432,-0.10300067831059655,0.42936743213910034,-0.43167653017647223,0.11478911619126268,-0.736336452818675,0.9040575785484007,0.5038681580556207,-1.3090219282725855
2020-09-02,-0.0537639833814747,-0.013786747374303743,0.014304115963291064,0.37779076073418877,-0.10665087837731707,0.4309885451675865,-0.43167653017647223,0.11478911619126268,-0.736336452818675,0.9040575785484007,0.5038681580556207,-1.3090219282725855
2020-09-03,-0.0520713155131588,-0.014731957080911906,0.01580378689880524,0.36424424420179313,-0.11110398105895966,0.4321860543294882,-0.43167653017647223,0.11478911619126268,-0.736336452818675,0.9040575785484007,0.5038681580556207,-1.3090219282725855
2020-09-04,-0.05193745726178334,-0.01521122147015641,0.015243599020409171,0.3631810574909785,-0.1049382269710066,0.42216695093112094,-0.43167653017647223,0.11478911619126268,-0.736336452818675,0.9040575785484007,0.5038681580556207,-1.3090219282725855
2020-09-05,-0.05193745726178334,-0.01521122147015641,0.015243599020409171,0.3631810574909785,-0.1049382269710066,0.4254104127830337,-0.43167653017647223,0.11478911619126268,-0.736336452818675,0.9040575785484007,0.5038681580556207,-1.3090219282725855
2020-09-06,-0.05193745726178334,-0.01521122147015641,0.015243599020409171,0.3631810574909785,-0.1049382269710066,0.4226174402363915,-0.43167653017647223,0.11478911619126268,-0.736336452818675,0.9040575785484007,0.5038681580556207,-1.3090219282725855
2020-09-07,-0.04909077246129523,-0.016648185773653124,0.01814311828227133,0.33912816703951293,-0.10363680633641972,0.41847892088522326,-0.43167653017647223,0.11478911619126268,-0.736336452818675,0.9040575785484007,0.5038681580556207,-1.3090219282725855
2020-09-08,-0.04993691237724329,-0.01656521129810673,0.02343099593024034,0.34262852437521346,-0.10374188334634607,0.4169197407235039,-0.43167653017647223,0.11478911619126268,-0.736336452818675,0.9040575785484007,0.5038681580556207,-1.3090219282725855
2020-09-09,-0.050987193821473875,-0.01529282747732097,0.020341243431175826,0.3048191441504095,-0.1091245078271007,0.4081103189602506,-0.43167653017647223,0.11478911619126268,-0.736336452818675,0.9040575785484007,0.5038681580556207,-1.3090219282725855
2020-09-10,-0.05244357963698243,-0.01402050372726138,0.021274259324618905,0.2561114428779412,-0.10823785132765928,0.4083880944235149,-0.43167653017647223,0.11478911619126268,-0.736336452818675,0.9040575785484007,0.5038681580556207,-1.3090219282725855
2020-09-11,-0.052699788022568805,-0.014825169527109439,0.020159969630727193,0.27633201496002935,-0.10629457943829766,0.40397728633026864,-0.43167653017647223,0.11478911619126268,-0.736336452818675,0.9040575785484007,0.5038681580556207,-1.3090219282725855
2020-09-12,-0.052699788022568805,-0.014825169527109439,0.020159969630727193,0.27633201496002935,-0.10629457943829766,0.402445846666105,-0.43167653017647223,0.11478911619126268,-0.736336452818675,0.9040575785484007,0.5038681580556207,-1.3090219282725855
2020-09-13,-0.052699788022568805,-0.014825169527109439,0.020159969630727193,0.27633201496002935,-0.10629457943829766,0.39959515817493696,-0.43167653017647223,0.11478911619126268,-0.736336452818675,0.9040575785484007,0.5038681580556207,-1.3090219282725855
2020-09-14,-0.05028665360258189,-0.016300095141960513,0.018186334817525296,0.291958370777602,-0.10260452372332442,0.39926704835488236,-0.43167653017647223,0.11478911619126268,-0.736336452818675,0.9040575785484007,0.5038681580556207,-1.3090219282725855
2020-09-15,-0.049466469378186106,-0.01580577222296764,0.01886342654733353,0.29694541051979906,-0.10012549749890132,0.3938052292664315,-0.43167653017647223,0.11478911619126268,-0.736336452818675,0.9040575785484007,0.5038681580556207,-1.3090219282725855
2020-09-16,-0.05034766872482921,-0.015561607928354038,0.019658202506434685,0.287721442035341,-0.10051711300380628,0.3935502101199816,-0.43167653017647223,0.11478911619126268,-0.736336452818675,0.9040575785484007,0.5038681580556207,-1.3090219282725855
2020-09-17,-0.04996410759360448,-0.0162872447049357,0.016481623338784224,0.2963757836140707,-0.10543979669047567,0.3970936582084393,-0.43167653017647223,0.11478911619126268,-0.736336452818675,0.9040575785484007,0.5038681580556207,-1.3090219282725855
2020-09-18,-0.04958559858633793,-0.01667332001959254,0.0175905095003156,0.31002658568766917,-0.09403690151877318,0.39773517614593923,-0.43167653017647223,0.11478911619126268,-0.736336452818675,0.9040575785484007,0.5038681580556207,-1.3090219282725855
2020-09-19,-0.04958559858633793,-0.01667332001959254,0.0175905095003156,0.31002658568766917,-0.09403690151877318,0.39806934071595784,-0.43167653017647223,0.11478911619126268,-0.736336452818675,0.9040575785484007,0.5038681580556207,-1.3090219282725855
2020-09-20,-0.04958559858633793,-0.01667332001959254,0.0175905095003156,0.31002658568766917,-0.09403690151877318,0.3963987797937377,-0.43167653017647223,0.11478911619126268,-0.736336452818675,0.9040575785484007,0.5038681580556207,-1.3090219282725855
2020-09-21,-0.05066850264166278,-0.016149359628122806,0.023795544504455868,0.3149720864832022,-0.10066645396334713,0.39166330248280484,-0.43167653017647223,0.11478911619126268,-0.736336452818675,0.9040575785484007,0.5038681580556207,-1.3090219282725855
2020-09-22,-0.05259608578492225,-0.015304796546737442,0.02804922639745111,0.29504224321030653,-0.10576963491356069,0.38798298296162426,-0.43167653017647223,0.11478911619126268,-0.736336452818675,0.9040575785484007,0.5038681580556207,-1.3090219282725855
2020-09-23,-0.052745432393509595,-0.01523167463571462,0.03238067248318599,0.30247981790094636,-0.11012751873288597,0.3834141224123527,-0.43167653017647223,0.11478911619126268,-0.736336452818675,0.9040575785484007,0.5038681580556207,-1.3090219282725855
2020-09-24,-0.05302748941880353,-0.01522436752636458,0.031543550909821305,0.26724786797220035,-0.12102974817851599,0.38825831660010707,-0.43167653017647223,0.11478911619126268,-0.736336452818675,0.9040575785484007,0.5038681580556207,-1.3090219282725855
2020-09-25,-0.05249048816649171,-0.015213015758281934,0.03436457496276335,0.2596343662025993,-0.12317721332555019,0.3795337205962142,-0.43167653017647223,0.11478911619126268,-0.736336452818675,0.9040575785484007,0.5038681580556207,-1.3090219282725855
2020-09-26,-0.05249048816649171,-0.015213015758281934,0.03436457496276335,0.2596343662025993,-0.12317721332555019,0.3742398778786508,-0.43167653017647223,0.11478911619126268,-0.736336452818675,0.9040575785484007,0.5038681580556207,-1.3090219282725855
2020-09-27,-0.05249048816649171,-0.015213015758281934,0.03436457496276335,0.2596343662025993,-0.12317721332555019,0.37389768515717786,-0.43167653017647223,0.11478911619126268,-0.736336452818675,0.9040575785484007,0.5038681580556207,-1.3090219282725855
2020-09-28,-0.05046579773045723,-0.016032319695053143,0.02982767697422717,0.23979443634590006,-0.11920463911876085,0.37203991715812723,-0.43167653017647223,0.11478911619126268,-0.736336452818675,0.9040575785484007,0.5038681580556207,-1.3090219282725855
2020-09-29,-0.05073290895889859,-0.016196450650291294,0.02698052041248744,0.2546096872671699,-0.12035021159154846,0.3758170785304785,-0.43167653017647223,0.11478911619126268,-0.736336452818675,0.9040575785484007,0.5038681580556207,-1.3090219282725855
2020-09-30,-0.049589936628180564,-0.017073663179568488,0.026490434008123454,0.06777035330757464,-0.11931688753319697,0.3689187996152791,-0.11718002337824467,-0.10916297249645472,-0.8748188131941612,0.48241783572576885,0.7225291177933709,-0.9923677493160528
2020-10-01,-0.049589936628180564,-0.017073663179568488,0.026490434008123454,0.06777035330757464,-0.12263446707000844,0.3765876844310589,-0.11718002337824467,-0.10916297249645472,-0.8748188131941612,0.48241783572576885,0.7225291177933709,-0.9923677493160528
2020-10-02,-0.049589936628180564,-0.017073663179568488,0.026490434008123454,0.06777035330757464,-0.12090961888507563,0.37420293717228287,-0.11718002337824467,-0.10916297249645472,-0.8748188131941612,0.48241783572576885,0.7225291177933709,-0.9923677493160528
2020-10-03,-0.049589936628180564,-0.017073663179568488,0.026490434008123454,0.06777035330757464,-0.12090961888507563,0.3708854242982725,-0.11718002337824467,-0.10916297249645472,-0.8748188131941612,0.48241783572576885,0.7225291177933709,-0.9923677493160528
2020-10-04,-0.049589936628180564,-0.017073663179568488,0.026490434008123454,0.06777035330757464,-0.12090961888507563,0.370769915314664,-0.11718002337824467,-0.10916297249645472,-0.8748188131941612,0.48241783572576885,0.7225291177933709,-0.9923677493160528
2020-10-05,-0.049589936628180564,-0.017073663179568488,0.026490434008123454,0.06777035330757464,-0.12040239136088607,0.3659995733942882,-0.11718002337824467,-0.10916297249645472,-0.8748188131941612,0.48241783572576885,0.7225291177933709,-0.9923677493160528
2020-10-06,-0.049589936628180564,-0.017073663179568488,0.026490434008123454,0.06777035330757464,-0.11918658880207228,0.3609591013509158,-0.11718002337824467,-0.10916297249645472,-0.8748188131941612,0.48241783572576885,0.7225291177933709,-0.9923677493160528
2020-10-07,-0.049589936628180564,-0.017073663179568488,0.026490434008123454,0.06777035330757464,-0.11754779336691534,0.36143261171319735,-0.11718002337824467,-0.10916297249645472,-0.8748188131941612,0.48241783572576885,0.7225291177933709,-0.9923677493160528
2020-10-08,-0.049589936628180564,-0.017073663179568488,0.026490434008123454,0.06777035330757464,-0.11732385735884578,0.35930423485045276,-0.11718002337824467,-0.10916297249645472,-0.8748188131941612,0.48241783572576885,0.7225291177933709,-0.9923677493160528
2020-10-09,-0.04753959454041001,-0.018861274671356898,0.01794169446753835,0.1030961602234031,-0.10364665793192693,0.3702474445319699,-0.11718002337824467,-0.10916297249645472,-0.8748188131941612,0.48241783572576885,0.7225291177933709,-0.9923677493160528
2020-10-10,-0.04753959454041001,-0.018861274671356898,0.01794169446753835,0.1030961602234031,-0.10364665793192693,0.3632237258298014,-0.11718002337824467,-0.10916297249645472,-0.8748188131941612,0.48241783572576885,0.7225291177933709,-0.9923677493160528
2020-10-11,-0.04753959454041001,-0.018861274671356898,0.01794169446753835,0.1030961602234031,-0.10364665793192693,0.3621361669875104,-0.11718002337824467,-0.10916297249645472,-0.8748188131941612,0.48241783572576885,0.7225291177933709,-0.9923677493160528
2020-10-12,-0.04528073108125297,-0.0197254830370861,0.0181674693592202,0.131359601309649,-0.0963228998780632,0.35481781425024633,-0.11718002337824467,-0.10916297249645472,-0.8748188131941612,0.48241783572576885,0.7225291177933709,-0.9923677493160528
2020-10-13,-0.04537789301258155,-0.02000074948999253,0.02362783868656293,0.13501932272659078,-0.09787545076297818,0.3461365944602595,-0.11718002337824467,-0.10916297249645472,-0.8748188131941612,0.48241783572576885,0.7225291177933709,-0.9923677493160528
2020-10-14,-0.04521179359110894,-0.020759073496910974,0.02232361170830721,0.1280054628189039,-0.0996043717630992,0.3508953448091909,-0.11718002337824467,-0.10916297249645472,-0.8748188131941612,0.48241783572576885,0.7225291177933709,-0.9923677493160528
2020-10-15,-0.04383053627081068,-0.02167968903752371,0.026209289293406712,0.11580164453821828,-0.10363004200873847,0.3456536311954759,-0.11718002337824467,-0.10916297249645472,-0.8748188131941612,0.48241783572576885,0.7225291177933709,-0.9923677493160528
2020-10-16,-0.04298201198114904,-0.022263157594608285,0.025111009221325475,0.10944434536556477,-0.10045864508511171,0.34524003188075536,-0.11718002337824467,-0.10916297249645472,-0.8748188131941612,0.48241783572576885,0.7225291177933709,-0.9923677493160528
2020-10-17,-0.04298201198114904,-0.022263157594608285,0.025111009221325475,0.10944434536556477,-0.10045864508511171,0.3470967882251594,-0.11718002337824467,-0.10916297249645472,-0.8748188131941612,0.48241783572576885,0.7225291177933709,-0.9923677493160528
2020-10-18,-0.04298201198114904,-0.022263157594608285,0.025111009221325475,0.10944434536556477,-0.10045864508511171,0.34063557822802193,-0.11718002337824467,-0.10916297249645472,-0.8748188131941612,0.48241783572576885,0.7225291177933709,-0.9923677493160528
2020-10-19,-0.042665770355792665,-0.02192242610568773,0.022367627496304054,0.098395730449696,-0.09860815690252073,0.34366287641411275,-0.11718002337824467,-0.10916297249645472,-0.8748188131941612,0.48241783572576885,0.7225291177933709,-0.9923677493160528
2020-10-20,-0.04407673798419398,-0.021776755678324267,0.018235882636901124,0.1095279928857983,-0.09759836400748362,0.3324730788492225,-0.11718002337824467,-0.10916297249645472,-0.8748188131941612,0.48241783572576885,0.7225291177933709,-0.9923677493160528
2020-10-21,-0.04437589772189576,-0.02177535211114534,0.014839384469505279,0.08677902223899908,-0.09207184738131896,0.3329429167698138,-0.11718002337824467,-0.10916297249645472,-0.8748188131941612,0.48241783572576885,0.7225291177933709,-0.9923677493160528
2020-10-22,-0.04644115569091589,-0.02074063052710129,0.01739543973206714,0.07896891155201295,-0.09142362590960405,0.3275294897187703,-0.11718002337824467,-0.10916297249645472,-0.8748188131941612,0.48241783572576885,0.7225291177933709,-0.9923677493160528
2020-10-23,-0.04653194411007022,-0.021091133105682447,0.014867416323646188,0.0598486833819742,-0.09336951888920374,0.3195125178257736,-0.11718002337824467,-0.10916297249645472,-0.8748188131941612,0.48241783572576885,0.7225291177933709,-0.9923677493160528
2020-10-24,-0.04653194411007022,-0.021091133105682447,0.014867416323646188,0.0598486833819742,-0.09336951888920374,0.3272202505736094,-0.11718002337824467,-0.10916297249645472,-0.8748188131941612,0.48241783572576885,0.7225291177933709,-0.9923677493160528
2020-10-25,-0.04653194411007022,-0.021091133105682447,0.014867416323646188,0.0598486833819742,-0.09336951888920374,0.3194333449875125,-0.11718002337824467,-0.10916297249645472,-0.8748188131941612,0.48241783572576885,0.7225291177933709,-0.9923677493160528
2020-10-26,-0.04643699013144642,-0.021608288602244397,0.018501897520328825,0.06356970541746286,-0.09639828570034732,0.3104611276707059,-0.11718002337824467,-0.10916297249645472,-0.8748188131941612,0.48241783572576885,0.7225291177933709,-0.9923677493160528
2020-10-27,-0.04639003040827916,-0.02144730691362473,0.01931857493275091,0.06733244166943246,-0.09876438123103129,0.30848073324076325,-0.11718002337824467,-0.10916297249645472,-0.8748188131941612,0.48241783572576885,0.7225291177933709,-0.9923677493160528
2020-10-28,-0.046620665657067795,-0.021178773372182658,0.02237861616278014,0.06743195110811809,-0.10197253801312654,0.320503369850026,-0.11718002337824467,-0.10916297249645472,-0.8748188131941612,0.48241783572576885,0.7225291177933709,-0.9923677493160528
2020-10-29,-0.04706930950063093,-0.021346652951654055,0.027259745673275493,0.06449123029856839,-0.10462004323814736,0.3052070388446061,-0.11718002337824467,-0.10916297249645472,-0.8748188131941612,0.48241783572576885,0.7225291177933709,-0.9923677493160528
2020-10-30,-0.046505106070357405,-0.021350569253908325,0.028580622991468463,0.03959814016115386,-0.11256707326331084,0.30366204985181444,-0.11718002337824467,-0.10916297249645472,-0.8748188131941612,0.48241783572576885,0.7225291177933709,-0.9923677493160528
2020-10-31,-0.046505106070357405,-0.021350569253908325,0.028580622991468463,0.03959814016115386,-0.11256707326331084,0.3047485341231625,0.16193140645200044,-0.5851741392628858,-0.9539673386238215,-0.10258630944547203,0.7774875812370353,-0.956410681375932
2020-11-01,-0.046505106070357405,-0.021350569253908325,0.028580622991468463,0.03959814016115386,-0.11256707326331084,0.31146493721767127,0.16193140645200044,-0.5851741392628858,-0.9539673386238215,-0.10258630944547203,0.7774875812370353,-0.956410681375932
2020-11-02,-0.04648841041237639,-0.02060366165852312,0.028899768532473447,0.039791506586921294,-0.10897431200678005,0.3133597435603069,0.16193140645200044,-0.5851741392628858,-0.9539673386238215,-0.10258630944547203,0.7774875812370353,-0.956410681375932
2020-11-03,-0.04705189827703915,-0.020424712431948655,0.019179569874584024,0.059430971590258314,-0.099651249918234,0.3118059458104724,0.16193140645200044,-0.5851741392628858,-0.9539673386238215,-0.10258630944547203,0.7774875812370353,-0.956410681375932
2020-11-04,-0.047155146206605325,-0.020310830102189814,0.022154322068061116,0.052596412705513296,-0.10048835426831862,0.31953294610284283,0.16193140645200044,-0.5851741392628858,-0.9539673386238215,-0.10258630944547203,0.7774875812370353,-0.956410681375932
2020-11-05,-0.04755975288303249,-0.02023710716359972,0.014241608189225152,0.07529867394604256,-0.09169083771175139,0.31935089672903993,0.16193140645200044,-0.5851741392628858,-0.9539673386238215,-0.10258630944547203,0.7774875812370353,-0.956410681375932
2020-11-06,-0.04735440422811832,-0.02168195926422134,0.010334641484784024,0.06522100999971489,-0.08941423884296372,0.32518907778245165,0.16193140645200044,-0.5851741392628858,-0.9539673386238215,-0.10258630944547203,0.7774875812370353,-0.956410681375932
2020-11-07,-0.04735440422811832,-0.02168195926422134,0.010334641484784024,0.06522100999971489,-0.08941423884296372,0.32413291433464064,0.16193140645200044,-0.5851741392628858,-0.9539673386238215,-0.10258630944547203,0.7774875812370353,-0.956410681375932
2020-11-08,-0.04735440422811832,-0.02168195926422134,0.010334641484784024,0.06522100999971489,-0.08941423884296372,0.3242507490931442,0.16193140645200044,-0.5851741392628858,-0.9539673386238215,-0.10258630944547203,0.7774875812370353,-0.956410681375932
2020-11-09,-0.044982505030185194,-0.022382485414271458,0.015069561792933062,0.08892813691940323,-0.08340885774030171,0.33185887538295483,0.16193140645200044,-0.5851741392628858,-0.9539673386238215,-0.10258630944547203,0.7774875812370353,-0.956410681375932
2020-11-10,-0.04416003347704123,-0.02269471985104643,0.01489701784814712,0.07732036746938083,-0.08402046336605286,0.3323295309058665,0.16193140645200044,-0.5851741392628858,-0.9539673386238215,-0.10258630944547203,0.7774875812370353,-0.956410681375932
2020-11-11,-0.04341219201943025,-0.022000694674530696,0.017766055965367844,0.061716709093128874,-0.08194993089545796,0.33729182314557343,0.16193140645200044,-0.5851741392628858,-0.9539673386238215,-0.10258630944547203,0.7774875812370353,-0.956410681375932
2020-11-12,-0.04259156754932969,-0.02214966423974496,0.017507935939555797,0.06626022856303462,-0.08551479684834862,0.341104181393688,0.16193140645200044,-0.5851741392628858,-0.9539673386238215,-0.10258630944547203,0.7774875812370353,-0.956410681375932
2020-11-13,-0.041272671190070276,-0.022405722295064656,0.014872280360572088,0.07152533387013556,-0.0860986052481646,0.33617025324221533,0.16193140645200044,-0.5851741392628858,-0.9539673386238215,-0.10258630944547203,0.7774875812370353,-0.956410681375932
2020-11-14,-0.041272671190070276,-0.022405722295064656,0.014872280360572088,0.07152533387013556,-0.0860986052481646,0.32965196806011204,0.16193140645200044,-0.5851741392628858,-0.9539673386238215,-0.10258630944547203,0.7774875812370353,-0.956410681375932
2020-11-15,-0.041272671190070276,-0.022405722295064656,0.014872280360572088,0.07152533387013556,-0.0860986052481646,0.330242373055305,0.16193140645200044,-0.5851741392628858,-0.9539673386238215,-0.10258630944547203,0.7774875812370353,-0.956410681375932
2020-11-16,-0.04087406714340003,-0.021185929529158543,0.012520887321989749,0.08343526848491988,-0.07492715844511157,0.34083785117251414,0.16193140645200044,-0.5851741392628858,-0.9539673386238215,-0.10258630944547203,0.7774875812370353,-0.956410681375932
2020-11-17,-0.04032419396052622,-0.020891692515820348,0.011742450034843865,0.06912273521668233,-0.07378262573659175,0.346220191182955,0.16193140645200044,-0.5851741392628858,-0.9539673386238215,-0.10258630944547203,0.7774875812370353,-0.956410681375932
2020-11-18,-0.03758591485554863,-0.021635213496244088,0.01217525210363768,0.07116458476899269,-0.07013664910870031,0.34511866962727467,0.16193140645200044,-0.5851741392628858,-0.9539673386238215,-0.10258630944547203,0.7774875812370353,-0.956410681375932
2020-11-19,-0.03624038967432919,-0.021923880164167686,0.01114779187716386,0.07301850125986654,-0.07243426344217001,0.35179769347004763,0.16193140645200044,-0.5851741392628858,-0.9539673386238215,-0.10258630944547203,0.7774875812370353,-0.956410681375932
2020-11-20,-0.03643437261858973,-0.021566541378934323,0.011440107231298402,0.08841323801407915,-0.06266600224060336,0.35532972113707767,0.16193140645200044,-0.5851741392628858,-0.9539673386238215,-0.10258630944547203,0.7774875812370353,-0.956410681375932
2020-11-21,-0.03643437261858973,-0.021566541378934323,0.011440107231298402,0.08841323801407915,-0.06266600224060336,0.3531620310405675,0.16193140645200044,-0.5851741392628858,-0.9539673386238215,-0.10258630944547203,0.7774875812370353,-0.956410681375932
2020-11-22,-0.03643437261858973,-0.021566541378934323,0.011440107231298402,0.08841323801407915,-0.06266600224060336,0.35442280076946436,0.16193140645200044,-0.5851741392628858,-0.9539673386238215,-0.10258630944547203,0.7774875812370353,-0.956410681375932
2020-11-23,-0.03962498397851533,-0.01918665229587546,0.012544086970023294,0.09351564911341333,-0.06090146445992059,0.3497145087951883,0.16193140645200044,-0.5851741392628858,-0.9539673386238215,-0.10258630944547203,0.7774875812370353,-0.956410681375932
2020-11-24,-0.03845240468231492,-0.019421925831384024,0.008500625161276809,0.09811840978151484,-0.05772983174031159,0.3511571854487549,0.16193140645200044,-0.5851741392628858,-0.9539673386238215,-0.10258630944547203,0.7774875812370353,-0.956410681375932
2020-11-25,-0.03898573408843631,-0.01863444866724462,0.007024305972384015,0.08009778062680345,-0.05911515497224786,0.34900259763557107,0.16193140645200044,-0.5851741392628858,-0.9539673386238215,-0.10258630944547203,0.7774875812370353,-0.956410681375932
2020-11-26,-0.03863878164510259,-0.0188365864429777,0.007437416805672115,0.06919030173119275,-0.055889516261216354,0.3549526696044663,0.16193140645200044,-0.5851741392628858,-0.9539673386238215,-0.10258630944547203,0.7774875812370353,-0.956410681375932
2020-11-27,-0.037959360226079486,-0.01918130923576622,0.0047424383763664535,0.060488681119287256,-0.0481242682415869,0.3532117231334169,0.16193140645200044,-0.5851741392628858,-0.9539673386238215,-0.10258630944547203,0.7774875812370353,-0.956410681375932
2020-11-28,-0.037959360226079486,-0.01918130923576622,0.0047424383763664535,0.060488681119287256,-0.0481242682415869,0.35938028894278673,0.16193140645200044,-0.5851741392628858,-0.9539673386238215,-0.10258630944547203,0.7774875812370353,-0.956410681375932
2020-11-29,-0.037959360226079486,-0.01918130923576622,0.0047424383763664535,0.060488681119287256,-0.0481242682415869,0.3629821050928155,0.16193140645200044,-0.5851741392628858,-0.9539673386238215,-0.10258630944547203,0.7774875812370353,-0.956410681375932
2020-11-30,-0.041619784805861926,-0.017086694299603522,0.006485832546892056,0.05613151728246301,-0.047196908469486196,0.36093250025949913,0.3216991582987561,-0.9974261640367208,-1.0108232856314578,-0.49650869865625696,0.8931014220179145,-1.3558047801086555
2020-12-01,-0.03944391359227106,-0.017937363621110758,-0.0017373686278510103,0.06708167437854932,-0.04545029544654551,0.3690498841410436,0.3216991582987561,-0.9974261640367208,-1.0108232856314578,-0.49650869865625696,0.8931014220179145,-1.3558047801086555
2020-12-02,-0.037729896908194505,-0.01975690501944305,-0.0017373686278510103,0.07465149014622688,-0.04580381039047451,0.3727008451804059,0.3216991582987561,-0.9974261640367208,-1.0108232856314578,-0.49650869865625696,0.8931014220179145,-1.3558047801086555
2020-12-03,-0.03814782023979091,-0.019863365432237545,-0.0017373686278510103,0.06988174115983813,-0.0463310832855624,0.3737072167725825,0.3216991582987561,-0.9974261640367208,-1.0108232856314578,-0.49650869865625696,0.8931014220179145,-1.3558047801086555
2020-12-04,-0.03976514976252621,-0.018663038630216344,-0.006168213449575299,0.07391934430254893,-0.04542096351187361,0.3831719546257001,0.3216991582987561,-0.9974261640367208,-1.0108232856314578,-0.49650869865625696,0.8931014220179145,-1.3558047801086555
2020-12-05,-0.03976514976252621,-0.018663038630216344,-0.006168213449575299,0.07391934430254893,-0.04542096351187361,0.38390321356627066,0.3216991582987561,-0.9974261640367208,-1.0108232856314578,-0.49650869865625696,0.8931014220179145,-1.3558047801086555
2020-12-06,-0.03976514976252621,-0.018663038630216344,-0.006168213449575299,0.07391934430254893,-0.04542096351187361,0.3850509431174899,0.3216991582987561,-0.9974261640367208,-1.0108232856314578,-0.49650869865625696,0.8931014220179145,-1.3558047801086555
2020-12-07,-0.03887847312950221,-0.019239747867343837,-0.006168213449575299,0.07301499586352372,-0.04116675068671212,0.40020364343276066,0.3216991582987561,-0.9974261640367208,-1.0108232856314578,-0.49650869865625696,0.8931014220179145,-1.3558047801086555
2020-12-08,-0.04061870077861762,-0.018005671188288774,-0.006168213449575299,0.076131380847309,-0.04185114878524627,0.4025799659268274,0.3216991582987561,-0.9974261640367208,-1.0108232856314578,-0.49650869865625696,0.8931014220179145,-1.3558047801086555
2020-12-09,-0.040407717027515444,-0.017852441462976154,-0.006168213449575299,0.054020655239650966,-0.03994334644654422,0.41389592220487237,0.3216991582987561,-0.9974261640367208,-1.0108232856314578,-0.49650869865625696,0.8931014220179145,-1.3558047801086555
2020-12-10,-0.04073948287222162,-0.017188590764652734,-0.006168213449575299,0.05739749117171691,-0.038153228882745006,0.4236584260803635,0.3216991582987561,-0.9974261640367208,-1.0108232856314578,-0.49650869865625696,0.8931014220179145,-1.3558047801086555
2020-12-11,-0.03819538891706864,-0.018774216795837795,-0.004141223639605673,0.03803192907512688,-0.03586577450334582,0.4234081217667304,0.3216991582987561,-0.9974261640367208,-1.0108232856314578,-0.49650869865625696,0.8931014220179145,-1.3558047801086555
2020-12-12,-0.03819538891706864,-0.018774216795837795,-0.004141223639605673,0.03803192907512688,-0.03586577450334582,0.4245093022542886,0.3216991582987561,-0.9974261640367208,-1.0108232856314578,-0.49650869865625696,0.8931014220179145,-1.3558047801086555
2020-12-13,-0.03819538891706864,-0.018774216795837795,-0.004141223639605673,0.03803192907512688,-0.03586577450334582,0.4292925329781189,0.3216991582987561,-0.9974261640367208,-1.0108232856314578,-0.49650869865625696,0.8931014220179145,-1.3558047801086555
2020-12-14,-0.03823326886079592,-0.019200975065175596,-0.004141223639605673,0.05066524604273165,-0.03404596826657277,0.4237664698779711,0.3216991582987561,-0.9974261640367208,-1.0108232856314578,-0.49650869865625696,0.8931014220179145,-1.3558047801086555
2020-12-15,-0.03920022301833048,-0.018155697012880667,-0.004141223639605673,0.05411258425874466,-0.0360600424314774,0.43370049356264917,0.3216991582987561,-0.9974261640367208,-1.0108232856314578,-0.49650869865625696,0.8931014220179145,-1.3558047801086555
2020-12-16,-0.039444093153279014,-0.018404097468774472,-0.004141223639605673,0.04204587079252263,-0.03314743462723731,0.44363042111699214,0.3216991582987561,-0.9974261640367208,-1.0108232856314578,-0.49650869865625696,0.8931014220179145,-1.3558047801086555
2020-12-17,-0.038954369983488,-0.01919566879485113,-0.004141223639605673,0.04860762220687786,-0.026258709011319433,0.4500924518054566,0.3216991582987561,-0.9974261640367208,-1.0108232856314578,-0.49650869865625696,0.8931014220179145,-1.3558047801086555
2020-12-18,-0.03842760706255077,-0.018968504826123667,-0.015640910311622847,0.04788077827516862,-0.025357824227247052,0.4677497081196062,0.3216991582987561,-0.9974261640367208,-1.0108232856314578,-0.49650869865625696,0.8931014220179145,-1.3558047801086555
2020-12-19,-0.03842760706255077,-0.018968504826123667,-0.015640910311622847,0.04788077827516862,-0.025357824227247052,0.4657570273308198,0.3216991582987561,-0.9974261640367208,-1.0108232856314578,-0.49650869865625696,0.8931014220179145,-1.3558047801086555
2020-12-20,-0.03842760706255077,-0.018968504826123667,-0.015640910311622847,0.04788077827516862,-0.025357824227247052,0.4688577587009052,0.3216991582987561,-0.9974261640367208,-1.0108232856314578,-0.49650869865625696,0.8931014220179145,-1.3558047801086555
2020-12-21,-0.03966368020020916,-0.01800330217105417,-0.015640910311622847,0.06879108090518543,-0.02994928227039414,0.4855175408596579,0.3216991582987561,-0.9974261640367208,-1.0108232856314578,-0.49650869865625696,0.8931014220179145,-1.3558047801086555
2020-12-22,-0.042984874695494724,-0.01678751028445946,-0.015640910311622847,0.049222600177792966,-0.03789467026086467,0.4728527804745687,0.3216991582987561,-0.9974261640367208,-1.0108232856314578,-0.49650869865625696,0.8931014220179145,-1.3558047801086555
2020-12-23,-0.04324248601028635,-0.01680730769536054,-0.015640910311622847,0.05728041093386259,-0.03640659070626324,0.4620474783507849,0.3216991582987561,-0.9974261640367208,-1.0108232856314578,-0.49650869865625696,0.8931014220179145,-1.3558047801086555
2020-12-24,-0.04205421959153288,-0.018034338727247246,-0.015640910311622847,0.03432098505412396,-0.0355765758034068,0.46541934704461985,0.3216991582987561,-0.9974261640367208,-1.0108232856314578,-0.49650869865625696,0.8931014220179145,-1.3558047801086555
2020-12-25,-0.04455307183850843,-0.016702143252903312,-0.012471179571907909,0.04637656888695754,-0.03366246160338271,0.4736856222932564,0.3216991582987561,-0.9974261640367208,-1.0108232856314578,-0.49650869865625696,0.8931014220179145,-1.3558047801086555
2020-12-26,-0.04455307183850843,-0.016702143252903312,-0.012471179571907909,0.04637656888695754,-0.03366246160338271,0.47541502890308573,0.3216991582987561,-0.9974261640367208,-1.0108232856314578,-0.49650869865625696,0.8931014220179145,-1.3558047801086555
2020-12-27,-0.04455307183850843,-0.016702143252903312,-0.012471179571907909,0.04637656888695754,-0.03366246160338271,0.47582043094949367,0.3216991582987561,-0.9974261640367208,-1.0108232856314578,-0.49650869865625696,0.8931014220179145,-1.3558047801086555
2020-12-28,-0.04633157546975053,-0.016097360192369736,-0.012471179571907909,0.035671438995242805,-0.03386304430892197,0.46626130093587415,0.3216991582987561,-0.9974261640367208,-1.0108232856314578,-0.49650869865625696,0.8931014220179145,-1.3558047801086555
2020-12-29,-0.04716862874996608,-0.015472315764487155,-0.012471179571907909,0.028672126482379462,-0.031542782442364525,0.4690728405479689,0.3216991582987561,-0.9974261640367208,-1.0108232856314578,-0.49650869865625696,0.8931014220179145,-1.3558047801086555
2020-12-30,-0.049167742340705645,-0.014457710515141553,-0.012471179571907909,0.03186659416970374,-0.027272543896161437,0.4726115107573266,0.3216991582987561,-0.9974261640367208,-1.0108232856314578,-0.49650869865625696,0.8931014220179145,-1.3558047801086555
2020-12-31,-0.04814468131714511,-0.01451995838894038,-0.015087645568936603,0.05536120643610125,-0.028009206478302573,0.4921309094499571,0.42924522326132575,-1.0278801964083675,-1.067418971382317,-0.14920185870175853,0.7136486343710714,-1.7372203448713188
2021-01-01,-0.04814468131714511,-0.01451995838894038,-0.015087645568936603,0.05536120643610125,-0.028009206478302573,0.493584053815396,0.42924522326132575,-1.0278801964083675,-1.067418971382317,-0.14920185870175853,0.7136486343710714,-1.7372203448713188
2021-01-02,-0.04814468131714511,-0.01451995838894038,-0.015087645568936603,0.05536120643610125,-0.028009206478302573,0.4953227204619439,0.42924522326132575,-1.0278801964083675,-1.067418971382317,-0.14920185870175853,0.7136486343710714,-1.7372203448713188
2021-01-03,-0.04814468131714511,-0.01451995838894038,-0.015087645568936603,0.05536120643610125,-0.028009206478302573,0.49734727324986255,0.42924522326132575,-1.0278801964083675,-1.067418971382317,-0.14920185870175853,0.7136486343710714,-1.7372203448713188
2021-01-04,-0.04599332366982389,-0.016431069794314523,-0.015087645568936603,0.0598122710774621,-0.02618621818502939,0.49740029494170435,0.42924522326132575,-1.0278801964083675,-1.067418971382317,-0.14920185870175853,0.7136486343710714,-1.7372203448713188
2021-01-05,-0.04792693361100142,-0.015399851353849248,-0.015087645568936603,0.05324236961660909,-0.023435568160904873,0.4980453941086289,0.42924522326132575,-1.0278801964083675,-1.067418971382317,-0.14920185870175853,0.7136486343710714,-1.7372203448713188
2021-01-06,-0.04845316932708832,-0.014707865350538696,-0.015087645568936603,0.032124635157998495,-0.018738186580538344,0.49602484721694073,0.42924522326132575,-1.0278801964083675,-1.067418971382317,-0.14920185870175853,0.7136486343710714,-1.7372203448713188
2021-01-07,-0.04991648082705036,-0.014098364325273782,-0.015087645568936603,0.002520248518213794,-0.01908702916226017,0.5138155104640163,0.42924522326132575,-1.0278801964083675,-1.067418971382317,-0.14920185870175853,0.7136486343710714,-1.7372203448713188
2021-01-08,-0.04829411041908649,-0.015492473093986936,-0.014142802190621362,0.0012043227310729444,-0.011700751036489243,0.5172471311496695,0.42924522326132575,-1.0278801964083675,-1.067418971382317,-0.14920185870175853,0.7136486343710714,-1.7372203448713188
2021-01-09,-0.04829411041908649,-0.015492473093986936,-0.014142802190621362,0.0012043227310729444,-0.011700751036489243,0.519534217587974,0.42924522326132575,-1.0278801964083675,-1.067418971382317,-0.14920185870175853,0.7136486343710714,-1.7372203448713188
2021-01-10,-0.04829411041908649,-0.015492473093986936,-0.014142802190621362,0.0012043227310729444,-0.011700751036489243,0.5222838992101501,0.42924522326132575,-1.0278801964083675,-1.067418971382317,-0.14920185870175853,0.7136486343710714,-1.7372203448713188
2021-01-11,-0.04704618855274545,-0.016733333854091925,-0.009456360665639929,-0.02103513855727938,-0.010847643015627207,0.5136355048956687,0.42924522326132575,-1.0278801964083675,-1.067418971382317,-0.14920185870175853,0.7136486343710714,-1.7372203448713188
2021-01-12,-0.04723079469501934,-0.016048437965137885,-0.014430440184591053,-0.018289317784397647,-0.004508083438492653,0.5097674821707557,0.42924522326132575,-1.0278801964083675,-1.067418971382317,-0.14920185870175853,0.7136486343710714,-1.7372203448713188
2021-01-13,-0.048857531575542956,-0.01470643346964684,-0.011497725979812023,-0.027565341404548537,-0.004068084219297695,0.5123560824900059,0.42924522326132575,-1.0278801964083675,-1.067418971382317,-0.14920185870175853,0.7136486343710714,-1.7372203448713188
2021-01-14,-0.05100008754695462,-0.014593570407991474,-0.011730327909300398,-0.02136341892479614,-0.0008582776603927398,0.5125657280681433,0.42924522326132575,-1.0278801964083675,-1.067418971382317,-0.14920185870175853,0.7136486343710714,-1.7372203448713188
2021-01-15,-0.04856603701884987,-0.01664031050371384,-0.0063792388574290815,-0.016404247083525465,-0.0004047575178858255,0.5232269701987506,0.42924522326132575,-1.0278801964083675,-1.067418971382317,-0.14920185870175853,0.7136486343710714,-1.7372203448713188
2021-01-16,-0.04856603701884987,-0.01664031050371384,-0.0063792388574290815,-0.016404247083525465,-0.0004047575178858255,0.5236745579132976,0.42924522326132575,-1.0278801964083675,-1.067418971382317,-0.14920185870175853,0.7136486343710714,-1.7372203448713188
2021-01-17,-0.04856603701884987,-0.01664031050371384,-0.0063792388574290815,-0.016404247083525465,-0.0004047575178858255,0.5225118396089179,0.42924522326132575,-1.0278801964083675,-1.067418971382317,-0.14920185870175853,0.7136486343710714,-1.7372203448713188
2021-01-18,-0.04719556058042229,-0.017629196467461083,-0.006202920602979889,0.005301123254525194,0.006314155193491345,0.5224731875924215,0.42924522326132575,-1.0278801964083675,-1.067418971382317,-0.14920185870175853,0.7136486343710714,-1.7372203448713188
2021-01-19,-0.04760226218866637,-0.017287312422343937,-0.010026148641454458,0.005735923853412893,0.012064145782064311,0.5112080742264141,0.42924522326132575,-1.0278801964083675,-1.067418971382317,-0.14920185870175853,0.7136486343710714,-1.7372203448713188
2021-01-20,-0.04773151987428659,-0.016027986401427996,-0.010203112386007351,0.013671133372387826,0.013945885388746877,0.5152685498615238,0.42924522326132575,-1.0278801964083675,-1.067418971382317,-0.14920185870175853,0.7136486343710714,-1.7372203448713188
2021-01-21,-0.04929387656271589,-0.015038133766207662,-0.013577080836636668,0.023535011959250438,0.015098931579578463,0.5211383380661072,0.42924522326132575,-1.0278801964083675,-1.067418971382317,-0.14920185870175853,0.7136486343710714,-1.7372203448713188
2021-01-22,-0.050337638601621104,-0.014639789137150916,-0.012222924575883809,0.019694894083010367,0.005418661687965407,0.5114689023071419,0.42924522326132575,-1.0278801964083675,-1.067418971382317,-0.14920185870175853,0.7136486343710714,-1.7372203448713188
2021-01-23,-0.050337638601621104,-0.014639789137150916,-0.012222924575883809,0.019694894083010367,0.005418661687965407,0.5108186574386216,0.42924522326132575,-1.0278801964083675,-1.067418971382317,-0.14920185870175853,0.7136486343710714,-1.7372203448713188
2021-01-24,-0.050337638601621104,-0.014639789137150916,-0.012222924575883809,0.019694894083010367,0.005418661687965407,0.5097009801397201,0.42924522326132575,-1.0278801964083675,-1.067418971382317,-0.14920185870175853,0.7136486343710714,-1.7372203448713188
2021-01-25,-0.04997275477190022,-0.015211793877429325,-0.010903853467974844,0.0013985655059260832,0.010707395571251745,0.5123373749663807,0.42924522326132575,-1.0278801964083675,-1.067418971382317,-0.14920185870175853,0.7136486343710714,-1.7372203448713188
2021-01-26,-0.04752266902929869,-0.017134815643289003,-0.012907528717603922,-0.012088490741002456,0.0060509224624274716,0.5088620962604916,0.42924522326132575,-1.0278801964083675,-1.067418971382317,-0.14920185870175853,0.7136486343710714,-1.7372203448713188
2021-01-27,-0.047877115191532704,-0.0163277558146927,-0.007283755798233704,-0.011392319027293745,0.003174062579044853,0.5161283201434107,0.42924522326132575,-1.0278801964083675,-1.067418971382317,-0.14920185870175853,0.7136486343710714,-1.7372203448713188
2021-01-28,-0.04522700571689631,-0.017020584090021607,-0.008430898970525735,-0.026406369738662727,-0.007721717091642852,0.5042895332896217,0.42924522326132575,-1.0278801964083675,-1.067418971382317,-0.14920185870175853,0.7136486343710714,-1.7372203448713188
2021-01-29,-0.045937529832920876,-0.01624949714757229,-0.008839485922246149,-0.04228910148126738,-0.010930991933090209,0.500241244157729,0.42924522326132575,-1.0278801964083675,-1.067418971382317,-0.14920185870175853,0.7136486343710714,-1.7372203448713188
2021-01-30,-0.045937529832920876,-0.01624949714757229,-0.008839485922246149,-0.04228910148126738,-0.010930991933090209,0.4976965400038688,0.42924522326132575,-1.0278801964083675,-1.067418971382317,-0.14920185870175853,0.7136486343710714,-1.7372203448713188
2021-01-31,-0.045937529832920876,-0.01624949714757229,-0.008839485922246149,-0.04228910148126738,-0.010930991933090209,0.49883603729114195,0.917912882468996,-0.8794410756180464,-1.1823456777681063,-0.20967608476396946,0.7734662302533523,-1.629542458620531
2021-02-01,-0.04660891604183359,-0.014799714596369973,-0.0039012961499332866,-0.038026276623522745,-0.003873485377671065,0.49272978564858233,0.917912882468996,-0.8794410756180464,-1.1823456777681063,-0.20967608476396946,0.7734662302533523,-1.629542458620531
2021-02-02,-0.046245796847958265,-0.0154307067266225,-0.002582121952980576,-0.03530643960103301,-0.0024890536245400856,0.48464560832044157,0.917912882468996,-0.8794410756180464,-1.1823456777681063,-0.20967608476396946,0.7734662302533523,-1.629542458620531
2021-02-03,-0.04403497551426294,-0.017378160957235544,-0.0028346305712094733,-0.054305906867057135,-0.0035872846031918077,0.49367185755591,0.917912882468996,-0.8794410756180464,-1.1823456777681063,-0.20967608476396946,0.7734662302533523,-1.629542458620531
2021-02-04,-0.04277542558367431,-0.018128201681005263,0.0021948545105470174,-0.08191221759136413,-0.0026877032795836033,0.49987156320297255,0.917912882468996,-0.8794410756180464,-1.1823456777681063,-0.20967608476396946,0.7734662302533523,-1.629542458620531
2021-02-05,-0.042362727470249384,-0.017691768707194244,-0.0036398719456761652,-0.11241959432909115,-0.0015716380555423222,0.503867286041716,0.917912882468996,-0.8794410756180464,-1.1823456777681063,-0.20967608476396946,0.7734662302533523,-1.629542458620531
2021-02-06,-0.042362727470249384,-0.017691768707194244,-0.0036398719456761652,-0.11241959432909115,-0.0015716380555423222,0.49396241254490353,0.917912882468996,-0.8794410756180464,-1.1823456777681063,-0.20967608476396946,0.7734662302533523,-1.629542458620531
2021-02-07,-0.042362727470249384,-0.017691768707194244,-0.0036398719456761652,-0.11241959432909115,-0.0015716380555423222,0.5029657887088697,0.917912882468996,-0.8794410756180464,-1.1823456777681063,-0.20967608476396946,0.7734662302533523,-1.629542458620531
2021-02-08,-0.041944619518758275,-0.0175522734098692,-0.004079495188556881,-0.10947374687739024,0.0023592504147363935,0.5082642536347726,0.917912882468996,-0.8794410756180464,-1.1823456777681063,-0.20967608476396946,0.7734662302533523,-1.629542458620531
2021-02-09,-0.04251490990559126,-0.016778057766937415,-0.00948923932525192,-0.08412679554847297,0.008925009417528173,0.5209058247692965,0.917912882468996,-0.8794410756180464,-1.1823456777681063,-0.20967608476396946,0.7734662302533523,-1.629542458620531
2021-02-10,-0.04096112571290933,-0.01711545620118682,-0.00987617205423319,-0.08678975751529835,0.01673896040689148,0.5233770232089014,0.917912882468996,-0.8794410756180464,-1.1823456777681063,-0.20967608476396946,0.7734662302533523,-1.629542458620531
2021-02-11,-0.04096112571290933,-0.01711545620118682,-0.00987617205423319,-0.08678975751529835,0.01843675796399174,0.5166151895059202,0.917912882468996,-0.8794410756180464,-1.1823456777681063,-0.20967608476396946,0.7734662302533523,-1.629542458620531
2021-02-12,-0.04096112571290933,-0.01711545620118682,-0.00987617205423319,-0.08678975751529835,0.02082795596759949,0.522418769906001,0.917912882468996,-0.8794410756180464,-1.1823456777681063,-0.20967608476396946,0.7734662302533523,-1.629542458620531
2021-02-13,-0.04096112571290933,-0.01711545620118682,-0.00987617205423319,-0.08678975751529835,0.02082795596759949,0.5167839649567314,0.917912882468996,-0.8794410756180464,-1.1823456777681063,-0.20967608476396946,0.7734662302533523,-1.629542458620531
2021-02-14,-0.04096112571290933,-0.01711545620118682,-0.00987617205423319,-0.08678975751529835,0.02082795596759949,0.5211551704309024,0.917912882468996,-0.8794410756180464,-1.1823456777681063,-0.20967608476396946,0.7734662302533523,-1.629542458620531
2021-02-15,-0.04096112571290933,-0.01711545620118682,-0.00987617205423319,-0.08678975751529835,0.02082795596759949,0.5225629750410635,0.917912882468996,-0.8794410756180464,-1.1823456777681063,-0.20967608476396946,0.7734662302533523,-1.629542458620531
2021-02-16,-0.04096112571290933,-0.01711545620118682,-0.00987617205423319,-0.08678975751529835,0.024753250655449973,0.5201281521111184,0.917912882468996,-0.8794410756180464,-1.1823456777681063,-0.20967608476396946,0.7734662302533523,-1.629542458620531
2021-02-17,-0.04096112571290933,-0.01711545620118682,-0.00987617205423319,-0.08678975751529835,0.02556650162781302,0.5206955173635388,0.917912882468996,-0.8794410756180464,-1.1823456777681063,-0.20967608476396946,0.7734662302533523,-1.629542458620531
2021-02-18,-0.03831358819563435,-0.019324675888002796,-0.008405258539524119,-0.05240072395466734,0.04192984983161928,0.5204024730204565,0.917912882468996,-0.8794410756180464,-1.1823456777681063,-0.20967608476396946,0.7734662302533523,-1.629542458620531
2021-02-19,-0.039390986195293354,-0.017942682404517907,-0.011022510314727563,-0.018342994165898865,0.05112641045965145,0.5181862998218922,0.917912882468996,-0.8794410756180464,-1.1823456777681063,-0.20967608476396946,0.7734662302533523,-1.629542458620531
2021-02-20,-0.039390986195293354,-0.017942682404517907,-0.011022510314727563,-0.018342994165898865,0.05112641045965145,0.5134491760763126,0.917912882468996,-0.8794410756180464,-1.1823456777681063,-0.20967608476396946,0.7734662302533523,-1.629542458620531
2021-02-21,-0.039390986195293354,-0.017942682404517907,-0.011022510314727563,-0.018342994165898865,0.05112641045965145,0.5149160238652254,0.917912882468996,-0.8794410756180464,-1.1823456777681063,-0.20967608476396946,0.7734662302533523,-1.629542458620531
2021-02-22,-0.03872884729747095,-0.018149478475636194,-0.014222386305692614,0.007193555287717198,0.06173207716545899,0.5007122305379136,0.917912882468996,-0.8794410756180464,-1.1823456777681063,-0.20967608476396946,0.7734662302533523,-1.629542458620531
2021-02-23,-0.03880036361160433,-0.0184252918737402,-0.013433734012491816,0.0027140969359785837,0.06637959626891135,0.49764711054011695,0.917912882468996,-0.8794410756180464,-1.1823456777681063,-0.20967608476396946,0.7734662302533523,-1.629542458620531
2021-02-24,-0.03947866837551217,-0.01808559629056128,-0.01416626969585888,0.009308799075957728,0.06372345581469452,0.4978384834217288,0.917912882468996,-0.8794410756180464,-1.1823456777681063,-0.20967608476396946,0.7734662302533523,-1.629542458620531
2021-02-25,-0.03917179902093615,-0.019063468422938823,-0.010978514231135161,-0.004118402528414862,0.0801331895827744,0.5060316932488303,0.917912882468996,-0.8794410756180464,-1.1823456777681063,-0.20967608476396946,0.7734662302533523,-1.629542458620531
2021-02-26,-0.03784828151297559,-0.019736439082853052,-0.004578974820822701,-0.010505453752529183,0.05877463999426212,0.5031221069482505,0.917912882468996,-0.8794410756180464,-1.1823456777681063,-0.20967608476396946,0.7734662302533523,-1.629542458620531
2021-02-27,-0.03784828151297559,-0.019736439082853052,-0.004578974820822701,-0.010505453752529183,0.05877463999426212,0.5014645093021329,0.917912882468996,-0.8794410756180464,-1.1823456777681063,-0.20967608476396946,0.7734662302533523,-1.629542458620531
2021-02-28,-0.03784828151297559,-0.019736439082853052,-0.004578974820822701,-0.010505453752529183,0.05877463999426212,0.4989654063415338,2.3008900390019282,-0.709859800322101,-1.179781777677073,0.3530701855371521,0.9430331967319753,-1.5564684173228691
2021-03-01,-0.040257770415010774,-0.018544226290687083,-0.0033908167958054403,0.018071720306410258,0.05876288163033928,0.4948136583806894,2.3008900390019282,-0.709859800322101,-1.179781777677073,0.3530701855371521,0.9430331967319753,-1.5564684173228691
2021-03-02,-0.040321827003230726,-0.018453616130846284,-0.005665417092492353,0.018848121778917894,0.057482532406286736,0.4983770002103931,2.3008900390019282,-0.709859800322101,-1.179781777677073,0.3530701855371521,0.9430331967319753,-1.5564684173228691
2021-03-03,-0.040077167510442546,-0.01900233763909598,-0.0025155679768731343,0.028188951413959093,0.06472547413198768,0.5017044282079236,2.3008900390019282,-0.709859800322101,-1.179781777677073,0.3530701855371521,0.9430331967319753,-1.5564684173228691
2021-03-04,-0.03989021451861696,-0.019418225823865765,0.0034679197926583694,0.02413666942406238,0.05191184809998238,0.502308052938481,2.3008900390019282,-0.709859800322101,-1.179781777677073,0.3530701855371521,0.9430331967319753,-1.5564684173228691
2021-03-05,-0.040872426502023385,-0.018676549045352875,0.0068402145901569344,0.02756113492893768,0.055910341419153214,0.5026623980800012,2.3008900390019282,-0.709859800322101,-1.179781777677073,0.3530701855371521,0.9430331967319753,-1.5564684173228691
2021-03-06,-0.040872426502023385,-0.018676549045352875,0.0068402145901569344,0.02756113492893768,0.055910341419153214,0.4999857996222757,2.3008900390019282,-0.709859800322101,-1.179781777677073,0.3530701855371521,0.9430331967319753,-1.5564684173228691
2021-03-07,-0.040872426502023385,-0.018676549045352875,0.0068402145901569344,0.02756113492893768,0.055910341419153214,0.4974002638343583,2.3008900390019282,-0.709859800322101,-1.179781777677073,0.3530701855371521,0.9430331967319753,-1.5564684173228691
2021-03-08,-0.041862070398135054,-0.018547504275155058,0.011539033359327489,0.019327221824089934,0.05133296289755105,0.5164856634325816,2.3008900390019282,-0.709859800322101,-1.179781777677073,0.3530701855371521,0.9430331967319753,-1.5564684173228691
2021-03-09,-0.04154020369707989,-0.01917618739214444,0.007425143568269732,-0.01123093934315553,0.049539509381924654,0.49496776385075586,2.3008900390019282,-0.709859800322101,-1.179781777677073,0.3530701855371521,0.9430331967319753,-1.5564684173228691
2021-03-10,-0.041504545744937116,-0.018666396508987826,0.0054466676469741016,-0.027918772990825753,0.049923592223464264,0.4948267677166004,2.3008900390019282,-0.709859800322101,-1.179781777677073,0.3530701855371521,0.9430331967319753,-1.5564684173228691
2021-03-11,-0.04104307343851954,-0.018997461317919684,0.0014165177689677844,-0.011773530879588857,0.06671943441504426,0.5013269799735405,2.3008900390019282,-0.709859800322101,-1.179781777677073,0.3530701855371521,0.9430331967319753,-1.5564684173228691
2021-03-12,-0.04060342306025233,-0.019473378092867866,0.0035928558341047356,-0.010564914037996299,0.06090419091751203,0.5090760448073272,2.3008900390019282,-0.709859800322101,-1.179781777677073,0.3530701855371521,0.9430331967319753,-1.5564684173228691
2021-03-13,-0.04060342306025233,-0.019473378092867866,0.0035928558341047356,-0.010564914037996299,0.06090419091751203,0.5021112654697091,2.3008900390019282,-0.709859800322101,-1.179781777677073,0.3530701855371521,0.9430331967319753,-1.5564684173228691
2021-03-14,-0.04060342306025233,-0.019473378092867866,0.0035928558341047356,-0.010564914037996299,0.06090419091751203,0.5017791963078267,2.3008900390019282,-0.709859800322101,-1.179781777677073,0.3530701855371521,0.9430331967319753,-1.5564684173228691
2021-03-15,-0.03947494564397225,-0.020107627160881658,0.005753555114962783,-0.002912765273713907,0.05996738170895849,0.5097654300768732,2.3008900390019282,-0.709859800322101,-1.179781777677073,0.3530701855371521,0.9430331967319753,-1.5564684173228691
2021-03-16,-0.04030938595942013,-0.01973607563628199,0.006123784330403614,0.001623129959146044,0.06415238423271954,0.49549803418023786,2.3008900390019282,-0.709859800322101,-1.179781777677073,0.3530701855371521,0.9430331967319753,-1.5564684173228691
2021-03-17,-0.04056349955449745,-0.01924878776286343,0.0005724013829457864,0.010495112833318426,0.06670643154462806,0.5047910885743164,2.3008900390019282,-0.709859800322101,-1.179781777677073,0.3530701855371521,0.9430331967319753,-1.5564684173228691
2021-03-18,-0.04054250376625257,-0.01912648866006572,0.00564032025246064,0.01284017916929327,0.06915125544633756,0.5019847293340878,2.3008900390019282,-0.709859800322101,-1.179781777677073,0.3530701855371521,0.9430331967319753,-1.5564684173228691
2021-03-19,-0.04132251367647255,-0.018448732437716497,0.006827399601636142,0.018992763195518927,0.06107676689454933,0.4816803384717294,2.3008900390019282,-0.709859800322101,-1.179781777677073,0.3530701855371521,0.9430331967319753,-1.5564684173228691
2021-03-20,-0.04132251367647255,-0.018448732437716497,0.006827399601636142,0.018992763195518927,0.06107676689454933,0.4743378660330395,2.3008900390019282,-0.709859800322101,-1.179781777677073,0.3530701855371521,0.9430331967319753,-1.5564684173228691
2021-03-21,-0.04132251367647255,-0.018448732437716497,0.006827399601636142,0.018992763195518927,0.06107676689454933,0.4743378660330395,2.3008900390019282,-0.709859800322101,-1.179781777677073,0.3530701855371521,0.9430331967319753,-1.5564684173228691
2021-03-22,-0.04247221025518111,-0.017886554116343323,0.005250129692682681,0.0397300306985571,0.06675753997090099,0.4849906560959254,2.3008900390019282,-0.709859800322101,-1.179781777677073,0.3530701855371521,0.9430331967319753,-1.5564684173228691
2021-03-23,-0.04274253971134745,-0.01801245803939744,0.011917813217403261,0.025705509557346608,0.06295821007453632,0.480206943662083,2.3008900390019282,-0.709859800322101,-1.179781777677073,0.3530701855371521,0.9430331967319753,-1.5564684173228691
2021-03-24,-0.04524607766089761,-0.017083101863024863,0.014006603018048236,0.014723190449813881,0.05305190698450836,0.4717064162699057,2.3008900390019282,-0.709859800322101,-1.179781777677073,0.3530701855371521,0.9430331967319753,-1.5564684173228691
2021-03-25,-0.04512069092117221,-0.017250059345039093,0.016199040727976954,0.012897360947137471,0.04701487576398206,0.4812783865499562,2.3008900390019282,-0.709859800322101,-1.179781777677073,0.3530701855371521,0.9430331967319753,-1.5564684173228691
2021-03-26,-0.04472358311998936,-0.017872770948073935,0.015024395815590452,0.02633814596233954,0.057151904741844395,0.4819117041455095,2.3008900390019282,-0.709859800322101,-1.179781777677073,0.3530701855371521,0.9430331967319753,-1.5564684173228691
2021-03-27,-0.04472358311998936,-0.017872770948073935,0.015024395815590452,0.02633814596233954,0.057151904741844395,0.4799355063227536,2.3008900390019282,-0.709859800322101,-1.179781777677073,0.3530701855371521,0.9430331967319753,-1.5564684173228691
2021-03-28,-0.04472358311998936,-0.017872770948073935,0.015024395815590452,0.02633814596233954,0.057151904741844395,0.47748216485025063,2.3008900390019282,-0.709859800322101,-1.179781777677073,0.3530701855371521,0.9430331967319753,-1.5564684173228691
2021-03-29,-0.044519723162371405,-0.018524831047984858,0.01731171307296764,0.030336488666009034,0.05774349426556564,0.4867201479324356,2.3008900390019282,-0.709859800322101,-1.179781777677073,0.3530701855371521,0.9430331967319753,-1.5564684173228691
2021-03-30,-0.04474976590849622,-0.0183692582070325,0.020907092902240798,0.024277411087231308,0.0572127515432922,0.4812056468201934,2.3008900390019282,-0.709859800322101,-1.179781777677073,0.3530701855371521,0.9430331967319753,-1.5564684173228691
2021-03-31,-0.04528396957913394,-0.017339683749473256,0.020531681290223425,-0.19175223456913823,0.053697054769395874,0.4788892762321244,3.7214178107614173,-0.24262736981291244,-1.092371435687721,0.2900762000556846,0.7903894156430171,-1.1120313248802132
2021-04-01,-0.04482214579311938,-0.01782603357867152,0.017259008643328744,-0.1889872655687331,0.05298514799611093,0.47806506408720606,3.7214178107614173,-0.24262736981291244,-1.092371435687721,0.2900762000556846,0.7903894156430171,-1.1120313248802132
2021-04-02,-0.04505002837714056,-0.0177388475582152,0.01815252900590425,-0.1908991087341744,0.05986993907121066,0.4936883595818304,3.7214178107614173,-0.24262736981291244,-1.092371435687721,0.2900762000556846,0.7903894156430171,-1.1120313248802132
2021-04-03,-0.04505002837714056,-0.0177388475582152,0.01815252900590425,-0.1908991087341744,0.05986993907121066,0.4912677365911425,3.7214178107614173,-0.24262736981291244,-1.092371435687721,0.2900762000556846,0.7903894156430171,-1.1120313248802132
2021-04-04,-0.04505002837714056,-0.0177388475582152,0.01815252900590425,-0.1908991087341744,0.05986993907121066,0.4917553829263314,3.7214178107614173,-0.24262736981291244,-1.092371435687721,0.2900762000556846,0.7903894156430171,-1.1120313248802132
2021-04-05,-0.04505002837714056,-0.0177388475582152,0.01815252900590425,-0.1908991087341744,0.061101232879278496,0.47794302745233785,3.7214178107614173,-0.24262736981291244,-1.092371435687721,0.2900762000556846,0.7903894156430171,-1.1120313248802132
2021-04-06,-0.044398934319654026,-0.018662568533523438,0.01089243478601487,-0.17889281953741354,0.06216913452750767,0.4730331215984368,3.7214178107614173,-0.24262736981291244,-1.092371435687721,0.2900762000556846,0.7903894156430171,-1.1120313248802132
2021-04-07,-0.04310844711367379,-0.018976500134984087,0.012062544971390476,-0.17100856971777406,0.05999189465260516,0.4615834133077491,3.7214178107614173,-0.24262736981291244,-1.092371435687721,0.2900762000556846,0.7903894156430171,-1.1120313248802132
2021-04-08,-0.04305609076379102,-0.019231387542345324,0.008393991723259941,-0.17745762263970394,0.06060173852048209,0.4593316218761074,3.7214178107614173,-0.24262736981291244,-1.092371435687721,0.2900762000556846,0.7903894156430171,-1.1120313248802132
2021-04-09,-0.043103213945883456,-0.018961352094644335,0.009556176195606558,-0.17011890012593514,0.05641588886909942,0.45198556123351363,3.7214178107614173,-0.24262736981291244,-1.092371435687721,0.2900762000556846,0.7903894156430171,-1.1120313248802132
2021-04-10,-0.043103213945883456,-0.018961352094644335,0.009556176195606558,-0.17011890012593514,0.05641588886909942,0.43754383701741645,3.7214178107614173,-0.24262736981291244,-1.092371435687721,0.2900762000556846,0.7903894156430171,-1.1120313248802132
2021-04-11,-0.043103213945883456,-0.018961352094644335,0.009556176195606558,-0.17011890012593514,0.05641588886909942,0.44042969034862395,3.7214178107614173,-0.24262736981291244,-1.092371435687721,0.2900762000556846,0.7903894156430171,-1.1120313248802132
2021-04-12,-0.04473045781989671,-0.01827139499278374,0.008492981186113746,-0.18644935861644216,0.04926563171111993,0.4307103882590879,3.7214178107614173,-0.24262736981291244,-1.092371435687721,0.2900762000556846,0.7903894156430171,-1.1120313248802132
2021-04-13,-0.04733567264034899,-0.016545851736968542,0.005289140921986957,-0.19334201944557156,0.04973532615379871,0.4495109738735032,3.7214178107614173,-0.24262736981291244,-1.092371435687721,0.2900762000556846,0.7903894156430171,-1.1120313248802132
2021-04-14,-0.04745037126970042,-0.016713771892794993,0.003447821273254159,-0.18292087047508962,0.05793514809801121,0.44558955739848644,3.7214178107614173,-0.24262736981291244,-1.092371435687721,0.2900762000556846,0.7903894156430171,-1.1120313248802132
2021-04-15,-0.04702603501188751,-0.01697035708791228,0.00393901793748308,-0.18194702755356582,0.0629996145270508,0.4566171630280531,3.7214178107614173,-0.24262736981291244,-1.092371435687721,0.2900762000556846,0.7903894156430171,-1.1120313248802132
2021-04-16,-0.0474192602725948,-0.016466890627848896,0.002302499575747019,-0.17088903570247968,0.0677788800402746,0.4606469569375154,3.7214178107614173,-0.24262736981291244,-1.092371435687721,0.2900762000556846,0.7903894156430171,-1.1120313248802132
2021-04-17,-0.0474192602725948,-0.016466890627848896,0.002302499575747019,-0.17088903570247968,0.0677788800402746,0.46296802250619024,3.7214178107614173,-0.24262736981291244,-1.092371435687721,0.2900762000556846,0.7903894156430171,-1.1120313248802132
2021-04-18,-0.0474192602725948,-0.016466890627848896,0.002302499575747019,-0.17088903570247968,0.0677788800402746,0.46271158146455194,3.7214178107614173,-0.24262736981291244,-1.092371435687721,0.2900762000556846,0.7903894156430171,-1.1120313248802132
2021-04-19,-0.048038581209083,-0.016024993947804322,-0.002768095344915622,-0.16640651012894087,0.07247403500126204,0.45480366135734457,3.7214178107614173,-0.24262736981291244,-1.092371435687721,0.2900762000556846,0.7903894156430171,-1.1120313248802132
2021-04-20,-0.04866272873713584,-0.0154544973081161,-0.0008898826126102488,-0.16706938057739149,0.07090751029516507,0.4690774459725245,3.7214178107614173,-0.24262736981291244,-1.092371435687721,0.2900762000556846,0.7903894156430171,-1.1120313248802132
2021-04-21,-0.04867210073028805,-0.01526249813236924,-0.0021616032725894074,-0.17024505057682662,0.06704032679468823,0.46550986062974514,3.7214178107614173,-0.24262736981291244,-1.092371435687721,0.2900762000556846,0.7903894156430171,-1.1120313248802132
2021-04-22,-0.048283687320965885,-0.015761700045101246,-0.00021866207674758886,-0.16464399684770903,0.06951861629174864,0.4598040550508402,3.7214178107614173,-0.24262736981291244,-1.092371435687721,0.2900762000556846,0.7903894156430171,-1.1120313248802132
2021-04-23,-0.04808888429078917,-0.015912242872144877,-0.005236410444335982,-0.17377857772542207,0.07089060320015646,0.46557273672540783,3.7214178107614173,-0.24262736981291244,-1.092371435687721,0.2900762000556846,0.7903894156430171,-1.1120313248802132
2021-04-24,-0.04808888429078917,-0.015912242872144877,-0.005236410444335982,-0.17377857772542207,0.07089060320015646,0.46803337578843573,3.7214178107614173,-0.24262736981291244,-1.092371435687721,0.2900762000556846,0.7903894156430171,-1.1120313248802132
2021-04-25,-0.04808888429078917,-0.015912242872144877,-0.005236410444335982,-0.17377857772542207,0.07089060320015646,0.46391781925022574,3.7214178107614173,-0.24262736981291244,-1.092371435687721,0.2900762000556846,0.7903894156430171,-1.1120313248802132
2021-04-26,-0.04490578690259606,-0.017875140987623328,-0.004597770527138834,-0.17085941510338168,0.07472063052718965,0.4700573573609577,3.7214178107614173,-0.24262736981291244,-1.092371435687721,0.2900762000556846,0.7903894156430171,-1.1120313248802132
2021-04-27,-0.044409289560686016,-0.018098522339520917,-0.004421706439811213,-0.1756356928904592,0.08249551792656777,0.47458785467081666,3.7214178107614173,-0.24262736981291244,-1.092371435687721,0.2900762000556846,0.7903894156430171,-1.1120313248802132
2021-04-28,-0.04551990450881016,-0.01793615500439727,-0.00844846347013295,-0.17120916602349895,0.08198942188002095,0.4663510198574475,3.7214178107614173,-0.24262736981291244,-1.092371435687721,0.2900762000556846,0.7903894156430171,-1.1120313248802132
2021-04-29,-0.04596595580575413,-0.017613893452437246,-0.007476367055843092,-0.17981487022797044,0.08556089281538996,0.47122156781609337,3.7214178107614173,-0.24262736981291244,-1.092371435687721,0.2900762000556846,0.7903894156430171,-1.1120313248802132
2021-04-30,-0.047973857939580755,-0.016708836167241836,-0.00022583181846269618,-0.17987222727563196,0.08015109471813536,0.46946899368949246,3.5878049404317474,0.3962994963385845,-1.1159830539759736,0.8935585809681562,0.7490030117692825,-1.4841676463034903
2021-05-01,-0.047973857939580755,-0.016708836167241836,-0.00022583181846269618,-0.17987222727563196,0.08015109471813536,0.47306317093745087,3.5878049404317474,0.3962994963385845,-1.1159830539759736,0.8935585809681562,0.7490030117692825,-1.4841676463034903
2021-05-02,-0.047973857939580755,-0.016708836167241836,-0.00022583181846269618,-0.17987222727563196,0.08015109471813536,0.4675209233328235,3.5878049404317474,0.3962994963385845,-1.1159830539759736,0.8935585809681562,0.7490030117692825,-1.4841676463034903
2021-05-03,-0.047973857939580755,-0.016708836167241836,-0.00022583181846269618,-0.17987222727563196,0.08055787579688366,0.47246328959337264,3.5878049404317474,0.3962994963385845,-1.1159830539759736,0.8935585809681562,0.7490030117692825,-1.4841676463034903
2021-05-04,-0.047973857939580755,-0.016708836167241836,-0.00022583181846269618,-0.17987222727563196,0.08107377093445851,0.46575240829741,3.5878049404317474,0.3962994963385845,-1.1159830539759736,0.8935585809681562,0.7490030117692825,-1.4841676463034903
2021-05-05,-0.047973857939580755,-0.016708836167241836,-0.00022583181846269618,-0.17987222727563196,0.08204912933260065,0.4648155958322871,3.5878049404317474,0.3962994963385845,-1.1159830539759736,0.8935585809681562,0.7490030117692825,-1.4841676463034903
2021-05-06,-0.04856887335683657,-0.01606602468215179,-0.004696035935871312,-0.16704506189026233,0.08900076626285511,0.48410123215759077,3.5878049404317474,0.3962994963385845,-1.1159830539759736,0.8935585809681562,0.7490030117692825,-1.4841676463034903
2021-05-07,-0.048795907026554675,-0.016282433461181522,-0.011541506589492712,-0.16938920805969715,0.09251555405660143,0.4856839395209781,3.5878049404317474,0.3962994963385845,-1.1159830539759736,0.8935585809681562,0.7490030117692825,-1.4841676463034903
2021-05-08,-0.048795907026554675,-0.016282433461181522,-0.011541506589492712,-0.16938920805969715,0.09251555405660143,0.48133870145672863,3.5878049404317474,0.3962994963385845,-1.1159830539759736,0.8935585809681562,0.7490030117692825,-1.4841676463034903
2021-05-09,-0.048795907026554675,-0.016282433461181522,-0.011541506589492712,-0.16938920805969715,0.09251555405660143,0.46883664666523106,3.5878049404317474,0.3962994963385845,-1.1159830539759736,0.8935585809681562,0.7490030117692825,-1.4841676463034903
2021-05-10,-0.04895208739613999,-0.0163413438879374,-0.011707728151753805,-0.1645120186753971,0.0969478696848252,0.5022879410683063,3.5878049404317474,0.3962994963385845,-1.1159830539759736,0.8935585809681562,0.7490030117692825,-1.4841676463034903
2021-05-11,-0.049955649834588556,-0.01585484246893265,-0.011962643586329147,-0.16714395788458764,0.09194800622246582,0.48734831844880666,3.5878049404317474,0.3962994963385845,-1.1159830539759736,0.8935585809681562,0.7490030117692825,-1.4841676463034903
2021-05-12,-0.050468367947785975,-0.0155999613146105,-0.006042663097875378,-0.15540320246080472,0.09298449269627077,0.4905578384871598,3.5878049404317474,0.3962994963385845,-1.1159830539759736,0.8935585809681562,0.7490030117692825,-1.4841676463034903
2021-05-13,-0.04988626854391798,-0.017076949583302636,-0.005866329297992134,-0.16383350539576616,0.08369672094600325,0.4761404224626047,3.5878049404317474,0.3962994963385845,-1.1159830539759736,0.8935585809681562,0.7490030117692825,-1.4841676463034903
2021-05-14,-0.0494837619784847,-0.01661280278988342,-0.010802805227162482,-0.1600435146872302,0.08405096539413702,0.4469285921376166,3.5878049404317474,0.3962994963385845,-1.1159830539759736,0.8935585809681562,0.7490030117692825,-1.4841676463034903
2021-05-15,-0.0494837619784847,-0.01661280278988342,-0.010802805227162482,-0.1600435146872302,0.08405096539413702,0.4519236650516504,3.5878049404317474,0.3962994963385845,-1.1159830539759736,0.8935585809681562,0.7490030117692825,-1.4841676463034903
2021-05-16,-0.0494837619784847,-0.01661280278988342,-0.010802805227162482,-0.1600435146872302,0.08405096539413702,0.44627105180645144,3.5878049404317474,0.3962994963385845,-1.1159830539759736,0.8935585809681562,0.7490030117692825,-1.4841676463034903
2021-05-17,-0.049675211668835706,-0.017308618594604086,-0.012220223974740096,-0.16912836275432774,0.08675004022784738,0.44592937951680195,3.5878049404317474,0.3962994963385845,-1.1159830539759736,0.8935585809681562,0.7490030117692825,-1.4841676463034903
2021-05-18,-0.049304869039486277,-0.0173827383039864,-0.016533962511174116,-0.16274039136367363,0.09702551041094011,0.43785565269783094,3.5878049404317474,0.3962994963385845,-1.1159830539759736,0.8935585809681562,0.7490030117692825,-1.4841676463034903
2021-05-19,-0.05121450526159099,-0.016616653165925532,-0.01178945322262781,-0.16293919115377284,0.08909556605299375,0.42008594751108824,3.5878049404317474,0.3962994963385845,-1.1159830539759736,0.8935585809681562,0.7490030117692825,-1.4841676463034903
2021-05-20,-0.05309245708921828,-0.015532404159646518,-0.016533727947171672,-0.17182217220897114,0.08581789739076104,0.4069758345239481,3.5878049404317474,0.3962994963385845,-1.1159830539759736,0.8935585809681562,0.7490030117692825,-1.4841676463034903
2021-05-21,-0.05479686293686481,-0.014061311791757847,-0.01389411820845965,-0.16629438126342103,0.08118615776141189,0.3845499576062566,3.5878049404317474,0.3962994963385845,-1.1159830539759736,0.8935585809681562,0.7490030117692825,-1.4841676463034903
2021-05-22,-0.05479686293686481,-0.014061311791757847,-0.01389411820845965,-0.16629438126342103,0.08118615776141189,0.3946612892278289,3.5878049404317474,0.3962994963385845,-1.1159830539759736,0.8935585809681562,0.7490030117692825,-1.4841676463034903
2021-05-23,-0.05479686293686481,-0.014061311791757847,-0.01389411820845965,-0.16629438126342103,0.08118615776141189,0.3876525951872325,3.5878049404317474,0.3962994963385845,-1.1159830539759736,0.8935585809681562,0.7490030117692825,-1.4841676463034903
2021-05-24,-0.054514313617518906,-0.015083333461338277,-0.015904715500262845,-0.16022391114652892,0.07900508639845441,0.3763968972936962,3.5878049404317474,0.3962994963385845,-1.1159830539759736,0.8935585809681562,0.7490030117692825,-1.4841676463034903
2021-05-25,-0.054835247846707236,-0.015481511754350419,-0.017585443890102748,-0.1651691052198819,0.08593210062704865,0.3848921091674619,3.5878049404317474,0.3962994963385845,-1.1159830539759736,0.8935585809681562,0.7490030117692825,-1.4841676463034903
2021-05-26,-0.055348577868233995,-0.014789929202189911,-0.01347131872704288,-0.15803641237616953,0.08833686324330299,0.36614438683352984,3.5878049404317474,0.3962994963385845,-1.1159830539759736,0.8935585809681562,0.7490030117692825,-1.4841676463034903
2021-05-27,-0.05472069186833328,-0.01557951666273738,-0.013982089324422464,-0.14978427121033802,0.10091885024693727,0.38463766777402897,3.5878049404317474,0.3962994963385845,-1.1159830539759736,0.8935585809681562,0.7490030117692825,-1.4841676463034903
2021-05-28,-0.05367942305226425,-0.0162165960474836,-0.013804339196664461,-0.15221368614581493,0.10556537003814757,0.385841346447507,3.5878049404317474,0.3962994963385845,-1.1159830539759736,0.8935585809681562,0.7490030117692825,-1.4841676463034903
2021-05-29,-0.05367942305226425,-0.0162165960474836,-0.013804339196664461,-0.15221368614581493,0.10556537003814757,0.3824332685926967,3.5878049404317474,0.3962994963385845,-1.1159830539759736,0.8935585809681562,0.7490030117692825,-1.4841676463034903
2021-05-30,-0.05367942305226425,-0.0162165960474836,-0.013804339196664461,-0.15221368614581493,0.10556537003814757,0.38446323350261563,3.5878049404317474,0.3962994963385845,-1.1159830539759736,0.8935585809681562,0.7490030117692825,-1.4841676463034903
2021-05-31,-0.05428659954686654,-0.015547032565969676,-0.01659229876569701,-0.13608719790501284,0.10647741538198596,0.37687581945186516,2.683221260994359,0.9481760106087087,-1.0341148634275992,0.47653839708083057,0.549611025495012,-1.772597460102728
2021-06-01,-0.05478364368749278,-0.014757716054978331,-0.015233406374380642,-0.12896725594049788,0.10983524856139276,0.381637093218575,2.683221260994359,0.9481760106087087,-1.0341148634275992,0.47653839708083057,0.549611025495012,-1.772597460102728
2021-06-02,-0.05316387778247844,-0.015824310534451547,-0.01513329625324733,-0.13892648130788826,0.10697789126489415,0.3776511479392442,2.683221260994359,0.9481760106087087,-1.0341148634275992,0.47653839708083057,0.549611025495012,-1.772597460102728
2021-06-03,-0.053151437702198434,-0.016045806134356466,-0.008882601113663346,-0.13666501867469277,0.09987631991972108,0.38891007184147786,2.683221260994359,0.9481760106087087,-1.0341148634275992,0.47653839708083057,0.549611025495012,-1.772597460102728
2021-06-04,-0.04999576474768408,-0.017288508490537646,-0.012861732778708834,-0.13762313113012764,0.09536878070955633,0.387359402242886,2.683221260994359,0.9481760106087087,-1.0341148634275992,0.47653839708083057,0.549611025495012,-1.772597460102728
2021-06-05,-0.04999576474768408,-0.017288508490537646,-0.012861732778708834,-0.13762313113012764,0.09536878070955633,0.3925728846129145,2.683221260994359,0.9481760106087087,-1.0341148634275992,0.47653839708083057,0.549611025495012,-1.772597460102728
2021-06-06,-0.04999576474768408,-0.017288508490537646,-0.012861732778708834,-0.13762313113012764,0.09536878070955633,0.3911253419650023,2.683221260994359,0.9481760106087087,-1.0341148634275992,0.47653839708083057,0.549611025495012,-1.772597460102728
2021-06-07,-0.048763402605849104,-0.018593363921086237,-0.014348771130981541,-0.12376077838723269,0.09481968804757751,0.37700224815693517,2.683221260994359,0.9481760106087087,-1.0341148634275992,0.47653839708083057,0.549611025495012,-1.772597460102728
2021-06-08,-0.04872591756082012,-0.018079744003796416,-0.01269281078511919,-0.1273560443289182,0.09710901959961886,0.37227487082694427,2.683221260994359,0.9481760106087087,-1.0341148634275992,0.47653839708083057,0.549611025495012,-1.772597460102728
2021-06-09,-0.0486290775644439,-0.018431162948752022,-0.012570760789002433,-0.12498078776693985,0.09599728736822026,0.3787096578236716,2.683221260994359,0.9481760106087087,-1.0341148634275992,0.47653839708083057,0.549611025495012,-1.772597460102728
2021-06-10,-0.04945594212319604,-0.017625170450941696,-0.013347347800029996,-0.11825406363719448,0.09473349114233845,0.3811828127077423,2.683221260994359,0.9481760106087087,-1.0341148634275992,0.47653839708083057,0.549611025495012,-1.772597460102728
2021-06-11,-0.04826037228693403,-0.019113058614083855,-0.008595382618167391,-0.12226914460840177,0.09804100683934157,0.38943343392354757,2.683221260994359,0.9481760106087087,-1.0341148634275992,0.47653839708083057,0.549611025495012,-1.772597460102728
2021-06-12,-0.04826037228693403,-0.019113058614083855,-0.008595382618167391,-0.12226914460840177,0.09804100683934157,0.39587014741502646,2.683221260994359,0.9481760106087087,-1.0341148634275992,0.47653839708083057,0.549611025495012,-1.772597460102728
2021-06-13,-0.04826037228693403,-0.019113058614083855,-0.008595382618167391,-0.12226914460840177,0.09804100683934157,0.3955366701575613,2.683221260994359,0.9481760106087087,-1.0341148634275992,0.47653839708083057,0.549611025495012,-1.772597460102728
2021-06-14,-0.04826037228693403,-0.019113058614083855,-0.008595382618167391,-0.12226914460840177,0.09741454050598149,0.3855656891660785,2.683221260994359,0.9481760106087087,-1.0341148634275992,0.47653839708083057,0.549611025495012,-1.772597460102728
2021-06-15,-0.04801763841597462,-0.01889633301360727,-0.008319127314065589,-0.12624890871145386,0.0865542830124553,0.36656054245726877,2.683221260994359,0.9481760106087087,-1.0341148634275992,0.47653839708083057,0.549611025495012,-1.772597460102728
2021-06-16,-0.047574776003426855,-0.018914340186585887,0.001302949331132619,-0.14460000910639642,0.0806542325918812,0.36380849132316545,2.683221260994359,0.9481760106087087,-1.0341148634275992,0.47653839708083057,0.549611025495012,-1.772597460102728
2021-06-17,-0.04692843165409233,-0.019579700369679265,0.006281503252701159,-0.1294760204022219,0.08010373629151284,0.3632465104444529,2.683221260994359,0.9481760106087087,-1.0341148634275992,0.47653839708083057,0.549611025495012,-1.772597460102728
2021-06-18,-0.04825533769933865,-0.019589474661316886,0.011213618618472476,-0.11571685776417209,0.0753539792064179,0.3567404199341908,2.683221260994359,0.9481760106087087,-1.0341148634275992,0.47653839708083057,0.549611025495012,-1.772597460102728
2021-06-19,-0.04825533769933865,-0.019589474661316886,0.011213618618472476,-0.11571685776417209,0.0753539792064179,0.3540945021696599,2.683221260994359,0.9481760106087087,-1.0341148634275992,0.47653839708083057,0.549611025495012,-1.772597460102728
2021-06-20,-0.04825533769933865,-0.019589474661316886,0.011213618618472476,-0.11571685776417209,0.0753539792064179,0.3457734304046787,2.683221260994359,0.9481760106087087,-1.0341148634275992,0.47653839708083057,0.549611025495012,-1.772597460102728
2021-06-21,-0.050572262606593865,-0.01819880122050932,0.006847421435373979,-0.0966018438711937,0.07074002155084896,0.3408606667148709,2.683221260994359,0.9481760106087087,-1.0341148634275992,0.47653839708083057,0.549611025495012,-1.772597460102728
2021-06-22,-0.05092564998047888,-0.01764910262971997,0.004790771055056764,-0.0952342573054487,0.07291717938775824,0.33237660005274305,2.683221260994359,0.9481760106087087,-1.0341148634275992,0.47653839708083057,0.549611025495012,-1.772597460102728
2021-06-23,-0.05136099410494355,-0.017153755703792073,0.005717625855074404,-0.08820497365385305,0.08164628916158487,0.34096694460566984,2.683221260994359,0.9481760106087087,-1.0341148634275992,0.47653839708083057,0.549611025495012,-1.772597460102728
2021-06-24,-0.05130075789591981,-0.017065545925388448,0.0061533889306901735,-0.10014474795500652,0.08152077867349336,0.34136859060212826,2.683221260994359,0.9481760106087087,-1.0341148634275992,0.47653839708083057,0.549611025495012,-1.772597460102728
2021-06-25,-0.05101721521184022,-0.017417459785688316,0.005728704993543388,-0.1022879910965363,0.086535410688541,0.3448731631946894,2.683221260994359,0.9481760106087087,-1.0341148634275992,0.47653839708083057,0.549611025495012,-1.772597460102728
2021-06-26,-0.05101721521184022,-0.017417459785688316,0.005728704993543388,-0.1022879910965363,0.086535410688541,0.3417552598887856,2.683221260994359,0.9481760106087087,-1.0341148634275992,0.47653839708083057,0.549611025495012,-1.772597460102728
2021-06-27,-0.05101721521184022,-0.017417459785688316,0.005728704993543388,-0.1022879910965363,0.086535410688541,0.3399050035199663,2.683221260994359,0.9481760106087087,-1.0341148634275992,0.47653839708083057,0.549611025495012,-1.772597460102728
2021-06-28,-0.05049360332875952,-0.01840628660769128,0.0064912820682977435,-0.09545167951361988,0.08424829215729997,0.3595144522381992,2.683221260994359,0.9481760106087087,-1.0341148634275992,0.47653839708083057,0.549611025495012,-1.772597460102728
2021-06-29,-0.05062769324800409,-0.018548171080385645,0.008646642165833218,-0.10032098175614797,0.08090129201852586,0.34285504141293577,2.683221260994359,0.9481760106087087,-1.0341148634275992,0.47653839708083057,0.549611025495012,-1.772597460102728
2021-06-30,-0.051406141962888174,-0.01793864436074255,0.011807555463393515,-0.1771486657695278,0.07869331303371388,0.37167690461553604,2.034922447776109,1.1532641535114043,-0.8083366380504612,0.13553095567448115,0.6045694889386762,-1.2749980360281739
2021-07-01,-0.051338638881112786,-0.018619209613520038,0.01400564323531206,-0.35773371539149773,0.08227020890806239,0.37774336716899776,2.034922447776109,1.1532641535114043,-0.8083366380504612,0.13553095567448115,0.6045694889386762,-1.2749980360281739
2021-07-02,-0.05109561138161656,-0.018761169120699472,0.010645515312757148,-0.34755369387195606,0.07574628794558097,0.37474431737407715,2.034922447776109,1.1532641535114043,-0.8083366380504612,0.13553095567448115,0.6045694889386762,-1.2749980360281739
2021-07-03,-0.05109561138161656,-0.018761169120699472,0.010645515312757148,-0.34755369387195606,0.07574628794558097,0.38055351219215877,2.034922447776109,1.1532641535114043,-0.8083366380504612,0.13553095567448115,0.6045694889386762,-1.2749980360281739
2021-07-04,-0.05109561138161656,-0.018761169120699472,0.010645515312757148,-0.34755369387195606,0.07574628794558097,0.37711646480528643,2.034922447776109,1.1532641535114043,-0.8083366380504612,0.13553095567448115,0.6045694889386762,-1.2749980360281739
2021-07-05,-0.05137817355568308,-0.01852654402993492,0.010623833920811676,-0.33587984770086926,0.07619662969877893,0.3747749453405952,2.034922447776109,1.1532641535114043,-0.8083366380504612,0.13553095567448115,0.6045694889386762,-1.2749980360281739
2021-07-06,-0.05082567130205562,-0.01887745032648247,0.013735181123309403,-0.33548124031922216,0.0810638160322252,0.3839001009232007,2.034922447776109,1.1532641535114043,-0.8083366380504612,0.13553095567448115,0.6045694889386762,-1.2749980360281739
2021-07-07,-0.05367076045788077,-0.01794663913254435,0.015594037710362163,-0.32942461651788474,0.0768575022324418,0.38207469161446,2.034922447776109,1.1532641535114043,-0.8083366380504612,0.13553095567448115,0.6045694889386762,-1.2749980360281739
2021-07-08,-0.05802679476734984,-0.015344738474554531,0.011861647902159489,-0.32614041068418126,0.06817432567506276,0.374803760051103,2.034922447776109,1.1532641535114043,-0.8083366380504612,0.13553095567448115,0.6045694889386762,-1.2749980360281739
2021-07-09,-0.05758317657611545,-0.015847612375959108,0.009046454520029612,-0.31297703397206905,0.07098501393883856,0.3796970025325618,2.034922447776109,1.1532641535114043,-0.8083366380504612,0.13553095567448115,0.6045694889386762,-1.2749980360281739
2021-07-10,-0.05758317657611545,-0.015847612375959108,0.009046454520029612,-0.31297703397206905,0.07098501393883856,0.38677891394737035,2.034922447776109,1.1532641535114043,-0.8083366380504612,0.13553095567448115,0.6045694889386762,-1.2749980360281739
2021-07-11,-0.05758317657611545,-0.015847612375959108,0.009046454520029612,-0.31297703397206905,0.07098501393883856,0.3836284834213065,2.034922447776109,1.1532641535114043,-0.8083366380504612,0.13553095567448115,0.6045694889386762,-1.2749980360281739
2021-07-12,-0.06202648797328658,-0.01388829161655647,0.010230002122531334,-0.3019852502944103,0.07080722011851792,0.3901077337008143,2.034922447776109,1.1532641535114043,-0.8083366380504612,0.13553095567448115,0.6045694889386762,-1.2749980360281739
2021-07-13,-0.06322051537015261,-0.01284189956113091,0.016650478235540445,-0.29377412226579136,0.07544004923729732,0.38262607228384315,2.034922447776109,1.1532641535114043,-0.8083366380504612,0.13553095567448115,0.6045694889386762,-1.2749980360281739
2021-07-14,-0.06325643715918083,-0.012319825739532164,0.012296889218654128,-0.29843507251318585,0.07174769369520283,0.3951044947039989,2.034922447776109,1.1532641535114043,-0.8083366380504612,0.13553095567448115,0.6045694889386762,-1.2749980360281739
2021-07-15,-0.06072763405072357,-0.01484045838025505,0.014180148772949375,-0.3026243278651832,0.07359340604876694,0.3864967063251185,2.034922447776109,1.1532641535114043,-0.8083366380504612,0.13553095567448115,0.6045694889386762,-1.2749980360281739
2021-07-16,-0.062127969472727584,-0.014617418859668607,0.015530522016113713,-0.29512080790584155,0.07677558606318807,0.37918563517202925,2.034922447776109,1.1532641535114043,-0.8083366380504612,0.13553095567448115,0.6045694889386762,-1.2749980360281739
2021-07-17,-0.062127969472727584,-0.014617418859668607,0.015530522016113713,-0.29512080790584155,0.07677558606318807,0.3873462835474434,2.034922447776109,1.1532641535114043,-0.8083366380504612,0.13553095567448115,0.6045694889386762,-1.2749980360281739
2021-07-18,-0.062127969472727584,-0.014617418859668607,0.015530522016113713,-0.29512080790584155,0.07677558606318807,0.38004125600185157,2.034922447776109,1.1532641535114043,-0.8083366380504612,0.13553095567448115,0.6045694889386762,-1.2749980360281739
2021-07-19,-0.06185569176179195,-0.01465426334887665,0.01744007192333341,-0.3020399782948145,0.06645522496657559,0.3744995785542502,2.034922447776109,1.1532641535114043,-0.8083366380504612,0.13553095567448115,0.6045694889386762,-1.2749980360281739
2021-07-20,-0.06306226191654962,-0.013742866640883866,0.018398411089255218,-0.2975465859926126,0.06392064536331572,0.3571968271701861,2.034922447776109,1.1532641535114043,-0.8083366380504612,0.13553095567448115,0.6045694889386762,-1.2749980360281739
2021-07-21,-0.06421810580576925,-0.013343207750111219,0.016644931022988807,-0.2840435801923237,0.06238384259277295,0.3627348649752818,2.034922447776109,1.1532641535114043,-0.8083366380504612,0.13553095567448115,0.6045694889386762,-1.2749980360281739
2021-07-22,-0.06348602787330482,-0.013899251453087236,0.01689278920500281,-0.2754331437027891,0.07204863161421607,0.37990272826022264,2.034922447776109,1.1532641535114043,-0.8083366380504612,0.13553095567448115,0.6045694889386762,-1.2749980360281739
2021-07-23,-0.0644218040750385,-0.013482520337392612,0.017528441772392656,-0.27674876276775007,0.0709735362015704,0.39199693302770156,2.034922447776109,1.1532641535114043,-0.8083366380504612,0.13553095567448115,0.6045694889386762,-1.2749980360281739
2021-07-24,-0.0644218040750385,-0.013482520337392612,0.017528441772392656,-0.27674876276775007,0.0709735362015704,0.39350237456387765,2.034922447776109,1.1532641535114043,-0.8083366380504612,0.13553095567448115,0.6045694889386762,-1.2749980360281739
2021-07-25,-0.0644218040750385,-0.013482520337392612,0.017528441772392656,-0.27674876276775007,0.0709735362015704,0.3825670146626651,2.034922447776109,1.1532641535114043,-0.8083366380504612,0.13553095567448115,0.6045694889386762,-1.2749980360281739
2021-07-26,-0.06675700721105848,-0.012087886377036505,0.014524468775848898,-0.27454649751529586,0.05892657768400754,0.38441444369344857,2.034922447776109,1.1532641535114043,-0.8083366380504612,0.13553095567448115,0.6045694889386762,-1.2749980360281739
2021-07-27,-0.06540496759486591,-0.013439677527230631,0.013001757702175487,-0.2858995999210035,0.04682265329448439,0.3862960129931725,2.034922447776109,1.1532641535114043,-0.8083366380504612,0.13553095567448115,0.6045694889386762,-1.2749980360281739
2021-07-28,-0.06477821381078874,-0.013640797539233196,0.010687168217333953,-0.3113984663639331,0.04822880432273187,0.38066030823223085,2.034922447776109,1.1532641535114043,-0.8083366380504612,0.13553095567448115,0.6045694889386762,-1.2749980360281739
2021-07-29,-0.06645163016251565,-0.01279817757476942,0.006643500947188907,-0.2893507502555398,0.055770579169780586,0.39182342044748697,2.034922447776109,1.1532641535114043,-0.8083366380504612,0.13553095567448115,0.6045694889386762,-1.2749980360281739
2021-07-30,-0.07095913465620918,-0.010000495915861718,0.00873341060213606,-0.2755196831750056,0.05383402923494839,0.39903824189194015,2.034922447776109,1.1532641535114043,-0.8083366380504612,0.13553095567448115,0.6045694889386762,-1.2749980360281739
2021-07-31,-0.07095913465620918,-0.010000495915861718,0.00873341060213606,-0.2755196831750056,0.05383402923494839,0.40121529667684275,1.4714112433386273,1.1022453774258658,-0.6775523138735153,0.13721079528732014,0.19992104620559864,-1.3312534487731986
2021-08-01,-0.07095913465620918,-0.010000495915861718,0.00873341060213606,-0.2755196831750056,0.05383402923494839,0.3980523862319933,1.4714112433386273,1.1022453774258658,-0.6775523138735153,0.13721079528732014,0.19992104620559864,-1.3312534487731986
2021-08-02,-0.07232181692005424,-0.008763605529406915,0.008450992231907373,-0.2687091362552096,0.058718316275309476,0.38140173763836127,1.4714112433386273,1.1022453774258658,-0.6775523138735153,0.13721079528732014,0.19992104620559864,-1.3312534487731986
2021-08-03,-0.07099556911309235,-0.009564746950527114,0.00830974315545896,-0.2789328437766751,0.053010690186283516,0.36270565321892656,1.4714112433386273,1.1022453774258658,-0.6775523138735153,0.13721079528732014,0.19992104620559864,-1.3312534487731986
2021-08-04,-0.07028471762911348,-0.010696716455055988,0.011059055827291053,-0.262650803573155,0.05231252243305098,0.3701618097221654,1.4714112433386273,1.1022453774258658,-0.6775523138735153,0.13721079528732014,0.19992104620559864,-1.3312534487731986
2021-08-05,-0.07336658586905487,-0.00899186680245756,0.010863988854296958,-0.2643964033170322,0.05013003499896454,0.3515101817466464,1.4714112433386273,1.1022453774258658,-0.6775523138735153,0.13721079528732014,0.19992104620559864,-1.3312534487731986
2021-08-06,-0.0722530442478968,-0.009194899296681047,0.01634860807431049,-0.2543612861188169,0.053248326908405315,0.3639992225222528,1.4714112433386273,1.1022453774258658,-0.6775523138735153,0.13721079528732014,0.19992104620559864,-1.3312534487731986
2021-08-07,-0.0722530442478968,-0.009194899296681047,0.01634860807431049,-0.2543612861188169,0.053248326908405315,0.36247433500935705,1.4714112433386273,1.1022453774258658,-0.6775523138735153,0.13721079528732014,0.19992104620559864,-1.3312534487731986
2021-08-08,-0.0722530442478968,-0.009194899296681047,0.01634860807431049,-0.2543612861188169,0.053248326908405315,0.35618448494838445,1.4714112433386273,1.1022453774258658,-0.6775523138735153,0.13721079528732014,0.19992104620559864,-1.3312534487731986
2021-08-09,-0.06811024217578365,-0.011765816953207664,0.01858007717870458,-0.2520870287889696,0.056618035443678265,0.34746483958219027,1.4714112433386273,1.1022453774258658,-0.6775523138735153,0.13721079528732014,0.19992104620559864,-1.3312534487731986
2021-08-10,-0.06785489990478999,-0.012169197550196742,0.019612657230548614,-0.2521159921262532,0.060823629862568666,0.3475654431955183,1.4714112433386273,1.1022453774258658,-0.6775523138735153,0.13721079528732014,0.19992104620559864,-1.3312534487731986
2021-08-11,-0.06664835493468291,-0.012676369487041428,0.01751739252877471,-0.24242313306347205,0.06882977672768636,0.3567748443843256,1.4714112433386273,1.1022453774258658,-0.6775523138735153,0.13721079528732014,0.19992104620559864,-1.3312534487731986
2021-08-12,-0.06770292780198572,-0.012072342579743656,0.018658748373377887,-0.2309531695071816,0.06755557673581455,0.3537406574503452,1.4714112433386273,1.1022453774258658,-0.6775523138735153,0.13721079528732014,0.19992104620559864,-1.3312534487731986
2021-08-13,-0.06745872082073145,-0.012474150460155431,0.01372209669233515,-0.22648041522594867,0.06598133501819367,0.3540742155072758,1.4714112433386273,1.1022453774258658,-0.6775523138735153,0.13721079528732014,0.19992104620559864,-1.3312534487731986
2021-08-14,-0.06745872082073145,-0.012474150460155431,0.01372209669233515,-0.22648041522594867,0.06598133501819367,0.3556679526671726,1.4714112433386273,1.1022453774258658,-0.6775523138735153,0.13721079528732014,0.19992104620559864,-1.3312534487731986
2021-08-15,-0.06745872082073145,-0.012474150460155431,0.01372209669233515,-0.22648041522594867,0.06598133501819367,0.34932780464943,1.4714112433386273,1.1022453774258658,-0.6775523138735153,0.13721079528732014,0.19992104620559864,-1.3312534487731986
2021-08-16,-0.06615153662222739,-0.013134667838748948,0.014759721396449765,-0.23243091315300357,0.0646885633893121,0.34558513311348193,1.4714112433386273,1.1022453774258658,-0.6775523138735153,0.13721079528732014,0.19992104620559864,-1.3312534487731986
2021-08-17,-0.06687608531435574,-0.012650939873440015,0.020331173105136213,-0.24956770043729629,0.06165506086395538,0.3408171927596599,1.4714112433386273,1.1022453774258658,-0.6775523138735153,0.13721079528732014,0.19992104620559864,-1.3312534487731986
2021-08-18,-0.06991535032762952,-0.010730372382866005,0.02125460354183295,-0.24887148490613348,0.06091216880479326,0.3305616251845178,1.4714112433386273,1.1022453774258658,-0.6775523138735153,0.13721079528732014,0.19992104620559864,-1.3312534487731986
2021-08-19,-0.07082375536820695,-0.010254114762684008,0.025009283482187006,-0.24221938190103848,0.04478136967976078,0.31403393830666204,1.4714112433386273,1.1022453774258658,-0.6775523138735153,0.13721079528732014,0.19992104620559864,-1.3312534487731986
2021-08-20,-0.0698132952727224,-0.01079033414085584,0.023983280724804712,-0.23101784406970893,0.04281231926775177,0.3091259205711084,1.4714112433386273,1.1022453774258658,-0.6775523138735153,0.13721079528732014,0.19992104620559864,-1.3312534487731986
2021-08-21,-0.0698132952727224,-0.01079033414085584,0.023983280724804712,-0.23101784406970893,0.04281231926775177,0.31037944645449217,1.4714112433386273,1.1022453774258658,-0.6775523138735153,0.13721079528732014,0.19992104620559864,-1.3312534487731986
2021-08-22,-0.0698132952727224,-0.01079033414085584,0.023983280724804712,-0.23101784406970893,0.04281231926775177,0.30841340715114357,1.4714112433386273,1.1022453774258658,-0.6775523138735153,0.13721079528732014,0.19992104620559864,-1.3312534487731986
2021-08-23,-0.06913421551755827,-0.011617548577688597,0.01880520410210884,-0.2122123566738124,0.04705130861255427,0.30478720678182886,1.4714112433386273,1.1022453774258658,-0.6775523138735153,0.13721079528732014,0.19992104620559864,-1.3312534487731986
2021-08-24,-0.0693954205502445,-0.011551591746182255,0.017869589446296907,-0.2086222611917327,0.05701141910460977,0.3226297087837835,1.4714112433386273,1.1022453774258658,-0.6775523138735153,0.13721079528732014,0.19992104620559864,-1.3312534487731986
2021-08-25,-0.0703206201516029,-0.010688232541994691,0.01691157007062416,-0.20127289103657217,0.05689103404729994,0.33356265236117005,1.4714112433386273,1.1022453774258658,-0.6775523138735153,0.13721079528732014,0.19992104620559864,-1.3312534487731986
2021-08-26,-0.06694732361539746,-0.01221510277167892,0.01943282293935744,-0.19843277510206517,0.05160281787077867,0.33011531848689596,1.4714112433386273,1.1022453774258658,-0.6775523138735153,0.13721079528732014,0.19992104620559864,-1.3312534487731986
2021-08-27,-0.06803227278333046,-0.011656168613103146,0.015359525072733748,-0.1937274815909324,0.053417017821587025,0.33015715605811374,1.4714112433386273,1.1022453774258658,-0.6775523138735153,0.13721079528732014,0.19992104620559864,-1.3312534487731986
2021-08-28,-0.06803227278333046,-0.011656168613103146,0.015359525072733748,-0.1937274815909324,0.053417017821587025,0.3243058492362525,1.4714112433386273,1.1022453774258658,-0.6775523138735153,0.13721079528732014,0.19992104620559864,-1.3312534487731986
2021-08-29,-0.06803227278333046,-0.011656168613103146,0.015359525072733748,-0.1937274815909324,0.053417017821587025,0.3261632424331394,1.4714112433386273,1.1022453774258658,-0.6775523138735153,0.13721079528732014,0.19992104620559864,-1.3312534487731986
2021-08-30,-0.06850316769817599,-0.010913385335600934,0.015607728297217238,-0.18220257094696618,0.05364245954222375,0.3408598702588981,1.4714112433386273,1.1022453774258658,-0.6775523138735153,0.13721079528732014,0.19992104620559864,-1.3312534487731986
2021-08-31,-0.06917905860815798,-0.010999077004993474,0.014992768593261152,-0.17729852146318853,0.05747404454459917,0.34038490476542393,0.9449351544049067,1.0496491525561502,-0.573699305657927,-0.46543166581873385,0.2144984435214489,-1.221062434117993
2021-09-01,-0.0721960669031454,-0.009363738812223632,0.013524593448602573,-0.19724567263052745,0.05988741815230292,0.33357658632673215,0.9449351544049067,1.0496491525561502,-0.573699305657927,-0.46543166581873385,0.2144984435214489,-1.221062434117993
2021-09-02,-0.07164066223591514,-0.009724731733538716,0.010529869352425392,-0.17740035322695102,0.06329183157141186,0.33913166940752976,0.9449351544049067,1.0496491525561502,-0.573699305657927,-0.46543166581873385,0.2144984435214489,-1.221062434117993
2021-09-03,-0.07167017814448085,-0.009926644466567103,0.009098494039312177,-0.18256866577753234,0.06218434891634287,0.3542067116610259,0.9449351544049067,1.0496491525561502,-0.573699305657927,-0.46543166581873385,0.2144984435214489,-1.221062434117993
2021-09-04,-0.07167017814448085,-0.009926644466567103,0.009098494039312177,-0.18256866577753234,0.06218434891634287,0.35238863592889486,0.9449351544049067,1.0496491525561502,-0.573699305657927,-0.46543166581873385,0.2144984435214489,-1.221062434117993
2021-09-05,-0.07167017814448085,-0.009926644466567103,0.009098494039312177,-0.18256866577753234,0.06218434891634287,0.3476416363108942,0.9449351544049067,1.0496491525561502,-0.573699305657927,-0.46543166581873385,0.2144984435214489,-1.221062434117993
2021-09-06,-0.07177093637561405,-0.010346544619277642,0.010162705057153998,-0.18296718552427071,0.06354201960952613,0.349148493960923,0.9449351544049067,1.0496491525561502,-0.573699305657927,-0.46543166581873385,0.2144984435214489,-1.221062434117993
2021-09-07,-0.0701416669213124,-0.011418303587428569,0.013818397414912864,-0.16280997348108098,0.06176513483723718,0.34540426912576966,0.9449351544049067,1.0496491525561502,-0.573699305657927,-0.46543166581873385,0.2144984435214489,-1.221062434117993
2021-09-08,-0.06812749432221432,-0.011693744822050434,0.0156341817689043,-0.14993062150765585,0.06071393267553921,0.3370349709635817,0.9449351544049067,1.0496491525561502,-0.573699305657927,-0.46543166581873385,0.2144984435214489,-1.221062434117993
2021-09-09,-0.06803454916598473,-0.011801720581638975,0.01378932256079135,-0.14392745500054832,0.0599806221591396,0.3600146641013891,0.9449351544049067,1.0496491525561502,-0.573699305657927,-0.46543166581873385,0.2144984435214489,-1.221062434117993
2021-09-10,-0.06824190763361593,-0.011575361298633569,0.014729669948895352,-0.14625933228278276,0.07003519423246507,0.3497302696893993,0.9449351544049067,1.0496491525561502,-0.573699305657927,-0.46543166581873385,0.2144984435214489,-1.221062434117993
2021-09-11,-0.06824190763361593,-0.011575361298633569,0.014729669948895352,-0.14625933228278276,0.07003519423246507,0.34391345532715256,0.9449351544049067,1.0496491525561502,-0.573699305657927,-0.46543166581873385,0.2144984435214489,-1.221062434117993
2021-09-12,-0.06824190763361593,-0.011575361298633569,0.014729669948895352,-0.14625933228278276,0.07003519423246507,0.3404831021380004,0.9449351544049067,1.0496491525561502,-0.573699305657927,-0.46543166581873385,0.2144984435214489,-1.221062434117993
2021-09-13,-0.06623411338861185,-0.011859280334690525,0.014902444931078063,-0.1372577811962844,0.07373211169661717,0.3493114068419199,0.9449351544049067,1.0496491525561502,-0.573699305657927,-0.46543166581873385,0.2144984435214489,-1.221062434117993
2021-09-14,-0.06575622616181087,-0.012313563383057002,0.01537749405547617,-0.1433179103939647,0.06154510831327465,0.3436097467293076,0.9449351544049067,1.0496491525561502,-0.573699305657927,-0.46543166581873385,0.2144984435214489,-1.221062434117993
2021-09-15,-0.0651593493733561,-0.012003316804090614,0.013111290701495304,-0.12656995919901298,0.057851523090617876,0.3427887484240904,0.9449351544049067,1.0496491525561502,-0.573699305657927,-0.46543166581873385,0.2144984435214489,-1.221062434117993
2021-09-16,-0.06576272911946546,-0.01179197750283656,0.01753501658191403,-0.15057955800564315,0.04899592877312502,0.3541625289870842,0.9449351544049067,1.0496491525561502,-0.573699305657927,-0.46543166581873385,0.2144984435214489,-1.221062434117993
2021-09-17,-0.06671485948556455,-0.010698527699912974,0.02126085516480314,-0.16131864642443003,0.051163092906548496,0.34976311905657004,0.9449351544049067,1.0496491525561502,-0.573699305657927,-0.46543166581873385,0.2144984435214489,-1.221062434117993
2021-09-18,-0.06671485948556455,-0.010698527699912974,0.02126085516480314,-0.16131864642443003,0.051163092906548496,0.35129005124167056,0.9449351544049067,1.0496491525561502,-0.573699305657927,-0.46543166581873385,0.2144984435214489,-1.221062434117993
2021-09-19,-0.06671485948556455,-0.010698527699912974,0.02126085516480314,-0.16131864642443003,0.051163092906548496,0.3480568194983975,0.9449351544049067,1.0496491525561502,-0.573699305657927,-0.46543166581873385,0.2144984435214489,-1.221062434117993
2021-09-20,-0.06671485948556455,-0.010698527699912974,0.02126085516480314,-0.16131864642443003,0.047326341880366746,0.34232091583514596,0.9449351544049067,1.0496491525561502,-0.573699305657927,-0.46543166581873385,0.2144984435214489,-1.221062434117993
2021-09-21,-0.06671485948556455,-0.010698527699912974,0.02126085516480314,-0.16131864642443003,0.04809128672843841,0.34347930137492766,0.9449351544049067,1.0496491525561502,-0.573699305657927,-0.46543166581873385,0.2144984435214489,-1.221062434117993
2021-09-22,-0.06759960071665383,-0.009978745752986518,0.024114595603163536,-0.1469020467022614,0.04961356685832219,0.3491974915994243,0.9449351544049067,1.0496491525561502,-0.573699305657927,-0.46543166581873385,0.2144984435214489,-1.221062434117993
2021-09-23,-0.06871144760879655,-0.009273826746540648,0.019985237579264514,-0.14154816723277563,0.055969309635125905,0.35028886934608366,0.9449351544049067,1.0496491525561502,-0.573699305657927,-0.46543166581873385,0.2144984435214489,-1.221062434117993
2021-09-24,-0.06818778585549945,-0.009311333453183579,0.021972540326039236,-0.16367817252031944,0.05775084033772686,0.34065108286504425,0.9449351544049067,1.0496491525561502,-0.573699305657927,-0.46543166581873385,0.2144984435214489,-1.221062434117993
2021-09-25,-0.06818778585549945,-0.009311333453183579,0.021972540326039236,-0.16367817252031944,0.05775084033772686,0.3368992467728512,0.9449351544049067,1.0496491525561502,-0.573699305657927,-0.46543166581873385,0.2144984435214489,-1.221062434117993
2021-09-26,-0.06818778585549945,-0.009311333453183579,0.021972540326039236,-0.16367817252031944,0.05775084033772686,0.3343068522114368,0.9449351544049067,1.0496491525561502,-0.573699305657927,-0.46543166581873385,0.2144984435214489,-1.221062434117993
2021-09-27,-0.06781602611442394,-0.009408732398291764,0.023355532735662377,-0.20827001267672124,0.05176577811923029,0.34868268970286653,0.9449351544049067,1.0496491525561502,-0.573699305657927,-0.46543166581873385,0.2144984435214489,-1.221062434117993
2021-09-28,-0.066599184039274,-0.009483637583251103,0.026513821906477664,-0.20716909913776557,0.06081718713013631,0.35541113693613247,0.9449351544049067,1.0496491525561502,-0.573699305657927,-0.46543166581873385,0.2144984435214489,-1.221062434117993
2021-09-29,-0.067401171002894,-0.008729343017930824,0.026513821906477664,-0.24623196527735133,0.05835723091106939,0.35244772890226106,0.9449351544049067,1.0496491525561502,-0.573699305657927,-0.46543166581873385,0.2144984435214489,-1.221062434117993
2021-09-30,-0.06803795352377595,-0.008188777567631922,0.03289589234404444,-0.19810484527418273,0.05419339216612925,0.3515194143447995,0.62016791910456,1.181068344765979,-0.40150945575987135,-0.4452735904646623,0.26912179438313966,-0.8989953632134841
2021-10-01,-0.06803795352377595,-0.008188777567631922,0.03289589234404444,-0.19810484527418273,0.05712935096171441,0.34189681337971234,0.62016791910456,1.181068344765979,-0.40150945575987135,-0.4452735904646623,0.26912179438313966,-0.8989953632134841
2021-10-02,-0.06803795352377595,-0.008188777567631922,0.03289589234404444,-0.19810484527418273,0.05712935096171441,0.33696261254235005,0.62016791910456,1.181068344765979,-0.40150945575987135,-0.4452735904646623,0.26912179438313966,-0.8989953632134841
2021-10-03,-0.06803795352377595,-0.008188777567631922,0.03289589234404444,-0.19810484527418273,0.05712935096171441,0.33175843343908357,0.62016791910456,1.181068344765979,-0.40150945575987135,-0.4452735904646623,0.26912179438313966,-0.8989953632134841
2021-10-04,-0.06803795352377595,-0.008188777567631922,0.03289589234404444,-0.19810484527418273,0.05931794248319831,0.3356373071164613,0.62016791910456,1.181068344765979,-0.40150945575987135,-0.4452735904646623,0.26912179438313966,-0.8989953632134841
2021-10-05,-0.06803795352377595,-0.008188777567631922,0.03289589234404444,-0.19810484527418273,0.061040908594552405,0.3396530350021717,0.62016791910456,1.181068344765979,-0.40150945575987135,-0.4452735904646623,0.26912179438313966,-0.8989953632134841
2021-10-06,-0.06803795352377595,-0.008188777567631922,0.03289589234404444,-0.19810484527418273,0.061489682115982006,0.3396530350021717,0.62016791910456,1.181068344765979,-0.40150945575987135,-0.4452735904646623,0.26912179438313966,-0.8989953632134841
2021-10-07,-0.06803795352377595,-0.008188777567631922,0.03289589234404444,-0.19810484527418273,0.0625495777711082,0.3417378961573624,0.62016791910456,1.181068344765979,-0.40150945575987135,-0.4452735904646623,0.26912179438313966,-0.8989953632134841
2021-10-08,-0.06445054255786142,-0.010154038588912617,0.03087039869624697,-0.20282608833867596,0.06865917354043169,0.3530937256195204,0.62016791910456,1.181068344765979,-0.40150945575987135,-0.4452735904646623,0.26912179438313966,-0.8989953632134841
2021-10-09,-0.06445054255786142,-0.010154038588912617,0.03087039869624697,-0.20282608833867596,0.06865917354043169,0.34559720156162244,0.62016791910456,1.181068344765979,-0.40150945575987135,-0.4452735904646623,0.26912179438313966,-0.8989953632134841
2021-10-10,-0.06445054255786142,-0.010154038588912617,0.03087039869624697,-0.20282608833867596,0.06865917354043169,0.32941075888176596,0.62016791910456,1.181068344765979,-0.40150945575987135,-0.4452735904646623,0.26912179438313966,-0.8989953632134841
2021-10-11,-0.06045450783808093,-0.012685088552797708,0.03364383744150501,-0.20807103761680495,0.07945610727450256,0.35535454279610146,0.62016791910456,1.181068344765979,-0.40150945575987135,-0.4452735904646623,0.26912179438313966,-0.8989953632134841
2021-10-12,-0.06035364006646615,-0.013001359604664309,0.03515918162597431,-0.23178833018588785,0.07622173626809305,0.3393448478516775,0.62016791910456,1.181068344765979,-0.40150945575987135,-0.4452735904646623,0.26912179438313966,-0.8989953632134841
2021-10-13,-0.06036187500091095,-0.012825224332176255,0.029837049810630067,-0.2341668730569378,0.07877263280082147,0.34209385120336927,0.62016791910456,1.181068344765979,-0.40150945575987135,-0.4452735904646623,0.26912179438313966,-0.8989953632134841
2021-10-14,-0.06048745671703659,-0.012626068787638611,0.030134896802375466,-0.22575028498516791,0.08493929288125046,0.3524979729710728,0.62016791910456,1.181068344765979,-0.40150945575987135,-0.4452735904646623,0.26912179438313966,-0.8989953632134841
2021-10-15,-0.06009326198071985,-0.013305742091503703,0.028901326680294548,-0.23142587220402744,0.09390685545701885,0.37429142211110294,0.62016791910456,1.181068344765979,-0.40150945575987135,-0.4452735904646623,0.26912179438313966,-0.8989953632134841
2021-10-16,-0.06009326198071985,-0.013305742091503703,0.028901326680294548,-0.23142587220402744,0.09390685545701885,0.3708107483088859,0.62016791910456,1.181068344765979,-0.40150945575987135,-0.4452735904646623,0.26912179438313966,-0.8989953632134841
2021-10-17,-0.06009326198071985,-0.013305742091503703,0.028901326680294548,-0.23142587220402744,0.09390685545701885,0.37211006546656067,0.62016791910456,1.181068344765979,-0.40150945575987135,-0.4452735904646623,0.26912179438313966,-0.8989953632134841
2021-10-18,-0.05498318370787081,-0.016422378835663887,0.028986505555933406,-0.21182198697357127,0.09847429959670828,0.3802667221605117,0.62016791910456,1.181068344765979,-0.40150945575987135,-0.4452735904646623,0.26912179438313966,-0.8989953632134841
2021-10-19,-0.05730555202679277,-0.01600912343154437,0.02763440607548029,-0.20532017783668002,0.09781491614437808,0.3918679322937765,0.62016791910456,1.181068344765979,-0.40150945575987135,-0.4452735904646623,0.26912179438313966,-0.8989953632134841
2021-10-20,-0.05682439510252113,-0.014891502819346591,0.025587519581732776,-0.20040504253696792,0.09439131449495163,0.3853710796756168,0.62016791910456,1.181068344765979,-0.40150945575987135,-0.4452735904646623,0.26912179438313966,-0.8989953632134841
2021-10-21,-0.059718924524555295,-0.01342447007342984,0.02685876486797656,-0.2048224553734364,0.09181223316316357,0.3646185980670251,0.62016791910456,1.181068344765979,-0.40150945575987135,-0.4452735904646623,0.26912179438313966,-0.8989953632134841
2021-10-22,-0.05935428995740433,-0.013766464766453934,0.025098351757700144,-0.22005576862605655,0.09531174561925736,0.3591073191900449,0.62016791910456,1.181068344765979,-0.40150945575987135,-0.4452735904646623,0.26912179438313966,-0.8989953632134841
2021-10-23,-0.05935428995740433,-0.013766464766453934,0.025098351757700144,-0.22005576862605655,0.09531174561925736,0.3550665079726907,0.62016791910456,1.181068344765979,-0.40150945575987135,-0.4452735904646623,0.26912179438313966,-0.8989953632134841
2021-10-24,-0.05935428995740433,-0.013766464766453934,0.025098351757700144,-0.22005576862605655,0.09531174561925736,0.35791053921914834,0.62016791910456,1.181068344765979,-0.40150945575987135,-0.4452735904646623,0.26912179438313966,-0.8989953632134841
2021-10-25,-0.058591781469345294,-0.014447385257626011,0.027941355936702328,-0.20897604331764424,0.0918851174223613,0.3728704793691122,0.62016791910456,1.181068344765979,-0.40150945575987135,-0.4452735904646623,0.26912179438313966,-0.8989953632134841
2021-10-26,-0.059158943216657045,-0.01447659864955042,0.029241593603095417,-0.20825489565499222,0.08643795455221953,0.38941022095613886,0.62016791910456,1.181068344765979,-0.40150945575987135,-0.4452735904646623,0.26912179438313966,-0.8989953632134841
2021-10-27,-0.059528935311812026,-0.014550243839475452,0.02860296282747843,-0.21332856250431415,0.07522576341588971,0.37835926514967955,0.62016791910456,1.181068344765979,-0.40150945575987135,-0.4452735904646623,0.26912179438313966,-0.8989953632134841
2021-10-28,-0.060085263545469836,-0.014653981552276263,0.022819660913556916,-0.23393762013610914,0.07504620529536557,0.37651490157821593,0.62016791910456,1.181068344765979,-0.40150945575987135,-0.4452735904646623,0.26912179438313966,-0.8989953632134841
2021-10-29,-0.059928754520459315,-0.014437915621127506,0.03111121509789938,-0.22087611900521387,0.07219756935886196,0.37531623177588963,0.62016791910456,1.181068344765979,-0.40150945575987135,-0.4452735904646623,0.26912179438313966,-0.8989953632134841
2021-10-30,-0.059928754520459315,-0.014437915621127506,0.03111121509789938,-0.22087611900521387,0.07219756935886196,0.3775250417168347,0.62016791910456,1.181068344765979,-0.40150945575987135,-0.4452735904646623,0.26912179438313966,-0.8989953632134841
2021-10-31,-0.059928754520459315,-0.014437915621127506,0.03111121509789938,-0.22087611900521387,0.07219756935886196,0.3736059800444093,0.4748846644952829,1.6543886213930887,-0.22704114832237873,0.17542714647940985,0.42930560856650246,-0.9330192554578984
2021-11-01,-0.06189778147923952,-0.013714837084105924,0.02897568886598767,-0.20553589116413395,0.06933089942810648,0.3712860485905894,0.4748846644952829,1.6543886213930887,-0.22704114832237873,0.17542714647940985,0.42930560856650246,-0.9330192554578984
2021-11-02,-0.06399860885988595,-0.012087077553680214,0.030849604177792034,-0.20682982058922286,0.06201814115528945,0.3592090905023812,0.4748846644952829,1.6543886213930887,-0.22704114832237873,0.17542714647940985,0.42930560856650246,-0.9330192554578984
2021-11-03,-0.06281603747995956,-0.012096744687789873,0.027969597376299893,-0.19960874794021402,0.06860627810559819,0.36715130574163996,0.4748846644952829,1.6543886213930887,-0.22704114832237873,0.17542714647940985,0.42930560856650246,-0.9330192554578984
2021-11-04,-0.06362520447950049,-0.01215442770877384,0.03317071433748331,-0.18966034548403224,0.0684640966976394,0.3488696003037276,0.4748846644952829,1.6543886213930887,-0.22704114832237873,0.17542714647940985,0.42930560856650246,-0.9330192554578984
2021-11-05,-0.0669177393825251,-0.010210815226780912,0.032089220603785384,-0.2031506004051239,0.06167494344643887,0.3480158567915515,0.4748846644952829,1.6543886213930887,-0.22704114832237873,0.17542714647940985,0.42930560856650246,-0.9330192554578984
2021-11-06,-0.0669177393825251,-0.010210815226780912,0.032089220603785384,-0.2031506004051239,0.06167494344643887,0.34863858437428596,0.4748846644952829,1.6543886213930887,-0.22704114832237873,0.17542714647940985,0.42930560856650246,-0.9330192554578984
2021-11-07,-0.0669177393825251,-0.010210815226780912,0.032089220603785384,-0.2031506004051239,0.06167494344643887,0.3557693980298935,0.4748846644952829,1.6543886213930887,-0.22704114832237873,0.17542714647940985,0.42930560856650246,-0.9330192554578984
2021-11-08,-0.06640845256814476,-0.010388330863057349,0.03033785135146072,-0.1982825250513156,0.06511952345422206,0.36898939105072803,0.4748846644952829,1.6543886213930887,-0.22704114832237873,0.17542714647940985,0.42930560856650246,-0.9330192554578984
2021-11-09,-0.0664422176857089,-0.010835604621563522,0.03033785135146072,-0.18279187188966933,0.06840690019146428,0.3752575434427225,0.4748846644952829,1.6543886213930887,-0.22704114832237873,0.17542714647940985,0.42930560856650246,-0.9330192554578984
2021-11-10,-0.06576284553198664,-0.01069743526167699,0.03033785135146072,-0.17934654927655308,0.07303802395878317,0.3780131355114926,0.4748846644952829,1.6543886213930887,-0.22704114832237873,0.17542714647940985,0.42930560856650246,-0.9330192554578984
2021-11-11,-0.064042783568802,-0.011619463689500509,0.03033785135146072,-0.17842248298309893,0.08454304010719504,0.38245374283051015,0.4748846644952829,1.6543886213930887,-0.22704114832237873,0.17542714647940985,0.42930560856650246,-0.9330192554578984
2021-11-12,-0.06407765432649226,-0.011725125714617923,0.04102399764001863,-0.1644147439268804,0.0828060259010881,0.3722418735477438,0.4748846644952829,1.6543886213930887,-0.22704114832237873,0.17542714647940985,0.42930560856650246,-0.9330192554578984
2021-11-13,-0.06407765432649226,-0.011725125714617923,0.04102399764001863,-0.1644147439268804,0.0828060259010881,0.3719427064376486,0.4748846644952829,1.6543886213930887,-0.22704114832237873,0.17542714647940985,0.42930560856650246,-0.9330192554578984
2021-11-14,-0.06407765432649226,-0.011725125714617923,0.04102399764001863,-0.1644147439268804,0.0828060259010881,0.36939778801630513,0.4748846644952829,1.6543886213930887,-0.22704114832237873,0.17542714647940985,0.42930560856650246,-0.9330192554578984
2021-11-15,-0.0652262980551539,-0.011189719144883425,0.04586345393762414,-0.1675078618424393,0.08145618342372125,0.36388322157073855,0.4748846644952829,1.6543886213930887,-0.22704114832237873,0.17542714647940985,0.42930560856650246,-0.9330192554578984
2021-11-16,-0.06520683449145726,-0.011006863049458304,0.0501875179295832,-0.18034243237758335,0.08059718510144061,0.36103661772253204,0.4748846644952829,1.6543886213930887,-0.22704114832237873,0.17542714647940985,0.42930560856650246,-0.9330192554578984
2021-11-17,-0.06483292191119405,-0.011308132687772976,0.04890526617039648,-0.1618131702135107,0.07961441256228666,0.37146615402678274,0.4748846644952829,1.6543886213930887,-0.22704114832237873,0.17542714647940985,0.42930560856650246,-0.9330192554578984
2021-11-18,-0.06588436795694741,-0.010889312845522192,0.046327031895537885,-0.15509525339207691,0.07158069669063011,0.3593443852934274,0.4748846644952829,1.6543886213930887,-0.22704114832237873,0.17542714647940985,0.42930560856650246,-0.9330192554578984
2021-11-19,-0.06444398713131327,-0.011447591364680876,0.051078222309435595,-0.1487634121603642,0.0811650962108215,0.370392910749352,0.4748846644952829,1.6543886213930887,-0.22704114832237873,0.17542714647940985,0.42930560856650246,-0.9330192554578984
2021-11-20,-0.06444398713131327,-0.011447591364680876,0.051078222309435595,-0.1487634121603642,0.0811650962108215,0.36830565394964465,0.4748846644952829,1.6543886213930887,-0.22704114832237873,0.17542714647940985,0.42930560856650246,-0.9330192554578984
2021-11-21,-0.06444398713131327,-0.011447591364680876,0.051078222309435595,-0.1487634121603642,0.0811650962108215,0.3698049608317918,0.4748846644952829,1.6543886213930887,-0.22704114832237873,0.17542714647940985,0.42930560856650246,-0.9330192554578984
2021-11-22,-0.06566090131579638,-0.011067137474535138,0.05571320444652683,-0.1329009678990944,0.0773818689517435,0.36423854610456335,0.4748846644952829,1.6543886213930887,-0.22704114832237873,0.17542714647940985,0.42930560856650246,-0.9330192554578984
2021-11-23,-0.06564451802879712,-0.011082107823154108,0.056221218629453396,-0.13106159880304347,0.07945882047178561,0.3721265321087598,0.4748846644952829,1.6543886213930887,-0.22704114832237873,0.17542714647940985,0.42930560856650246,-0.9330192554578984
2021-11-24,-0.06781329117696899,-0.010133894747390682,0.0595164529744997,-0.1320874530428057,0.08257687362390566,0.3970145660628166,0.4748846644952829,1.6543886213930887,-0.22704114832237873,0.17542714647940985,0.42930560856650246,-0.9330192554578984
2021-11-25,-0.06793181490266009,-0.010061059521970228,0.05900003608147031,-0.13442910161734617,0.08420209826943291,0.3949761773362365,0.4748846644952829,1.6543886213930887,-0.22704114832237873,0.17542714647940985,0.42930560856650246,-0.9330192554578984
2021-11-26,-0.06987802989760816,-0.009049156089529942,0.05150812218164502,-0.1299094626600266,0.07053815376111305,0.3869897963300159,0.4748846644952829,1.6543886213930887,-0.22704114832237873,0.17542714647940985,0.42930560856650246,-0.9330192554578984
2021-11-27,-0.06987802989760816,-0.009049156089529942,0.05150812218164502,-0.1299094626600266,0.07053815376111305,0.382186212096795,0.4748846644952829,1.6543886213930887,-0.22704114832237873,0.17542714647940985,0.42930560856650246,-0.9330192554578984
2021-11-28,-0.06987802989760816,-0.009049156089529942,0.05150812218164502,-0.1299094626600266,0.07053815376111305,0.3839562373785513,0.4748846644952829,1.6543886213930887,-0.22704114832237873,0.17542714647940985,0.42930560856650246,-0.9330192554578984
2021-11-29,-0.07010847095771855,-0.00918191650482425,0.05303863880909432,-0.12273961261507889,0.06551842906525318,0.3497712391232535,0.4748846644952829,1.6543886213930887,-0.22704114832237873,0.17542714647940985,0.42930560856650246,-0.9330192554578984
2021-11-30,-0.06995250034135936,-0.009576045458131288,0.050533258999752695,-0.11522877514087142,0.055569647826139316,0.3568931456144048,0.4612718577808998,2.075238586561442,-0.17578077913438653,-0.32642493785629195,0.18098718532409253,-0.5792481031438217
2021-12-01,-0.06938867546760819,-0.009659861827154947,0.05141911859621762,-0.1118061937865302,0.05787254438430927,0.3518447998979086,0.4612718577808998,2.075238586561442,-0.17578077913438653,-0.32642493785629195,0.18098718532409253,-0.5792481031438217
2021-12-02,-0.06786151091333215,-0.010561063138718851,0.05182521208102031,-0.12499721931229721,0.05683334636089204,0.34676435599732314,0.4612718577808998,2.075238586561442,-0.17578077913438653,-0.32642493785629195,0.18098718532409253,-0.5792481031438217
2021-12-03,-0.06595295603062956,-0.011662935070331004,0.05223114072084711,-0.11846237181487386,0.06075199475432043,0.36148639165625884,0.4612718577808998,2.075238586561442,-0.17578077913438653,-0.32642493785629195,0.18098718532409253,-0.5792481031438217
2021-12-04,-0.06595295603062956,-0.011662935070331004,0.05223114072084711,-0.11846237181487386,0.06075199475432043,0.3591044351920557,0.4612718577808998,2.075238586561442,-0.17578077913438653,-0.32642493785629195,0.18098718532409253,-0.5792481031438217
2021-12-05,-0.06595295603062956,-0.011662935070331004,0.05223114072084711,-0.11846237181487386,0.06075199475432043,0.3571564556258314,0.4612718577808998,2.075238586561442,-0.17578077913438653,-0.32642493785629195,0.18098718532409253,-0.5792481031438217
2021-12-06,-0.07052771063276708,-0.00938021599154526,0.05396864267163526,-0.13008644135789088,0.05680492943584151,0.3607062407997313,0.4612718577808998,2.075238586561442,-0.17578077913438653,-0.32642493785629195,0.18098718532409253,-0.5792481031438217
2021-12-07,-0.06915409545696882,-0.010381615959491386,0.05390632572765819,-0.14622327051790462,0.0658517757302759,0.38033695647201016,0.4612718577808998,2.075238586561442,-0.17578077913438653,-0.32642493785629195,0.18098718532409253,-0.5792481031438217
2021-12-08,-0.0674061434077935,-0.01130208904589669,0.0503021045302674,-0.13456125505947514,0.06750836959322577,0.3829222454936594,0.4612718577808998,2.075238586561442,-0.17578077913438653,-0.32642493785629195,0.18098718532409253,-0.5792481031438217
2021-12-09,-0.06811963254343922,-0.011249568152901568,0.053179232406092236,-0.1407711084984535,0.07159196756408834,0.3815252504940322,0.4612718577808998,2.075238586561442,-0.17578077913438653,-0.32642493785629195,0.18098718532409253,-0.5792481031438217
2021-12-10,-0.06878766865007568,-0.011064470292902917,0.051526511653532725,-0.13659473547801662,0.06740615067120792,0.3759337481841879,0.4612718577808998,2.075238586561442,-0.17578077913438653,-0.32642493785629195,0.18098718532409253,-0.5792481031438217
2021-12-11,-0.06878766865007568,-0.011064470292902917,0.051526511653532725,-0.13659473547801662,0.06740615067120792,0.3691652904054867,0.4612718577808998,2.075238586561442,-0.17578077913438653,-0.32642493785629195,0.18098718532409253,-0.5792481031438217
2021-12-12,-0.06878766865007568,-0.011064470292902917,0.051526511653532725,-0.13659473547801662,0.06740615067120792,0.36594834354136885,0.4612718577808998,2.075238586561442,-0.17578077913438653,-0.32642493785629195,0.18098718532409253,-0.5792481031438217
2021-12-13,-0.06788938223349339,-0.011672154437473825,0.054691661685808746,-0.13121430263123302,0.0658495316580812,0.37851414866746785,0.4612718577808998,2.075238586561442,-0.17578077913438653,-0.32642493785629195,0.18098718532409253,-0.5792481031438217
2021-12-14,-0.06836958019765826,-0.010917283045315918,0.05680894243308432,-0.12907557268749476,0.05905723329280794,0.3741271428351437,0.4612718577808998,2.075238586561442,-0.17578077913438653,-0.32642493785629195,0.18098718532409253,-0.5792481031438217
2021-12-15,-0.06861262756227937,-0.010652700651692104,0.054944700661640256,-0.12310715342163665,0.05388081923099816,0.36877336961537105,0.4612718577808998,2.075238586561442,-0.17578077913438653,-0.32642493785629195,0.18098718532409253,-0.5792481031438217
2021-12-16,-0.06729252722240198,-0.011065055305809923,0.05077345115451182,-0.11571475452636625,0.0602594109652765,0.37942309351332637,0.4612718577808998,2.075238586561442,-0.17578077913438653,-0.32642493785629195,0.18098718532409253,-0.5792481031438217
2021-12-17,-0.06775972235457617,-0.010469236938522974,0.05754625989039319,-0.12158975497968477,0.06022111344748601,0.3879009744329735,0.4612718577808998,2.075238586561442,-0.17578077913438653,-0.32642493785629195,0.18098718532409253,-0.5792481031438217
2021-12-18,-0.06775972235457617,-0.010469236938522974,0.05754625989039319,-0.12158975497968477,0.06022111344748601,0.38223814663433886,0.4612718577808998,2.075238586561442,-0.17578077913438653,-0.32642493785629195,0.18098718532409253,-0.5792481031438217
2021-12-19,-0.06775972235457617,-0.010469236938522974,0.05754625989039319,-0.12158975497968477,0.06022111344748601,0.3760278615583808,0.4612718577808998,2.075238586561442,-0.17578077913438653,-0.32642493785629195,0.18098718532409253,-0.5792481031438217
2021-12-20,-0.06726924326891093,-0.011030472943139524,0.05632500593166745,-0.1361198419084564,0.054984795332077493,0.37096060454405966,0.4612718577808998,2.075238586561442,-0.17578077913438653,-0.32642493785629195,0.18098718532409253,-0.5792481031438217
2021-12-21,-0.06751358082277503,-0.010674275504792163,0.0555374738086466,-0.12385590608048924,0.06834586264294505,0.3651364709657435,0.4612718577808998,2.075238586561442,-0.17578077913438653,-0.32642493785629195,0.18098718532409253,-0.5792481031438217
2021-12-22,-0.06922761422853985,-0.009520279946830135,0.05210486087464394,-0.11335246793085674,0.07019217379650719,0.3755852497200694,0.4612718577808998,2.075238586561442,-0.17578077913438653,-0.32642493785629195,0.18098718532409253,-0.5792481031438217
2021-12-23,-0.07048874735052812,-0.008491672958417129,0.05202161165770691,-0.1133228035143046,0.07096837477795653,0.38393737973878433,0.4612718577808998,2.075238586561442,-0.17578077913438653,-0.32642493785629195,0.18098718532409253,-0.5792481031438217
2021-12-24,-0.06985693691811501,-0.008758652038071246,0.05231300817551865,-0.13001646488339488,0.06828300785564871,0.38164325186718445,0.4612718577808998,2.075238586561442,-0.17578077913438653,-0.32642493785629195,0.18098718532409253,-0.5792481031438217
2021-12-25,-0.06985693691811501,-0.008758652038071246,0.05231300817551865,-0.13001646488339488,0.06828300785564871,0.38180233125556823,0.4612718577808998,2.075238586561442,-0.17578077913438653,-0.32642493785629195,0.18098718532409253,-0.5792481031438217
2021-12-26,-0.06985693691811501,-0.008758652038071246,0.05231300817551865,-0.13001646488339488,0.06828300785564871,0.38212034652910587,0.4612718577808998,2.075238586561442,-0.17578077913438653,-0.32642493785629195,0.18098718532409253,-0.5792481031438217
2021-12-27,-0.07042388641372366,-0.00830524709174163,0.05159513308578423,-0.13088466392263337,0.06989842694532025,0.369541982901238,0.4612718577808998,2.075238586561442,-0.17578077913438653,-0.32642493785629195,0.18098718532409253,-0.5792481031438217
2021-12-28,-0.07120758627196455,-0.0077068270262211636,0.05239681557787157,-0.1271334516611412,0.07063622207281028,0.3808205378828018,0.4612718577808998,2.075238586561442,-0.17578077913438653,-0.32642493785629195,0.18098718532409253,-0.5792481031438217
2021-12-29,-0.07249779453825855,-0.006722116460243899,0.049109429362006796,-0.12162467749075158,0.06830038788901668,0.38169540545296227,0.4612718577808998,2.075238586561442,-0.17578077913438653,-0.32642493785629195,0.18098718532409253,-0.5792481031438217
2021-12-30,-0.07482673678150786,-0.005814202345639008,0.05101947956605868,-0.11459342205371287,0.06932547404455063,0.37609071928086985,0.4612718577808998,2.075238586561442,-0.17578077913438653,-0.32642493785629195,0.18098718532409253,-0.5792481031438217
2021-12-31,-0.073862826593586,-0.0062299703673608375,0.04742543006193334,0.07002357825936481,0.07444728533643472,0.3782473098705034,0.41741977904002636,1.8855093239896383,-0.12715306829087836,-0.9059696042858053,0.09787926499464826,-0.6382099618628331
2022-01-01,-0.073862826593586,-0.0062299703673608375,0.04742543006193334,0.07002357825936481,0.07444728533643472,0.3758278684671904,0.41741977904002636,1.8855093239896383,-0.12715306829087836,-0.9059696042858053,0.09787926499464826,-0.6382099618628331
2022-01-02,-0.073862826593586,-0.0062299703673608375,0.04742543006193334,0.07002357825936481,0.07444728533643472,0.38182738370144925,0.41741977904002636,1.8855093239896383,-0.12715306829087836,-0.9059696042858053,0.09787926499464826,-0.6382099618628331
2022-01-03,-0.073862826593586,-0.0062299703673608375,0.04742543006193334,0.07002357825936481,0.0745948556919445,0.38087046826607507,0.41741977904002636,1.8855093239896383,-0.12715306829087836,-0.9059696042858053,0.09787926499464826,-0.6382099618628331
2022-01-04,-0.07260447183910734,-0.007150404625314133,0.05410624597879432,-0.07503151892725493,0.07552212373912072,0.3856878842207176,0.41741977904002636,1.8855093239896383,-0.12715306829087836,-0.9059696042858053,0.09787926499464826,-0.6382099618628331
2022-01-05,-0.07178281591769353,-0.00789133851902002,0.0529222732309389,-0.09579450727595958,0.07733935531517332,0.38739357381195816,0.41741977904002636,1.8855093239896383,-0.12715306829087836,-0.9059696042858053,0.09787926499464826,-0.6382099618628331
2022-01-06,-0.07004655638658541,-0.009056394158502679,0.05369172795788635,-0.08048280459762033,0.07468680342406801,0.39339095589342343,0.41741977904002636,1.8855093239896383,-0.12715306829087836,-0.9059696042858053,0.09787926499464826,-0.6382099618628331
2022-01-07,-0.0702055995178591,-0.009102996692286425,0.04832007614898004,-0.0976018896303811,0.08284279234699539,0.39719174306421046,0.41741977904002636,1.8855093239896383,-0.12715306829087836,-0.9059696042858053,0.09787926499464826,-0.6382099618628331
2022-01-08,-0.0702055995178591,-0.009102996692286425,0.04832007614898004,-0.0976018896303811,0.08284279234699539,0.39751878828832166,0.41741977904002636,1.8855093239896383,-0.12715306829087836,-0.9059696042858053,0.09787926499464826,-0.6382099618628331
2022-01-09,-0.0702055995178591,-0.009102996692286425,0.04832007614898004,-0.0976018896303811,0.08284279234699539,0.39751878828832166,0.41741977904002636,1.8855093239896383,-0.12715306829087836,-0.9059696042858053,0.09787926499464826,-0.6382099618628331
2022-01-10,-0.07106898484458968,-0.00882140205127313,0.050430199518073926,-0.09088458625330743,0.08126856963344004,0.39565979472844215,0.41741977904002636,1.8855093239896383,-0.12715306829087836,-0.9059696042858053,0.09787926499464826,-0.6382099618628331
2022-01-11,-0.07187357282934126,-0.008231492172871224,0.04710489278719443,-0.09623114820792718,0.0834792915216941,0.387877826144808,0.41741977904002636,1.8855093239896383,-0.12715306829087836,-0.9059696042858053,0.09787926499464826,-0.6382099618628331
2022-01-12,-0.07213612575970674,-0.008144584553720025,0.040683104727118446,-0.08904267574490773,0.09412134421045439,0.4012595101501466,0.41741977904002636,1.8855093239896383,-0.12715306829087836,-0.9059696042858053,0.09787926499464826,-0.6382099618628331
2022-01-13,-0.07263565929102211,-0.007838229774330019,0.03886201375678222,-0.10051978154624695,0.09296676373232482,0.3999194584534003,0.41741977904002636,1.8855093239896383,-0.12715306829087836,-0.9059696042858053,0.09787926499464826,-0.6382099618628331
2022-01-14,-0.07288275917225151,-0.007766437215508404,0.042247196989052216,-0.09465415802814564,0.07708518239243417,0.40856476548412785,0.41741977904002636,1.8855093239896383,-0.12715306829087836,-0.9059696042858053,0.09787926499464826,-0.6382099618628331
2022-01-15,-0.07288275917225151,-0.007766437215508404,0.042247196989052216,-0.09465415802814564,0.07708518239243417,0.40092665847662384,0.41741977904002636,1.8855093239896383,-0.12715306829087836,-0.9059696042858053,0.09787926499464826,-0.6382099618628331
2022-01-16,-0.07288275917225151,-0.007766437215508404,0.042247196989052216,-0.09465415802814564,0.07708518239243417,0.3970096397626505,0.41741977904002636,1.8855093239896383,-0.12715306829087836,-0.9059696042858053,0.09787926499464826,-0.6382099618628331
2022-01-17,-0.07297018855523396,-0.007759167059879779,0.043098520218615266,-0.080278483808281,0.07384559527388233,0.4004822219798667,0.41741977904002636,1.8855093239896383,-0.12715306829087836,-0.9059696042858053,0.09787926499464826,-0.6382099618628331
2022-01-18,-0.07524721991625827,-0.0064000219138420356,0.048160109893812364,-0.09163176148380563,0.07950098661308291,0.404026085234988,0.41741977904002636,1.8855093239896383,-0.12715306829087836,-0.9059696042858053,0.09787926499464826,-0.6382099618628331
2022-01-19,-0.07813065431685795,-0.004541877672888273,0.046958551001754056,-0.09801237154213971,0.08288781987153675,0.4126317644131025,0.41741977904002636,1.8855093239896383,-0.12715306829087836,-0.9059696042858053,0.09787926499464826,-0.6382099618628331
2022-01-20,-0.07853517687910372,-0.005423204544525162,0.04883105346006733,-0.12544757510745697,0.0935309170454437,0.4195940524657829,0.41741977904002636,1.8855093239896383,-0.12715306829087836,-0.9059696042858053,0.09787926499464826,-0.6382099618628331
2022-01-21,-0.07965727307610748,-0.004528438613466412,0.04732749817830739,-0.14141285893393787,0.09202317917064046,0.42335378635047166,0.41741977904002636,1.8855093239896383,-0.12715306829087836,-0.9059696042858053,0.09787926499464826,-0.6382099618628331
2022-01-22,-0.07965727307610748,-0.004528438613466412,0.04732749817830739,-0.14141285893393787,0.09202317917064046,0.4199646926365338,0.41741977904002636,1.8855093239896383,-0.12715306829087836,-0.9059696042858053,0.09787926499464826,-0.6382099618628331
2022-01-23,-0.07965727307610748,-0.004528438613466412,0.04732749817830739,-0.14141285893393787,0.09202317917064046,0.42116284219678635,0.41741977904002636,1.8855093239896383,-0.12715306829087836,-0.9059696042858053,0.09787926499464826,-0.6382099618628331
2022-01-24,-0.0815626985403467,-0.003271861402628473,0.049994053302798935,-0.14108527964568973,0.08611950932437783,0.41490081736115014,0.41741977904002636,1.8855093239896383,-0.12715306829087836,-0.9059696042858053,0.09787926499464826,-0.6382099618628331
2022-01-25,-0.08155564363199508,-0.0035558984069749,0.05084925333617263,-0.17895793227448353,0.07491495112770499,0.4148961030037089,0.41741977904002636,1.8855093239896383,-0.12715306829087836,-0.9059696042858053,0.09787926499464826,-0.6382099618628331
2022-01-26,-0.07934945744157162,-0.005708071919757418,0.05608027265551496,-0.17649363864539444,0.08060261704685279,0.41749800306971335,0.41741977904002636,1.8855093239896383,-0.12715306829087836,-0.9059696042858053,0.09787926499464826,-0.6382099618628331
2022-01-27,-0.07764343302390786,-0.006214444503673144,0.06385487148621527,-0.2004518833956004,0.07071336178388221,0.416100145423208,0.41741977904002636,1.8855093239896383,-0.12715306829087836,-0.9059696042858053,0.09787926499464826,-0.6382099618628331
2022-01-28,-0.08005760154217889,-0.005524189700375048,0.06380344068122024,-0.19150510412696048,0.06969338374586705,0.42827281908553655,0.41741977904002636,1.8855093239896383,-0.12715306829087836,-0.9059696042858053,0.09787926499464826,-0.6382099618628331
2022-01-29,-0.08005760154217889,-0.005524189700375048,0.06380344068122024,-0.19150510412696048,0.06969338374586705,0.4255297033895947,0.41741977904002636,1.8855093239896383,-0.12715306829087836,-0.9059696042858053,0.09787926499464826,-0.6382099618628331
2022-01-30,-0.08005760154217889,-0.005524189700375048,0.06380344068122024,-0.19150510412696048,0.06969338374586705,0.43088551014978294,0.41741977904002636,1.8855093239896383,-0.12715306829087836,-0.9059696042858053,0.09787926499464826,-0.6382099618628331
2022-01-31,-0.08005760154217889,-0.005524189700375048,0.06380344068122024,-0.19150510412696048,0.07244920295658656,0.43132904511658166,0.35684368302835306,1.3334875268415753,0.02920661642640509,-0.2894684663738287,-0.02896084728234531,-0.33547464791537923
2022-02-01,-0.08005760154217889,-0.005524189700375048,0.06380344068122024,-0.19150510412696048,0.07310705717728898,0.42418759573252673,0.35684368302835306,1.3334875268415753,0.02920661642640509,-0.2894684663738287,-0.02896084728234531,-0.33547464791537923
2022-02-02,-0.08005760154217889,-0.005524189700375048,0.06380344068122024,-0.19150510412696048,0.07351274933934332,0.42746224154760415,0.35684368302835306,1.3334875268415753,0.02920661642640509,-0.2894684663738287,-0.02896084728234531,-0.33547464791537923
2022-02-03,-0.08005760154217889,-0.005524189700375048,0.06380344068122024,-0.19150510412696048,0.07324184845100272,0.43087678625350995,0.35684368302835306,1.3334875268415753,0.02920661642640509,-0.2894684663738287,-0.02896084728234531,-0.33547464791537923
2022-02-04,-0.08005760154217889,-0.005524189700375048,0.06380344068122024,-0.19150510412696048,0.0738919477365584,0.42075670687747563,0.35684368302835306,1.3334875268415753,0.02920661642640509,-0.2894684663738287,-0.02896084728234531,-0.33547464791537923
2022-02-05,-0.08005760154217889,-0.005524189700375048,0.06380344068122024,-0.19150510412696048,0.0738919477365584,0.4307688126271164,0.35684368302835306,1.3334875268415753,0.02920661642640509,-0.2894684663738287,-0.02896084728234531,-0.33547464791537923
2022-02-06,-0.08005760154217889,-0.005524189700375048,0.06380344068122024,-0.19150510412696048,0.0738919477365584,0.4341288523180089,0.35684368302835306,1.3334875268415753,0.02920661642640509,-0.2894684663738287,-0.02896084728234531,-0.33547464791537923
2022-02-07,-0.07828313090573147,-0.00612563091793672,0.04515367161741202,-0.18293007214048967,0.08360489177501308,0.4558377503045306,0.35684368302835306,1.3334875268415753,0.02920661642640509,-0.2894684663738287,-0.02896084728234531,-0.33547464791537923
2022-02-08,-0.07876646693550016,-0.0058508159460883835,0.04712432151259016,-0.16881668920198561,0.08396081240627765,0.4496395348336422,0.35684368302835306,1.3334875268415753,0.02920661642640509,-0.2894684663738287,-0.02896084728234531,-0.33547464791537923
2022-02-09,-0.07775680286357256,-0.006547928973774653,0.046925551792541764,-0.1536443698457328,0.08770989039270397,0.42869964071885164,0.35684368302835306,1.3334875268415753,0.02920661642640509,-0.2894684663738287,-0.02896084728234531,-0.33547464791537923
2022-02-10,-0.07773353385051252,-0.006904373185099066,0.046925551792541764,-0.15376193207558422,0.09918003204115752,0.43612887740915396,0.35684368302835306,1.3334875268415753,0.02920661642640509,-0.2894684663738287,-0.02896084728234531,-0.33547464791537923
2022-02-11,-0.0731544902089688,-0.009702787390691081,0.051414455098006906,-0.17403512892027115,0.09274366714200476,0.42902174472976917,0.35684368302835306,1.3334875268415753,0.02920661642640509,-0.2894684663738287,-0.02896084728234531,-0.33547464791537923
2022-02-12,-0.0731544902089688,-0.009702787390691081,0.051414455098006906,-0.17403512892027115,0.09274366714200476,0.42336814691971225,0.35684368302835306,1.3334875268415753,0.02920661642640509,-0.2894684663738287,-0.02896084728234531,-0.33547464791537923
2022-02-13,-0.0731544902089688,-0.009702787390691081,0.051414455098006906,-0.17403512892027115,0.09274366714200476,0.42067750264464043,0.35684368302835306,1.3334875268415753,0.02920661642640509,-0.2894684663738287,-0.02896084728234531,-0.33547464791537923
2022-02-14,-0.0725690589107546,-0.01005226878200427,0.054227013692977666,-0.17678953791419313,0.08483982729140761,0.4209651043337833,0.35684368302835306,1.3334875268415753,0.02920661642640509,-0.2894684663738287,-0.02896084728234531,-0.33547464791537923
2022-02-15,-0.07266668794888487,-0.009513852254742217,0.05142234339755247,-0.17021613105699715,0.08160731294709479,0.41732922352737234,0.35684368302835306,1.3334875268415753,0.02920661642640509,-0.2894684663738287,-0.02896084728234531,-0.33547464791537923
2022-02-16,-0.07290158488912346,-0.009403060177037514,0.0495368874505534,-0.16355320514069355,0.08706948699237513,0.41142992742726964,0.35684368302835306,1.3334875268415753,0.02920661642640509,-0.2894684663738287,-0.02896084728234531,-0.33547464791537923
2022-02-17,-0.07387450082085056,-0.008619137901350826,0.04929684653923294,-0.16517773725837626,0.08475102905510112,0.40966765312246356,0.35684368302835306,1.3334875268415753,0.02920661642640509,-0.2894684663738287,-0.02896084728234531,-0.33547464791537923
2022-02-18,-0.07267604216056489,-0.009531383895809098,0.05234505415140078,-0.1566899896408448,0.09340380887954317,0.4058196382697603,0.35684368302835306,1.3334875268415753,0.02920661642640509,-0.2894684663738287,-0.02896084728234531,-0.33547464791537923
2022-02-19,-0.07267604216056489,-0.009531383895809098,0.05234505415140078,-0.1566899896408448,0.09340380887954317,0.39511435599211264,0.35684368302835306,1.3334875268415753,0.02920661642640509,-0.2894684663738287,-0.02896084728234531,-0.33547464791537923
2022-02-20,-0.07267604216056489,-0.009531383895809098,0.05234505415140078,-0.1566899896408448,0.09340380887954317,0.40301950338951287,0.35684368302835306,1.3334875268415753,0.02920661642640509,-0.2894684663738287,-0.02896084728234531,-0.33547464791537923
2022-02-21,-0.06910177363995618,-0.01133171870183125,0.052636459767203325,-0.14214452278561873,0.09263607282315742,0.41097707504050074,0.35684368302835306,1.3334875268415753,0.02920661642640509,-0.2894684663738287,-0.02896084728234531,-0.33547464791537923
2022-02-22,-0.06895073828237475,-0.011749163368018789,0.05211624418986793,-0.15134588146366484,0.08607739308536316,0.4024874545763672,0.35684368302835306,1.3334875268415753,0.02920661642640509,-0.2894684663738287,-0.02896084728234531,-0.33547464791537923
2022-02-23,-0.07102064351378468,-0.010477722994695071,0.05321967523583737,-0.1351084036111544,0.08678718187953965,0.4043771253005036,0.35684368302835306,1.3334875268415753,0.02920661642640509,-0.2894684663738287,-0.02896084728234531,-0.33547464791537923
2022-02-24,-0.07224800230895634,-0.009390483080233825,0.06273407681637178,-0.15304052150820655,0.07732553514871542,0.3879449743060302,0.35684368302835306,1.3334875268415753,0.02920661642640509,-0.2894684663738287,-0.02896084728234531,-0.33547464791537923
2022-02-25,-0.07277293242000538,-0.00909370998828396,0.057233742058170334,-0.14700116178385805,0.0732374584325205,0.3826022962194932,0.35684368302835306,1.3334875268415753,0.02920661642640509,-0.2894684663738287,-0.02896084728234531,-0.33547464791537923
2022-02-26,-0.07277293242000538,-0.00909370998828396,0.057233742058170334,-0.14700116178385805,0.0732374584325205,0.38579145185885766,0.35684368302835306,1.3334875268415753,0.02920661642640509,-0.2894684663738287,-0.02896084728234531,-0.33547464791537923
2022-02-27,-0.07277293242000538,-0.00909370998828396,0.057233742058170334,-0.14700116178385805,0.0732374584325205,0.38044839835161437,0.35684368302835306,1.3334875268415753,0.02920661642640509,-0.2894684663738287,-0.02896084728234531,-0.33547464791537923
2022-02-28,-0.0733941805288082,-0.008253843179133913,0.05884946846183259,-0.142924999281375,0.07389982776915077,0.3733662153615783,0.28938059451720466,1.0515948068509886,0.1068880603993433,-0.0429520031896806,0.0972090398307012,-0.43329333811806947
2022-03-01,-0.07087923054836887,-0.009487451334375674,0.06610850865540718,-0.14439831736431405,0.07919375097154452,0.40671769836301447,0.28938059451720466,1.0515948068509886,0.1068880603993433,-0.0429520031896806,0.0972090398307012,-0.43329333811806947
2022-03-02,-0.06955389743235896,-0.009997858806114923,0.06586212485103593,-0.13830273984611574,0.07912620208235252,0.4235555910809465,0.28938059451720466,1.0515948068509886,0.1068880603993433,-0.0429520031896806,0.0972090398307012,-0.43329333811806947
2022-03-03,-0.06839511460315395,-0.011013423878579065,0.06996953358954794,-0.13854351675742166,0.08878359908195879,0.44547792570645894,0.28938059451720466,1.0515948068509886,0.1068880603993433,-0.0429520031896806,0.0972090398307012,-0.43329333811806947
2022-03-04,-0.06933976040182899,-0.009977598853960545,0.0787950180708078,-0.14635200619859923,0.0855569778953958,0.4474911902142966,0.28938059451720466,1.0515948068509886,0.1068880603993433,-0.0429520031896806,0.0972090398307012,-0.43329333811806947
2022-03-05,-0.06933976040182899,-0.009977598853960545,0.0787950180708078,-0.14635200619859923,0.0855569778953958,0.4377812109944466,0.28938059451720466,1.0515948068509886,0.1068880603993433,-0.0429520031896806,0.0972090398307012,-0.43329333811806947
2022-03-06,-0.06933976040182899,-0.009977598853960545,0.0787950180708078,-0.14635200619859923,0.0855569778953958,0.4396885326825455,0.28938059451720466,1.0515948068509886,0.1068880603993433,-0.0429520031896806,0.0972090398307012,-0.43329333811806947
2022-03-07,-0.06987336417602996,-0.00935353125540983,0.08533341722740506,-0.1549578418554337,0.08449653199485258,0.4711942392745557,0.28938059451720466,1.0515948068509886,0.1068880603993433,-0.0429520031896806,0.0972090398307012,-0.43329333811806947
2022-03-08,-0.0696561615218747,-0.008330096678218601,0.08300696924013495,-0.18574749063367615,0.0772115960482196,0.47710507099054994,0.28938059451720466,1.0515948068509886,0.1068880603993433,-0.0429520031896806,0.0972090398307012,-0.43329333811806947
2022-03-09,-0.06738370778181157,-0.009236475083106321,0.071963380376595,-0.20108513324495306,0.07162518258045432,0.4900049367777589,0.28938059451720466,1.0515948068509886,0.1068880603993433,-0.0429520031896806,0.0972090398307012,-0.43329333811806947
2022-03-10,-0.06705964648617979,-0.008746437190004674,0.07746517688157628,-0.18378367996745068,0.07266665126726989,0.44985487230100324,0.28938059451720466,1.0515948068509886,0.1068880603993433,-0.0429520031896806,0.0972090398307012,-0.43329333811806947
2022-03-11,-0.07174523069631322,-0.007016772597095433,0.08372869114959769,-0.17694408207546256,0.07124511214335155,0.4458796529722286,0.28938059451720466,1.0515948068509886,0.1068880603993433,-0.0429520031896806,0.0972090398307012,-0.43329333811806947
2022-03-12,-0.07174523069631322,-0.007016772597095433,0.08372869114959769,-0.17694408207546256,0.07124511214335155,0.446561634862521,0.28938059451720466,1.0515948068509886,0.1068880603993433,-0.0429520031896806,0.0972090398307012,-0.43329333811806947
2022-03-13,-0.07174523069631322,-0.007016772597095433,0.08372869114959769,-0.17694408207546256,0.07124511214335155,0.4388576612824216,0.28938059451720466,1.0515948068509886,0.1068880603993433,-0.0429520031896806,0.0972090398307012,-0.43329333811806947
2022-03-14,-0.07413104204011323,-0.005209153189066451,0.08246764437989507,-0.19212284259749568,0.056098870454679546,0.43575257961879255,0.28938059451720466,1.0515948068509886,0.1068880603993433,-0.0429520031896806,0.0972090398307012,-0.43329333811806947
2022-03-15,-0.06959315233652308,-0.007802609669960048,0.08278077885600088,-0.234545850219064,0.03670098801369995,0.4270180837853004,0.28938059451720466,1.0515948068509886,0.1068880603993433,-0.0429520031896806,0.0972090398307012,-0.43329333811806947
2022-03-16,-0.07066725852308908,-0.007591316855603991,0.07641907028284123,-0.22128221917154386,0.05643943288406139,0.41898936831078165,0.28938059451720466,1.0515948068509886,0.1068880603993433,-0.0429520031896806,0.0972090398307012,-0.43329333811806947
2022-03-17,-0.07115329738785714,-0.0070655532915400165,0.0725572816649549,-0.2065187166637866,0.07267770552157782,0.4175268136968387,0.28938059451720466,1.0515948068509886,0.1068880603993433,-0.0429520031896806,0.0972090398307012,-0.43329333811806947
2022-03-18,-0.07180408974537544,-0.006031123232290936,0.0746997015792581,-0.1968187591734111,0.08217903037718972,0.4377580486924194,0.28938059451720466,1.0515948068509886,0.1068880603993433,-0.0429520031896806,0.0972090398307012,-0.43329333811806947
2022-03-19,-0.07180408974537544,-0.006031123232290936,0.0746997015792581,-0.1968187591734111,0.08217903037718972,0.4346895249173326,0.28938059451720466,1.0515948068509886,0.1068880603993433,-0.0429520031896806,0.0972090398307012,-0.43329333811806947
2022-03-20,-0.07180408974537544,-0.006031123232290936,0.0746997015792581,-0.1968187591734111,0.08217903037718972,0.42685650536353203,0.28938059451720466,1.0515948068509886,0.1068880603993433,-0.0429520031896806,0.0972090398307012,-0.43329333811806947
2022-03-21,-0.07168195470269434,-0.007217716115913042,0.07724474891713862,-0.18747898115727293,0.08198309526271695,0.4329708821459224,0.28938059451720466,1.0515948068509886,0.1068880603993433,-0.0429520031896806,0.0972090398307012,-0.43329333811806947
2022-03-22,-0.0687381406312223,-0.008513893830483288,0.07694011853533522,-0.1898476212836541,0.09245933958859627,0.44781561551231974,0.28938059451720466,1.0515948068509886,0.1068880603993433,-0.0429520031896806,0.0972090398307012,-0.43329333811806947
2022-03-23,-0.06888413244138814,-0.008080655891600452,0.078768457793842,-0.18518115003701938,0.09855231786031149,0.45596940011367115,0.28938059451720466,1.0515948068509886,0.1068880603993433,-0.0429520031896806,0.0972090398307012,-0.43329333811806947
2022-03-24,-0.07040508380156785,-0.007009019944772654,0.07963026454635147,-0.19578059222899408,0.09818154355308671,0.4720744218181745,0.28938059451720466,1.0515948068509886,0.1068880603993433,-0.0429520031896806,0.0972090398307012,-0.43329333811806947
2022-03-25,-0.07106554000557541,-0.006571962106794227,0.08037989732759032,-0.19770457282927276,0.0951904551069009,0.4673377294331265,0.28938059451720466,1.0515948068509886,0.1068880603993433,-0.0429520031896806,0.0972090398307012,-0.43329333811806947
2022-03-26,-0.07106554000557541,-0.006571962106794227,0.08037989732759032,-0.19770457282927276,0.0951904551069009,0.4610318215598783,0.28938059451720466,1.0515948068509886,0.1068880603993433,-0.0429520031896806,0.0972090398307012,-0.43329333811806947
2022-03-27,-0.07106554000557541,-0.006571962106794227,0.08037989732759032,-0.19770457282927276,0.0951904551069009,0.47120882136776837,0.28938059451720466,1.0515948068509886,0.1068880603993433,-0.0429520031896806,0.0972090398307012,-0.43329333811806947
2022-03-28,-0.07147397848720283,-0.006568499501674263,0.0834369178460691,-0.19744504204753213,0.09880731860502182,0.47810136111852264,0.28938059451720466,1.0515948068509886,0.1068880603993433,-0.0429520031896806,0.0972090398307012,-0.43329333811806947
2022-03-29,-0.07131107704969941,-0.006742821235905194,0.0834369178460691,-0.20402957853811687,0.10019054033121472,0.45396362306874855,0.28938059451720466,1.0515948068509886,0.1068880603993433,-0.0429520031896806,0.0972090398307012,-0.43329333811806947
2022-03-30,-0.07258802508280238,-0.005973956476959086,0.0834369178460691,-0.19497408816539136,0.11286993055645624,0.4520470736197604,0.28938059451720466,1.0515948068509886,0.1068880603993433,-0.0429520031896806,0.0972090398307012,-0.43329333811806947
2022-03-31,-0.07113269635241648,-0.006343485786599379,0.07557545716851011,-0.1692723030916597,0.11063667895432172,0.46575253382164905,-0.1473596592388714,1.107532222026575,0.18233301411063343,-0.225214601182731,0.11865624507700914,-0.12301863895736177
2022-04-01,-0.07204831296265912,-0.006622737752581154,0.07883040061386781,-0.17138163152357158,0.11618392942801949,0.45702038781943327,-0.1473596592388714,1.107532222026575,0.18233301411063343,-0.225214601182731,0.11865624507700914,-0.12301863895736177
2022-04-02,-0.07204831296265912,-0.006622737752581154,0.07883040061386781,-0.17138163152357158,0.11618392942801949,0.4532723079053558,-0.1473596592388714,1.107532222026575,0.18233301411063343,-0.225214601182731,0.11865624507700914,-0.12301863895736177
2022-04-03,-0.07204831296265912,-0.006622737752581154,0.07883040061386781,-0.17138163152357158,0.11618392942801949,0.4551727965497119,-0.1473596592388714,1.107532222026575,0.18233301411063343,-0.225214601182731,0.11865624507700914,-0.12301863895736177
2022-04-04,-0.07204831296265912,-0.006622737752581154,0.07883040061386781,-0.17138163152357158,0.1184004657975114,0.4541961651871319,-0.1473596592388714,1.107532222026575,0.18233301411063343,-0.225214601182731,0.11865624507700914,-0.12301863895736177
2022-04-05,-0.07204831296265912,-0.006622737752581154,0.07883040061386781,-0.17138163152357158,0.11650108232559157,0.45750982377228366,-0.1473596592388714,1.107532222026575,0.18233301411063343,-0.225214601182731,0.11865624507700914,-0.12301863895736177
2022-04-06,-0.07296410953778343,-0.006284262382092232,0.08863452098048308,-0.16585603145073566,0.11999400878959905,0.4604721814067938,-0.1473596592388714,1.107532222026575,0.18233301411063343,-0.225214601182731,0.11865624507700914,-0.12301863895736177
2022-04-07,-0.07500548396834883,-0.005679870191503289,0.09016064072064123,-0.1858221555757808,0.1114722202657293,0.44467904275033926,-0.1473596592388714,1.107532222026575,0.18233301411063343,-0.225214601182731,0.11865624507700914,-0.12301863895736177
2022-04-08,-0.07441501606819267,-0.00634347416092107,0.0906117640176507,-0.19191803981615912,0.11645969719056347,0.43855636696291894,-0.1473596592388714,1.107532222026575,0.18233301411063343,-0.225214601182731,0.11865624507700914,-0.12301863895736177
2022-04-09,-0.07441501606819267,-0.00634347416092107,0.0906117640176507,-0.19191803981615912,0.11645969719056347,0.4380828313578894,-0.1473596592388714,1.107532222026575,0.18233301411063343,-0.225214601182731,0.11865624507700914,-0.12301863895736177
2022-04-10,-0.07441501606819267,-0.00634347416092107,0.0906117640176507,-0.19191803981615912,0.11645969719056347,0.43216134131343137,-0.1473596592388714,1.107532222026575,0.18233301411063343,-0.225214601182731,0.11865624507700914,-0.12301863895736177
2022-04-11,-0.07303136788637532,-0.0076586582188818975,0.0919745440889963,-0.21437926124065695,0.10593024418328159,0.42442848353271223,-0.1473596592388714,1.107532222026575,0.18233301411063343,-0.225214601182731,0.11865624507700914,-0.12301863895736177
2022-04-12,-0.07283822231764303,-0.007340158532431973,0.09557699375476902,-0.20788932663387735,0.10343565822741857,0.4317270647387294,-0.1473596592388714,1.107532222026575,0.18233301411063343,-0.225214601182731,0.11865624507700914,-0.12301863895736177
2022-04-13,-0.07342183796911683,-0.007173618285010175,0.09141913470319962,-0.22195166223813736,0.1077295897095294,0.43394589221731206,-0.1473596592388714,1.107532222026575,0.18233301411063343,-0.225214601182731,0.11865624507700914,-0.12301863895736177
2022-04-14,-0.07348992061942183,-0.007074037562369462,0.09588471668067133,-0.21316521103473277,0.11236303108303146,0.4524398071688654,-0.1473596592388714,1.107532222026575,0.18233301411063343,-0.225214601182731,0.11865624507700914,-0.12301863895736177
2022-04-15,-0.07345842183618934,-0.007173279820563261,0.09588471668067133,-0.22453995926285814,0.115094529574161,0.4686796613836053,-0.1473596592388714,1.107532222026575,0.18233301411063343,-0.225214601182731,0.11865624507700914,-0.12301863895736177
2022-04-16,-0.07345842183618934,-0.007173279820563261,0.09588471668067133,-0.22453995926285814,0.115094529574161,0.4625692820763013,-0.1473596592388714,1.107532222026575,0.18233301411063343,-0.225214601182731,0.11865624507700914,-0.12301863895736177
2022-04-17,-0.07345842183618934,-0.007173279820563261,0.09588471668067133,-0.22453995926285814,0.115094529574161,0.46424070877618523,-0.1473596592388714,1.107532222026575,0.18233301411063343,-0.225214601182731,0.11865624507700914,-0.12301863895736177
2022-04-18,-0.06978717381508648,-0.009251435471043568,0.10046999792786782,-0.21941397437311788,0.1119501870509956,0.4630284107958409,-0.1473596592388714,1.107532222026575,0.18233301411063343,-0.225214601182731,0.11865624507700914,-0.12301863895736177
2022-04-19,-0.06937412809755472,-0.009084787165910768,0.10225604887000972,-0.21137237607513445,0.10894817016242327,0.46718566242276754,-0.1473596592388714,1.107532222026575,0.18233301411063343,-0.225214601182731,0.11865624507700914,-0.12301863895736177
2022-04-20,-0.06867012979531295,-0.009302163315370482,0.0966003996589282,-0.22405893124969775,0.10097701561321552,0.46515062955424175,-0.1473596592388714,1.107532222026575,0.18233301411063343,-0.225214601182731,0.11865624507700914,-0.12301863895736177
2022-04-21,-0.06911528849030368,-0.008797457453777913,0.09847309614264166,-0.2584384564227483,0.09614298403497487,0.46171247007708044,-0.1473596592388714,1.107532222026575,0.18233301411063343,-0.225214601182731,0.11865624507700914,-0.12301863895736177
2022-04-22,-0.06832844299573404,-0.009136185338589509,0.10485620179198829,-0.270206685390369,0.09683205220796741,0.45904380748819773,-0.1473596592388714,1.107532222026575,0.18233301411063343,-0.225214601182731,0.11865624507700914,-0.12301863895736177
2022-04-23,-0.06832844299573404,-0.009136185338589509,0.10485620179198829,-0.270206685390369,0.09683205220796741,0.4667495798931605,-0.1473596592388714,1.107532222026575,0.18233301411063343,-0.225214601182731,0.11865624507700914,-0.12301863895736177
2022-04-24,-0.06832844299573404,-0.009136185338589509,0.10485620179198829,-0.270206685390369,0.09683205220796741,0.4731740348900685,-0.1473596592388714,1.107532222026575,0.18233301411063343,-0.225214601182731,0.11865624507700914,-0.12301863895736177
2022-04-25,-0.0696929739739578,-0.008340370869047153,0.1101120800769122,-0.3253425824765271,0.07533572708235045,0.46068885095448875,-0.1473596592388714,1.107532222026575,0.18233301411063343,-0.225214601182731,0.11865624507700914,-0.12301863895736177
2022-04-26,-0.06942982332633196,-0.008310729032565134,0.11552720705230346,-0.35192216261198617,0.07737158041569339,0.46490228423841506,-0.1473596592388714,1.107532222026575,0.18233301411063343,-0.225214601182731,0.11865624507700914,-0.12301863895736177
2022-04-27,-0.06822594930052617,-0.009154430849938722,0.12189065680451017,-0.3250765228940978,0.07708380768770084,0.4759761022219418,-0.1473596592388714,1.107532222026575,0.18233301411063343,-0.225214601182731,0.11865624507700914,-0.12301863895736177
2022-04-28,-0.06741899437049126,-0.009820890755750655,0.12838870447628592,-0.3358388783811107,0.08377158102311505,0.4760006523949009,-0.1473596592388714,1.107532222026575,0.18233301411063343,-0.225214601182731,0.11865624507700914,-0.12301863895736177
2022-04-29,-0.06854862136867879,-0.009291747281690244,0.12198086065782865,-0.30477795574337885,0.09557431990736966,0.4850812865283061,-0.1473596592388714,1.107532222026575,0.18233301411063343,-0.225214601182731,0.11865624507700914,-0.12301863895736177
2022-04-30,-0.06854862136867879,-0.009291747281690244,0.12198086065782865,-0.30477795574337885,0.09557431990736966,0.4896338008154994,-0.8769602701091437,1.2997852958181273,0.4700785714788031,0.07925632864436769,0.20377484089829456,0.7753281068369103
2022-05-01,-0.06854862136867879,-0.009291747281690244,0.12198086065782865,-0.30477795574337885,0.09557431990736966,0.49413594900402646,-0.8769602701091437,1.2997852958181273,0.4700785714788031,0.07925632864436769,0.20377484089829456,0.7753281068369103
2022-05-02,-0.06854862136867879,-0.009291747281690244,0.12198086065782865,-0.30477795574337885,0.09573217655111439,0.4892121957906789,-0.8769602701091437,1.2997852958181273,0.4700785714788031,0.07925632864436769,0.20377484089829456,0.7753281068369103
2022-05-03,-0.06854862136867879,-0.009291747281690244,0.12198086065782865,-0.30477795574337885,0.09385693846770428,0.4924203534662157,-0.8769602701091437,1.2997852958181273,0.4700785714788031,0.07925632864436769,0.20377484089829456,0.7753281068369103
2022-05-04,-0.06854862136867879,-0.009291747281690244,0.12198086065782865,-0.30477795574337885,0.09529522565599967,0.48902777291377114,-0.8769602701091437,1.2997852958181273,0.4700785714788031,0.07925632864436769,0.20377484089829456,0.7753281068369103
2022-05-05,-0.06913577306008412,-0.009267895522927727,0.12968295566652144,-0.2840817890124615,0.08850914517375062,0.4998882359030875,-0.8769602701091437,1.2997852958181273,0.4700785714788031,0.07925632864436769,0.20377484089829456,0.7753281068369103
2022-05-06,-0.06907454101000443,-0.009385903015820762,0.128796225772158,-0.28950384844081756,0.06453410721716385,0.4870505556449159,-0.8769602701091437,1.2997852958181273,0.4700785714788031,0.07925632864436769,0.20377484089829456,0.7753281068369103
2022-05-07,-0.06907454101000443,-0.009385903015820762,0.128796225772158,-0.28950384844081756,0.06453410721716385,0.4932234265483385,-0.8769602701091437,1.2997852958181273,0.4700785714788031,0.07925632864436769,0.20377484089829456,0.7753281068369103
2022-05-08,-0.06907454101000443,-0.009385903015820762,0.128796225772158,-0.28950384844081756,0.06453410721716385,0.49196435242070796,-0.8769602701091437,1.2997852958181273,0.4700785714788031,0.07925632864436769,0.20377484089829456,0.7753281068369103
2022-05-09,-0.06969200199004266,-0.009237540973483949,0.12870940346847282,-0.27407055232683264,0.05944686597619172,0.48624344504712375,-0.8769602701091437,1.2997852958181273,0.4700785714788031,0.07925632864436769,0.20377484089829456,0.7753281068369103
2022-05-10,-0.07068136985537432,-0.008716433095184772,0.13130465098176258,-0.262451609425967,0.05627951477273499,0.47095499311866346,-0.8769602701091437,1.2997852958181273,0.4700785714788031,0.07925632864436769,0.20377484089829456,0.7753281068369103
2022-05-11,-0.06952587063691573,-0.009584276666410152,0.1305925647615932,-0.2618702832599441,0.05697437327428909,0.4702682788980049,-0.8769602701091437,1.2997852958181273,0.4700785714788031,0.07925632864436769,0.20377484089829456,0.7753281068369103
2022-05-12,-0.07038380628664131,-0.009464048418644011,0.14027035687684075,-0.25568404742882644,0.045752156616234455,0.48002350547866324,-0.8769602701091437,1.2997852958181273,0.4700785714788031,0.07925632864436769,0.20377484089829456,0.7753281068369103
2022-05-13,-0.06978142182265645,-0.01018765488406792,0.13752360195795588,-0.2514503173607281,0.055176905683160804,0.4885792811164724,-0.8769602701091437,1.2997852958181273,0.4700785714788031,0.07925632864436769,0.20377484089829456,0.7753281068369103
2022-05-14,-0.06978142182265645,-0.01018765488406792,0.13752360195795588,-0.2514503173607281,0.055176905683160804,0.48691913753249655,-0.8769602701091437,1.2997852958181273,0.4700785714788031,0.07925632864436769,0.20377484089829456,0.7753281068369103
2022-05-15,-0.06978142182265645,-0.01018765488406792,0.13752360195795588,-0.2514503173607281,0.055176905683160804,0.4954473233910958,-0.8769602701091437,1.2997852958181273,0.4700785714788031,0.07925632864436769,0.20377484089829456,0.7753281068369103
2022-05-16,-0.06965903653336825,-0.010533768562569379,0.13392768370771435,-0.24605792234892404,0.061369659656534646,0.5044820006065016,-0.8769602701091437,1.2997852958181273,0.4700785714788031,0.07925632864436769,0.20377484089829456,0.7753281068369103
2022-05-17,-0.06975083673532878,-0.01031716002130445,0.12599003313710577,-0.2510277418315862,0.0681119255204005,0.5058663821192589,-0.8769602701091437,1.2997852958181273,0.4700785714788031,0.07925632864436769,0.20377484089829456,0.7753281068369103
2022-05-18,-0.07052392746639935,-0.01024034042125177,0.13034374830738438,-0.2505131934658964,0.06271859320741514,0.4913428008332618,-0.8769602701091437,1.2997852958181273,0.4700785714788031,0.07925632864436769,0.20377484089829456,0.7753281068369103
2022-05-19,-0.07100902894025185,-0.010453419001256514,0.11988232840564084,-0.2442194296019589,0.06567670097212257,0.49244104413142165,-0.8769602701091437,1.2997852958181273,0.4700785714788031,0.07925632864436769,0.20377484089829456,0.7753281068369103
2022-05-20,-0.07068816155932411,-0.01076909133987991,0.12402936317843005,-0.237210433431698,0.06945220812431374,0.5015558153809131,-0.8769602701091437,1.2997852958181273,0.4700785714788031,0.07925632864436769,0.20377484089829456,0.7753281068369103
2022-05-21,-0.07068816155932411,-0.01076909133987991,0.12402936317843005,-0.237210433431698,0.06945220812431374,0.49683222967678947,-0.8769602701091437,1.2997852958181273,0.4700785714788031,0.07925632864436769,0.20377484089829456,0.7753281068369103
2022-05-22,-0.07068816155932411,-0.01076909133987991,0.12402936317843005,-0.237210433431698,0.06945220812431374,0.49932500674168945,-0.8769602701091437,1.2997852958181273,0.4700785714788031,0.07925632864436769,0.20377484089829456,0.7753281068369103
2022-05-23,-0.07173360790683414,-0.010258086079557138,0.11361734185026706,-0.22256821763740672,0.06656435448366901,0.5044526861358545,-0.8769602701091437,1.2997852958181273,0.4700785714788031,0.07925632864436769,0.20377484089829456,0.7753281068369103
2022-05-24,-0.07193616789869106,-0.010374551649194652,0.11147188160495969,-0.25562997669023646,0.06009740941002622,0.49813477040932264,-0.8769602701091437,1.2997852958181273,0.4700785714788031,0.07925632864436769,0.20377484089829456,0.7753281068369103
2022-05-25,-0.0730271243581303,-0.00969141885843916,0.11342560103514121,-0.2371924682754404,0.061809433085220945,0.5040044664692963,-0.8769602701091437,1.2997852958181273,0.4700785714788031,0.07925632864436769,0.20377484089829456,0.7753281068369103
2022-05-26,-0.07668679157239155,-0.007342309348585818,0.11120133200637261,-0.22896227965420674,0.05740374690396752,0.49111593294601213,-0.8769602701091437,1.2997852958181273,0.4700785714788031,0.07925632864436769,0.20377484089829456,0.7753281068369103
2022-05-27,-0.07694912424668565,-0.007134735243899293,0.10962024999633635,-0.2342415379990422,0.06454998674987442,0.5068812582417916,-0.8769602701091437,1.2997852958181273,0.4700785714788031,0.07925632864436769,0.20377484089829456,0.7753281068369103
2022-05-28,-0.07694912424668565,-0.007134735243899293,0.10962024999633635,-0.2342415379990422,0.06454998674987442,0.5109380630371544,-0.8769602701091437,1.2997852958181273,0.4700785714788031,0.07925632864436769,0.20377484089829456,0.7753281068369103
2022-05-29,-0.07694912424668565,-0.007134735243899293,0.10962024999633635,-0.2342415379990422,0.06454998674987442,0.5065183900494215,-0.8769602701091437,1.2997852958181273,0.4700785714788031,0.07925632864436769,0.20377484089829456,0.7753281068369103
2022-05-30,-0.07568033415398201,-0.008358286820750682,0.10962024999633635,-0.2256059941082013,0.06613625815268871,0.5146970638048279,-0.8769602701091437,1.2997852958181273,0.4700785714788031,0.07925632864436769,0.20377484089829456,0.7753281068369103
2022-05-31,-0.07298846087378996,-0.009680405874386677,0.1104464686688782,-0.21976723068957776,0.07034379770907384,0.5229865900271197,-0.9765220577233976,1.3580672887531287,0.792140088332693,0.27789736286260097,0.04292080155098395,0.5419938003652744
2022-06-01,-0.07232867133546983,-0.009581575752574789,0.11777801989145864,-0.21446089315799316,0.06750765815775923,0.5203551883812626,-0.9765220577233976,1.3580672887531287,0.792140088332693,0.27789736286260097,0.04292080155098395,0.5419938003652744
2022-06-02,-0.07240395124448273,-0.009059319412714317,0.11053885424920218,-0.2085428639645649,0.06918705402656257,0.5278551480779792,-0.9765220577233976,1.3580672887531287,0.792140088332693,0.27789736286260097,0.04292080155098395,0.5419938003652744
2022-06-03,-0.07240395124448273,-0.009059319412714317,0.11053885424920218,-0.2085428639645649,0.06822911178517167,0.535319852919851,-0.9765220577233976,1.3580672887531287,0.792140088332693,0.27789736286260097,0.04292080155098395,0.5419938003652744
2022-06-04,-0.07240395124448273,-0.009059319412714317,0.11053885424920218,-0.2085428639645649,0.06822911178517167,0.5285849558851079,-0.9765220577233976,1.3580672887531287,0.792140088332693,0.27789736286260097,0.04292080155098395,0.5419938003652744
2022-06-05,-0.07240395124448273,-0.009059319412714317,0.11053885424920218,-0.2085428639645649,0.06822911178517167,0.5281823061578316,-0.9765220577233976,1.3580672887531287,0.792140088332693,0.27789736286260097,0.04292080155098395,0.5419938003652744
2022-06-06,-0.0705536289893478,-0.00943224082860783,0.11723133429951849,-0.1972394943694726,0.07315493142002807,0.5269181003952882,-0.9765220577233976,1.3580672887531287,0.792140088332693,0.27789736286260097,0.04292080155098395,0.5419938003652744
2022-06-07,-0.07150853052850237,-0.008775469639641487,0.11606964467565206,-0.1982089555455679,0.07297003104916512,0.5248802119494896,-0.9765220577233976,1.3580672887531287,0.792140088332693,0.27789736286260097,0.04292080155098395,0.5419938003652744
2022-06-08,-0.07126010608923905,-0.008325798286298647,0.1182588977884963,-0.20181881269953095,0.07972132075713285,0.5363221784775979,-0.9765220577233976,1.3580672887531287,0.792140088332693,0.27789736286260097,0.04292080155098395,0.5419938003652744
2022-06-09,-0.07221229694291131,-0.007992256657950114,0.12490007896303934,-0.21450225683483987,0.07505137783625955,0.5390852949234862,-0.9765220577233976,1.3580672887531287,0.792140088332693,0.27789736286260097,0.04292080155098395,0.5419938003652744
2022-06-10,-0.07219500085111585,-0.008211276416486668,0.1338612600951513,-0.19841967368323304,0.07086834814882487,0.5405397601243379,-0.9765220577233976,1.3580672887531287,0.792140088332693,0.27789736286260097,0.04292080155098395,0.5419938003652744
2022-06-11,-0.07219500085111585,-0.008211276416486668,0.1338612600951513,-0.19841967368323304,0.07086834814882487,0.5431837073227401,-0.9765220577233976,1.3580672887531287,0.792140088332693,0.27789736286260097,0.04292080155098395,0.5419938003652744
2022-06-12,-0.07219500085111585,-0.008211276416486668,0.1338612600951513,-0.19841967368323304,0.07086834814882487,0.5401486091542068,-0.9765220577233976,1.3580672887531287,0.792140088332693,0.27789736286260097,0.04292080155098395,0.5419938003652744
2022-06-13,-0.07155706925528971,-0.008363680441335064,0.14279086027950438,-0.1893504246298616,0.05550280951529273,0.5264215925487687,-0.9765220577233976,1.3580672887531287,0.792140088332693,0.27789736286260097,0.04292080155098395,0.5419938003652744
2022-06-14,-0.07138806727307978,-0.008591307610050891,0.14697822585555265,-0.19081712627720332,0.054433322690429456,0.5243960310053103,-0.9765220577233976,1.3580672887531287,0.792140088332693,0.27789736286260097,0.04292080155098395,0.5419938003652744
2022-06-15,-0.07119052554748162,-0.008822998489223077,0.14356648567852126,-0.20043913251640266,0.057769958744191156,0.5151240627998487,-0.9765220577233976,1.3580672887531287,0.792140088332693,0.27789736286260097,0.04292080155098395,0.5419938003652744
2022-06-16,-0.07118950708997618,-0.008836754483041998,0.1290454791930422,-0.19431945539834666,0.05167517851355763,0.5120046970483342,-0.9765220577233976,1.3580672887531287,0.792140088332693,0.27789736286260097,0.04292080155098395,0.5419938003652744
2022-06-17,-0.07135755274950939,-0.008642712225589766,0.13936092534332545,-0.19349822867010363,0.044849879347988,0.5048697463040996,-0.9765220577233976,1.3580672887531287,0.792140088332693,0.27789736286260097,0.04292080155098395,0.5419938003652744
2022-06-18,-0.07135755274950939,-0.008642712225589766,0.13936092534332545,-0.19349822867010363,0.044849879347988,0.5003928923103771,-0.9765220577233976,1.3580672887531287,0.792140088332693,0.27789736286260097,0.04292080155098395,0.5419938003652744
2022-06-19,-0.07135755274950939,-0.008642712225589766,0.13936092534332545,-0.19349822867010363,0.044849879347988,0.5087092752590886,-0.9765220577233976,1.3580672887531287,0.792140088332693,0.27789736286260097,0.04292080155098395,0.5419938003652744
2022-06-20,-0.07015190043967712,-0.00958200885410987,0.13936092534332545,-0.18502182977323245,0.0421439395622782,0.4771406319631604,-0.9765220577233976,1.3580672887531287,0.792140088332693,0.27789736286260097,0.04292080155098395,0.5419938003652744
2022-06-21,-0.07008155379383574,-0.009623144362523428,0.13682988427360243,-0.19412968200383054,0.04433933585184198,0.48675357060857294,-0.9765220577233976,1.3580672887531287,0.792140088332693,0.27789736286260097,0.04292080155098395,0.5419938003652744
2022-06-22,-0.070499585009552,-0.009325273064908934,0.13455095479593693,-0.20334821712395706,0.029587792285574187,0.4843337074843988,-0.9765220577233976,1.3580672887531287,0.792140088332693,0.27789736286260097,0.04292080155098395,0.5419938003652744
2022-06-23,-0.07000834878607831,-0.009574437409368475,0.13679670083469042,-0.1891311620886105,0.024350458471802963,0.4898037054730934,-0.9765220577233976,1.3580672887531287,0.792140088332693,0.27789736286260097,0.04292080155098395,0.5419938003652744
2022-06-24,-0.06898052829574264,-0.010108557240835814,0.13444107846202336,-0.1827994961267148,0.011222361840723515,0.4779189318393462,-0.9765220577233976,1.3580672887531287,0.792140088332693,0.27789736286260097,0.04292080155098395,0.5419938003652744
2022-06-25,-0.06898052829574264,-0.010108557240835814,0.13444107846202336,-0.1827994961267148,0.011222361840723515,0.4853767541769595,-0.9765220577233976,1.3580672887531287,0.792140088332693,0.27789736286260097,0.04292080155098395,0.5419938003652744
2022-06-26,-0.06898052829574264,-0.010108557240835814,0.13444107846202336,-0.1827994961267148,0.011222361840723515,0.4906151274743395,-0.9765220577233976,1.3580672887531287,0.792140088332693,0.27789736286260097,0.04292080155098395,0.5419938003652744
2022-06-27,-0.06569995898325365,-0.012155498959328437,0.13207989403048326,-0.1770557727664395,0.01783354991332105,0.5034452107463296,-0.9765220577233976,1.3580672887531287,0.792140088332693,0.27789736286260097,0.04292080155098395,0.5419938003652744
2022-06-28,-0.06511009360773679,-0.012150219823252928,0.13753501674669177,-0.16598665128196452,0.02106874668106324,0.5197754772538632,-0.9765220577233976,1.3580672887531287,0.792140088332693,0.27789736286260097,0.04292080155098395,0.5419938003652744
2022-06-29,-0.06582531763270605,-0.01205463706108334,0.1432763138970945,-0.18579827506319424,0.01824978617704196,0.5433150324510894,-0.9765220577233976,1.3580672887531287,0.792140088332693,0.27789736286260097,0.04292080155098395,0.5419938003652744
2022-06-30,-0.06767558426769849,-0.011015801935750136,0.139270833715183,-0.016132841771672735,0.01797800060282369,0.5520485829345735,-0.3958271108491708,1.3307805752799813,0.9501090747770599,0.5105551492408256,0.17344715222968704,1.1089942319156516
2022-07-01,-0.06706030846163102,-0.01113881937306449,0.14359810123201922,0.15012661698068214,0.007208744807295936,0.5455449682829638,-0.3958271108491708,1.3307805752799813,0.9501090747770599,0.5105551492408256,0.17344715222968704,1.1089942319156516
2022-07-02,-0.06706030846163102,-0.01113881937306449,0.14359810123201922,0.15012661698068214,0.007208744807295936,0.5588461987562648,-0.3958271108491708,1.3307805752799813,0.9501090747770599,0.5105551492408256,0.17344715222968704,1.1089942319156516
2022-07-03,-0.06706030846163102,-0.01113881937306449,0.14359810123201922,0.15012661698068214,0.007208744807295936,0.5670864821410665,-0.3958271108491708,1.3307805752799813,0.9501090747770599,0.5105551492408256,0.17344715222968704,1.1089942319156516
2022-07-04,-0.06567764230903261,-0.01281802046740721,0.14359810123201922,0.17923060829251178,0.002569348151487556,0.564736875373673,-0.3958271108491708,1.3307805752799813,0.9501090747770599,0.5105551492408256,0.17344715222968704,1.1089942319156516
2022-07-05,-0.06570324476031364,-0.012785072564919897,0.15688539983005223,0.1698000405110913,-0.00627805636787525,0.590763584879709,-0.3958271108491708,1.3307805752799813,0.9501090747770599,0.5105551492408256,0.17344715222968704,1.1089942319156516
2022-07-06,-0.06660135575741144,-0.012146521270770538,0.16215127489458514,0.15568179383516154,-0.02423570614228282,0.6018187452979933,-0.3958271108491708,1.3307805752799813,0.9501090747770599,0.5105551492408256,0.17344715222968704,1.1089942319156516
2022-07-07,-0.06646527641804079,-0.012384191130536348,0.16246874706908276,0.16836269655812194,-0.014959184774082012,0.603624166047467,-0.3958271108491708,1.3307805752799813,0.9501090747770599,0.5105551492408256,0.17344715222968704,1.1089942319156516
2022-07-08,-0.06610405427972865,-0.013024246027201647,0.16132060929254965,0.1627002545755486,-0.016811296290777995,0.6090766692706988,-0.3958271108491708,1.3307805752799813,0.9501090747770599,0.5105551492408256,0.17344715222968704,1.1089942319156516
2022-07-09,-0.06610405427972865,-0.013024246027201647,0.16132060929254965,0.1627002545755486,-0.016811296290777995,0.611520991755802,-0.3958271108491708,1.3307805752799813,0.9501090747770599,0.5105551492408256,0.17344715222968704,1.1089942319156516
2022-07-10,-0.06610405427972865,-0.013024246027201647,0.16132060929254965,0.1627002545755486,-0.016811296290777995,0.6174461979737118,-0.3958271108491708,1.3307805752799813,0.9501090747770599,0.5105551492408256,0.17344715222968704,1.1089942319156516
2022-07-11,-0.06743993311910068,-0.012387986896090109,0.170796624880315,0.15382301360686185,-0.023970162346299402,0.612241263726971,-0.3958271108491708,1.3307805752799813,0.9501090747770599,0.5105551492408256,0.17344715222968704,1.1089942319156516
2022-07-12,-0.06864726502803453,-0.011853856671646179,0.1712687552994001,0.13839664065065388,-0.03438379512550683,0.6107722804510413,-0.3958271108491708,1.3307805752799813,0.9501090747770599,0.5105551492408256,0.17344715222968704,1.1089942319156516
2022-07-13,-0.06900770045036153,-0.01176818711849359,0.17020464988819273,0.14824768072341019,-0.04064193542806546,0.594108458601724,-0.3958271108491708,1.3307805752799813,0.9501090747770599,0.5105551492408256,0.17344715222968704,1.1089942319156516
2022-07-14,-0.07013556911541419,-0.01115593854110486,0.17564199994423368,0.16029169674831215,-0.04917179885902457,0.5882281163131341,-0.3958271108491708,1.3307805752799813,0.9501090747770599,0.5105551492408256,0.17344715222968704,1.1089942319156516
2022-07-15,-0.07094101022696386,-0.010667645561050598,0.17121061727913944,0.1459231209560421,-0.06540687260443465,0.567860546569073,-0.3958271108491708,1.3307805752799813,0.9501090747770599,0.5105551492408256,0.17344715222968704,1.1089942319156516
2022-07-16,-0.07094101022696386,-0.010667645561050598,0.17121061727913944,0.1459231209560421,-0.06540687260443465,0.5720696422749713,-0.3958271108491708,1.3307805752799813,0.9501090747770599,0.5105551492408256,0.17344715222968704,1.1089942319156516
2022-07-17,-0.07094101022696386,-0.010667645561050598,0.17121061727913944,0.1459231209560421,-0.06540687260443465,0.5726461688813007,-0.3958271108491708,1.3307805752799813,0.9501090747770599,0.5105551492408256,0.17344715222968704,1.1089942319156516
2022-07-18,-0.07051925799926662,-0.010962142575397182,0.16476067604115785,0.16954011537226232,-0.04243105479020025,0.5885729439026122,-0.3958271108491708,1.3307805752799813,0.9501090747770599,0.5105551492408256,0.17344715222968704,1.1089942319156516
2022-07-19,-0.07054167940967515,-0.011160285763692546,0.1583899441521055,0.18409184812345122,-0.046987318834005906,0.5882393649566499,-0.3958271108491708,1.3307805752799813,0.9501090747770599,0.5105551492408256,0.17344715222968704,1.1089942319156516
2022-07-20,-0.07174731276464819,-0.010849888664060003,0.16208316325185979,0.2008798046541668,-0.041050969868229537,0.5990423484081331,-0.3958271108491708,1.3307805752799813,0.9501090747770599,0.5105551492408256,0.17344715222968704,1.1089942319156516
2022-07-21,-0.07241811212540394,-0.010633244710460898,0.16053286253087662,0.19702408776420077,-0.04583645663467732,0.6002375654377089,-0.3958271108491708,1.3307805752799813,0.9501090747770599,0.5105551492408256,0.17344715222968704,1.1089942319156516
2022-07-22,-0.07080683153370593,-0.011543609301938984,0.15884920337831843,0.18709557843226532,-0.042153427625322905,0.5957061599194987,-0.3958271108491708,1.3307805752799813,0.9501090747770599,0.5105551492408256,0.17344715222968704,1.1089942319156516
2022-07-23,-0.07080683153370593,-0.011543609301938984,0.15884920337831843,0.18709557843226532,-0.042153427625322905,0.5954107950779551,-0.3958271108491708,1.3307805752799813,0.9501090747770599,0.5105551492408256,0.17344715222968704,1.1089942319156516
2022-07-24,-0.07080683153370593,-0.011543609301938984,0.15884920337831843,0.18709557843226532,-0.042153427625322905,0.5962978840186269,-0.3958271108491708,1.3307805752799813,0.9501090747770599,0.5105551492408256,0.17344715222968704,1.1089942319156516
2022-07-25,-0.07116343402890457,-0.011271745051930848,0.15653495246479832,0.1735353032192233,-0.04103235118183608,0.5788726980399035,-0.3958271108491708,1.3307805752799813,0.9501090747770599,0.5105551492408256,0.17344715222968704,1.1089942319156516
2022-07-26,-0.07209841801297523,-0.010655908772741363,0.16316511878242634,0.1872495529666289,-0.024689783267746006,0.5906608237929898,-0.3958271108491708,1.3307805752799813,0.9501090747770599,0.5105551492408256,0.17344715222968704,1.1089942319156516
2022-07-27,-0.0720455054296506,-0.011074666890740326,0.1562894132529411,0.20331618656487527,-0.028567618893072695,0.5821897998293593,-0.3958271108491708,1.3307805752799813,0.9501090747770599,0.5105551492408256,0.17344715222968704,1.1089942319156516
2022-07-28,-0.07106046521904741,-0.011732159679878396,0.15387517960773012,0.21207630347825351,-0.01994108494298616,0.5961231043592834,-0.3958271108491708,1.3307805752799813,0.9501090747770599,0.5105551492408256,0.17344715222968704,1.1089942319156516
2022-07-29,-0.0733441818711309,-0.01016181483530676,0.15112552096090126,0.20911722315535777,-0.02126911254519928,0.5946411087356357,-0.3958271108491708,1.3307805752799813,0.9501090747770599,0.5105551492408256,0.17344715222968704,1.1089942319156516
2022-07-30,-0.0733441818711309,-0.01016181483530676,0.15112552096090126,0.20911722315535777,-0.02126911254519928,0.5964454433164859,-0.3958271108491708,1.3307805752799813,0.9501090747770599,0.5105551492408256,0.17344715222968704,1.1089942319156516
2022-07-31,-0.0733441818711309,-0.01016181483530676,0.15112552096090126,0.20911722315535777,-0.02126911254519928,0.5936011078476872,-0.0638360310923845,1.2486716980309631,1.143310505743465,0.28041712228185856,0.06537334454321246,1.3444550316525627
2022-08-01,-0.07511455205330031,-0.00911036997481196,0.14684802173991596,0.21647202667485008,-0.021509175300073,0.6083188055442162,-0.0638360310923845,1.2486716980309631,1.143310505743465,0.28041712228185856,0.06537334454321246,1.3444550316525627
2022-08-02,-0.07560353621406857,-0.009281191339717387,0.1543492071358381,0.1736757819776667,-0.03152414591981508,0.5991453882878863,-0.0638360310923845,1.2486716980309631,1.143310505743465,0.28041712228185856,0.06537334454321246,1.3444550316525627
2022-08-03,-0.07567654379164668,-0.009307898714254415,0.15684353606723,0.16716858329389842,-0.03739281720133591,0.5950758745848223,-0.0638360310923845,1.2486716980309631,1.143310505743465,0.28041712228185856,0.06537334454321246,1.3444550316525627
2022-08-04,-0.07606183343313466,-0.008972741380170457,0.14921016329949854,0.17286542197808694,-0.03596431457639197,0.5789614954823292,-0.0638360310923845,1.2486716980309631,1.143310505743465,0.28041712228185856,0.06537334454321246,1.3444550316525627
2022-08-05,-0.07622095758138991,-0.009572900808314078,0.15799030957219407,0.19113318157497597,-0.02617927383339238,0.5782324248884988,-0.0638360310923845,1.2486716980309631,1.143310505743465,0.28041712228185856,0.06537334454321246,1.3444550316525627
2022-08-06,-0.07622095758138991,-0.009572900808314078,0.15799030957219407,0.19113318157497597,-0.02617927383339238,0.5803473201700664,-0.0638360310923845,1.2486716980309631,1.143310505743465,0.28041712228185856,0.06537334454321246,1.3444550316525627
2022-08-08,-0.07466442378758187,-0.01001338506833005,0.1562458127094748,0.20739125363100136,-0.028620221591727106,0.5893336818406067,-0.0638360310923845,1.2486716980309631,1.143310505743465,0.28041712228185856,0.06537334454321246,1.3444550316525627
2022-08-09,-0.07449391249729864,-0.010612464105166919,0.15567269296502972,0.2099256551869493,-0.026291375227658738,0.5875433605192757,-0.0638360310923845,1.2486716980309631,1.143310505743465,0.28041712228185856,0.06537334454321246,1.3444550316525627
2022-08-10,-0.07477205571872492,-0.010070778519890577,0.14459855830806467,0.21520692913468187,-0.028239010065013573,0.588864391574385,-0.0638360310923845,1.2486716980309631,1.143310505743465,0.28041712228185856,0.06537334454321246,1.3444550316525627
2022-08-11,-0.07514551646170886,-0.009784684491736417,0.14359091543190972,0.2285512281155441,-0.013156008858781681,0.6005675348137179,-0.0638360310923845,1.2486716980309631,1.143310505743465,0.28041712228185856,0.06537334454321246,1.3444550316525627
2022-08-12,-0.07489291589320535,-0.009496894376228915,0.14873888383994083,0.22035552383083418,-0.010397363010983332,0.6041228437322371,-0.0638360310923845,1.2486716980309631,1.143310505743465,0.28041712228185856,0.06537334454321246,1.3444550316525627
2022-08-13,-0.07489291589320535,-0.009496894376228915,0.14873888383994083,0.22035552383083418,-0.010397363010983332,0.6048618266658325,-0.0638360310923845,1.2486716980309631,1.143310505743465,0.28041712228185856,0.06537334454321246,1.3444550316525627
2022-08-14,-0.07489291589320535,-0.009496894376228915,0.14873888383994083,0.22035552383083418,-0.010397363010983332,0.5966197806402682,-0.0638360310923845,1.2486716980309631,1.143310505743465,0.28041712228185856,0.06537334454321246,1.3444550316525627
2022-08-15,-0.08072652066318431,-0.005514945797700732,0.15740111367777265,0.22910008554794065,-0.016730811749440896,0.5997294420350899,-0.0638360310923845,1.2486716980309631,1.143310505743465,0.28041712228185856,0.06537334454321246,1.3444550316525627
2022-08-16,-0.08276032458269567,-0.0051437237684860415,0.15696937527370303,0.23916381554380495,-0.01198201307051329,0.5925444908363853,-0.0638360310923845,1.2486716980309631,1.143310505743465,0.28041712228185856,0.06537334454321246,1.3444550316525627
2022-08-17,-0.08213813225076305,-0.005795233808299494,0.15766421095445426,0.23996615694925025,-0.012974502578597169,0.5706963473924502,-0.0638360310923845,1.2486716980309631,1.143310505743465,0.28041712228185856,0.06537334454321246,1.3444550316525627
2022-08-18,-0.084275857356642,-0.004513403532477311,0.16620287892225127,0.24167884978495816,-0.01891516188522353,0.5753118065311941,-0.0638360310923845,1.2486716980309631,1.143310505743465,0.28041712228185856,0.06537334454321246,1.3444550316525627
2022-08-19,-0.08479758809532822,-0.0035877610610753896,0.17257592049122905,0.2238349802408397,-0.013159537018937923,0.5735856179804473,-0.0638360310923845,1.2486716980309631,1.143310505743465,0.28041712228185856,0.06537334454321246,1.3444550316525627
2022-08-20,-0.08479758809532822,-0.0035877610610753896,0.17257592049122905,0.2238349802408397,-0.013159537018937923,0.5717901044608679,-0.0638360310923845,1.2486716980309631,1.143310505743465,0.28041712228185856,0.06537334454321246,1.3444550316525627
2022-08-21,-0.08479758809532822,-0.0035877610610753896,0.17257592049122905,0.2238349802408397,-0.013159537018937923,0.5656236073608754,-0.0638360310923845,1.2486716980309631,1.143310505743465,0.28041712228185856,0.06537334454321246,1.3444550316525627
2022-08-22,-0.08410331459577791,-0.0032254869311959533,0.18068360383858384,0.23236229501959219,-0.01176775048228004,0.5774086703855325,-0.0638360310923845,1.2486716980309631,1.143310505743465,0.28041712228185856,0.06537334454321246,1.3444550316525627
2022-08-23,-0.08273089529704902,-0.0037675767535174653,0.17681367738552722,0.2370101000307006,-0.014065373008196724,0.5856324205475442,-0.0638360310923845,1.2486716980309631,1.143310505743465,0.28041712228185856,0.06537334454321246,1.3444550316525627
2022-08-24,-0.08311046536598587,-0.0037098518438429817,0.1773015990234711,0.19308240102892377,-0.016750859846632667,0.5965897522286211,-0.0638360310923845,1.2486716980309631,1.143310505743465,0.28041712228185856,0.06537334454321246,1.3444550316525627
2022-08-25,-0.08050983694788039,-0.004729797673806546,0.17539687217234334,0.19097259060501479,-0.011251408822136398,0.6031623378531056,-0.0638360310923845,1.2486716980309631,1.143310505743465,0.28041712228185856,0.06537334454321246,1.3444550316525627
2022-08-26,-0.08010217697665889,-0.004753117095787296,0.17846684543684033,0.186727336546439,-0.005011655970230281,0.5975142923309197,-0.0638360310923845,1.2486716980309631,1.143310505743465,0.28041712228185856,0.06537334454321246,1.3444550316525627
2022-08-27,-0.08010217697665889,-0.004753117095787296,0.17846684543684033,0.186727336546439,-0.005011655970230281,0.6010755720149645,-0.0638360310923845,1.2486716980309631,1.143310505743465,0.28041712228185856,0.06537334454321246,1.3444550316525627
2022-08-28,-0.08010217697665889,-0.004753117095787296,0.17846684543684033,0.186727336546439,-0.005011655970230281,0.6003383594749659,-0.0638360310923845,1.2486716980309631,1.143310505743465,0.28041712228185856,0.06537334454321246,1.3444550316525627
2022-08-29,-0.08144174480199629,-0.003639603013961934,0.17876095497426103,0.19691130163686657,-0.010933887944548186,0.5937233972275369,-0.0638360310923845,1.2486716980309631,1.143310505743465,0.28041712228185856,0.06537334454321246,1.3444550316525627
2022-08-30,-0.08227142789934538,-0.0025704088794883395,0.1781912852907953,0.19154291859001168,-0.01660042734000392,0.5944707543881778,-0.0638360310923845,1.2486716980309631,1.143310505743465,0.28041712228185856,0.06537334454321246,1.3444550316525627
2022-08-31,-0.0818775795883604,-0.0027740908514634066,0.17752016286151606,0.15027677939652317,-0.01874478857007442,0.5902142137069972,-0.059501667491236865,1.0217285353686498,1.3639506218359811,0.2144834174779209,-0.1583143039241407,1.8851642737413454
2022-09-01,-0.08270891687247728,-0.0017740839161705102,0.18663699818810298,0.14839074471165678,-0.03264897719717801,0.5820775630023822,-0.059501667491236865,1.0217285353686498,1.3639506218359811,0.2144834174779209,-0.1583143039241407,1.8851642737413454
2022-09-02,-0.08226691212419857,-0.0017673462081601032,0.1852057048276632,0.16209500407948516,-0.0414098678867488,0.5780631321400731,-0.059501667491236865,1.0217285353686498,1.3639506218359811,0.2144834174779209,-0.1583143039241407,1.8851642737413454
2022-09-03,-0.08226691212419857,-0.0017673462081601032,0.1852057048276632,0.16209500407948516,-0.0414098678867488,0.5758703726048096,-0.059501667491236865,1.0217285353686498,1.3639506218359811,0.2144834174779209,-0.1583143039241407,1.8851642737413454
2022-09-04,-0.08226691212419857,-0.0017673462081601032,0.1852057048276632,0.16209500407948516,-0.0414098678867488,0.57645804341668,-0.059501667491236865,1.0217285353686498,1.3639506218359811,0.2144834174779209,-0.1583143039241407,1.8851642737413454
2022-09-05,-0.0828048048538832,-0.0016497234125957272,0.1852057048276632,0.16541711201114667,-0.03708527583517737,0.5885798872365395,-0.059501667491236865,1.0217285353686498,1.3639506218359811,0.2144834174779209,-0.1583143039241407,1.8851642737413454
2022-09-06,-0.0828752772302217,-0.0013851736348508004,0.19156902580562418,0.18675161141611393,-0.028813636111561503,0.595901667069397,-0.059501667491236865,1.0217285353686498,1.3639506218359811,0.2144834174779209,-0.1583143039241407,1.8851642737413454
2022-09-07,-0.0827514559234942,-0.0015093464721070982,0.18541830595367692,0.1923723829996607,-0.036115280744205766,0.592048426837743,-0.059501667491236865,1.0217285353686498,1.3639506218359811,0.2144834174779209,-0.1583143039241407,1.8851642737413454
2022-09-08,-0.08248566020763792,-0.001871467417820516,0.18645889817844497,0.1835906640813191,-0.032700095496421916,0.5855451102774424,-0.059501667491236865,1.0217285353686498,1.3639506218359811,0.2144834174779209,-0.1583143039241407,1.8851642737413454
2022-09-09,-0.0804846128552239,-0.002766196038837987,0.18013064993603833,0.1828991370177649,-0.02002512954985518,0.5951316003004294,-0.059501667491236865,1.0217285353686498,1.3639506218359811,0.2144834174779209,-0.1583143039241407,1.8851642737413454
2022-09-10,-0.0804846128552239,-0.002766196038837987,0.18013064993603833,0.1828991370177649,-0.02002512954985518,0.5958465275720982,-0.059501667491236865,1.0217285353686498,1.3639506218359811,0.2144834174779209,-0.1583143039241407,1.8851642737413454
2022-09-11,-0.0804846128552239,-0.002766196038837987,0.18013064993603833,0.1828991370177649,-0.02002512954985518,0.59813131797299,-0.059501667491236865,1.0217285353686498,1.3639506218359811,0.2144834174779209,-0.1583143039241407,1.8851642737413454
2022-09-12,-0.0804846128552239,-0.002766196038837987,0.18013064993603833,0.1828991370177649,-0.018515306041954945,0.596566344929597,-0.059501667491236865,1.0217285353686498,1.3639506218359811,0.2144834174779209,-0.1583143039241407,1.8851642737413454
2022-09-13,-0.0806238671183721,-0.0030536694882147275,0.18906864375102017,0.17776097087573284,-0.022259402377297923,0.609239145320793,-0.059501667491236865,1.0217285353686498,1.3639506218359811,0.2144834174779209,-0.1583143039241407,1.8851642737413454
2022-09-14,-0.07911347141891356,-0.003852399438572962,0.18644010454576676,0.1671050918026368,-0.031684779546309834,0.601740731268693,-0.059501667491236865,1.0217285353686498,1.3639506218359811,0.2144834174779209,-0.1583143039241407,1.8851642737413454
2022-09-15,-0.0788820727402102,-0.003866316855973273,0.18701461803315478,0.1340379870203839,-0.031197298545449628,0.6002122606555583,-0.059501667491236865,1.0217285353686498,1.3639506218359811,0.2144834174779209,-0.1583143039241407,1.8851642737413454
2022-09-16,-0.07773896147636983,-0.004452233803756478,0.18630372403838624,0.10987730563137282,-0.03992532638007696,0.5895147613788825,-0.059501667491236865,1.0217285353686498,1.3639506218359811,0.2144834174779209,-0.1583143039241407,1.8851642737413454
2022-09-17,-0.07773896147636983,-0.004452233803756478,0.18630372403838624,0.10987730563137282,-0.03992532638007696,0.591670748431625,-0.059501667491236865,1.0217285353686498,1.3639506218359811,0.2144834174779209,-0.1583143039241407,1.8851642737413454
2022-09-18,-0.07773896147636983,-0.004452233803756478,0.18630372403838624,0.10987730563137282,-0.03992532638007696,0.5898117279766595,-0.059501667491236865,1.0217285353686498,1.3639506218359811,0.2144834174779209,-0.1583143039241407,1.8851642737413454
2022-09-19,-0.07830155848893916,-0.004441721526789566,0.1857473729717426,0.09416484851612669,-0.042843340087425706,0.5937761205747302,-0.059501667491236865,1.0217285353686498,1.3639506218359811,0.2144834174779209,-0.1583143039241407,1.8851642737413454
2022-09-20,-0.0786504556704567,-0.0037939947690839304,0.1913778597305168,0.10952071918838711,-0.04352851348759184,0.5923297413419044,-0.059501667491236865,1.0217285353686498,1.3639506218359811,0.2144834174779209,-0.1583143039241407,1.8851642737413454
2022-09-21,-0.07979888744440966,-0.003304226934553345,0.20175000466831106,0.11744326546307322,-0.04322489659134645,0.5912681039084116,-0.059501667491236865,1.0217285353686498,1.3639506218359811,0.2144834174779209,-0.1583143039241407,1.8851642737413454
2022-09-22,-0.08006244101495474,-0.003114493359115178,0.20127399381885624,0.11724989903730564,-0.048461410253707746,0.5986443071604685,-0.059501667491236865,1.0217285353686498,1.3639506218359811,0.2144834174779209,-0.1583143039241407,1.8851642737413454
2022-09-23,-0.07804744361951055,-0.003979672435491577,0.2168550485502313,0.09449904423997219,-0.059277792859287075,0.6020368403884577,-0.059501667491236865,1.0217285353686498,1.3639506218359811,0.2144834174779209,-0.1583143039241407,1.8851642737413454
2022-09-24,-0.07804744361951055,-0.003979672435491577,0.2168550485502313,0.09449904423997219,-0.059277792859287075,0.603759743362793,-0.059501667491236865,1.0217285353686498,1.3639506218359811,0.2144834174779209,-0.1583143039241407,1.8851642737413454
2022-09-25,-0.07804744361951055,-0.003979672435491577,0.2168550485502313,0.09449904423997219,-0.059277792859287075,0.6051953709684288,-0.059501667491236865,1.0217285353686498,1.3639506218359811,0.2144834174779209,-0.1583143039241407,1.8851642737413454
2022-09-26,-0.07572895723100825,-0.00591980687429372,0.22653449432675477,0.07430638387626443,-0.06941209237186304,0.593014882965437,-0.059501667491236865,1.0217285353686498,1.3639506218359811,0.2144834174779209,-0.1583143039241407,1.8851642737413454
2022-09-27,-0.07609903319290168,-0.005334679253792496,0.22682367122414948,0.09817309396446539,-0.06693468153972837,0.5930595238685451,-0.059501667491236865,1.0217285353686498,1.3639506218359811,0.2144834174779209,-0.1583143039241407,1.8851642737413454
2022-09-28,-0.07389257476645006,-0.0061560833609174415,0.2142875345618629,0.06606050860639609,-0.07578491674748092,0.5995471530291612,-0.059501667491236865,1.0217285353686498,1.3639506218359811,0.2144834174779209,-0.1583143039241407,1.8851642737413454
2022-09-29,-0.07198190590029652,-0.00768000289573767,0.20749187455778206,0.0651828888144859,-0.07581209958245547,0.6125012003935216,-0.059501667491236865,1.0217285353686498,1.3639506218359811,0.2144834174779209,-0.1583143039241407,1.8851642737413454
2022-09-30,-0.0718943822002015,-0.007500426113798753,0.20945698491659326,0.23446360485736956,-0.07099342854052448,0.6116730564579933,-0.13550593786843318,0.7450007556618713,1.4340800759108494,-0.01985420851314176,0.07224315247367087,2.5565561928598095
2022-10-01,-0.0718943822002015,-0.007500426113798753,0.20945698491659326,0.23446360485736956,-0.07099342854052448,0.6122345101882983,-0.13550593786843318,0.7450007556618713,1.4340800759108494,-0.01985420851314176,0.07224315247367087,2.5565561928598095
2022-10-02,-0.0718943822002015,-0.007500426113798753,0.20945698491659326,0.23446360485736956,-0.07099342854052448,0.6085890635286512,-0.13550593786843318,0.7450007556618713,1.4340800759108494,-0.01985420851314176,0.07224315247367087,2.5565561928598095
2022-10-03,-0.0718943822002015,-0.007500426113798753,0.20945698491659326,0.23446360485736956,-0.07285163573983515,0.613392155317491,-0.13550593786843318,0.7450007556618713,1.4340800759108494,-0.01985420851314176,0.07224315247367087,2.5565561928598095
2022-10-04,-0.0718943822002015,-0.007500426113798753,0.20945698491659326,0.23446360485736956,-0.06965159448509257,0.6150692974955545,-0.13550593786843318,0.7450007556618713,1.4340800759108494,-0.01985420851314176,0.07224315247367087,2.5565561928598095
2022-10-05,-0.0718943822002015,-0.007500426113798753,0.20945698491659326,0.23446360485736956,-0.07144245862323104,0.6161826486490346,-0.13550593786843318,0.7450007556618713,1.4340800759108494,-0.01985420851314176,0.07224315247367087,2.5565561928598095
2022-10-06,-0.0718943822002015,-0.007500426113798753,0.20945698491659326,0.23446360485736956,-0.07188013825662695,0.6310024521113903,-0.13550593786843318,0.7450007556618713,1.4340800759108494,-0.01985420851314176,0.07224315247367087,2.5565561928598095
2022-10-07,-0.0718943822002015,-0.007500426113798753,0.20945698491659326,0.23446360485736956,-0.07519799740329106,0.6314192409780615,-0.13550593786843318,0.7450007556618713,1.4340800759108494,-0.01985420851314176,0.07224315247367087,2.5565561928598095
2022-10-08,-0.0718943822002015,-0.007500426113798753,0.20945698491659326,0.23446360485736956,-0.07519799740329106,0.6366737724248884,-0.13550593786843318,0.7450007556618713,1.4340800759108494,-0.01985420851314176,0.07224315247367087,2.5565561928598095
2022-10-09,-0.0718943822002015,-0.007500426113798753,0.20945698491659326,0.23446360485736956,-0.07519799740329106,0.6395452882100374,-0.13550593786843318,0.7450007556618713,1.4340800759108494,-0.01985420851314176,0.07224315247367087,2.5565561928598095
2022-10-10,-0.07311473222386555,-0.0070269577460133625,0.21811325692500882,0.21963503342999652,-0.07189886117121576,0.65863074960186,-0.13550593786843318,0.7450007556618713,1.4340800759108494,-0.01985420851314176,0.07224315247367087,2.5565561928598095
2022-10-11,-0.07297647925345985,-0.0073066290854904015,0.2187938056063352,0.22853396403855497,-0.0742849645978555,0.6496045554934041,-0.13550593786843318,0.7450007556618713,1.4340800759108494,-0.01985420851314176,0.07224315247367087,2.5565561928598095
2022-10-12,-0.07262469879699918,-0.007017838730021264,0.21966820169893286,0.2631499281949374,-0.07476428058382749,0.6442154588733021,-0.13550593786843318,0.7450007556618713,1.4340800759108494,-0.01985420851314176,0.07224315247367087,2.5565561928598095
2022-10-13,-0.07374652072531251,-0.0064146131586997335,0.21122309050938126,0.27864925721253264,-0.08040812251964781,0.6412284555996483,-0.13550593786843318,0.7450007556618713,1.4340800759108494,-0.01985420851314176,0.07224315247367087,2.5565561928598095
2022-10-14,-0.07616035761861495,-0.004963212379673898,0.219660031495293,0.3059061237389027,-0.07595550285871522,0.654125217966004,-0.13550593786843318,0.7450007556618713,1.4340800759108494,-0.01985420851314176,0.07224315247367087,2.5565561928598095
2022-10-15,-0.07616035761861495,-0.004963212379673898,0.219660031495293,0.3059061237389027,-0.07595550285871522,0.6692410339918033,-0.13550593786843318,0.7450007556618713,1.4340800759108494,-0.01985420851314176,0.07224315247367087,2.5565561928598095
2022-10-16,-0.07616035761861495,-0.004963212379673898,0.219660031495293,0.3059061237389027,-0.07595550285871522,0.665375705161901,-0.13550593786843318,0.7450007556618713,1.4340800759108494,-0.01985420851314176,0.07224315247367087,2.5565561928598095
2022-10-17,-0.07564044327779629,-0.005544819607811835,0.20843428995210656,0.32062633460182455,-0.07847623417396171,0.6531153423318313,-0.13550593786843318,0.7450007556618713,1.4340800759108494,-0.01985420851314176,0.07224315247367087,2.5565561928598095
2022-10-18,-0.07588887461137561,-0.005497746133199755,0.2092465071264833,0.32937470843745353,-0.0802362037239268,0.6515681698664959,-0.13550593786843318,0.7450007556618713,1.4340800759108494,-0.01985420851314176,0.07224315247367087,2.5565561928598095
2022-10-19,-0.07554521214266252,-0.005643797243773507,0.21686266694098433,0.32220520893214016,-0.08931766741739523,0.6472556733656673,-0.13550593786843318,0.7450007556618713,1.4340800759108494,-0.01985420851314176,0.07224315247367087,2.5565561928598095
2022-10-20,-0.07406665127524026,-0.006609944610468155,0.21595103343535527,0.31639602229516034,-0.09085904806108545,0.6517453214492609,-0.13550593786843318,0.7450007556618713,1.4340800759108494,-0.01985420851314176,0.07224315247367087,2.5565561928598095
2022-10-21,-0.07361267640533908,-0.006750956360924931,0.20825266081285898,0.3188187331601313,-0.08900148305905467,0.6577966527793448,-0.13550593786843318,0.7450007556618713,1.4340800759108494,-0.01985420851314176,0.07224315247367087,2.5565561928598095
2022-10-22,-0.07361267640533908,-0.006750956360924931,0.20825266081285898,0.3188187331601313,-0.08900148305905467,0.6579256422054085,-0.13550593786843318,0.7450007556618713,1.4340800759108494,-0.01985420851314176,0.07224315247367087,2.5565561928598095
2022-10-23,-0.07361267640533908,-0.006750956360924931,0.20825266081285898,0.3188187331601313,-0.08900148305905467,0.6552121998048515,-0.13550593786843318,0.7450007556618713,1.4340800759108494,-0.01985420851314176,0.07224315247367087,2.5565561928598095
2022-10-24,-0.07411258038719626,-0.006478234553302986,0.20804732567019568,0.31338068036096073,-0.1006532066443776,0.6595818581675531,-0.13550593786843318,0.7450007556618713,1.4340800759108494,-0.01985420851314176,0.07224315247367087,2.5565561928598095
2022-10-25,-0.07426592954291267,-0.006909686990055786,0.1987696287535342,0.30711986722264645,-0.10158156302730696,0.6458066645873025,-0.13550593786843318,0.7450007556618713,1.4340800759108494,-0.01985420851314176,0.07224315247367087,2.5565561928598095
2022-10-26,-0.07474824530844426,-0.006239421400832557,0.18750329256606235,0.33589382546878827,-0.1000363996320626,0.6499449514201819,-0.13550593786843318,0.7450007556618713,1.4340800759108494,-0.01985420851314176,0.07224315247367087,2.5565561928598095
2022-10-27,-0.07596918456899959,-0.005232579825520389,0.19558898080671872,0.33862882333046107,-0.09697518670451946,0.6532950543237167,-0.13550593786843318,0.7450007556618713,1.4340800759108494,-0.01985420851314176,0.07224315247367087,2.5565561928598095
2022-10-28,-0.07765796623365584,-0.00442995171806837,0.19708101874969575,0.29146279536961894,-0.11424294163058102,0.6417936353847166,-0.13550593786843318,0.7450007556618713,1.4340800759108494,-0.01985420851314176,0.07224315247367087,2.5565561928598095
2022-10-29,-0.07765796623365584,-0.00442995171806837,0.19708101874969575,0.29146279536961894,-0.11424294163058102,0.6494959630047307,-0.13550593786843318,0.7450007556618713,1.4340800759108494,-0.01985420851314176,0.07224315247367087,2.5565561928598095
2022-10-30,-0.07765796623365584,-0.00442995171806837,0.19708101874969575,0.29146279536961894,-0.11424294163058102,0.6377932159061941,-0.13550593786843318,0.7450007556618713,1.4340800759108494,-0.01985420851314176,0.07224315247367087,2.5565561928598095
2022-10-31,-0.08013728165924805,-0.0032000714472519842,0.204078635045564,0.30600423101905044,-0.12669611447085602,0.6292387103558077,-0.4879107168281192,0.34903976089733524,1.449127358642448,0.0624579325159769,-0.12346259539889022,2.4316730429172444
2022-11-01,-0.07821425520930625,-0.004065121322990084,0.2036661788690327,0.33021035110815705,-0.10977097798289004,0.6420609311014175,-0.4879107168281192,0.34903976089733524,1.449127358642448,0.0624579325159769,-0.12346259539889022,2.4316730429172444
2022-11-02,-0.07766101521541513,-0.004477863063759191,0.20936221675889743,0.3437899060010853,-0.10196381066496536,0.6449879988900149,-0.4879107168281192,0.34903976089733524,1.449127358642448,0.0624579325159769,-0.12346259539889022,2.4316730429172444
2022-11-03,-0.07711050488019078,-0.0041728523501064485,0.21662255426647892,0.35361916879906075,-0.10843855381459318,0.6463343975407649,-0.4879107168281192,0.34903976089733524,1.449127358642448,0.0624579325159769,-0.12346259539889022,2.4316730429172444
2022-11-04,-0.07628630958438165,-0.004696674624732888,0.19844315109637345,0.3745701778441101,-0.0860324995678487,0.6497793218959683,-0.4879107168281192,0.34903976089733524,1.449127358642448,0.0624579325159769,-0.12346259539889022,2.4316730429172444
2022-11-05,-0.07628630958438165,-0.004696674624732888,0.19844315109637345,0.3745701778441101,-0.0860324995678487,0.6548064747176702,-0.4879107168281192,0.34903976089733524,1.449127358642448,0.0624579325159769,-0.12346259539889022,2.4316730429172444
2022-11-06,-0.07628630958438165,-0.004696674624732888,0.19844315109637345,0.3745701778441101,-0.0860324995678487,0.6511442625670792,-0.4879107168281192,0.34903976089733524,1.449127358642448,0.0624579325159769,-0.12346259539889022,2.4316730429172444
2022-11-07,-0.07567322669962906,-0.004351140752099636,0.19161576579554473,0.37634460947290804,-0.0790241202873656,0.6529452479379338,-0.4879107168281192,0.34903976089733524,1.449127358642448,0.0624579325159769,-0.12346259539889022,2.4316730429172444
2022-11-08,-0.07603623218222866,-0.004138077771086324,0.18722056056488723,0.37613078029598834,-0.076048384003979,0.6501069250282269,-0.4879107168281192,0.34903976089733524,1.449127358642448,0.0624579325159769,-0.12346259539889022,2.4316730429172444
2022-11-09,-0.0761740836655006,-0.003819172773958157,0.19554811720686616,0.38105691377672674,-0.07219802641266844,0.6444205095659548,-0.4879107168281192,0.34903976089733524,1.449127358642448,0.0624579325159769,-0.12346259539889022,2.4316730429172444
2022-11-10,-0.07605043982058235,-0.003587607990959918,0.17435389563995918,0.3718683936127867,-0.07245839857939806,0.6305109451940328,-0.4879107168281192,0.34903976089733524,1.449127358642448,0.0624579325159769,-0.12346259539889022,2.4316730429172444
2022-11-11,-0.0724835833067361,-0.004992671343420296,0.15666541256138677,0.3712616533232772,-0.043131026722268435,0.6354645553632251,-0.4879107168281192,0.34903976089733524,1.449127358642448,0.0624579325159769,-0.12346259539889022,2.4316730429172444
2022-11-12,-0.0724835833067361,-0.004992671343420296,0.15666541256138677,0.3712616533232772,-0.043131026722268435,0.6388941130870418,-0.4879107168281192,0.34903976089733524,1.449127358642448,0.0624579325159769,-0.12346259539889022,2.4316730429172444
2022-11-13,-0.0724835833067361,-0.004992671343420296,0.15666541256138677,0.3712616533232772,-0.043131026722268435,0.6419101647786571,-0.4879107168281192,0.34903976089733524,1.449127358642448,0.0624579325159769,-0.12346259539889022,2.4316730429172444
2022-11-14,-0.06449732808835762,-0.009875844548383972,0.1601275734013371,0.3670890924213634,-0.04008735922832618,0.6367268059824813,-0.4879107168281192,0.34903976089733524,1.449127358642448,0.0624579325159769,-0.12346259539889022,2.4316730429172444
2022-11-15,-0.06528587377017292,-0.008148900748088939,0.15772742339196155,0.39355010252552214,-0.028188737710705684,0.6392273241984363,-0.4879107168281192,0.34903976089733524,1.449127358642448,0.0624579325159769,-0.12346259539889022,2.4316730429172444
2022-11-16,-0.06364854849163293,-0.0077363042098854695,0.15657145181194587,0.3876352720062571,-0.034714839615022364,0.641514716429484,-0.4879107168281192,0.34903976089733524,1.449127358642448,0.0624579325159769,-0.12346259539889022,2.4316730429172444
2022-11-17,-0.06664941878506969,-0.003986977670755287,0.16045737685969663,0.39534617997673804,-0.04106444446001927,0.6415260597881739,-0.4879107168281192,0.34903976089733524,1.449127358642448,0.0624579325159769,-0.12346259539889022,2.4316730429172444
2022-11-18,-0.0650388722634,-0.0032970694031371206,0.16266931005181617,0.38820134969818815,-0.0465408178718389,0.6398638198461832,-0.4879107168281192,0.34903976089733524,1.449127358642448,0.0624579325159769,-0.12346259539889022,2.4316730429172444
2022-11-19,-0.0650388722634,-0.0032970694031371206,0.16266931005181617,0.38820134969818815,-0.0465408178718389,0.6308487349545845,-0.4879107168281192,0.34903976089733524,1.449127358642448,0.0624579325159769,-0.12346259539889022,2.4316730429172444
2022-11-20,-0.0650388722634,-0.0032970694031371206,0.16266931005181617,0.38820134969818815,-0.0465408178718389,0.6296314924620247,-0.4879107168281192,0.34903976089733524,1.449127358642448,0.0624579325159769,-0.12346259539889022,2.4316730429172444
2022-11-21,-0.06491793766442111,-0.0029887494182239127,0.17113279083363597,0.39599708826016805,-0.05844382824478956,0.6246856697616052,-0.4879107168281192,0.34903976089733524,1.449127358642448,0.0624579325159769,-0.12346259539889022,2.4316730429172444
2022-11-22,-0.06482978822857743,-0.0032525683758841684,0.16544818008573414,0.3744997631950712,-0.05983204146545114,0.6246015705267657,-0.4879107168281192,0.34903976089733524,1.449127358642448,0.0624579325159769,-0.12346259539889022,2.4316730429172444
2022-11-23,-0.0659860827556552,-0.00201008533883118,0.15476007503266664,0.3693977902702801,-0.05729901051111894,0.6250395064945158,-0.4879107168281192,0.34903976089733524,1.449127358642448,0.0624579325159769,-0.12346259539889022,2.4316730429172444
2022-11-24,-0.06687687564323708,-0.0018904210285757284,0.15476007503266664,0.37630771517639877,-0.052674373712572324,0.6188396670037444,-0.4879107168281192,0.34903976089733524,1.449127358642448,0.0624579325159769,-0.12346259539889022,2.4316730429172444
2022-11-25,-0.06478895591101463,-0.004341549302306347,0.1536570922655941,0.36226483452184194,-0.04712456812976015,0.6213925169484469,-0.4879107168281192,0.34903976089733524,1.449127358642448,0.0624579325159769,-0.12346259539889022,2.4316730429172444
2022-11-26,-0.06478895591101463,-0.004341549302306347,0.1536570922655941,0.36226483452184194,-0.04712456812976015,0.6220605427318782,-0.4879107168281192,0.34903976089733524,1.449127358642448,0.0624579325159769,-0.12346259539889022,2.4316730429172444
2022-11-27,-0.06478895591101463,-0.004341549302306347,0.1536570922655941,0.36226483452184194,-0.04712456812976015,0.6143445858188188,-0.4879107168281192,0.34903976089733524,1.449127358642448,0.0624579325159769,-0.12346259539889022,2.4316730429172444
2022-11-28,-0.062133871835060805,-0.005781029159158235,0.16047104860719796,0.36429721950402627,-0.05359398701928349,0.6124520506802754,-0.4879107168281192,0.34903976089733524,1.449127358642448,0.0624579325159769,-0.12346259539889022,2.4316730429172444
2022-11-29,-0.059644399670998216,-0.006931762675747355,0.1617927460041103,0.38179352900074187,-0.03004249863952524,0.610234422711463,-0.4879107168281192,0.34903976089733524,1.449127358642448,0.0624579325159769,-0.12346259539889022,2.4316730429172444
2022-11-30,-0.05927653857205173,-0.005952565635017559,0.15362963353664105,0.37833659476224,-0.027034574636807134,0.6060029769784404,-1.1136002781546022,-0.016292992457570054,1.6209260789364395,-0.060170359221283,0.2815209599161609,1.3535409574223771
2022-12-01,-0.06056607242257295,-0.005078365565831855,0.1420958912053526,0.3872312312602785,-0.01956612005012762,0.6090041864297128,-1.1136002781546022,-0.016292992457570054,1.6209260789364395,-0.060170359221283,0.2815209599161609,1.3535409574223771
2022-12-02,-0.06049606812966268,-0.0046165542763403344,0.1403485075066283,0.39166113207121867,-0.02215228010766331,0.6176562953847639,-1.1136002781546022,-0.016292992457570054,1.6209260789364395,-0.060170359221283,0.2815209599161609,1.3535409574223771
2022-12-03,-0.06049606812966268,-0.0046165542763403344,0.1403485075066283,0.39166113207121867,-0.02215228010766331,0.6122856527641937,-1.1136002781546022,-0.016292992457570054,1.6209260789364395,-0.060170359221283,0.2815209599161609,1.3535409574223771
2022-12-04,-0.06049606812966268,-0.0046165542763403344,0.1403485075066283,0.39166113207121867,-0.02215228010766331,0.6093524022758827,-1.1136002781546022,-0.016292992457570054,1.6209260789364395,-0.060170359221283,0.2815209599161609,1.3535409574223771
2022-12-05,-0.05936665510527572,-0.005066203048312068,0.1474650601872921,0.3995770619103075,-0.011897780041898523,0.6094984338401662,-1.1136002781546022,-0.016292992457570054,1.6209260789364395,-0.060170359221283,0.2815209599161609,1.3535409574223771
2022-12-06,-0.0568156452145725,-0.005994210191265115,0.15020988633247356,0.39223382619874714,-0.014591925814215569,0.6040949774774096,-1.1136002781546022,-0.016292992457570054,1.6209260789364395,-0.060170359221283,0.2815209599161609,1.3535409574223771
2022-12-07,-0.059753451149911596,-0.004414110797070658,0.14568242796046416,0.39244940807383794,-0.02391683425573492,0.5949836861828822,-1.1136002781546022,-0.016292992457570054,1.6209260789364395,-0.060170359221283,0.2815209599161609,1.3535409574223771
2022-12-08,-0.060606556329125594,-0.002295413440432492,0.14258062015837092,0.38474415255496003,-0.013078877997087943,0.5878583861855882,-1.1136002781546022,-0.016292992457570054,1.6209260789364395,-0.060170359221283,0.2815209599161609,1.3535409574223771
2022-12-09,-0.05900474451113091,-0.0029074339042896025,0.14292421685220724,0.38503304103107294,-0.004419430927397407,0.6021427768031137,-1.1136002781546022,-0.016292992457570054,1.6209260789364395,-0.060170359221283,0.2815209599161609,1.3535409574223771
2022-12-10,-0.05900474451113091,-0.0029074339042896025,0.14292421685220724,0.38503304103107294,-0.004419430927397407,0.5883264806389473,-1.1136002781546022,-0.016292992457570054,1.6209260789364395,-0.060170359221283,0.2815209599161609,1.3535409574223771
2022-12-11,-0.05900474451113091,-0.0029074339042896025,0.14292421685220724,0.38503304103107294,-0.004419430927397407,0.5824014565142626,-1.1136002781546022,-0.016292992457570054,1.6209260789364395,-0.060170359221283,0.2815209599161609,1.3535409574223771
2022-12-12,-0.05913363121868398,-0.0024081016435584246,0.1459869017105223,0.3816828022937595,-0.017776937238765868,0.5798111606722905,-1.1136002781546022,-0.016292992457570054,1.6209260789364395,-0.060170359221283,0.2815209599161609,1.3535409574223771
2022-12-13,-0.05847072343503312,-0.0006586186804116156,0.13503865618826916,0.3734798681290921,-0.013533825060747674,0.5796092065271329,-1.1136002781546022,-0.016292992457570054,1.6209260789364395,-0.060170359221283,0.2815209599161609,1.3535409574223771
2022-12-14,-0.06104777181710486,0.002963576854016603,0.1330190370307388,0.3641703679738659,-0.013449637386878372,0.585684425128847,-1.1136002781546022,-0.016292992457570054,1.6209260789364395,-0.060170359221283,0.2815209599161609,1.3535409574223771
2022-12-15,-0.059962184303316235,0.002550263723981816,0.1406127539045946,0.3689653558139238,-0.020076223596846382,0.6076859131297215,-1.1136002781546022,-0.016292992457570054,1.6209260789364395,-0.060170359221283,0.2815209599161609,1.3535409574223771
2022-12-16,-0.059835480628188664,0.003129252792358539,0.14198041587211485,0.35851419188725564,-0.02054135929717873,0.5977808065908167,-1.1136002781546022,-0.016292992457570054,1.6209260789364395,-0.060170359221283,0.2815209599161609,1.3535409574223771
2022-12-17,-0.059835480628188664,0.003129252792358539,0.14198041587211485,0.35851419188725564,-0.02054135929717873,0.5884057009945242,-1.1136002781546022,-0.016292992457570054,1.6209260789364395,-0.060170359221283,0.2815209599161609,1.3535409574223771
2022-12-18,-0.059835480628188664,0.003129252792358539,0.14198041587211485,0.35851419188725564,-0.02054135929717873,0.5787264982766126,-1.1136002781546022,-0.016292992457570054,1.6209260789364395,-0.060170359221283,0.2815209599161609,1.3535409574223771
2022-12-19,-0.06119849041754555,0.004024191400196164,0.142171436015189,0.33019405101516225,-0.02251193504813937,0.5651578569150002,-1.1136002781546022,-0.016292992457570054,1.6209260789364395,-0.060170359221283,0.2815209599161609,1.3535409574223771
2022-12-20,-0.060932021013686,0.003593473699060823,0.1349522536162432,0.32421393248900954,-0.027201196716872485,0.5586665212844416,-1.1136002781546022,-0.016292992457570054,1.6209260789364395,-0.060170359221283,0.2815209599161609,1.3535409574223771
2022-12-21,-0.061715176481881184,0.003559546085895704,0.13684712208159222,0.31262281367161626,-0.0248334777796738,0.5603867243761286,-1.1136002781546022,-0.016292992457570054,1.6209260789364395,-0.060170359221283,0.2815209599161609,1.3535409574223771
2022-12-22,-0.062350671010766745,0.003590140752880444,0.1394488386384939,0.2896324964866053,-0.024324468140461495,0.5555713340685381,-1.1136002781546022,-0.016292992457570054,1.6209260789364395,-0.060170359221283,0.2815209599161609,1.3535409574223771
2022-12-23,-0.06402780434594979,0.0038041179173173845,0.13830935207773232,0.2838522293694547,-0.025514179641036302,0.5426024392901491,-1.1136002781546022,-0.016292992457570054,1.6209260789364395,-0.060170359221283,0.2815209599161609,1.3535409574223771
2022-12-24,-0.06402780434594979,0.0038041179173173845,0.13830935207773232,0.2838522293694547,-0.025514179641036302,0.54133161850901,-1.1136002781546022,-0.016292992457570054,1.6209260789364395,-0.060170359221283,0.2815209599161609,1.3535409574223771
2022-12-25,-0.06402780434594979,0.0038041179173173845,0.13830935207773232,0.2838522293694547,-0.025514179641036302,0.534801308677042,-1.1136002781546022,-0.016292992457570054,1.6209260789364395,-0.060170359221283,0.2815209599161609,1.3535409574223771
2022-12-26,-0.06337633587445912,0.0026169107648919,0.13830935207773232,0.3056561013447418,-0.02582618138292512,0.5467151046282539,-1.1136002781546022,-0.016292992457570054,1.6209260789364395,-0.060170359221283,0.2815209599161609,1.3535409574223771
2022-12-27,-0.06094533902202515,0.0015738875822686182,0.1370151825511109,0.31073590263766393,-0.023720582772721325,0.5558529515025527,-1.1136002781546022,-0.016292992457570054,1.6209260789364395,-0.060170359221283,0.2815209599161609,1.3535409574223771
2022-12-28,-0.061402261709471384,0.0013390695779221806,0.13974125978356644,0.3011741892155631,-0.021190330810321935,0.5490869786012796,-1.1136002781546022,-0.016292992457570054,1.6209260789364395,-0.060170359221283,0.2815209599161609,1.3535409574223771
2022-12-29,-0.06333712441753869,0.0022726478524762728,0.1337391346292056,0.29884472189331485,-0.026558991621924984,0.5435371742808977,-1.1136002781546022,-0.016292992457570054,1.6209260789364395,-0.060170359221283,0.2815209599161609,1.3535409574223771
2022-12-30,-0.06335047085090961,0.0019021656549215171,0.13071513524556222,0.30311109596485647,-0.026259796803108828,0.5472433854446086,-1.1136002781546022,-0.016292992457570054,1.6209260789364395,-0.060170359221283,0.2815209599161609,1.3535409574223771
2022-12-31,-0.06335047085090961,0.0019021656549215171,0.13071513524556222,0.30311109596485647,-0.026260217740278983,0.5407975403915476,-1.499034795062426,-0.0705536540185602,1.8410026393866037,-0.41377659772392855,0.198245483295731,0.8841658985051214
2023-01-01,-0.06335047085090961,0.0019021656549215171,0.13071513524556222,0.30311109596485647,-0.026260217740278983,0.5422739157978635,-1.499034795062426,-0.0705536540185602,1.8410026393866037,-0.41377659772392855,0.198245483295731,0.8841658985051214
2023-01-02,-0.06335047085090961,0.0019021656549215171,0.13071513524556222,0.30311109596485647,-0.026260217740278983,0.5336315500358138,-1.499034795062426,-0.0705536540185602,1.8410026393866037,-0.41377659772392855,0.198245483295731,0.8841658985051214
2023-01-03,-0.0637991103541824,0.0015384942918937883,0.14033627857741426,0.3239813056242011,-0.022600909338528822,0.5512338951541496,-1.499034795062426,-0.0705536540185602,1.8410026393866037,-0.41377659772392855,0.198245483295731,0.8841658985051214
2023-01-04,-0.06511261388884093,0.0020680199497965512,0.13775299148810916,0.3247943823059469,-0.01873265215521691,0.5279917266005142,-1.499034795062426,-0.0705536540185602,1.8410026393866037,-0.41377659772392855,0.198245483295731,0.8841658985051214
2023-01-05,-0.06487895298615154,0.000332521831599486,0.14536944456154932,0.3311770956020866,-0.015559921910563388,0.507097010221222,-1.499034795062426,-0.0705536540185602,1.8410026393866037,-0.41377659772392855,0.198245483295731,0.8841658985051214
2023-01-06,-0.06328702232175354,-0.0009687669942110011,0.13429768279006749,0.33049341186284953,-0.020695917416979445,0.5219780332931709,-1.499034795062426,-0.0705536540185602,1.8410026393866037,-0.41377659772392855,0.198245483295731,0.8841658985051214
2023-01-07,-0.06328702232175354,-0.0009687669942110011,0.13429768279006749,0.33049341186284953,-0.020695917416979445,0.5138202276191111,-1.499034795062426,-0.0705536540185602,1.8410026393866037,-0.41377659772392855,0.198245483295731,0.8841658985051214
2023-01-08,-0.06328702232175354,-0.0009687669942110011,0.13429768279006749,0.33049341186284953,-0.020695917416979445,0.5080000619744947,-1.499034795062426,-0.0705536540185602,1.8410026393866037,-0.41377659772392855,0.198245483295731,0.8841658985051214
2023-01-09,-0.0628404067438022,-0.001015870961855625,0.1258455413562839,0.3357756936120308,-0.008052796851312058,0.5091169112346399,-1.499034795062426,-0.0705536540185602,1.8410026393866037,-0.41377659772392855,0.198245483295731,0.8841658985051214
2023-01-10,-0.06085182261364852,-0.002122883124459407,0.12812707260355338,0.3358018526322401,-0.006941835191695235,0.5156557797366834,-1.499034795062426,-0.0705536540185602,1.8410026393866037,-0.41377659772392855,0.198245483295731,0.8841658985051214
2023-01-11,-0.06023841471077296,-0.0017196180648296755,0.12766211851776932,0.32513506301302647,0.0012865040195163876,0.5108488051080959,-1.499034795062426,-0.0705536540185602,1.8410026393866037,-0.41377659772392855,0.198245483295731,0.8841658985051214
2023-01-12,-0.060050983903121136,-0.0011175311374762575,0.11853315003306175,0.3225071988270848,0.0016185784168023078,0.5169745015885063,-1.499034795062426,-0.0705536540185602,1.8410026393866037,-0.41377659772392855,0.198245483295731,0.8841658985051214
2023-01-13,-0.05904876212266841,-0.001820271791487471,0.11812237601745235,0.32736265475405835,0.006919201973188264,0.5094729067434505,-1.499034795062426,-0.0705536540185602,1.8410026393866037,-0.41377659772392855,0.198245483295731,0.8841658985051214
2023-01-14,-0.05904876212266841,-0.001820271791487471,0.11812237601745235,0.32736265475405835,0.006919201973188264,0.5171248309805777,-1.499034795062426,-0.0705536540185602,1.8410026393866037,-0.41377659772392855,0.198245483295731,0.8841658985051214
2023-01-16,-0.05705468044161843,-0.0027954527294488107,0.11812237601745235,0.33811659728984833,0.007641988072972755,0.5032186582104164,-1.499034795062426,-0.0705536540185602,1.8410026393866037,-0.41377659772392855,0.198245483295731,0.8841658985051214
2023-01-17,-0.057711748677535035,-0.002579043286131788,0.11994226564995203,0.3405784809589518,0.005052263418205731,0.49587227965074393,-1.499034795062426,-0.0705536540185602,1.8410026393866037,-0.41377659772392855,0.198245483295731,0.8841658985051214
2023-01-18,-0.05725540676387242,-0.0024852361107858822,0.11967856802323062,0.3448222452240819,0.01340731728364333,0.5116040278461368,-1.499034795062426,-0.0705536540185602,1.8410026393866037,-0.41377659772392855,0.198245483295731,0.8841658985051214
2023-01-19,-0.05736386327281218,-0.00274346769534195,0.11669897578775501,0.3570800466084488,0.010701105496388582,0.5132143021433184,-1.499034795062426,-0.0705536540185602,1.8410026393866037,-0.41377659772392855,0.198245483295731,0.8841658985051214
2023-01-20,-0.056442599323461184,-0.0033680914774038007,0.1162482516896931,0.3673115536367775,0.020019234044469203,0.5185527071800033,-1.499034795062426,-0.0705536540185602,1.8410026393866037,-0.41377659772392855,0.198245483295731,0.8841658985051214
2023-01-21,-0.056442599323461184,-0.0033680914774038007,0.1162482516896931,0.3673115536367775,0.020019234044469203,0.5095658767507658,-1.499034795062426,-0.0705536540185602,1.8410026393866037,-0.41377659772392855,0.198245483295731,0.8841658985051214
2023-01-22,-0.056442599323461184,-0.0033680914774038007,0.1162482516896931,0.3673115536367775,0.020019234044469203,0.509739406129597,-1.499034795062426,-0.0705536540185602,1.8410026393866037,-0.41377659772392855,0.198245483295731,0.8841658985051214
2023-01-23,-0.056442599323461184,-0.0033680914774038007,0.1162482516896931,0.3673115536367775,0.020258357786243367,0.5123408241419658,-1.499034795062426,-0.0705536540185602,1.8410026393866037,-0.41377659772392855,0.198245483295731,0.8841658985051214
2023-01-24,-0.056442599323461184,-0.0033680914774038007,0.1162482516896931,0.3673115536367775,0.019515755531522374,0.5338584264586117,-1.499034795062426,-0.0705536540185602,1.8410026393866037,-0.41377659772392855,0.198245483295731,0.8841658985051214
2023-01-25,-0.056442599323461184,-0.0033680914774038007,0.1162482516896931,0.3673115536367775,0.02097884440593373,0.5174416770440013,-1.499034795062426,-0.0705536540185602,1.8410026393866037,-0.41377659772392855,0.198245483295731,0.8841658985051214
2023-01-26,-0.056442599323461184,-0.0033680914774038007,0.1162482516896931,0.3673115536367775,0.023812613495427355,0.5152782937645944,-1.499034795062426,-0.0705536540185602,1.8410026393866037,-0.41377659772392855,0.198245483295731,0.8841658985051214
2023-01-27,-0.056442599323461184,-0.0033680914774038007,0.1162482516896931,0.3673115536367775,0.021382877747831323,0.5146108786945083,-1.499034795062426,-0.0705536540185602,1.8410026393866037,-0.41377659772392855,0.198245483295731,0.8841658985051214
2023-01-28,-0.056442599323461184,-0.0033680914774038007,0.1162482516896931,0.3673115536367775,0.021382877747831323,0.5234313495711751,-1.499034795062426,-0.0705536540185602,1.8410026393866037,-0.41377659772392855,0.198245483295731,0.8841658985051214
2023-01-29,-0.056442599323461184,-0.0033680914774038007,0.1162482516896931,0.3673115536367775,0.021382877747831323,0.5234313495711751,-1.499034795062426,-0.0705536540185602,1.8410026393866037,-0.41377659772392855,0.198245483295731,0.8841658985051214
2023-01-30,-0.05771825852603962,-0.0031874152839618253,0.11883618252135986,0.3792015074924069,0.014324540080638201,0.520915082358607,-1.499034795062426,-0.0705536540185602,1.8410026393866037,-0.41377659772392855,0.198245483295731,0.8841658985051214
2023-01-31,-0.058743473867721274,-0.002868389607857069,0.11708601630445659,0.3899384050384794,0.013988542702085565,0.5018765316313175,-1.207004558813125,-0.008727123115123483,2.065247290594051,0.09479484506312923,0.30280060887148247,0.6086883618671084
2023-02-01,-0.05790495782452687,-0.0033710303700421607,0.10846676206584038,0.4099302938266449,0.014363038860894163,0.4988602917742568,-1.207004558813125,-0.008727123115123483,2.065247290594051,0.09479484506312923,0.30280060887148247,0.6086883618671084
2023-02-02,-0.058284826047414584,-0.0032927214361900825,0.11373267589454517,0.4142544193029369,0.011197942099910542,0.47610195423137885,-1.207004558813125,-0.008727123115123483,2.065247290594051,0.09479484506312923,0.30280060887148247,0.6086883618671084
2023-02-03,-0.05903705099259715,-0.003489582763367527,0.12518230734417668,0.4132522264884896,0.004525155191996431,0.48842145579386104,-1.207004558813125,-0.008727123115123483,2.065247290594051,0.09479484506312923,0.30280060887148247,0.6086883618671084
2023-02-04,-0.05903705099259715,-0.003489582763367527,0.12518230734417668,0.4132522264884896,0.004525155191996431,0.4688450876238389,-1.207004558813125,-0.008727123115123483,2.065247290594051,0.09479484506312923,0.30280060887148247,0.6086883618671084
2023-02-05,-0.05903705099259715,-0.003489582763367527,0.12518230734417668,0.4132522264884896,0.004525155191996431,0.46343443457676997,-1.207004558813125,-0.008727123115123483,2.065247290594051,0.09479484506312923,0.30280060887148247,0.6086883618671084
2023-02-06,-0.05906798348346698,-0.0042471072871244075,0.13204233746612193,0.4105796246817208,-0.007963628442107906,0.46663463108566067,-1.207004558813125,-0.008727123115123483,2.065247290594051,0.09479484506312923,0.30280060887148247,0.6086883618671084
2023-02-07,-0.059083449250507125,-0.004342159453909478,0.1301701300950293,0.41926161507410575,-0.003344794020032971,0.46451298329080887,-1.207004558813125,-0.008727123115123483,2.065247290594051,0.09479484506312923,0.30280060887148247,0.6086883618671084
2023-02-08,-0.05937626324454148,-0.004954649421060386,0.1299960943016678,0.40806025251259315,-0.001769038517856476,0.47409068885094474,-1.207004558813125,-0.008727123115123483,2.065247290594051,0.09479484506312923,0.30280060887148247,0.6086883618671084
2023-02-09,-0.059729804792888586,-0.005109345138698096,0.12817807072538334,0.42963062127398643,0.002501789941611714,0.46742685288124,-1.207004558813125,-0.008727123115123483,2.065247290594051,0.09479484506312923,0.30280060887148247,0.6086883618671084
2023-02-10,-0.059327960844349326,-0.0055330937186532925,0.13214044272332937,0.4293037430650069,-0.0033180839540376556,0.46119139122491337,-1.207004558813125,-0.008727123115123483,2.065247290594051,0.09479484506312923,0.30280060887148247,0.6086883618671084
2023-02-11,-0.059327960844349326,-0.0055330937186532925,0.13214044272332937,0.4293037430650069,-0.0033180839540376556,0.456474082970123,-1.207004558813125,-0.008727123115123483,2.065247290594051,0.09479484506312923,0.30280060887148247,0.6086883618671084
2023-02-12,-0.059327960844349326,-0.0055330937186532925,0.13214044272332937,0.4293037430650069,-0.0033180839540376556,0.4543459518080485,-1.207004558813125,-0.008727123115123483,2.065247290594051,0.09479484506312923,0.30280060887148247,0.6086883618671084
2023-02-13,-0.0595805027559988,-0.005917571704747715,0.12939027385331103,0.44644473682491104,-0.0042533978740121915,0.45571763525262377,-1.207004558813125,-0.008727123115123483,2.065247290594051,0.09479484506312923,0.30280060887148247,0.6086883618671084
2023-02-14,-0.05976393586113993,-0.0061702742997440385,0.1283065252442831,0.4495998564382858,-0.004546286290582573,0.4598839558062358,-1.207004558813125,-0.008727123115123483,2.065247290594051,0.09479484506312923,0.30280060887148247,0.6086883618671084
2023-02-15,-0.05978042120618343,-0.006354846433694661,0.13499043445935965,0.4523923866174372,-0.012040931202769908,0.4694365120443967,-1.207004558813125,-0.008727123115123483,2.065247290594051,0.09479484506312923,0.30280060887148247,0.6086883618671084
2023-02-16,-0.06010806203764929,-0.006301009982041972,0.13434572635816933,0.42057990700377823,-0.012029710025336541,0.47248381612755264,-1.207004558813125,-0.008727123115123483,2.065247290594051,0.09479484506312923,0.30280060887148247,0.6086883618671084
2023-02-17,-0.05995253511552723,-0.0069789165588228785,0.13440349865827717,0.41417173576669775,-0.01650698014368573,0.4807539401744534,-1.207004558813125,-0.008727123115123483,2.065247290594051,0.09479484506312923,0.30280060887148247,0.6086883618671084
2023-02-18,-0.05995253511552723,-0.0069789165588228785,0.13440349865827717,0.41417173576669775,-0.01650698014368573,0.46689279470216205,-1.207004558813125,-0.008727123115123483,2.065247290594051,0.09479484506312923,0.30280060887148247,0.6086883618671084
2023-02-19,-0.05995253511552723,-0.0069789165588228785,0.13440349865827717,0.41417173576669775,-0.01650698014368573,0.46900368151114796,-1.207004558813125,-0.008727123115123483,2.065247290594051,0.09479484506312923,0.30280060887148247,0.6086883618671084
2023-02-20,-0.05845574194082159,-0.008290439404219363,0.13440349865827717,0.4278020312716901,-0.011196231947312514,0.4708534922356698,-1.207004558813125,-0.008727123115123483,2.065247290594051,0.09479484506312923,0.30280060887148247,0.6086883618671084
2023-02-21,-0.057900695922554646,-0.008705911229526353,0.13742674103758823,0.4374218904556292,-0.004070944740507562,0.4839626763726503,-1.207004558813125,-0.008727123115123483,2.065247290594051,0.09479484506312923,0.30280060887148247,0.6086883618671084
2023-02-22,-0.05813192149032165,-0.007921815803920373,0.141352789263667,0.4440755270716244,-0.007612867161809221,0.4861466515477645,-1.207004558813125,-0.008727123115123483,2.065247290594051,0.09479484506312923,0.30280060887148247,0.6086883618671084
2023-02-23,-0.058148433784240505,-0.008074523739464934,0.14147709007162224,0.4378052055457302,-0.011699596676289559,0.4683798008663901,-1.207004558813125,-0.008727123115123483,2.065247290594051,0.09479484506312923,0.30280060887148247,0.6086883618671084
2023-02-24,-0.058194873844055306,-0.00821624125949727,0.14736630401452744,0.4387946474809802,-0.018347253061966357,0.47435227096683996,-1.207004558813125,-0.008727123115123483,2.065247290594051,0.09479484506312923,0.30280060887148247,0.6086883618671084
2023-02-25,-0.058194873844055306,-0.00821624125949727,0.14736630401452744,0.4387946474809802,-0.018347253061966357,0.47705770896280386,-1.207004558813125,-0.008727123115123483,2.065247290594051,0.09479484506312923,0.30280060887148247,0.6086883618671084
2023-02-26,-0.058194873844055306,-0.00821624125949727,0.14736630401452744,0.4387946474809802,-0.018347253061966357,0.4745552808559999,-1.207004558813125,-0.008727123115123483,2.065247290594051,0.09479484506312923,0.30280060887148247,0.6086883618671084
2023-02-27,-0.05840332843191376,-0.008196383418914044,0.1422244027466354,0.42726886048792845,-0.02245672212192414,0.47283117109552647,-1.207004558813125,-0.008727123115123483,2.065247290594051,0.09479484506312923,0.30280060887148247,0.6086883618671084
2023-02-28,-0.058684992997273366,-0.008100609193778974,0.14409690090757465,0.4415451567214706,-0.020678088098688884,0.4731024907958876,-0.45300306021916015,-0.20804158029938621,2.20799646848479,-0.2718301504390175,0.3095028605109537,1.1445646647166294
2023-03-01,-0.05888612532068194,-0.007784080844570607,0.140416118216789,0.44708280659423516,-0.007769854570555117,0.4820944454699582,-0.45300306021916015,-0.20804158029938621,2.20799646848479,-0.2718301504390175,0.3095028605109537,1.1445646647166294
2023-03-02,-0.05856025335536452,-0.008310382143849604,0.14562270684843248,0.44276223033174034,-0.014850536816732996,0.4866434980398255,-0.45300306021916015,-0.20804158029938621,2.20799646848479,-0.2718301504390175,0.3095028605109537,1.1445646647166294
2023-03-03,-0.05843336943867472,-0.008601212949917003,0.14080489809449304,0.4410177698416747,-0.012300171655622312,0.4918393132723314,-0.45300306021916015,-0.20804158029938621,2.20799646848479,-0.2718301504390175,0.3095028605109537,1.1445646647166294
2023-03-04,-0.05843336943867472,-0.008601212949917003,0.14080489809449304,0.4410177698416747,-0.012300171655622312,0.49037177670253274,-0.45300306021916015,-0.20804158029938621,2.20799646848479,-0.2718301504390175,0.3095028605109537,1.1445646647166294
2023-03-05,-0.05843336943867472,-0.008601212949917003,0.14080489809449304,0.4410177698416747,-0.012300171655622312,0.49265691026291025,-0.45300306021916015,-0.20804158029938621,2.20799646848479,-0.2718301504390175,0.3095028605109537,1.1445646647166294
2023-03-06,-0.06016973310317586,-0.00794358463647582,0.13916886323068567,0.4465934532647602,-0.0165960797219361,0.49176613264531,-0.45300306021916015,-0.20804158029938621,2.20799646848479,-0.2718301504390175,0.3095028605109537,1.1445646647166294
2023-03-07,-0.06063319672128187,-0.00763529166818111,0.15129152734184992,0.4175277145905232,-0.021883026488518587,0.4955072764965503,-0.45300306021916015,-0.20804158029938621,2.20799646848479,-0.2718301504390175,0.3095028605109537,1.1445646647166294
2023-03-08,-0.06047980985696233,-0.007928094803522412,0.1516986664792831,0.4273899281141226,-0.027312371777835052,0.48399419651828335,-0.45300306021916015,-0.20804158029938621,2.20799646848479,-0.2718301504390175,0.3095028605109537,1.1445646647166294
2023-03-09,-0.060929745043644346,-0.00797684226527029,0.14839555644502156,0.4261863940972275,-0.02464396414958643,0.48753742285176654,-0.45300306021916015,-0.20804158029938621,2.20799646848479,-0.2718301504390175,0.3095028605109537,1.1445646647166294
2023-03-10,-0.061488566393707256,-0.00801866441492971,0.14143508772914726,0.4076630911069377,-0.03639557422157287,0.48347365581916635,-0.45300306021916015,-0.20804158029938621,2.20799646848479,-0.2718301504390175,0.3095028605109537,1.1445646647166294
2023-03-11,-0.061488566393707256,-0.00801866441492971,0.14143508772914726,0.4076630911069377,-0.03639557422157287,0.4862941897439257,-0.45300306021916015,-0.20804158029938621,2.20799646848479,-0.2718301504390175,0.3095028605109537,1.1445646647166294
2023-03-12,-0.061488566393707256,-0.00801866441492971,0.14143508772914726,0.4076630911069377,-0.03639557422157287,0.4815384342062369,-0.45300306021916015,-0.20804158029938621,2.20799646848479,-0.2718301504390175,0.3095028605109537,1.1445646647166294
2023-03-13,-0.06155953718151386,-0.008374189837468848,0.13205435027504697,0.41248217854685354,-0.03134715762203902,0.49251415028414486,-0.45300306021916015,-0.20804158029938621,2.20799646848479,-0.2718301504390175,0.3095028605109537,1.1445646647166294
2023-03-14,-0.06167369947710166,-0.008054310482526916,0.13207365622610634,0.40033203664766914,-0.040444180191084,0.48413582305612274,-0.45300306021916015,-0.20804158029938621,2.20799646848479,-0.2718301504390175,0.3095028605109537,1.1445646647166294
2023-03-15,-0.06146185489698064,-0.008472202990800981,0.14219943206903618,0.41195395913542593,-0.03976576922242305,0.47001794387139156,-0.45300306021916015,-0.20804158029938621,2.20799646848479,-0.2718301504390175,0.3095028605109537,1.1445646647166294
2023-03-16,-0.06261798966279641,-0.008034042879048964,0.14002065791617802,0.3924240377678061,-0.05063624392650659,0.4452237116424897,-0.45300306021916015,-0.20804158029938621,2.20799646848479,-0.2718301504390175,0.3095028605109537,1.1445646647166294
2023-03-17,-0.06248340002250008,-0.007867820807185288,0.13322106397643574,0.4020574803625744,-0.04376608936342787,0.4503065209660574,-0.45300306021916015,-0.20804158029938621,2.20799646848479,-0.2718301504390175,0.3095028605109537,1.1445646647166294
2023-03-18,-0.06248340002250008,-0.007867820807185288,0.13322106397643574,0.4020574803625744,-0.04376608936342787,0.4520715453343903,-0.45300306021916015,-0.20804158029938621,2.20799646848479,-0.2718301504390175,0.3095028605109537,1.1445646647166294
2023-03-19,-0.06248340002250008,-0.007867820807185288,0.13322106397643574,0.4020574803625744,-0.04376608936342787,0.4480425777325274,-0.45300306021916015,-0.20804158029938621,2.20799646848479,-0.2718301504390175,0.3095028605109537,1.1445646647166294
2023-03-20,-0.0626436962828707,-0.007785036506514076,0.12910373455151203,0.387501716405591,-0.04911835230609167,0.43957807525216824,-0.45300306021916015,-0.20804158029938621,2.20799646848479,-0.2718301504390175,0.3095028605109537,1.1445646647166294
2023-03-21,-0.062269731620476554,-0.0080506599489375,0.1288616764769387,0.4021794681553089,-0.04337879246142277,0.4357644441634265,-0.45300306021916015,-0.20804158029938621,2.20799646848479,-0.2718301504390175,0.3095028605109537,1.1445646647166294
2023-03-22,-0.06222451018962938,-0.008399858187015719,0.12004862929324,0.40726571061401085,-0.03646239784753254,0.43915661729531813,-0.45300306021916015,-0.20804158029938621,2.20799646848479,-0.2718301504390175,0.3095028605109537,1.1445646647166294
2023-03-23,-0.061807220843663635,-0.008504534337367309,0.12186599391911679,0.40784905238293107,-0.03158216813013619,0.43300498081031985,-0.45300306021916015,-0.20804158029938621,2.20799646848479,-0.2718301504390175,0.3095028605109537,1.1445646647166294
2023-03-24,-0.06159540436310751,-0.009123131750382818,0.12756177669912694,0.41114640345292064,-0.027976029817310764,0.437342493897086,-0.45300306021916015,-0.20804158029938621,2.20799646848479,-0.2718301504390175,0.3095028605109537,1.1445646647166294
2023-03-25,-0.06159540436310751,-0.009123131750382818,0.12756177669912694,0.41114640345292064,-0.027976029817310764,0.43558982409169306,-0.45300306021916015,-0.20804158029938621,2.20799646848479,-0.2718301504390175,0.3095028605109537,1.1445646647166294
2023-03-26,-0.06159540436310751,-0.009123131750382818,0.12756177669912694,0.41114640345292064,-0.027976029817310764,0.436792730559948,-0.45300306021916015,-0.20804158029938621,2.20799646848479,-0.2718301504390175,0.3095028605109537,1.1445646647166294
2023-03-27,-0.06194404999310721,-0.00859589578574993,0.12505004234170425,0.41582273362676997,-0.03188480546668879,0.43131603288050524,-0.45300306021916015,-0.20804158029938621,2.20799646848479,-0.2718301504390175,0.3095028605109537,1.1445646647166294
2023-03-28,-0.0619985390145974,-0.008460080276725401,0.12089864768698955,0.40691823820151685,-0.031013374797281,0.44659281454100846,-0.45300306021916015,-0.20804158029938621,2.20799646848479,-0.2718301504390175,0.3095028605109537,1.1445646647166294
2023-03-29,-0.061993398820956,-0.00864013119175766,0.12294882829813858,0.4015128294057897,-0.027839091273340975,0.4477524026118743,-0.45300306021916015,-0.20804158029938621,2.20799646848479,-0.2718301504390175,0.3095028605109537,1.1445646647166294
2023-03-30,-0.0619389124882872,-0.008720821894003139,0.11811640429190329,0.3971982999519864,-0.025759723421603965,0.4457073313154998,-0.45300306021916015,-0.20804158029938621,2.20799646848479,-0.2718301504390175,0.3095028605109537,1.1445646647166294
2023-03-31,-0.06217948789531191,-0.008529509495041943,0.12166042058263005,0.5147315226487095,-0.02827580901809477,0.4486506311214232,0.38498688127193315,-0.6494213841463047,2.130065047338525,-0.46921130494762064,0.22756783421841717,0.6877552478214579
2023-04-01,-0.06217948789531191,-0.008529509495041943,0.12166042058263005,0.5147315226487095,-0.02827580901809477,0.44644057384321184,0.38498688127193315,-0.6494213841463047,2.130065047338525,-0.46921130494762064,0.22756783421841717,0.6877552478214579
2023-04-02,-0.06217948789531191,-0.008529509495041943,0.12166042058263005,0.5147315226487095,-0.02827580901809477,0.44302475705115313,0.38498688127193315,-0.6494213841463047,2.130065047338525,-0.46921130494762064,0.22756783421841717,0.6877552478214579
2023-04-03,-0.06170256421749021,-0.009317851105729469,0.11763138813574892,0.5339558172726793,-0.025164733247507426,0.436082513676162,0.38498688127193315,-0.6494213841463047,2.130065047338525,-0.46921130494762064,0.22756783421841717,0.6877552478214579
2023-04-04,-0.06160384327075641,-0.009544843796636782,0.11266532777901528,0.5275304257760642,-0.028283695692584453,0.44883285706798726,0.38498688127193315,-0.6494213841463047,2.130065047338525,-0.46921130494762064,0.22756783421841717,0.6877552478214579
2023-04-05,-0.06160384327075641,-0.009544843796636782,0.11266532777901528,0.5275304257760642,-0.02988330963636143,0.4491788451126887,0.38498688127193315,-0.6494213841463047,2.130065047338525,-0.46921130494762064,0.22756783421841717,0.6877552478214579
2023-04-06,-0.06166349306475882,-0.009931973980292441,0.11498848254443583,0.5330602323245115,-0.030863221451169293,0.4447584176391365,0.38498688127193315,-0.6494213841463047,2.130065047338525,-0.46921130494762064,0.22756783421841717,0.6877552478214579
2023-04-07,-0.062316516511899955,-0.009571615029352443,0.11764016882048622,0.5464061087337281,-0.023619289150292534,0.4505737396995997,0.38498688127193315,-0.6494213841463047,2.130065047338525,-0.46921130494762064,0.22756783421841717,0.6877552478214579
2023-04-08,-0.062316516511899955,-0.009571615029352443,0.11764016882048622,0.5464061087337281,-0.023619289150292534,0.44867797599661724,0.38498688127193315,-0.6494213841463047,2.130065047338525,-0.46921130494762064,0.22756783421841717,0.6877552478214579
2023-04-09,-0.062316516511899955,-0.009571615029352443,0.11764016882048622,0.5464061087337281,-0.023619289150292534,0.4453905228342624,0.38498688127193315,-0.6494213841463047,2.130065047338525,-0.46921130494762064,0.22756783421841717,0.6877552478214579
2023-04-10,-0.06268957606268688,-0.009575714130148127,0.1224005809977382,0.5271973254885758,-0.02855010351746663,0.4390058310970558,0.38498688127193315,-0.6494213841463047,2.130065047338525,-0.46921130494762064,0.22756783421841717,0.6877552478214579
2023-04-11,-0.06309126170412038,-0.008948082658147283,0.11875457503154652,0.5351466004103769,-0.02635824504200781,0.4393416307138563,0.38498688127193315,-0.6494213841463047,2.130065047338525,-0.46921130494762064,0.22756783421841717,0.6877552478214579
2023-04-12,-0.06509682964543018,-0.008502777425957064,0.11186639061606385,0.5443606661501664,-0.02711377503231473,0.4370203965994433,0.38498688127193315,-0.6494213841463047,2.130065047338525,-0.46921130494762064,0.22756783421841717,0.6877552478214579
2023-04-13,-0.06473197910092143,-0.008748194113067487,0.107048656625916,0.5340068207894688,-0.02398054192990006,0.43965216808746155,0.38498688127193315,-0.6494213841463047,2.130065047338525,-0.46921130494762064,0.22756783421841717,0.6877552478214579
2023-04-14,-0.06435674304053096,-0.00905896231966663,0.11240450895883025,0.5417232935766445,-0.020108208950843275,0.4358669255968275,0.38498688127193315,-0.6494213841463047,2.130065047338525,-0.46921130494762064,0.22756783421841717,0.6877552478214579
2023-04-15,-0.06435674304053096,-0.00905896231966663,0.11240450895883025,0.5417232935766445,-0.020108208950843275,0.4292321473049045,0.38498688127193315,-0.6494213841463047,2.130065047338525,-0.46921130494762064,0.22756783421841717,0.6877552478214579
2023-04-16,-0.06435674304053096,-0.00905896231966663,0.11240450895883025,0.5417232935766445,-0.020108208950843275,0.4350792949138542,0.38498688127193315,-0.6494213841463047,2.130065047338525,-0.46921130494762064,0.22756783421841717,0.6877552478214579
2023-04-17,-0.06385521486675005,-0.009433950748370945,0.11783030067145017,0.534349648551809,-0.014301385528017303,0.442508125374454,0.38498688127193315,-0.6494213841463047,2.130065047338525,-0.46921130494762064,0.22756783421841717,0.6877552478214579
2023-04-18,-0.06364280499984998,-0.009337872356826038,0.114324037388295,0.5310586510126909,-0.015810445021222305,0.4383314125261092,0.38498688127193315,-0.6494213841463047,2.130065047338525,-0.46921130494762064,0.22756783421841717,0.6877552478214579
2023-04-19,-0.06423090505691509,-0.009101304466107463,0.11651579128283518,0.526836883109613,-0.02375893856031113,0.4353272875646061,0.38498688127193315,-0.6494213841463047,2.130065047338525,-0.46921130494762064,0.22756783421841717,0.6877552478214579
2023-04-20,-0.06417961758757218,-0.00901431062127056,0.11526049550376727,0.5315165872274422,-0.027371727007232078,0.4274585946134684,0.38498688127193315,-0.6494213841463047,2.130065047338525,-0.46921130494762064,0.22756783421841717,0.6877552478214579
2023-04-21,-0.0643232298672427,-0.008821233947039486,0.11508374766401863,0.4921212342447282,-0.03362917705829329,0.41091232917058457,0.38498688127193315,-0.6494213841463047,2.130065047338525,-0.46921130494762064,0.22756783421841717,0.6877552478214579
2023-04-22,-0.0643232298672427,-0.008821233947039486,0.11508374766401863,0.4921212342447282,-0.03362917705829329,0.4110872606413669,0.38498688127193315,-0.6494213841463047,2.130065047338525,-0.46921130494762064,0.22756783421841717,0.6877552478214579
2023-04-23,-0.0643232298672427,-0.008821233947039486,0.11508374766401863,0.4921212342447282,-0.03362917705829329,0.4110872606413669,0.38498688127193315,-0.6494213841463047,2.130065047338525,-0.46921130494762064,0.22756783421841717,0.6877552478214579
2023-04-24,-0.06527708873920712,-0.008377603203371109,0.11042856509050791,0.4877262559448545,-0.03855175906003556,0.4014518602002116,0.38498688127193315,-0.6494213841463047,2.130065047338525,-0.46921130494762064,0.22756783421841717,0.6877552478214579
2023-04-25,-0.06550559177788773,-0.008332025239887741,0.11551006645215289,0.4620470806775345,-0.04534982571529328,0.40225141971632095,0.38498688127193315,-0.6494213841463047,2.130065047338525,-0.46921130494762064,0.22756783421841717,0.6877552478214579
2023-04-26,-0.06564389161192796,-0.008063507205301912,0.1116224919648513,0.4659030604722267,-0.047121766617113384,0.40574579504013036,0.38498688127193315,-0.6494213841463047,2.130065047338525,-0.46921130494762064,0.22756783421841717,0.6877552478214579
2023-04-27,-0.06801822261497525,-0.00705509691293571,0.11197728711992638,0.4643757592856062,-0.04803961965447541,0.39643219213847264,0.38498688127193315,-0.6494213841463047,2.130065047338525,-0.46921130494762064,0.22756783421841717,0.6877552478214579
2023-04-28,-0.0674858255919022,-0.007514638636965665,0.11351418750710718,0.4839723270011964,-0.04172542622470148,0.39259787151785774,0.38498688127193315,-0.6494213841463047,2.130065047338525,-0.46921130494762064,0.22756783421841717,0.6877552478214579
2023-04-30,-0.0674858255919022,-0.007514638636965665,0.11351418750710718,0.4839723270011964,-0.04172542622470148,0.39259787151785774,0.6098378422094586,-1.0491088454530366,1.96368023326579,-0.2058964456350808,0.10357617888819895,0.5240152663952168
2023-05-01,-0.0674858255919022,-0.007514638636965665,0.11351418750710718,0.4839723270011964,-0.04103418029809708,0.39259787151785774,0.6098378422094586,-1.0491088454530366,1.96368023326579,-0.2058964456350808,0.10357617888819895,0.5240152663952168
2023-05-02,-0.0674858255919022,-0.007514638636965665,0.11351418750710718,0.4839723270011964,-0.04336105176967977,0.39259787151785774,0.6098378422094586,-1.0491088454530366,1.96368023326579,-0.2058964456350808,0.10357617888819895,0.5240152663952168
2023-05-03,-0.0674858255919022,-0.007514638636965665,0.11351418750710718,0.4839723270011964,-0.04400124995385397,0.39259787151785774,0.6098378422094586,-1.0491088454530366,1.96368023326579,-0.2058964456350808,0.10357617888819895,0.5240152663952168
2023-05-04,-0.06953270966587644,-0.006758275591654761,0.11095661759199882,0.49027783394288277,-0.04546749609273936,0.372289259766743,0.6098378422094586,-1.0491088454530366,1.96368023326579,-0.2058964456350808,0.10357617888819895,0.5240152663952168
2023-05-05,-0.07165703905324916,-0.005859506734216535,0.10913214200545451,0.4719064022491509,-0.03861725313625275,0.3687693394257015,0.6098378422094586,-1.0491088454530366,1.96368023326579,-0.2058964456350808,0.10357617888819895,0.5240152663952168
2023-05-06,-0.07165703905324916,-0.005859506734216535,0.10913214200545451,0.4719064022491509,-0.03861725313625275,0.3716892987704446,0.6098378422094586,-1.0491088454530366,1.96368023326579,-0.2058964456350808,0.10357617888819895,0.5240152663952168
2023-05-08,-0.07135362493166364,-0.006988214098430312,0.11074259115280571,0.476732851021387,-0.037491178177310756,0.3936765439105439,0.6098378422094586,-1.0491088454530366,1.96368023326579,-0.2058964456350808,0.10357617888819895,0.5240152663952168
2023-05-09,-0.0708484602337135,-0.006980239425663282,0.11299162199806645,0.4624263207443867,-0.04275438703445141,0.39043890482450555,0.6098378422094586,-1.0491088454530366,1.96368023326579,-0.2058964456350808,0.10357617888819895,0.5240152663952168
2023-05-10,-0.07198361729094616,-0.005960715316982501,0.11173184147545434,0.4699960050597013,-0.04637868799406985,0.3936111166330618,0.6098378422094586,-1.0491088454530366,1.96368023326579,-0.2058964456350808,0.10357617888819895,0.5240152663952168
2023-05-11,-0.07364269089681541,-0.00559013990779067,0.11745727679577322,0.46607846174173656,-0.05580659876570563,0.38086651249258635,0.6098378422094586,-1.0491088454530366,1.96368023326579,-0.2058964456350808,0.10357617888819895,0.5240152663952168
2023-05-12,-0.07300149980561177,-0.006347275858298529,0.12356164881952425,0.4509479442368733,-0.06139771700192206,0.37049047178128336,0.6098378422094586,-1.0491088454530366,1.96368023326579,-0.2058964456350808,0.10357617888819895,0.5240152663952168
2023-05-13,-0.07300149980561177,-0.006347275858298529,0.12356164881952425,0.4509479442368733,-0.06139771700192206,0.3715228065775462,0.6098378422094586,-1.0491088454530366,1.96368023326579,-0.2058964456350808,0.10357617888819895,0.5240152663952168
2023-05-14,-0.07300149980561177,-0.006347275858298529,0.12356164881952425,0.4509479442368733,-0.06139771700192206,0.3715228065775462,0.6098378422094586,-1.0491088454530366,1.96368023326579,-0.2058964456350808,0.10357617888819895,0.5240152663952168
2023-05-15,-0.07262426601725924,-0.006657941461824635,0.12115614049763412,0.45563869035318266,-0.056168319240587225,0.3779805478114509,0.6098378422094586,-1.0491088454530366,1.96368023326579,-0.2058964456350808,0.10357617888819895,0.5240152663952168
2023-05-16,-0.0725622176480124,-0.006835457664138178,0.12242525036349894,0.43894467844445817,-0.06239678293854188,0.378599962742691,0.6098378422094586,-1.0491088454530366,1.96368023326579,-0.2058964456350808,0.10357617888819895,0.5240152663952168
2023-05-17,-0.07216345584410355,-0.006981856452695112,0.12552575346400208,0.44969976023405966,-0.06191757763675602,0.38616726132217205,0.6098378422094586,-1.0491088454530366,1.96368023326579,-0.2058964456350808,0.10357617888819895,0.5240152663952168
2023-05-18,-0.07214310273806679,-0.007094404182905745,0.1323491044875048,0.45535247474178164,-0.058539820906092756,0.38990268269995654,0.6098378422094586,-1.0491088454530366,1.96368023326579,-0.2058964456350808,0.10357617888819895,0.5240152663952168
2023-05-19,-0.0723293374487568,-0.006795966197062242,0.12862266024901226,0.45760644459029415,-0.06154238823724739,0.3802955642014706,0.6098378422094586,-1.0491088454530366,1.96368023326579,-0.2058964456350808,0.10357617888819895,0.5240152663952168
2023-05-20,-0.0723293374487568,-0.006795966197062242,0.12862266024901226,0.45760644459029415,-0.06154238823724739,0.3801212150197837,0.6098378422094586,-1.0491088454530366,1.96368023326579,-0.2058964456350808,0.10357617888819895,0.5240152663952168
2023-05-21,-0.0723293374487568,-0.006795966197062242,0.12862266024901226,0.45760644459029415,-0.06154238823724739,0.381162719587977,0.6098378422094586,-1.0491088454530366,1.96368023326579,-0.2058964456350808,0.10357617888819895,0.5240152663952168
2023-05-22,-0.07250841507687356,-0.0063647990444535285,0.12862266024901226,0.45658190487416034,-0.06589148522754017,0.3713361598109076,0.6098378422094586,-1.0491088454530366,1.96368023326579,-0.2058964456350808,0.10357617888819895,0.5240152663952168
2023-05-23,-0.0736325363802437,-0.0055461218668044765,0.13143279222831417,0.44460804059357173,-0.07395177728646289,0.3762805374933969,0.6098378422094586,-1.0491088454530366,1.96368023326579,-0.2058964456350808,0.10357617888819895,0.5240152663952168
2023-05-24,-0.07368537680723497,-0.005959685207265086,0.1352883117088336,0.4444218164128528,-0.08468887197546855,0.3636216670455062,0.6098378422094586,-1.0491088454530366,1.96368023326579,-0.2058964456350808,0.10357617888819895,0.5240152663952168
2023-05-25,-0.07379105207729131,-0.0064519385311759825,0.1387921187299238,0.43969457035712234,-0.08946428961018124,0.36116214402335217,0.6098378422094586,-1.0491088454530366,1.96368023326579,-0.2058964456350808,0.10357617888819895,0.5240152663952168
2023-05-26,-0.07287665117752073,-0.006963136691891525,0.13836046819419756,0.4541782107843498,-0.07955874859728977,0.3632352438700628,0.6098378422094586,-1.0491088454530366,1.96368023326579,-0.2058964456350808,0.10357617888819895,0.5240152663952168
2023-05-27,-0.07287665117752073,-0.006963136691891525,0.13836046819419756,0.4541782107843498,-0.07955874859728977,0.36253445485958025,0.6098378422094586,-1.0491088454530366,1.96368023326579,-0.2058964456350808,0.10357617888819895,0.5240152663952168
2023-05-28,-0.07287665117752073,-0.006963136691891525,0.13836046819419756,0.4541782107843498,-0.07955874859728977,0.36253445485958025,0.6098378422094586,-1.0491088454530366,1.96368023326579,-0.2058964456350808,0.10357617888819895,0.5240152663952168
2023-05-29,-0.07263055390401418,-0.007054352068979308,0.13836046819419756,0.4510334759076412,-0.08045134959839548,0.368806538484772,0.6098378422094586,-1.0491088454530366,1.96368023326579,-0.2058964456350808,0.10357617888819895,0.5240152663952168
2023-05-30,-0.0724881485349248,-0.006643945778340377,0.13796701676145862,0.4619555460155293,-0.07797940702129662,0.36149071501204644,0.6098378422094586,-1.0491088454530366,1.96368023326579,-0.2058964456350808,0.10357617888819895,0.5240152663952168
2023-05-31,-0.0728910096627936,-0.006308757180389812,0.13951264149145426,0.46334486603860076,-0.0831772841702416,0.3508494900257403,0.184917574471217,-1.3468118131817608,1.8207074268780132,-0.2827491079224737,-0.053591622057402116,1.0395932244398283
2023-06-01,-0.07336794345645103,-0.005717680810298664,0.1321702723792484,0.4645413454453557,-0.07889183928274329,0.35448094489938803,0.184917574471217,-1.3468118131817608,1.8207074268780132,-0.2827491079224737,-0.053591622057402116,1.0395932244398283
2023-06-02,-0.07333338478090212,-0.006591095645776424,0.136563860637263,0.4715510865123394,-0.06524805115805556,0.36682147960075134,0.184917574471217,-1.3468118131817608,1.8207074268780132,-0.2827491079224737,-0.053591622057402116,1.0395932244398283
2023-06-03,-0.07333338478090212,-0.006591095645776424,0.136563860637263,0.4715510865123394,-0.06524805115805556,0.36771242240002056,0.184917574471217,-1.3468118131817608,1.8207074268780132,-0.2827491079224737,-0.053591622057402116,1.0395932244398283
2023-06-04,-0.07333338478090212,-0.006591095645776424,0.136563860637263,0.4715510865123394,-0.06524805115805556,0.36559287371334503,0.184917574471217,-1.3468118131817608,1.8207074268780132,-0.2827491079224737,-0.053591622057402116,1.0395932244398283
2023-06-05,-0.07280583853166456,-0.0064417017665825416,0.13643887866350912,0.47662330738566994,-0.06733882499853626,0.3773450149814783,0.184917574471217,-1.3468118131817608,1.8207074268780132,-0.2827491079224737,-0.053591622057402116,1.0395932244398283
2023-06-06,-0.0734404485770126,-0.005861057585903939,0.137621548227556,0.44331617058883427,-0.06522645203939532,0.3807491465741894,0.184917574471217,-1.3468118131817608,1.8207074268780132,-0.2827491079224737,-0.053591622057402116,1.0395932244398283
2023-06-07,-0.07369148907380851,-0.005646814044764525,0.13737184834760408,0.4484041219282534,-0.06105397738339249,0.3773035692004078,0.184917574471217,-1.3468118131817608,1.8207074268780132,-0.2827491079224737,-0.053591622057402116,1.0395932244398283
2023-06-08,-0.07395364370032964,-0.005973790297127746,0.1301095307460901,0.43362786854129876,-0.057307699596211396,0.3809336382684636,0.184917574471217,-1.3468118131817608,1.8207074268780132,-0.2827491079224737,-0.053591622057402116,1.0395932244398283
2023-06-09,-0.07433356669989277,-0.005392317540387603,0.13218030477045561,0.444151418902449,-0.0613645468380956,0.38808575247056687,0.184917574471217,-1.3468118131817608,1.8207074268780132,-0.2827491079224737,-0.053591622057402116,1.0395932244398283
2023-06-10,-0.07433356669989277,-0.005392317540387603,0.13218030477045561,0.444151418902449,-0.0613645468380956,0.38494116245128324,0.184917574471217,-1.3468118131817608,1.8207074268780132,-0.2827491079224737,-0.053591622057402116,1.0395932244398283
2023-06-11,-0.07433356669989277,-0.005392317540387603,0.13218030477045561,0.444151418902449,-0.0613645468380956,0.38229971554245046,0.184917574471217,-1.3468118131817608,1.8207074268780132,-0.2827491079224737,-0.053591622057402116,1.0395932244398283
2023-06-12,-0.07489714206261211,-0.005281151554550778,0.13311698698411567,0.45270191311451924,-0.06278698203838094,0.3768460900434145,0.184917574471217,-1.3468118131817608,1.8207074268780132,-0.2827491079224737,-0.053591622057402116,1.0395932244398283
2023-06-13,-0.07840659413951157,-0.0035861388417188778,0.13006838297462253,0.4551814990351544,-0.05871385278132602,0.37544345375336224,0.184917574471217,-1.3468118131817608,1.8207074268780132,-0.2827491079224737,-0.053591622057402116,1.0395932244398283
2023-06-14,-0.079467479235239,-0.0033139834369548815,0.1262943598659887,0.4634790789010811,-0.054463385144855526,0.3843864470416879,0.184917574471217,-1.3468118131817608,1.8207074268780132,-0.2827491079224737,-0.053591622057402116,1.0395932244398283
2023-06-15,-0.07628011473611485,-0.005284129384776515,0.11820289621443647,0.46790494850622716,-0.04883299412950265,0.3835284372223864,0.184917574471217,-1.3468118131817608,1.8207074268780132,-0.2827491079224737,-0.053591622057402116,1.0395932244398283
2023-06-16,-0.0741791530368594,-0.0065086371310576485,0.1194563849281417,0.4766682640937682,-0.04489900767883322,0.3949386090952043,0.184917574471217,-1.3468118131817608,1.8207074268780132,-0.2827491079224737,-0.053591622057402116,1.0395932244398283
2023-06-17,-0.0741791530368594,-0.0065086371310576485,0.1194563849281417,0.4766682640937682,-0.04489900767883322,0.3974316162062685,0.184917574471217,-1.3468118131817608,1.8207074268780132,-0.2827491079224737,-0.053591622057402116,1.0395932244398283
2023-06-18,-0.0741791530368594,-0.0065086371310576485,0.1194563849281417,0.4766682640937682,-0.04489900767883322,0.39532615112295033,0.184917574471217,-1.3468118131817608,1.8207074268780132,-0.2827491079224737,-0.053591622057402116,1.0395932244398283
2023-06-19,-0.07328743665548099,-0.006770508206960568,0.1221851780973563,0.4819568993738212,-0.04909414617428596,0.3934506944344702,0.184917574471217,-1.3468118131817608,1.8207074268780132,-0.2827491079224737,-0.053591622057402116,1.0395932244398283
2023-06-20,-0.07367168452585338,-0.005921035681792031,0.12236075016969206,0.4809105385654525,-0.05458082672749186,0.38918906021266153,0.184917574471217,-1.3468118131817608,1.8207074268780132,-0.2827491079224737,-0.053591622057402116,1.0395932244398283
2023-06-21,-0.07401818768909196,-0.005213435184504567,0.11778692532085255,0.4487905480576086,-0.056868438265883406,0.3849553784570052,0.184917574471217,-1.3468118131817608,1.8207074268780132,-0.2827491079224737,-0.053591622057402116,1.0395932244398283
2023-06-22,-0.07401818768909196,-0.005213435184504567,0.11778692532085255,0.4487905480576086,-0.056534992984075466,0.3814456253485138,0.184917574471217,-1.3468118131817608,1.8207074268780132,-0.2827491079224737,-0.053591622057402116,1.0395932244398283
2023-06-23,-0.07401818768909196,-0.005213435184504567,0.11778692532085255,0.4487905480576086,-0.059984707162795026,0.3842674757486278,0.184917574471217,-1.3468118131817608,1.8207074268780132,-0.2827491079224737,-0.053591622057402116,1.0395932244398283
2023-06-24,-0.07401818768909196,-0.005213435184504567,0.11778692532085255,0.4487905480576086,-0.059984707162795026,0.3844422337473343,0.184917574471217,-1.3468118131817608,1.8207074268780132,-0.2827491079224737,-0.053591622057402116,1.0395932244398283
2023-06-25,-0.07401818768909196,-0.005213435184504567,0.11778692532085255,0.4487905480576086,-0.059984707162795026,0.38321991366661423,0.184917574471217,-1.3468118131817608,1.8207074268780132,-0.2827491079224737,-0.053591622057402116,1.0395932244398283
2023-06-26,-0.0747038434655134,-0.004809776012566269,0.12387092567354818,0.42205528450706886,-0.07025265094413634,0.37400371926562026,0.184917574471217,-1.3468118131817608,1.8207074268780132,-0.2827491079224737,-0.053591622057402116,1.0395932244398283
2023-06-27,-0.07393338990285081,-0.0051202466035165095,0.1219233542950573,0.44281498654670176,-0.06031529170500427,0.38111315664951084,0.184917574471217,-1.3468118131817608,1.8207074268780132,-0.2827491079224737,-0.053591622057402116,1.0395932244398283
2023-06-28,-0.07481923117269196,-0.004488371063873786,0.12595293709176336,0.43762809539550285,-0.0624999343860841,0.3724657593723873,0.184917574471217,-1.3468118131817608,1.8207074268780132,-0.2827491079224737,-0.053591622057402116,1.0395932244398283
2023-06-29,-0.07505369014592411,-0.0042406201997794435,0.13019957233786417,0.4485836420384665,-0.06921568260483317,0.3780031031031962,0.184917574471217,-1.3468118131817608,1.8207074268780132,-0.2827491079224737,-0.053591622057402116,1.0395932244398283
2023-06-30,-0.07650273314840617,-0.003005607763353013,0.1260386309974605,0.5207743001344923,-0.06499849837622951,0.37903605263467444,-0.4676769230900876,-1.5251583108177136,1.7632240784031847,-0.17481941279755586,-0.1372022112598063,0.7662421810670959
2023-07-01,-0.07650273314840617,-0.003005607763353013,0.1260386309974605,0.5207743001344923,-0.06499849837622951,0.3792148312549197,-0.4676769230900876,-1.5251583108177136,1.7632240784031847,-0.17481941279755586,-0.1372022112598063,0.7662421810670959
2023-07-02,-0.07650273314840617,-0.003005607763353013,0.1260386309974605,0.5207743001344923,-0.06499849837622951,0.37939321737724324,-0.4676769230900876,-1.5251583108177136,1.7632240784031847,-0.17481941279755586,-0.1372022112598063,0.7662421810670959
2023-07-03,-0.07629197346105998,-0.003931170058332101,0.12677712602233615,-0.023508590034314047,-0.05592296847348362,0.39018478080030544,-0.4676769230900876,-1.5251583108177136,1.7632240784031847,-0.17481941279755586,-0.1372022112598063,0.7662421810670959
2023-07-04,-0.07652811461063169,-0.0037738425785597274,0.1272723293469954,-0.02300262988966446,-0.05750237577935446,0.3847964295016907,-0.4676769230900876,-1.5251583108177136,1.7632240784031847,-0.17481941279755586,-0.1372022112598063,0.7662421810670959
2023-07-05,-0.07634066482944124,-0.003962820275079548,0.13051382043289494,-0.028386217593156775,-0.061140390397451255,0.38910172456889713,-0.4676769230900876,-1.5251583108177136,1.7632240784031847,-0.17481941279755586,-0.1372022112598063,0.7662421810670959
2023-07-06,-0.07631735589279498,-0.004061861018701651,0.1285113633115963,-0.0302931970211723,-0.061964863640312,0.3908141125430397,-0.4676769230900876,-1.5251583108177136,1.7632240784031847,-0.17481941279755586,-0.1372022112598063,0.7662421810670959
2023-07-07,-0.076487616442108,-0.0038814137970982765,0.119845717653143,-0.03562919896930897,-0.06502770581333207,0.3786796992991104,-0.4676769230900876,-1.5251583108177136,1.7632240784031847,-0.17481941279755586,-0.1372022112598063,0.7662421810670959
2023-07-08,-0.076487616442108,-0.0038814137970982765,0.119845717653143,-0.03562919896930897,-0.06502770581333207,0.38318459061982857,-0.4676769230900876,-1.5251583108177136,1.7632240784031847,-0.17481941279755586,-0.1372022112598063,0.7662421810670959
2023-07-09,-0.076487616442108,-0.0038814137970982765,0.119845717653143,-0.03562919896930897,-0.06502770581333207,0.38229629544664206,-0.4676769230900876,-1.5251583108177136,1.7632240784031847,-0.17481941279755586,-0.1372022112598063,0.7662421810670959
2023-07-10,-0.07648457659272245,-0.003833112114578374,0.11691236346040201,-0.03497916703496451,-0.06503983022077628,0.3843409781699202,-0.4676769230900876,-1.5251583108177136,1.7632240784031847,-0.17481941279755586,-0.1372022112598063,0.7662421810670959
2023-07-11,-0.07719185036644349,-0.00334136278950925,0.1145587762011544,-0.029341481914063106,-0.06078566642256591,0.38329537546801246,-0.4676769230900876,-1.5251583108177136,1.7632240784031847,-0.17481941279755586,-0.1372022112598063,0.7662421810670959
2023-07-12,-0.07692149416455318,-0.0035823246586413893,0.10265495046294026,-0.0422900654652613,-0.06163030930418824,0.3939366941347996,-0.4676769230900876,-1.5251583108177136,1.7632240784031847,-0.17481941279755586,-0.1372022112598063,0.7662421810670959
2023-07-13,-0.07695896938785995,-0.003583494568757284,0.09518387476731438,-0.03722012309955401,-0.05201724958425197,0.3968092160404804,-0.4676769230900876,-1.5251583108177136,1.7632240784031847,-0.17481941279755586,-0.1372022112598063,0.7662421810670959
2023-07-14,-0.07650118111291138,-0.003917465755214566,0.09662719440247525,-0.04000814008091371,-0.05070847842010499,0.40766972445140853,-0.4676769230900876,-1.5251583108177136,1.7632240784031847,-0.17481941279755586,-0.1372022112598063,0.7662421810670959
2023-07-15,-0.07650118111291138,-0.003917465755214566,0.09662719440247525,-0.04000814008091371,-0.05070847842010499,0.4078484111531957,-0.4676769230900876,-1.5251583108177136,1.7632240784031847,-0.17481941279755586,-0.1372022112598063,0.7662421810670959
2023-07-16,-0.07650118111291138,-0.003917465755214566,0.09662719440247525,-0.04000814008091371,-0.05070847842010499,0.40606332178144844,-0.4676769230900876,-1.5251583108177136,1.7632240784031847,-0.17481941279755586,-0.1372022112598063,0.7662421810670959
2023-07-17,-0.07717095243818728,-0.0034043281609867915,0.09590657466950492,-0.03858464244349889,-0.05425980895668309,0.39162663639432893,-0.4676769230900876,-1.5251583108177136,1.7632240784031847,-0.17481941279755586,-0.1372022112598063,0.7662421810670959
2023-07-18,-0.077937484261409,-0.0028206933935781553,0.09689814134485197,-0.03622261875271506,-0.055761514538030445,0.39588777619385906,-0.4676769230900876,-1.5251583108177136,1.7632240784031847,-0.17481941279755586,-0.1372022112598063,0.7662421810670959
2023-07-19,-0.07799616958866051,-0.0028475872138111757,0.10030014852909064,-0.036322128191400224,-0.053165800476917276,0.40048328732570243,-0.4676769230900876,-1.5251583108177136,1.7632240784031847,-0.17481941279755586,-0.1372022112598063,0.7662421810670959
2023-07-20,-0.07838468412760313,-0.0028526369522534623,0.1062733637941955,-0.04783709227324354,-0.052143637656243594,0.403295842086611,-0.4676769230900876,-1.5251583108177136,1.7632240784031847,-0.17481941279755586,-0.1372022112598063,0.7662421810670959
2023-07-21,-0.07909466143260213,-0.0019715395044166417,0.10816670241433823,-0.048008506154413454,-0.04913738275927226,0.4050748211451712,-0.4676769230900876,-1.5251583108177136,1.7632240784031847,-0.17481941279755586,-0.1372022112598063,0.7662421810670959
2023-07-22,-0.07909466143260213,-0.0019715395044166417,0.10816670241433823,-0.048008506154413454,-0.04913738275927226,0.40778436937265267,-0.4676769230900876,-1.5251583108177136,1.7632240784031847,-0.17481941279755586,-0.1372022112598063,0.7662421810670959
2023-07-23,-0.07909466143260213,-0.0019715395044166417,0.10816670241433823,-0.048008506154413454,-0.04913738275927226,0.40957061755646984,-0.4676769230900876,-1.5251583108177136,1.7632240784031847,-0.17481941279755586,-0.1372022112598063,0.7662421810670959
2023-07-24,-0.07940897238416589,-0.0015392363093711392,0.11088756200808914,-0.04686416951825954,-0.05383165097647304,0.41157814801040293,-0.4676769230900876,-1.5251583108177136,1.7632240784031847,-0.17481941279755586,-0.1372022112598063,0.7662421810670959
2023-07-25,-0.07584150213581708,-0.0040286526684796264,0.11091716357105175,-0.039513835379104564,-0.03320531340745125,0.424548153685011,-0.4676769230900876,-1.5251583108177136,1.7632240784031847,-0.17481941279755586,-0.1372022112598063,0.7662421810670959
2023-07-26,-0.0763596284450746,-0.0028827432534833664,0.10635865781371812,-0.044062612943524995,-0.029991331803990117,0.42841284524940326,-0.4676769230900876,-1.5251583108177136,1.7632240784031847,-0.17481941279755586,-0.1372022112598063,0.7662421810670959
2023-07-27,-0.0775716796390361,-0.0019208932525708322,0.1151407605623378,-0.05250833962239536,-0.031192117961397276,0.4318389984680074,-0.4676769230900876,-1.5251583108177136,1.7632240784031847,-0.17481941279755586,-0.1372022112598063,0.7662421810670959
2023-07-28,-0.07691375360409314,-0.0025472199697805786,0.1136570664587937,-0.05057371138072509,-0.024753245166387414,0.4397722247935434,-0.4676769230900876,-1.5251583108177136,1.7632240784031847,-0.17481941279755586,-0.1372022112598063,0.7662421810670959
2023-07-29,-0.07691375360409314,-0.0025472199697805786,0.1136570664587937,-0.05057371138072509,-0.024753245166387414,0.44652291041287595,-0.4676769230900876,-1.5251583108177136,1.7632240784031847,-0.17481941279755586,-0.1372022112598063,0.7662421810670959
2023-07-30,-0.07691375360409314,-0.0025472199697805786,0.1136570664587937,-0.05057371138072509,-0.024753245166387414,0.4460263867285537,-0.4676769230900876,-1.5251583108177136,1.7632240784031847,-0.17481941279755586,-0.1372022112598063,0.7662421810670959
2023-07-31,-0.07534685874000369,-0.0031382624458103914,0.11594987707066906,-0.03974392083156456,-0.019142723832400135,0.4569709736437863,-0.8453648694262741,-1.5701207938284831,1.6758613570351069,0.1792067856082985,-0.09598336367705806,0.5619055100310411
2023-08-01,-0.0762882681760102,-0.0023175423090660008,0.12034828657437524,-0.03785306622672665,-0.017837098544588113,0.46879475689114786,-0.8453648694262741,-1.5701207938284831,1.6758613570351069,0.1792067856082985,-0.09598336367705806,0.5619055100310411
2023-08-02,-0.07645448147226297,-0.0023035729282943063,0.12315367840061686,-0.033875054821846114,-0.02622212776509733,0.46286707269118244,-0.8453648694262741,-1.5701207938284831,1.6758613570351069,0.1792067856082985,-0.09598336367705806,0.5619055100310411
2023-08-03,-0.07688007893002746,-0.0019667918541641516,0.12268579654078648,-0.0369502513986015,-0.02555260639559526,0.4529447349783463,-0.8453648694262741,-1.5701207938284831,1.6758613570351069,0.1792067856082985,-0.09598336367705806,0.5619055100310411
2023-08-04,-0.07696313641796393,-0.00210910201679515,0.11756594321239411,-0.03519991936966132,-0.024669909485460988,0.46841855183484077,-0.8453648694262741,-1.5701207938284831,1.6758613570351069,0.1792067856082985,-0.09598336367705806,0.5619055100310411
2023-08-05,-0.07696313641796393,-0.00210910201679515,0.11756594321239411,-0.03519991936966132,-0.024669909485460988,0.47467746398877514,-0.8453648694262741,-1.5701207938284831,1.6758613570351069,0.1792067856082985,-0.09598336367705806,0.5619055100310411
2023-08-06,-0.07696313641796393,-0.00210910201679515,0.11756594321239411,-0.03519991936966132,-0.024669909485460988,0.4796320080386099,-0.8453648694262741,-1.5701207938284831,1.6758613570351069,0.1792067856082985,-0.09598336367705806,0.5619055100310411
2023-08-07,-0.07718392944981689,-0.002208151586521989,0.11786001184801376,-0.038823184664636065,-0.02759057294374682,0.4771309282493789,-0.8453648694262741,-1.5701207938284831,1.6758613570351069,0.1792067856082985,-0.09598336367705806,0.5619055100310411
2023-08-08,-0.07724974770233217,-0.002381058494585808,0.12257352620904349,-0.04413990693288681,-0.03489053176015289,0.47262325674327915,-0.8453648694262741,-1.5701207938284831,1.6758613570351069,0.1792067856082985,-0.09598336367705806,0.5619055100310411
2023-08-09,-0.07737833797827465,-0.002675392420621092,0.12220289574712084,-0.05299480099988736,-0.03392258043054881,0.47394874443280055,-0.8453648694262741,-1.5701207938284831,1.6758613570351069,0.1792067856082985,-0.09598336367705806,0.5619055100310411
2023-08-10,-0.07720218182698291,-0.0029810724674156353,0.12253463542904108,-0.05315197420841406,-0.033922087395037874,0.4757032455257363,-0.8453648694262741,-1.5701207938284831,1.6758613570351069,0.1792067856082985,-0.09598336367705806,0.5619055100310411
2023-08-11,-0.07746950031873945,-0.003011577221210815,0.12563634819873393,-0.06691012904501516,-0.0380334234466754,0.4771632927510713,-0.8453648694262741,-1.5701207938284831,1.6758613570351069,0.1792067856082985,-0.09598336367705806,0.5619055100310411
2023-08-12,-0.07746950031873945,-0.003011577221210815,0.12563634819873393,-0.06691012904501516,-0.0380334234466754,0.4803325782161287,-0.8453648694262741,-1.5701207938284831,1.6758613570351069,0.1792067856082985,-0.09598336367705806,0.5619055100310411
2023-08-13,-0.07746950031873945,-0.003011577221210815,0.12563634819873393,-0.06691012904501516,-0.0380334234466754,0.47933506237754314,-0.8453648694262741,-1.5701207938284831,1.6758613570351069,0.1792067856082985,-0.09598336367705806,0.5619055100310411
2023-08-14,-0.07921875374790399,-0.0024485329195046424,0.12902017970726165,-0.05977717329657687,-0.046200992015847764,0.4707092421252234,-0.8453648694262741,-1.5701207938284831,1.6758613570351069,0.1792067856082985,-0.09598336367705806,0.5619055100310411
2023-08-15,-0.0830597849753566,-0.0005589800939388434,0.1292043060760959,-0.06918854903301963,-0.04830003819936636,0.4762122878635271,-0.8453648694262741,-1.5701207938284831,1.6758613570351069,0.1792067856082985,-0.09598336367705806,0.5619055100310411
2023-08-16,-0.08374935058928645,-0.0005835361392104721,0.13135528128174645,-0.07753888511390766,-0.0510614466419142,0.4700244624691077,-0.8453648694262741,-1.5701207938284831,1.6758613570351069,0.1792067856082985,-0.09598336367705806,0.5619055100310411
2023-08-17,-0.08345963081269259,-0.0013808385562953385,0.13271850894076564,-0.06749504824228945,-0.049351583382677235,0.46736613583048436,-0.8453648694262741,-1.5701207938284831,1.6758613570351069,0.1792067856082985,-0.09598336367705806,0.5619055100310411
2023-08-18,-0.0839999940333781,-0.001170258564069715,0.13081645046936408,-0.0861370965336962,-0.05564301959998105,0.4688374650571498,-0.8453648694262741,-1.5701207938284831,1.6758613570351069,0.1792067856082985,-0.09598336367705806,0.5619055100310411
2023-08-19,-0.0839999940333781,-0.001170258564069715,0.13081645046936408,-0.0861370965336962,-0.05564301959998105,0.4744753570113645,-0.8453648694262741,-1.5701207938284831,1.6758613570351069,0.1792067856082985,-0.09598336367705806,0.5619055100310411
2023-08-20,-0.0839999940333781,-0.001170258564069715,0.13081645046936408,-0.0861370965336962,-0.05564301959998105,0.4716395136289428,-0.8453648694262741,-1.5701207938284831,1.6758613570351069,0.1792067856082985,-0.09598336367705806,0.5619055100310411
2023-08-21,-0.08568658568007292,0.00014715617028138173,0.13009093656368087,-0.09167873379480092,-0.05841890614064445,0.4668558820889902,-0.8453648694262741,-1.5701207938284831,1.6758613570351069,0.1792067856082985,-0.09598336367705806,0.5619055100310411
2023-08-22,-0.08563236826825138,-0.00015415183205147454,0.13263691913870512,-0.08759919734833797,-0.05370888372762839,0.47042731734227183,-0.8453648694262741,-1.5701207938284831,1.6758613570351069,0.1792067856082985,-0.09598336367705806,0.5619055100310411
2023-08-23,-0.0851664748775115,-0.00014186698420470822,0.1312464611566072,-0.10400510949512688,-0.053328493313861615,0.4697156674237054,-0.8453648694262741,-1.5701207938284831,1.6758613570351069,0.1792067856082985,-0.09598336367705806,0.5619055100310411
2023-08-24,-0.08470237342613973,-9.5582834046537e-06,0.13669033510626838,-0.10456733125108063,-0.05242076307170651,0.4650683467787422,-0.8453648694262741,-1.5701207938284831,1.6758613570351069,0.1792067856082985,-0.09598336367705806,0.5619055100310411
2023-08-25,-0.08408026912568034,-0.0006773969092012111,0.13760395477121035,-0.12177457700186631,-0.05299498847613709,0.4685207237974373,-0.8453648694262741,-1.5701207938284831,1.6758613570351069,0.1792067856082985,-0.09598336367705806,0.5619055100310411
2023-08-26,-0.08408026912568034,-0.0006773969092012111,0.13760395477121035,-0.12177457700186631,-0.05299498847613709,0.47098275405189144,-0.8453648694262741,-1.5701207938284831,1.6758613570351069,0.1792067856082985,-0.09598336367705806,0.5619055100310411
2023-08-27,-0.08408026912568034,-0.0006773969092012111,0.13760395477121035,-0.12177457700186631,-0.05299498847613709,0.4682612446697985,-0.8453648694262741,-1.5701207938284831,1.6758613570351069,0.1792067856082985,-0.09598336367705806,0.5619055100310411
2023-08-28,-0.08192316995644011,-0.0014000137745245889,0.1374213976260199,-0.11714881217026424,-0.04554513927748348,0.4669203446107194,-0.8453648694262741,-1.5701207938284831,1.6758613570351069,0.1792067856082985,-0.09598336367705806,0.5619055100310411
2023-08-29,-0.08124087947605518,-0.0018182792447060114,0.13235691435707375,-0.08663854348055428,-0.03710403384792391,0.46576214873013877,-0.8453648694262741,-1.5701207938284831,1.6758613570351069,0.1792067856082985,-0.09598336367705806,0.5619055100310411
2023-08-30,-0.0817521903379318,-0.000978340946709011,0.12874446977525755,-0.08277029479866212,-0.03636729675243773,0.47142083517164757,-0.8453648694262741,-1.5701207938284831,1.6758613570351069,0.1792067856082985,-0.09598336367705806,0.5619055100310411
2023-08-31,-0.08209692199155516,-0.0005897432699928373,0.13322308004891803,-0.09031745694247316,-0.04441671471887292,0.4790786165389061,-0.7534000487609769,-1.3903627538503438,1.5186538125646687,-0.44695343007750127,-0.2672258930655487,0.9029177027534621
2023-09-01,-0.07984383911720172,-0.00193250909751419,0.13917758646183453,-0.08977254308096273,-0.04048568175841726,0.48633398755754453,-0.7534000487609769,-1.3903627538503438,1.5186538125646687,-0.44695343007750127,-0.2672258930655487,0.9029177027534621
2023-09-02,-0.07984383911720172,-0.00193250909751419,0.13917758646183453,-0.08977254308096273,-0.04048568175841726,0.4885004173162936,-0.7534000487609769,-1.3903627538503438,1.5186538125646687,-0.44695343007750127,-0.2672258930655487,0.9029177027534621
2023-09-03,-0.07984383911720172,-0.00193250909751419,0.13917758646183453,-0.08977254308096273,-0.04048568175841726,0.4870707831942026,-0.7534000487609769,-1.3903627538503438,1.5186538125646687,-0.44695343007750127,-0.2672258930655487,0.9029177027534621
2023-09-04,-0.07739378448078138,-0.0037428708760760543,0.13917758646183453,-0.07639954366754258,-0.03774690035792116,0.4917816105423481,-0.7534000487609769,-1.3903627538503438,1.5186538125646687,-0.44695343007750127,-0.2672258930655487,0.9029177027534621
2023-09-05,-0.07738568531459056,-0.0034998200985000283,0.14465554033573613,-0.07980963704741213,-0.04450879522312239,0.48791792855380384,-0.7534000487609769,-1.3903627538503438,1.5186538125646687,-0.44695343007750127,-0.2672258930655487,0.9029177027534621
2023-09-06,-0.07544186968550304,-0.0046902221523420495,0.14517077309690674,-0.07650396066110791,-0.04223754380015985,0.49021364293978364,-0.7534000487609769,-1.3903627538503438,1.5186538125646687,-0.44695343007750127,-0.2672258930655487,0.9029177027534621
2023-09-07,-0.07482512923990803,-0.005048744974632258,0.14705898701819287,-0.09209166948399958,-0.04797501283052914,0.4887224846680947,-0.7534000487609769,-1.3903627538503438,1.5186538125646687,-0.44695343007750127,-0.2672258930655487,0.9029177027534621
2023-09-08,-0.07537830518030697,-0.003583701036457776,0.14735405931090462,-0.08947813360560991,-0.051299538487361754,0.4795896886352427,-0.7534000487609769,-1.3903627538503438,1.5186538125646687,-0.44695343007750127,-0.2672258930655487,0.9029177027534621
2023-09-09,-0.07537830518030697,-0.003583701036457776,0.14735405931090462,-0.08947813360560991,-0.051299538487361754,0.4835634640103416,-0.7534000487609769,-1.3903627538503438,1.5186538125646687,-0.44695343007750127,-0.2672258930655487,0.9029177027534621
2023-09-10,-0.07537830518030697,-0.003583701036457776,0.14735405931090462,-0.08947813360560991,-0.051299538487361754,0.4808007292551468,-0.7534000487609769,-1.3903627538503438,1.5186538125646687,-0.44695343007750127,-0.2672258930655487,0.9029177027534621
2023-09-11,-0.07574553266353079,-0.0030604279538987145,0.14239640396786535,-0.07846847240660199,-0.04934860705969994,0.486100966390244,-0.7534000487609769,-1.3903627538503438,1.5186538125646687,-0.44695343007750127,-0.2672258930655487,0.9029177027534621
2023-09-12,-0.076412789517871,-0.002134626002946005,0.14375435900234024,-0.07623286207143566,-0.05004625122105994,0.48799200149000693,-0.7534000487609769,-1.3903627538503438,1.5186538125646687,-0.44695343007750127,-0.2672258930655487,0.9029177027534621
2023-09-13,-0.0771333112120598,-0.0018669445296461973,0.14427961422862978,-0.08863219383314878,-0.051269342752792144,0.49041555338753406,-0.7534000487609769,-1.3903627538503438,1.5186538125646687,-0.44695343007750127,-0.2672258930655487,0.9029177027534621
2023-09-14,-0.0783890125009763,-0.001479802853206369,0.15037892125571872,-0.09426562866098451,-0.04885679733245354,0.4905998900041004,-0.7534000487609769,-1.3903627538503438,1.5186538125646687,-0.44695343007750127,-0.2672258930655487,0.9029177027534621
2023-09-15,-0.07655738100379206,-0.0032128079331998904,0.14959148232967157,-0.08769073201034296,-0.04727735802221975,0.4997516928218886,-0.7534000487609769,-1.3903627538503438,1.5186538125646687,-0.44695343007750127,-0.2672258930655487,0.9029177027534621
2023-09-16,-0.07655738100379206,-0.0032128079331998904,0.14959148232967157,-0.08769073201034296,-0.04727735802221975,0.503064399187197,-0.7534000487609769,-1.3903627538503438,1.5186538125646687,-0.44695343007750127,-0.2672258930655487,0.9029177027534621
2023-09-17,-0.07655738100379206,-0.0032128079331998904,0.14959148232967157,-0.08769073201034296,-0.04727735802221975,0.50142821173432,-0.7534000487609769,-1.3903627538503438,1.5186538125646687,-0.44695343007750127,-0.2672258930655487,0.9029177027534621
2023-09-18,-0.07459471920071692,-0.004760591879250042,0.1484521192336422,-0.0872362573744802,-0.05101233676101242,0.5021994389623581,-0.7534000487609769,-1.3903627538503438,1.5186538125646687,-0.44695343007750127,-0.2672258930655487,0.9029177027534621
2023-09-19,-0.07444344832229,-0.004334577438632414,0.1484521192336422,-0.09650851269356243,-0.053587149692326475,0.502993744096531,-0.7534000487609769,-1.3903627538503438,1.5186538125646687,-0.44695343007750127,-0.2672258930655487,0.9029177027534621
2023-09-20,-0.07403932135331337,-0.004626983543268515,0.1484521192336422,-0.10315036241435438,-0.05412342587887326,0.5016688662867056,-0.7534000487609769,-1.3903627538503438,1.5186538125646687,-0.44695343007750127,-0.2672258930655487,0.9029177027534621
2023-09-21,-0.07454823961250823,-0.004200878145722453,0.1499825083897418,-0.10826929269395438,-0.05909837842305595,0.49267096271057076,-0.7534000487609769,-1.3903627538503438,1.5186538125646687,-0.44695343007750127,-0.2672258930655487,0.9029177027534621
2023-09-22,-0.07332887847246128,-0.005002253138214674,0.15207052790323317,-0.09582312007360863,-0.05407345856786555,0.49240746010858827,-0.7534000487609769,-1.3903627538503438,1.5186538125646687,-0.44695343007750127,-0.2672258930655487,0.9029177027534621
2023-09-23,-0.07332887847246128,-0.005002253138214674,0.15207052790323317,-0.09582312007360863,-0.05407345856786555,0.49575658015653634,-0.7534000487609769,-1.3903627538503438,1.5186538125646687,-0.44695343007750127,-0.2672258930655487,0.9029177027534621
2023-09-24,-0.07332887847246128,-0.005002253138214674,0.15207052790323317,-0.09582312007360863,-0.05407345856786555,0.4960573339088448,-0.7534000487609769,-1.3903627538503438,1.5186538125646687,-0.44695343007750127,-0.2672258930655487,0.9029177027534621
2023-09-25,-0.07216800381134625,-0.00636328295824129,0.15600108490578102,-0.09885791695751178,-0.06085340793080295,0.488324082416604,-0.7534000487609769,-1.3903627538503438,1.5186538125646687,-0.44695343007750127,-0.2672258930655487,0.9029177027534621
2023-09-26,-0.0712011801121567,-0.006451778041867917,0.15819923958794468,-0.10123983377254171,-0.06513890760738772,0.479470116384632,-0.7534000487609769,-1.3903627538503438,1.5186538125646687,-0.44695343007750127,-0.2672258930655487,0.9029177027534621
2023-09-27,-0.07132342339870823,-0.006181139240849953,0.1622940894905155,-0.09527426264121222,-0.06624895029042348,0.4789870665852093,-0.7534000487609769,-1.3903627538503438,1.5186538125646687,-0.44695343007750127,-0.2672258930655487,0.9029177027534621
2023-09-28,-0.0729378561216808,-0.0047157363415082365,0.15815031359191623,-0.08738273912416097,-0.06602184604469952,0.4851619707442565,-0.7534000487609769,-1.3903627538503438,1.5186538125646687,-0.44695343007750127,-0.2672258930655487,0.9029177027534621
2023-09-29,-0.0729378561216808,-0.0047157363415082365,0.15815031359191623,-0.08738273912416097,-0.06766124859753661,0.4851619707442565,-0.7534000487609769,-1.3903627538503438,1.5186538125646687,-0.44695343007750127,-0.2672258930655487,0.9029177027534621
2023-09-30,-0.0729378561216808,-0.0047157363415082365,0.15815031359191623,-0.08738273912416097,-0.06766124859753661,0.4851619707442565,-0.49108294819583803,-1.2081284876125962,1.3718901111236166,-1.0840326032467564,-0.07017969486509354,1.4065099714847036
2023-10-01,-0.0729378561216808,-0.0047157363415082365,0.15815031359191623,-0.08738273912416097,-0.06766124859753661,0.48906294049071675,-0.49108294819583803,-1.2081284876125962,1.3718901111236166,-1.0840326032467564,-0.07017969486509354,1.4065099714847036
2023-10-02,-0.0729378561216808,-0.0047157363415082365,0.15815031359191623,-0.08738273912416097,-0.06957262195420642,0.4884423758510532,-0.49108294819583803,-1.2081284876125962,1.3718901111236166,-1.0840326032467564,-0.07017969486509354,1.4065099714847036
2023-10-03,-0.0729378561216808,-0.0047157363415082365,0.15815031359191623,-0.08738273912416097,-0.06999705796070899,0.48626741387799405,-0.49108294819583803,-1.2081284876125962,1.3718901111236166,-1.0840326032467564,-0.07017969486509354,1.4065099714847036
2023-10-04,-0.0729378561216808,-0.0047157363415082365,0.15815031359191623,-0.08738273912416097,-0.07052805125227819,0.48689242620874756,-0.49108294819583803,-1.2081284876125962,1.3718901111236166,-1.0840326032467564,-0.07017969486509354,1.4065099714847036
2023-10-05,-0.0729378561216808,-0.0047157363415082365,0.15815031359191623,-0.08738273912416097,-0.07134308632738473,0.4875382965296653,-0.49108294819583803,-1.2081284876125962,1.3718901111236166,-1.0840326032467564,-0.07017969486509354,1.4065099714847036
2023-10-06,-0.0729378561216808,-0.0047157363415082365,0.15815031359191623,-0.08738273912416097,-0.07077470063039383,0.4875382965296653,-0.49108294819583803,-1.2081284876125962,1.3718901111236166,-1.0840326032467564,-0.07017969486509354,1.4065099714847036
2023-10-07,-0.0729378561216808,-0.0047157363415082365,0.15815031359191623,-0.08738273912416097,-0.07077470063039383,0.4798323215597656,-0.49108294819583803,-1.2081284876125962,1.3718901111236166,-1.0840326032467564,-0.07017969486509354,1.4065099714847036
2023-10-08,-0.0729378561216808,-0.0047157363415082365,0.15815031359191623,-0.08738273912416097,-0.07077470063039383,0.4821760282949391,-0.49108294819583803,-1.2081284876125962,1.3718901111236166,-1.0840326032467564,-0.07017969486509354,1.4065099714847036
2023-10-09,-0.07334869494472918,-0.005471733665372014,0.1568229299498014,-0.07676550704574577,-0.07120415451496082,0.44999364976210254,-0.49108294819583803,-1.2081284876125962,1.3718901111236166,-1.0840326032467564,-0.07017969486509354,1.4065099714847036
2023-10-10,-0.07278046576641506,-0.006016809883406915,0.15439087203288737,-0.07887106717658893,-0.07603593910434495,0.4569423672290122,-0.49108294819583803,-1.2081284876125962,1.3718901111236166,-1.0840326032467564,-0.07017969486509354,1.4065099714847036
2023-10-11,-0.07111752672762439,-0.007295866934703077,0.15434362421809866,-0.07831313953115533,-0.07282049730388611,0.4543851996221774,-0.49108294819583803,-1.2081284876125962,1.3718901111236166,-1.0840326032467564,-0.07017969486509354,1.4065099714847036
2023-10-12,-0.07117559731701018,-0.006600990974827137,0.1617051815796562,-0.07367642033598135,-0.06987779613452233,0.4519020124559797,-0.49108294819583803,-1.2081284876125962,1.3718901111236166,-1.0840326032467564,-0.07017969486509354,1.4065099714847036
2023-10-13,-0.0721525527814918,-0.005632502301952558,0.16216484818065613,-0.07595190455454869,-0.08014752244268827,0.4504020214573442,-0.49108294819583803,-1.2081284876125962,1.3718901111236166,-1.0840326032467564,-0.07017969486509354,1.4065099714847036
2023-10-14,-0.0721525527814918,-0.005632502301952558,0.16216484818065613,-0.07595190455454869,-0.08014752244268827,0.44566854505410664,-0.49108294819583803,-1.2081284876125962,1.3718901111236166,-1.0840326032467564,-0.07017969486509354,1.4065099714847036
2023-10-15,-0.0721525527814918,-0.005632502301952558,0.16216484818065613,-0.07595190455454869,-0.08014752244268827,0.44981040095078356,-0.49108294819583803,-1.2081284876125962,1.3718901111236166,-1.0840326032467564,-0.07017969486509354,1.4065099714847036
2023-10-16,-0.07306647327651528,-0.0054255675942571635,0.1583673086112315,-0.08165224863508017,-0.08304328660553675,0.46335117312922985,-0.49108294819583803,-1.2081284876125962,1.3718901111236166,-1.0840326032467564,-0.07017969486509354,1.4065099714847036
2023-10-17,-0.07225201682705729,-0.006189512643528405,0.15843319530494304,-0.08724006949300316,-0.08673056489963818,0.45787338485602985,-0.49108294819583803,-1.2081284876125962,1.3718901111236166,-1.0840326032467564,-0.07017969486509354,1.4065099714847036
2023-10-18,-0.07140331476116979,-0.006512047267897669,0.16139790118729602,-0.1048444766494444,-0.08476640299788012,0.4574662618401449,-0.49108294819583803,-1.2081284876125962,1.3718901111236166,-1.0840326032467564,-0.07017969486509354,1.4065099714847036
2023-10-19,-0.0696240078862419,-0.0071426373014581435,0.15847011063692773,-0.10902115639206139,-0.09115782607043695,0.45973995835673354,-0.49108294819583803,-1.2081284876125962,1.3718901111236166,-1.0840326032467564,-0.07017969486509354,1.4065099714847036
2023-10-20,-0.07125446041334127,-0.005595960061146488,0.15762307572967804,-0.11660477465783932,-0.09456208030336072,0.4577312409596108,-0.49108294819583803,-1.2081284876125962,1.3718901111236166,-1.0840326032467564,-0.07017969486509354,1.4065099714847036
2023-10-21,-0.07125446041334127,-0.005595960061146488,0.15762307572967804,-0.11660477465783932,-0.09456208030336072,0.4575348477226482,-0.49108294819583803,-1.2081284876125962,1.3718901111236166,-1.0840326032467564,-0.07017969486509354,1.4065099714847036
2023-10-22,-0.07125446041334127,-0.005595960061146488,0.15762307572967804,-0.11660477465783932,-0.09456208030336072,0.45615772776778096,-0.49108294819583803,-1.2081284876125962,1.3718901111236166,-1.0840326032467564,-0.07017969486509354,1.4065099714847036
2023-10-23,-0.07153255114222434,-0.005275860537901855,0.15171706327712875,-0.1421866313591882,-0.0978221042137869,0.4484110883526362,-0.49108294819583803,-1.2081284876125962,1.3718901111236166,-1.0840326032467564,-0.07017969486509354,1.4065099714847036
2023-10-24,-0.07003453746152011,-0.006084035300074064,0.1586720359878624,-0.12493464798757539,-0.09259541540869852,0.44722590082932323,-0.49108294819583803,-1.2081284876125962,1.3718901111236166,-1.0840326032467564,-0.07017969486509354,1.4065099714847036
2023-10-25,-0.07116661755159703,-0.004914088599849431,0.1610998142884177,-0.11315848806072887,-0.08940841226577241,0.44785320960225805,-0.49108294819583803,-1.2081284876125962,1.3718901111236166,-1.0840326032467564,-0.07017969486509354,1.4065099714847036
2023-10-26,-0.07120329214405063,-0.0053327631154943544,0.16179446733738123,-0.10955529115981755,-0.09303912737342436,0.4597656792692986,-0.49108294819583803,-1.2081284876125962,1.3718901111236166,-1.0840326032467564,-0.07017969486509354,1.4065099714847036
2023-10-27,-0.07057679083298207,-0.005864216586016546,0.16139109779459582,-0.09405254438078782,-0.08931692938154087,0.4476379313297837,-0.49108294819583803,-1.2081284876125962,1.3718901111236166,-1.0840326032467564,-0.07017969486509354,1.4065099714847036
2023-10-28,-0.07057679083298207,-0.005864216586016546,0.16139109779459582,-0.09405254438078782,-0.08931692938154087,0.4573784178325331,-0.49108294819583803,-1.2081284876125962,1.3718901111236166,-1.0840326032467564,-0.07017969486509354,1.4065099714847036
2023-10-29,-0.07057679083298207,-0.005864216586016546,0.16139109779459582,-0.09405254438078782,-0.08931692938154087,0.4560114528381164,-0.49108294819583803,-1.2081284876125962,1.3718901111236166,-1.0840326032467564,-0.07017969486509354,1.4065099714847036
2023-10-30,-0.07111398297957938,-0.005725296192925056,0.15727131438822006,-0.08169549646246133,-0.08833369688555275,0.4491343075684979,-0.49108294819583803,-1.2081284876125962,1.3718901111236166,-1.0840326032467564,-0.07017969486509354,1.4065099714847036
2023-10-31,-0.07270941226823802,-0.00492263570735707,0.16238816323857796,-0.08780259797113708,-0.09323334959945315,0.44506469347110544,-0.2958580930839516,-1.2265675157758804,1.2125809460870234,-1.0735336056665117,-0.03884666845056546,1.4913763845261667
2023-11-01,-0.07310102265150753,-0.005189534040093369,0.1644601094617295,-0.0897182094376471,-0.09504669912575357,0.44324967167273943,-0.2958580930839516,-1.2265675157758804,1.2125809460870234,-1.0735336056665117,-0.03884666845056546,1.4913763845261667
2023-11-02,-0.07513151563324139,-0.004152015845112711,0.15734959713060415,-0.09950926341548494,-0.09341576678549973,0.44014214878753155,-0.2958580930839516,-1.2265675157758804,1.2125809460870234,-1.0735336056665117,-0.03884666845056546,1.4913763845261667
2023-11-03,-0.0749580000036435,-0.004630221787729649,0.14695609518947872,-0.08865646870282386,-0.08921037717293578,0.45574232027738343,-0.2958580930839516,-1.2265675157758804,1.2125809460870234,-1.0735336056665117,-0.03884666845056546,1.4913763845261667
2023-11-04,-0.0749580000036435,-0.004630221787729649,0.14695609518947872,-0.08865646870282386,-0.08921037717293578,0.45265616212916293,-0.2958580930839516,-1.2265675157758804,1.2125809460870234,-1.0735336056665117,-0.03884666845056546,1.4913763845261667
2023-11-05,-0.0749580000036435,-0.004630221787729649,0.14695609518947872,-0.08865646870282386,-0.08921037717293578,0.4532780373702699,-0.2958580930839516,-1.2265675157758804,1.2125809460870234,-1.0735336056665117,-0.03884666845056546,1.4913763845261667
2023-11-06,-0.07533756788489343,-0.0046440903389530774,0.14880334478717827,-0.06837157259784239,-0.08264173017903412,0.44347151853559935,-0.2958580930839516,-1.2265675157758804,1.2125809460870234,-1.0735336056665117,-0.03884666845056546,1.4913763845261667
2023-11-07,-0.0750403187079085,-0.005035052607347268,0.15191126666143562,-0.06495262809220699,-0.08629273350420981,0.4438725558145678,-0.2958580930839516,-1.2265675157758804,1.2125809460870234,-1.0735336056665117,-0.03884666845056546,1.4913763845261667
2023-11-08,-0.07574053344042642,-0.004795409319571453,0.15239448661178712,-0.06205515511003845,-0.08561700674043723,0.4391628768270293,-0.2958580930839516,-1.2265675157758804,1.2125809460870234,-1.0735336056665117,-0.03884666845056546,1.4913763845261667
2023-11-09,-0.07566042002416717,-0.004907671689009296,0.15539657955355402,-0.069038430434633,-0.08855478105168559,0.4378701531000431,-0.2958580930839516,-1.2265675157758804,1.2125809460870234,-1.0735336056665117,-0.03884666845056546,1.4913763845261667
2023-11-10,-0.07601538131817354,-0.005154623242860534,0.15493392258065253,-0.0710090766237273,-0.09371367707232689,0.4396604655991654,-0.2958580930839516,-1.2265675157758804,1.2125809460870234,-1.0735336056665117,-0.03884666845056546,1.4913763845261667
2023-11-11,-0.07601538131817354,-0.005154623242860534,0.15493392258065253,-0.0710090766237273,-0.09371367707232689,0.4360921060884378,-0.2958580930839516,-1.2265675157758804,1.2125809460870234,-1.0735336056665117,-0.03884666845056546,1.4913763845261667
2023-11-12,-0.07601538131817354,-0.005154623242860534,0.15493392258065253,-0.0710090766237273,-0.09371367707232689,0.43799438227107546,-0.2958580930839516,-1.2265675157758804,1.2125809460870234,-1.0735336056665117,-0.03884666845056546,1.4913763845261667
2023-11-13,-0.07605897537437734,-0.004510530697529935,0.15276126220525454,-0.059325020985791475,-0.09131901582935632,0.4377771859142179,-0.2958580930839516,-1.2265675157758804,1.2125809460870234,-1.0735336056665117,-0.03884666845056546,1.4913763845261667
2023-11-14,-0.07520132505240373,-0.004827314844514263,0.13782246582919067,-0.05417002894131327,-0.0875996480917539,0.43918352479510714,-0.2958580930839516,-1.2265675157758804,1.2125809460870234,-1.0735336056665117,-0.03884666845056546,1.4913763845261667
2023-11-15,-0.0748025710318877,-0.0052979129697062755,0.1410996418837014,-0.05053506438604391,-0.07981732487213519,0.4453629710149498,-0.2958580930839516,-1.2265675157758804,1.2125809460870234,-1.0735336056665117,-0.03884666845056546,1.4913763845261667
2023-11-16,-0.07537404194523611,-0.00497306972757261,0.14066858262742232,-0.05861728146415114,-0.08228850169079154,0.44281208244717424,-0.2958580930839516,-1.2265675157758804,1.2125809460870234,-1.0735336056665117,-0.03884666845056546,1.4913763845261667
2023-11-17,-0.0756824396971788,-0.005041165787139978,0.13652862920189834,-0.04842227437524347,-0.08577118535024449,0.4335582812037738,-0.2958580930839516,-1.2265675157758804,1.2125809460870234,-1.0735336056665117,-0.03884666845056546,1.4913763845261667
2023-11-18,-0.0756824396971788,-0.005041165787139978,0.13652862920189834,-0.04842227437524347,-0.08577118535024449,0.43313363661126525,-0.2958580930839516,-1.2265675157758804,1.2125809460870234,-1.0735336056665117,-0.03884666845056546,1.4913763845261667
2023-11-19,-0.0756824396971788,-0.005041165787139978,0.13652862920189834,-0.04842227437524347,-0.08577118535024449,0.4291018720012011,-0.2958580930839516,-1.2265675157758804,1.2125809460870234,-1.0735336056665117,-0.03884666845056546,1.4913763845261667
2023-11-20,-0.07532140104170293,-0.0055981813720406,0.13191918127711222,-0.03937690583445842,-0.08273115180029951,0.45061239748780557,-0.2958580930839516,-1.2265675157758804,1.2125809460870234,-1.0735336056665117,-0.03884666845056546,1.4913763845261667
2023-11-21,-0.07496936266850573,-0.006244993293390011,0.1331469699041158,-0.04677202141189429,-0.07977296865249967,0.4489928673201675,-0.2958580930839516,-1.2265675157758804,1.2125809460870234,-1.0735336056665117,-0.03884666845056546,1.4913763845261667
2023-11-22,-0.07400218480825238,-0.006660269101417482,0.13657476887094833,-0.05722988940906855,-0.08206853061608967,0.4533241696887816,-0.2958580930839516,-1.2265675157758804,1.2125809460870234,-1.0735336056665117,-0.03884666845056546,1.4913763845261667
2023-11-23,-0.07227116004972223,-0.007903039034117931,0.13657476887094833,-0.045482999541685484,-0.07827611663312319,0.44383136678718355,-0.2958580930839516,-1.2265675157758804,1.2125809460870234,-1.0735336056665117,-0.03884666845056546,1.4913763845261667
2023-11-24,-0.07258865784148438,-0.007541029773061814,0.13159978811652184,-0.055634714985757984,-0.0812532651721758,0.44027237241431644,-0.2958580930839516,-1.2265675157758804,1.2125809460870234,-1.0735336056665117,-0.03884666845056546,1.4913763845261667
2023-11-25,-0.07258865784148438,-0.007541029773061814,0.13159978811652184,-0.055634714985757984,-0.0812532651721758,0.44872374636782997,-0.2958580930839516,-1.2265675157758804,1.2125809460870234,-1.0735336056665117,-0.03884666845056546,1.4913763845261667
2023-11-26,-0.07258865784148438,-0.007541029773061814,0.13159978811652184,-0.055634714985757984,-0.0812532651721758,0.449758171913318,-0.2958580930839516,-1.2265675157758804,1.2125809460870234,-1.0735336056665117,-0.03884666845056546,1.4913763845261667
2023-11-27,-0.07129567190868302,-0.008430552350478737,0.12962692465994896,-0.05518050325462105,-0.08557492530914435,0.44476188198170846,-0.2958580930839516,-1.2265675157758804,1.2125809460870234,-1.0735336056665117,-0.03884666845056546,1.4913763845261667
2023-11-28,-0.07300287097155711,-0.0071803226918875085,0.1252373472415631,-0.05025454504369997,-0.08889944270999876,0.43990301041840396,-0.2958580930839516,-1.2265675157758804,1.2125809460870234,-1.0735336056665117,-0.03884666845056546,1.4913763845261667
2023-11-29,-0.07322149999471228,-0.006870800602740368,0.12542226928232392,-0.053564471723069856,-0.0930519884496563,0.44410293457755123,-0.2958580930839516,-1.2265675157758804,1.2125809460870234,-1.0735336056665117,-0.03884666845056546,1.4913763845261667
2023-11-30,-0.07373999501716,-0.0063324317430021315,0.13254531701258232,-0.06156466252675227,-0.09244338248133971,0.4449596681804029,-0.17677448522257366,-1.361208011982727,1.0262519266012786,-1.3003119533998009,-0.08207619152515486,0.879332959265857
2023-12-01,-0.07396659201795064,-0.0062652561448114374,0.1303326924920648,-0.05106915533634558,-0.0916742088541204,0.4409160003533767,-0.17677448522257366,-1.361208011982727,1.0262519266012786,-1.3003119533998009,-0.08207619152515486,0.879332959265857
2023-12-02,-0.07396659201795064,-0.0062652561448114374,0.1303326924920648,-0.05106915533634558,-0.0916742088541204,0.44257819591046454,-0.17677448522257366,-1.361208011982727,1.0262519266012786,-1.3003119533998009,-0.08207619152515486,0.879332959265857
2023-12-03,-0.07396659201795064,-0.0062652561448114374,0.1303326924920648,-0.05106915533634558,-0.0916742088541204,0.4382369455966835,-0.17677448522257366,-1.361208011982727,1.0262519266012786,-1.3003119533998009,-0.08207619152515486,0.879332959265857
2023-12-04,-0.07349115088883884,-0.006596716436340522,0.13463218507447172,-0.04993590451612641,-0.09432882138105532,0.4296399370601747,-0.17677448522257366,-1.361208011982727,1.0262519266012786,-1.3003119533998009,-0.08207619152515486,0.879332959265857
2023-12-05,-0.0738560324141454,-0.006264797465665217,0.13789121006675809,-0.06495841199617287,-0.10420898400324625,0.4277602713986646,-0.17677448522257366,-1.361208011982727,1.0262519266012786,-1.3003119533998009,-0.08207619152515486,0.879332959265857
2023-12-06,-0.07347299575641963,-0.00643269862119733,0.1388811187644997,-0.05845147621713011,-0.10230095139110609,0.42846501419850413,-0.17677448522257366,-1.361208011982727,1.0262519266012786,-1.3003119533998009,-0.08207619152515486,0.879332959265857
2023-12-07,-0.07397713098662961,-0.005694711310614831,0.13300514783711392,-0.05954849000265422,-0.10301510320068569,0.42397424742382617,-0.17677448522257366,-1.361208011982727,1.0262519266012786,-1.3003119533998009,-0.08207619152515486,0.879332959265857
2023-12-08,-0.07360328364028546,-0.005439365151578723,0.1375347544663721,-0.06335933781943066,-0.09931630058859263,0.4274347562642679,-0.17677448522257366,-1.361208011982727,1.0262519266012786,-1.3003119533998009,-0.08207619152515486,0.879332959265857
2023-12-09,-0.07360328364028546,-0.005439365151578723,0.1375347544663721,-0.06335933781943066,-0.09931630058859263,0.42511781665914716,-0.17677448522257366,-1.361208011982727,1.0262519266012786,-1.3003119533998009,-0.08207619152515486,0.879332959265857
2023-12-10,-0.07360328364028546,-0.005439365151578723,0.1375347544663721,-0.06335933781943066,-0.09931630058859263,0.4253295639241209,-0.17677448522257366,-1.361208011982727,1.0262519266012786,-1.3003119533998009,-0.08207619152515486,0.879332959265857
2023-12-11,-0.07556265115482563,-0.004476525303265255,0.13835198357895728,-0.04975826855644776,-0.10088016372044768,0.42680183248690906,-0.17677448522257366,-1.361208011982727,1.0262519266012786,-1.3003119533998009,-0.08207619152515486,0.879332959265857
2023-12-12,-0.0753597947335578,-0.005106494936330308,0.13614246342909408,-0.04829472176581474,-0.09540124690375842,0.4318319048677407,-0.17677448522257366,-1.361208011982727,1.0262519266012786,-1.3003119533998009,-0.08207619152515486,0.879332959265857
2023-12-13,-0.07730152457745865,-0.004202338257925375,0.1265530926112055,-0.052745392050086756,-0.10074001771517899,0.41438860744863965,-0.17677448522257366,-1.361208011982727,1.0262519266012786,-1.3003119533998009,-0.08207619152515486,0.879332959265857
2023-12-14,-0.076519857703225,-0.004730046554313749,0.11767772685475797,-0.05457888960726345,-0.09717901156708217,0.4175870476157484,-0.17677448522257366,-1.361208011982727,1.0262519266012786,-1.3003119533998009,-0.08207619152515486,0.879332959265857
2023-12-15,-0.07748757250804561,-0.0037486777825456175,0.12350376946137254,-0.06025303085013142,-0.0918692547730828,0.42402342375753843,-0.17677448522257366,-1.361208011982727,1.0262519266012786,-1.3003119533998009,-0.08207619152515486,0.879332959265857
2023-12-16,-0.07748757250804561,-0.0037486777825456175,0.12350376946137254,-0.06025303085013142,-0.0918692547730828,0.4278035191338742,-0.17677448522257366,-1.361208011982727,1.0262519266012786,-1.3003119533998009,-0.08207619152515486,0.879332959265857
2023-12-17,-0.07748757250804561,-0.0037486777825456175,0.12350376946137254,-0.06025303085013142,-0.0918692547730828,0.4271800424984432,-0.17677448522257366,-1.361208011982727,1.0262519266012786,-1.3003119533998009,-0.08207619152515486,0.879332959265857
2023-12-18,-0.07822151486168238,-0.0032838930742590255,0.12361103421027564,-0.07673706951791381,-0.09539422227551045,0.4268585422686209,-0.17677448522257366,-1.361208011982727,1.0262519266012786,-1.3003119533998009,-0.08207619152515486,0.879332959265857
2023-12-19,-0.07775213625219624,-0.003918183017613042,0.1197694180013853,-0.07793977100317764,-0.09673548721109516,0.4323789222736679,-0.17677448522257366,-1.361208011982727,1.0262519266012786,-1.3003119533998009,-0.08207619152515486,0.879332959265857
2023-12-20,-0.07762663995990327,-0.003962791128734433,0.12212830100666094,-0.09203567077742121,-0.09559129056058642,0.4406586794376955,-0.17677448522257366,-1.361208011982727,1.0262519266012786,-1.3003119533998009,-0.08207619152515486,0.879332959265857
2023-12-21,-0.07930991841545731,-0.002734489719106281,0.11661115390877796,-0.08803653935957421,-0.09418702294111178,0.4490627261238297,-0.17677448522257366,-1.361208011982727,1.0262519266012786,-1.3003119533998009,-0.08207619152515486,0.879332959265857
2023-12-22,-0.07966965390882041,-0.0023172260846148207,0.11518739380744547,-0.10223567305611758,-0.09809884085853245,0.45091224032189653,-0.17677448522257366,-1.361208011982727,1.0262519266012786,-1.3003119533998009,-0.08207619152515486,0.879332959265857
2023-12-23,-0.07966965390882041,-0.0023172260846148207,0.11518739380744547,-0.10223567305611758,-0.09809884085853245,0.4531499122356598,-0.17677448522257366,-1.361208011982727,1.0262519266012786,-1.3003119533998009,-0.08207619152515486,0.879332959265857
2023-12-24,-0.07966965390882041,-0.0023172260846148207,0.11518739380744547,-0.10223567305611758,-0.09809884085853245,0.4513293375241716,-0.17677448522257366,-1.361208011982727,1.0262519266012786,-1.3003119533998009,-0.08207619152515486,0.879332959265857
2023-12-25,-0.08172728786210381,-0.0009532720097581437,0.11518739380744547,-0.10339718613435184,-0.09920677274440605,0.44718011474235564,-0.17677448522257366,-1.361208011982727,1.0262519266012786,-1.3003119533998009,-0.08207619152515486,0.879332959265857
2023-12-26,-0.08124342128428041,-0.0011737261811893829,0.11290612967245761,-0.11747271079235197,-0.09994183161996202,0.4482618179335685,-0.17677448522257366,-1.361208011982727,1.0262519266012786,-1.3003119533998009,-0.08207619152515486,0.879332959265857
2023-12-27,-0.08172449647219715,-0.001608071237699682,0.10817548098225604,-0.11188493375188331,-0.0958016634966931,0.4504435816206281,-0.17677448522257366,-1.361208011982727,1.0262519266012786,-1.3003119533998009,-0.08207619152515486,0.879332959265857
2023-12-28,-0.08197449496010945,-0.0023833136326684157,0.11058175511926505,-0.1000430476436066,-0.08878904630957168,0.4482019347709371,-0.17677448522257366,-1.361208011982727,1.0262519266012786,-1.3003119533998009,-0.08207619152515486,0.879332959265857
2023-12-29,-0.08241289077408454,-0.00272514511347699,0.11160912869798267,-0.08831346567066686,-0.09149273936216147,0.44225796933904754,-0.17677448522257366,-1.361208011982727,1.0262519266012786,-1.3003119533998009,-0.08207619152515486,0.879332959265857
2023-12-30,-0.08241289077408454,-0.00272514511347699,0.11160912869798267,-0.08831346567066686,-0.09149273936216147,0.4443347811909778,-0.17677448522257366,-1.361208011982727,1.0262519266012786,-1.3003119533998009,-0.08207619152515486,0.879332959265857
2023-12-31,-0.08241289077408454,-0.00272514511347699,0.11160912869798267,-0.08831346567066686,-0.09149273936216147,0.43901484456723383,-0.1468979046852533,-1.434154027311457,0.7726880229695118,-1.1827231805010587,-0.2709121314672583,0.4609937387152213
2024-01-01,-0.08241289077408454,-0.00272514511347699,0.11160912869798267,-0.08831346567066686,-0.09149273936216147,0.4396365334668197,-0.1468979046852533,-1.434154027311457,0.7726880229695118,-1.1827231805010587,-0.2709121314672583,0.4609937387152213
2024-01-02,-0.08273726225397404,-0.003656269854113492,0.12016507789518405,-0.0028468200050119075,-0.09607283658233018,0.44262287257749977,-0.1468979046852533,-1.434154027311457,0.7726880229695118,-1.1827231805010587,-0.2709121314672583,0.4609937387152213
2024-01-03,-0.08271208629922622,-0.003854829933365389,0.12304179022395123,-0.00816577696343124,-0.09726688189602178,0.4404946666603414,-0.1468979046852533,-1.434154027311457,0.7726880229695118,-1.1827231805010587,-0.2709121314672583,0.4609937387152213
2024-01-04,-0.08312901060631617,-0.003384329723846946,0.12233931007877197,-0.013817439852250021,-0.10196299716062804,0.444852065867803,-0.1468979046852533,-1.434154027311457,0.7726880229695118,-1.1827231805010587,-0.2709121314672583,0.4609937387152213
2024-01-05,-0.08520370357994211,-0.002251177320570674,0.1222416748051004,-0.033622973007333926,-0.10387831697111105,0.4329390962981283,-0.1468979046852533,-1.434154027311457,0.7726880229695118,-1.1827231805010587,-0.2709121314672583,0.4609937387152213
2024-01-06,-0.08520370357994211,-0.002251177320570674,0.1222416748051004,-0.033622973007333926,-0.10387831697111105,0.43398604316754935,-0.1468979046852533,-1.434154027311457,0.7726880229695118,-1.1827231805010587,-0.2709121314672583,0.4609937387152213
2024-01-07,-0.08520370357994211,-0.002251177320570674,0.1222416748051004,-0.033622973007333926,-0.10387831697111105,0.4329421249494537,-0.1468979046852533,-1.434154027311457,0.7726880229695118,-1.1827231805010587,-0.2709121314672583,0.4609937387152213
2024-01-08,-0.08541466111619911,-0.0024697221468434893,0.12025948521794261,-0.05730267020063887,-0.10888930241124982,0.4280102262549566,-0.1468979046852533,-1.434154027311457,0.7726880229695118,-1.1827231805010587,-0.2709121314672583,0.4609937387152213
2024-01-09,-0.08722148284747389,-0.001474329013398945,0.12379146381082573,-0.053880483203386176,-0.11034624929280841,0.4214418777403679,-0.1468979046852533,-1.434154027311457,0.7726880229695118,-1.1827231805010587,-0.2709121314672583,0.4609937387152213
2024-01-10,-0.08651168706414203,-0.0023876714650659103,0.12176358041412105,-0.058561633297207025,-0.11315980780183446,0.41995049228884007,-0.1468979046852533,-1.434154027311457,0.7726880229695118,-1.1827231805010587,-0.2709121314672583,0.4609937387152213
2024-01-11,-0.08649964808191757,-0.002361883378775076,0.12106996364227218,-0.03882931910823627,-0.10968679484451639,0.4212703670990993,-0.1468979046852533,-1.434154027311457,0.7726880229695118,-1.1827231805010587,-0.2709121314672583,0.4609937387152213
2024-01-12,-0.08518938974231383,-0.00342367998656945,0.12217465515961001,-0.0445822879513661,-0.11122374927033374,0.41662844860263515,-0.1468979046852533,-1.434154027311457,0.7726880229695118,-1.1827231805010587,-0.2709121314672583,0.4609937387152213
2024-01-13,-0.08518938974231383,-0.00342367998656945,0.12217465515961001,-0.0445822879513661,-0.11122374927033374,0.42215088544272467,-0.1468979046852533,-1.434154027311457,0.7726880229695118,-1.1827231805010587,-0.2709121314672583,0.4609937387152213
2024-01-14,-0.08518938974231383,-0.00342367998656945,0.12217465515961001,-0.0445822879513661,-0.11122374927033374,0.4208917124967268,-0.1468979046852533,-1.434154027311457,0.7726880229695118,-1.1827231805010587,-0.2709121314672583,0.4609937387152213
2024-01-15,-0.08471221573754817,-0.0033660961680181956,0.12217465515961001,-0.04809105823828961,-0.1127562377529434,0.4218314677419725,-0.1468979046852533,-1.434154027311457,0.7726880229695118,-1.1827231805010587,-0.2709121314672583,0.4609937387152213
2024-01-16,-0.08442074937025434,-0.003586142041084206,0.13148093225816082,-0.05370622118768764,-0.11436782051150701,0.42029256353735955,-0.1468979046852533,-1.434154027311457,0.7726880229695118,-1.1827231805010587,-0.2709121314672583,0.4609937387152213
2024-01-17,-0.0854823984047669,-0.0030338693201034106,0.132380726176328,-0.077839604302678,-0.12254708415463945,0.41940223113844793,-0.1468979046852533,-1.434154027311457,0.7726880229695118,-1.1827231805010587,-0.2709121314672583,0.4609937387152213
2024-01-18,-0.08560090383040742,-0.002943146913723438,0.13321204565433675,-0.08531635179745033,-0.12101272690842133,0.4264512908514103,-0.1468979046852533,-1.434154027311457,0.7726880229695118,-1.1827231805010587,-0.2709121314672583,0.4609937387152213
2024-01-19,-0.08660004727828563,-0.0021890582365272637,0.13081674353719874,-0.09764176351378177,-0.12077345878965717,0.42824014312026115,-0.1468979046852533,-1.434154027311457,0.7726880229695118,-1.1827231805010587,-0.2709121314672583,0.4609937387152213
2024-01-20,-0.08660004727828563,-0.0021890582365272637,0.13081674353719874,-0.09764176351378177,-0.12077345878965717,0.4288611865738307,-0.1468979046852533,-1.434154027311457,0.7726880229695118,-1.1827231805010587,-0.2709121314672583,0.4609937387152213
2024-01-21,-0.08660004727828563,-0.0021890582365272637,0.13081674353719874,-0.09764176351378177,-0.12077345878965717,0.42432379920573143,-0.1468979046852533,-1.434154027311457,0.7726880229695118,-1.1827231805010587,-0.2709121314672583,0.4609937387152213
2024-01-22,-0.08726815314798697,-0.0011341933070704302,0.1312330552094163,-0.15620655166769842,-0.12734679819887582,0.4247431570762735,-0.1468979046852533,-1.434154027311457,0.7726880229695118,-1.1827231805010587,-0.2709121314672583,0.4609937387152213
2024-01-23,-0.08675287215944949,-0.0018307403925256205,0.1340008596437099,-0.1381265060449741,-0.11945415403600462,0.430820712264471,-0.1468979046852533,-1.434154027311457,0.7726880229695118,-1.1827231805010587,-0.2709121314672583,0.4609937387152213
2024-01-24,-0.08675688419555772,-0.0015593027250931923,0.13032385683529046,-0.13053960147012456,-0.10785357983968788,0.43791968122426894,-0.1468979046852533,-1.434154027311457,0.7726880229695118,-1.1827231805010587,-0.2709121314672583,0.4609937387152213
2024-01-25,-0.08722027250693865,-0.0010721599147219818,0.13359790852268638,-0.10530175560238161,-0.09751691011936801,0.4391666198219344,-0.1468979046852533,-1.434154027311457,0.7726880229695118,-1.1827231805010587,-0.2709121314672583,0.4609937387152213
2024-01-26,-0.08704883809213149,-0.0013318891281103307,0.13223656301126463,-0.11588993670860455,-0.09695517229144385,0.4511300918048527,-0.1468979046852533,-1.434154027311457,0.7726880229695118,-1.1827231805010587,-0.2709121314672583,0.4609937387152213
2024-01-27,-0.08704883809213149,-0.0013318891281103307,0.13223656301126463,-0.11588993670860455,-0.09695517229144385,0.4529069410265438,-0.1468979046852533,-1.434154027311457,0.7726880229695118,-1.1827231805010587,-0.2709121314672583,0.4609937387152213
2024-01-28,-0.08704883809213149,-0.0013318891281103307,0.13223656301126463,-0.11588993670860455,-0.09695517229144385,0.4552646883232342,-0.1468979046852533,-1.434154027311457,0.7726880229695118,-1.1827231805010587,-0.2709121314672583,0.4609937387152213
2024-01-29,-0.08740279554704689,-0.0008765196804932929,0.1339381476119238,-0.1411113948484445,-0.0989036838406913,0.45802606118464034,-0.1468979046852533,-1.434154027311457,0.7726880229695118,-1.1827231805010587,-0.2709121314672583,0.4609937387152213
2024-01-30,-0.09025650747750724,0.0015243056055386228,0.13189199332030832,-0.16646272792279054,-0.10533796360522067,0.4606727054211627,-0.1468979046852533,-1.434154027311457,0.7726880229695118,-1.1827231805010587,-0.2709121314672583,0.4609937387152213
2024-01-31,-0.09305012463701323,0.0029487896519569956,0.13070240368037678,-0.20207518862456303,-0.1097575884374544,0.4579912265249951,-0.12274799353917193,-1.4009627789667456,0.46894782859713063,-0.43603447259404693,-0.4758334753440925,0.8362231412516281
2024-02-01,-0.09239228891653373,0.0018088037336934093,0.1285140503678296,-0.20687157862315805,-0.1143269264370903,0.45948113036440197,-0.12274799353917193,-1.4009627789667456,0.46894782859713063,-0.43603447259404693,-0.4758334753440925,0.8362231412516281
2024-02-02,-0.09249003185261173,0.0011342294362803873,0.13699553472463422,-0.23977165126966943,-0.11685004411129356,0.4545716932349029,-0.12274799353917193,-1.4009627789667456,0.46894782859713063,-0.43603447259404693,-0.4758334753440925,0.8362231412516281
2024-02-03,-0.09249003185261173,0.0011342294362803873,0.13699553472463422,-0.23977165126966943,-0.11685004411129356,0.46025111739183955,-0.12274799353917193,-1.4009627789667456,0.46894782859713063,-0.43603447259404693,-0.4758334753440925,0.8362231412516281
2024-02-04,-0.09249003185261173,0.0011342294362803873,0.13699553472463422,-0.23977165126966943,-0.11685004411129356,0.46130052320104364,-0.12274799353917193,-1.4009627789667456,0.46894782859713063,-0.43603447259404693,-0.4758334753440925,0.8362231412516281
2024-02-05,-0.0945883077559474,0.0024475912401893396,0.1420955135549108,-0.29321930565961174,-0.12517727072425755,0.46345753281278534,-0.12274799353917193,-1.4009627789667456,0.46894782859713063,-0.43603447259404693,-0.4758334753440925,0.8362231412516281
2024-02-06,-0.09145644093641936,-0.0003432839332339066,0.13980738120703806,-0.22937306828814535,-0.11885658413953736,0.4713398363441891,-0.12274799353917193,-1.4009627789667456,0.46894782859713063,-0.43603447259404693,-0.4758334753440925,0.8362231412516281
2024-02-07,-0.09304376629319333,0.0008151098698390147,0.13831044704335416,-0.17683493279683393,-0.11904489072977603,0.47537681237439805,-0.12274799353917193,-1.4009627789667456,0.46894782859713063,-0.43603447259404693,-0.4758334753440925,0.8362231412516281
2024-02-08,-0.09192642558401587,-0.00010785500239574031,0.13934833973678173,-0.1521298195383097,-0.11789147677469859,0.47950637550708053,-0.12274799353917193,-1.4009627789667456,0.46894782859713063,-0.43603447259404693,-0.4758334753440925,0.8362231412516281
2024-02-09,-0.09192642558401587,-0.00010785500239574031,0.13934833973678173,-0.1521298195383097,-0.11558290490927975,0.4793414469917699,-0.12274799353917193,-1.4009627789667456,0.46894782859713063,-0.43603447259404693,-0.4758334753440925,0.8362231412516281
2024-02-10,-0.09192642558401587,-0.00010785500239574031,0.13934833973678173,-0.1521298195383097,-0.11558290490927975,0.478186655960621,-0.12274799353917193,-1.4009627789667456,0.46894782859713063,-0.43603447259404693,-0.4758334753440925,0.8362231412516281
2024-02-11,-0.09192642558401587,-0.00010785500239574031,0.13934833973678173,-0.1521298195383097,-0.11558290490927975,0.48396269191217606,-0.12274799353917193,-1.4009627789667456,0.46894782859713063,-0.43603447259404693,-0.4758334753440925,0.8362231412516281
2024-02-12,-0.09192642558401587,-0.00010785500239574031,0.13934833973678173,-0.1521298195383097,-0.11483087187726712,0.4891355144317695,-0.12274799353917193,-1.4009627789667456,0.46894782859713063,-0.43603447259404693,-0.4758334753440925,0.8362231412516281
2024-02-13,-0.09192642558401587,-0.00010785500239574031,0.13934833973678173,-0.1521298195383097,-0.11403398037862825,0.48294735630234903,-0.12274799353917193,-1.4009627789667456,0.46894782859713063,-0.43603447259404693,-0.4758334753440925,0.8362231412516281
2024-02-14,-0.09192642558401587,-0.00010785500239574031,0.13934833973678173,-0.1521298195383097,-0.11187276002543874,0.48278609828360364,-0.12274799353917193,-1.4009627789667456,0.46894782859713063,-0.43603447259404693,-0.4758334753440925,0.8362231412516281
2024-02-15,-0.09192642558401587,-0.00010785500239574031,0.13934833973678173,-0.1521298195383097,-0.11093086290459267,0.4843985971820075,-0.12274799353917193,-1.4009627789667456,0.46894782859713063,-0.43603447259404693,-0.4758334753440925,0.8362231412516281
2024-02-16,-0.09192642558401587,-0.00010785500239574031,0.13934833973678173,-0.1521298195383097,-0.11111291795510089,0.48311697508232304,-0.12274799353917193,-1.4009627789667456,0.46894782859713063,-0.43603447259404693,-0.4758334753440925,0.8362231412516281
2024-02-17,-0.09192642558401587,-0.00010785500239574031,0.13934833973678173,-0.1521298195383097,-0.11111291795510089,0.48134656843666673,-0.12274799353917193,-1.4009627789667456,0.46894782859713063,-0.43603447259404693,-0.4758334753440925,0.8362231412516281
2024-02-18,-0.09192642558401587,-0.00010785500239574031,0.13934833973678173,-0.1521298195383097,-0.11111291795510089,0.47018941838541717,-0.12274799353917193,-1.4009627789667456,0.46894782859713063,-0.43603447259404693,-0.4758334753440925,0.8362231412516281
2024-02-19,-0.09227267975253695,0.00017994189037617847,0.14055795909069124,-0.1551207551504717,-0.10732845024535527,0.4708513132335464,-0.12274799353917193,-1.4009627789667456,0.46894782859713063,-0.43603447259404693,-0.4758334753440925,0.8362231412516281
2024-02-20,-0.09327417501289081,0.0007525235433535338,0.1385251854093572,-0.15280688684194912,-0.10767013378981752,0.45372563595085225,-0.12274799353917193,-1.4009627789667456,0.46894782859713063,-0.43603447259404693,-0.4758334753440925,0.8362231412516281
2024-02-21,-0.09397272658961431,0.0007772133247073709,0.1378237951192891,-0.1537774872718558,-0.10048977258798951,0.4501612662211519,-0.12274799353917193,-1.4009627789667456,0.46894782859713063,-0.43603447259404693,-0.4758334753440925,0.8362231412516281
2024-02-22,-0.09491376856705724,0.0014009771390998127,0.1373526684535198,-0.14550023870471815,-0.097526375648852,0.4524306162391307,-0.12274799353917193,-1.4009627789667456,0.46894782859713063,-0.43603447259404693,-0.4758334753440925,0.8362231412516281
2024-02-23,-0.09542712427182198,0.0015486528100928654,0.13715066185463765,-0.1329316839345493,-0.0970832238148244,0.45088431541208257,-0.12274799353917193,-1.4009627789667456,0.46894782859713063,-0.43603447259404693,-0.4758334753440925,0.8362231412516281
2024-02-24,-0.09542712427182198,0.0015486528100928654,0.13715066185463765,-0.1329316839345493,-0.0970832238148244,0.4502007172164853,-0.12274799353917193,-1.4009627789667456,0.46894782859713063,-0.43603447259404693,-0.4758334753440925,0.8362231412516281
2024-02-25,-0.09542712427182198,0.0015486528100928654,0.13715066185463765,-0.1329316839345493,-0.0970832238148244,0.4486591674211232,-0.12274799353917193,-1.4009627789667456,0.46894782859713063,-0.43603447259404693,-0.4758334753440925,0.8362231412516281
2024-02-26,-0.09646026943816433,0.0019111249770630279,0.1361019395639972,-0.12106569822641473,-0.09952533743426498,0.43456400180678867,-0.12274799353917193,-1.4009627789667456,0.46894782859713063,-0.43603447259404693,-0.4758334753440925,0.8362231412516281
2024-02-27,-0.09703839254461266,0.002724834625372652,0.1361212023761752,-0.09754326187654516,-0.09506642128997132,0.44108519946466734,-0.12274799353917193,-1.4009627789667456,0.46894782859713063,-0.43603447259404693,-0.4758334753440925,0.8362231412516281
2024-02-28,-0.09838656704882587,0.0032339372530568733,0.13752736057860415,-0.13431316063330317,-0.09992409069133508,0.4401148448352617,-0.12274799353917193,-1.4009627789667456,0.46894782859713063,-0.43603447259404693,-0.4758334753440925,0.8362231412516281
2024-02-29,-0.0997359007099915,0.0048438986488802405,0.13926816365626726,-0.10067599077077927,-0.09755134949953705,0.4372171266988939,-0.13890023164322096,-1.2068344044660597,0.35086613536736994,-0.5662220425890814,-0.6358497332364689,1.00672923761284
2024-03-01,-0.0961874104520033,0.0016446990179160847,0.1364358736297685,-0.09271094156543487,-0.09965484742645482,0.4298779664421869,-0.13890023164322096,-1.2068344044660597,0.35086613536736994,-0.5662220425890814,-0.6358497332364689,1.00672923761284
2024-03-02,-0.0961874104520033,0.0016446990179160847,0.1364358736297685,-0.09271094156543487,-0.09965484742645482,0.42934285162683933,-0.13890023164322096,-1.2068344044660597,0.35086613536736994,-0.5662220425890814,-0.6358497332364689,1.00672923761284
2024-03-03,-0.0961874104520033,0.0016446990179160847,0.1364358736297685,-0.09271094156543487,-0.09965484742645482,0.4309505222099534,-0.13890023164322096,-1.2068344044660597,0.35086613536736994,-0.5662220425890814,-0.6358497332364689,1.00672923761284
2024-03-04,-0.09827500185243832,0.0035257126739348665,0.13615665428853352,-0.08917658188520804,-0.1002246670726025,0.4320262187584789,-0.13890023164322096,-1.2068344044660597,0.35086613536736994,-0.5662220425890814,-0.6358497332364689,1.00672923761284
2024-03-05,-0.09974348450629678,0.0036920522587357008,0.13582920225062622,-0.10524247058673156,-0.1033626426139515,0.42637351693755987,-0.13890023164322096,-1.2068344044660597,0.35086613536736994,-0.5662220425890814,-0.6358497332364689,1.00672923761284
2024-03-06,-0.10301376534649065,0.005848160572432204,0.13169617463930416,-0.10070214979098845,-0.10046166305677101,0.42441579550180647,-0.13890023164322096,-1.2068344044660597,0.35086613536736994,-0.5662220425890814,-0.6358497332364689,1.00672923761284
2024-03-07,-0.10403319872706196,0.006208593059190526,0.12641412682999953,-0.11638314597405686,-0.09701339413000644,0.42684634401629834,-0.13890023164322096,-1.2068344044660597,0.35086613536736994,-0.5662220425890814,-0.6358497332364689,1.00672923761284
2024-03-08,-0.10304536524699948,0.005173293234542187,0.12533460182100353,-0.10391602861056165,-0.10126561424286548,0.4236266606683737,-0.13890023164322096,-1.2068344044660597,0.35086613536736994,-0.5662220425890814,-0.6358497332364689,1.00672923761284
2024-03-09,-0.10304536524699948,0.005173293234542187,0.12533460182100353,-0.10391602861056165,-0.10126561424286548,0.42131585997721,-0.13890023164322096,-1.2068344044660597,0.35086613536736994,-0.5662220425890814,-0.6358497332364689,1.00672923761284
2024-03-10,-0.10304536524699948,0.005173293234542187,0.12533460182100353,-0.10391602861056165,-0.10126561424286548,0.42292562006194484,-0.13890023164322096,-1.2068344044660597,0.35086613536736994,-0.5662220425890814,-0.6358497332364689,1.00672923761284
2024-03-11,-0.10274635376120844,0.004100788983524062,0.12686314765790674,-0.08576653232279281,-0.09896017219672971,0.40775690651839125,-0.13890023164322096,-1.2068344044660597,0.35086613536736994,-0.5662220425890814,-0.6358497332364689,1.00672923761284
2024-03-12,-0.09807425918608959,0.0007750937573376415,0.1277186045982872,-0.08157846004206139,-0.08989450508712615,0.4129191836906872,-0.13890023164322096,-1.2068344044660597,0.35086613536736994,-0.5662220425890814,-0.6358497332364689,1.00672923761284
2024-03-13,-0.09904420572001837,0.0018000765745427305,0.1260868554214465,-0.07586015080527223,-0.08805818767602469,0.40685842438095926,-0.13890023164322096,-1.2068344044660597,0.35086613536736994,-0.5662220425890814,-0.6358497332364689,1.00672923761284
2024-03-14,-0.09821093926597824,0.0014714948930460992,0.13164192454362889,-0.08089350559665026,-0.08397490351422128,0.40527465434578464,-0.13890023164322096,-1.2068344044660597,0.35086613536736994,-0.5662220425890814,-0.6358497332364689,1.00672923761284
2024-03-15,-0.09937213874239736,0.002677666240684773,0.13233851897087345,-0.06757558472326872,-0.07872916324926614,0.40952248476336695,-0.13890023164322096,-1.2068344044660597,0.35086613536736994,-0.5662220425890814,-0.6358497332364689,1.00672923761284
2024-03-16,-0.09937213874239736,0.002677666240684773,0.13233851897087345,-0.06757558472326872,-0.07872916324926614,0.40952248476336695,-0.13890023164322096,-1.2068344044660597,0.35086613536736994,-0.5662220425890814,-0.6358497332364689,1.00672923761284
2024-03-17,-0.09937213874239736,0.002677666240684773,0.13233851897087345,-0.06757558472326872,-0.07872916324926614,0.4100574262665252,-0.13890023164322096,-1.2068344044660597,0.35086613536736994,-0.5662220425890814,-0.6358497332364689,1.00672923761284
2024-03-18,-0.10021800908255796,0.0036084859825916693,0.13390476539364382,-0.052414307365496085,-0.07895082507063236,0.40875701737060094,-0.13890023164322096,-1.2068344044660597,0.35086613536736994,-0.5662220425890814,-0.6358497332364689,1.00672923761284
2024-03-19,-0.10306026487568287,0.005356176800262902,0.13626976722772688,-0.05958069583155501,-0.08565226456849462,0.42042130133970956,-0.13890023164322096,-1.2068344044660597,0.35086613536736994,-0.5662220425890814,-0.6358497332364689,1.00672923761284
2024-03-20,-0.10129283706045467,0.004370167897261634,0.13217689268155441,-0.05406994987572232,-0.08759273095192781,0.42037091092751266,-0.13890023164322096,-1.2068344044660597,0.35086613536736994,-0.5662220425890814,-0.6358497332364689,1.00672923761284
2024-03-21,-0.10180690167046746,0.004098056978477982,0.13788211634566172,-0.058658031696637934,-0.08125665315329267,0.42503915325706215,-0.13890023164322096,-1.2068344044660597,0.35086613536736994,-0.5662220425890814,-0.6358497332364689,1.00672923761284
2024-03-22,-0.10027241676533283,0.0031702455933375617,0.14239155829020234,-0.07259728407180632,-0.08990035908174139,0.4245912491055769,-0.13890023164322096,-1.2068344044660597,0.35086613536736994,-0.5662220425890814,-0.6358497332364689,1.00672923761284
2024-03-23,-0.10027241676533283,0.0031702455933375617,0.14239155829020234,-0.07259728407180632,-0.08990035908174139,0.426369390563894,-0.13890023164322096,-1.2068344044660597,0.35086613536736994,-0.5662220425890814,-0.6358497332364689,1.00672923761284
2024-03-24,-0.10027241676533283,0.0031702455933375617,0.14239155829020234,-0.07259728407180632,-0.08990035908174139,0.42619236475822303,-0.13890023164322096,-1.2068344044660597,0.35086613536736994,-0.5662220425890814,-0.6358497332364689,1.00672923761284
2024-03-25,-0.09952824029259077,0.00262505743000907,0.14011345772833472,-0.09589756592844172,-0.08931062951374272,0.4195038650856324,-0.13890023164322096,-1.2068344044660597,0.35086613536736994,-0.5662220425890814,-0.6358497332364689,1.00672923761284
2024-03-26,-0.09942920695697965,0.0026479170170434774,0.1406698927069887,-0.10177020023922913,-0.08669750501784303,0.41719735414588016,-0.13890023164322096,-1.2068344044660597,0.35086613536736994,-0.5662220425890814,-0.6358497332364689,1.00672923761284
2024-03-27,-0.10080788752402159,0.003464954907215656,0.14066030433576526,-0.13286218945205042,-0.09239408263793429,0.4103170517991537,-0.13890023164322096,-1.2068344044660597,0.35086613536736994,-0.5662220425890814,-0.6358497332364689,1.00672923761284
2024-03-28,-0.10009476961625607,0.0037508594385666783,0.1430957739786909,-0.11370138631934226,-0.08893769306585504,0.41124519539511084,-0.13890023164322096,-1.2068344044660597,0.35086613536736994,-0.5662220425890814,-0.6358497332364689,1.00672923761284
2024-03-29,-0.101857556502151,0.00496728296822635,0.14253142909701189,-0.10457438586122075,-0.08989448489012326,0.4076729858309988,-0.13890023164322096,-1.2068344044660597,0.35086613536736994,-0.5662220425890814,-0.6358497332364689,1.00672923761284
2024-03-30,-0.101857556502151,0.00496728296822635,0.14253142909701189,-0.10457438586122075,-0.08989448489012326,0.40872935852210757,-0.13890023164322096,-1.2068344044660597,0.35086613536736994,-0.5662220425890814,-0.6358497332364689,1.00672923761284
2024-03-31,-0.101857556502151,0.00496728296822635,0.14253142909701189,-0.10457438586122075,-0.08989448489012326,0.40785140137763387,-0.216155881701611,-1.050072994581307,0.35789322918913324,-0.38227960498319385,-0.7152714151642036,1.0707173531406846
2024-04-01,-0.09966906569134237,0.003071456207523471,0.14762297158555127,-0.02132998620717476,-0.08563306519600666,0.41367638886567265,-0.216155881701611,-1.050072994581307,0.35789322918913324,-0.38227960498319385,-0.7152714151642036,1.0707173531406846
2024-04-02,-0.10021169474893044,0.00368618068511839,0.14568998803019462,-0.027356375965054407,-0.08270086808094443,0.41399367600061643,-0.216155881701611,-1.050072994581307,0.35789322918913324,-0.38227960498319385,-0.7152714151642036,1.0707173531406846
2024-04-03,-0.10160216984606585,0.0043978029004051455,0.14028050856141117,-0.03057507470459913,-0.08147900333398497,0.4122122393848763,-0.216155881701611,-1.050072994581307,0.35789322918913324,-0.38227960498319385,-0.7152714151642036,1.0707173531406846
2024-04-04,-0.10160216984606585,0.0043978029004051455,0.14028050856141117,-0.03057507470459913,-0.07993371393632837,0.4122122393848763,-0.216155881701611,-1.050072994581307,0.35789322918913324,-0.38227960498319385,-0.7152714151642036,1.0707173531406846
2024-04-05,-0.10160216984606585,0.0043978029004051455,0.14028050856141117,-0.03057507470459913,-0.07973176166651356,0.415231408689071,-0.216155881701611,-1.050072994581307,0.35789322918913324,-0.38227960498319385,-0.7152714151642036,1.0707173531406846
2024-04-06,-0.10160216984606585,0.0043978029004051455,0.14028050856141117,-0.03057507470459913,-0.07973176166651356,0.412575300081537,-0.216155881701611,-1.050072994581307,0.35789322918913324,-0.38227960498319385,-0.7152714151642036,1.0707173531406846
2024-04-07,-0.10160216984606585,0.0043978029004051455,0.14028050856141117,-0.03057507470459913,-0.07973176166651356,0.4134671378043099,-0.216155881701611,-1.050072994581307,0.35789322918913324,-0.38227960498319385,-0.7152714151642036,1.0707173531406846
2024-04-08,-0.1018452886451775,0.0042312383643493545,0.13923493498276773,-0.04900127821618924,-0.07355970436645157,0.4298281860089531,-0.216155881701611,-1.050072994581307,0.35789322918913324,-0.38227960498319385,-0.7152714151642036,1.0707173531406846
2024-04-09,-0.10244503353129009,0.0045021121893561444,0.13931175464860224,-0.03239849424728977,-0.068570893507341,0.43384246676336397,-0.216155881701611,-1.050072994581307,0.35789322918913324,-0.38227960498319385,-0.7152714151642036,1.0707173531406846
2024-04-10,-0.1013914186546826,0.003516960822334325,0.14984484217788752,-0.05077202917882705,-0.06554092120132304,0.4283238497084563,-0.216155881701611,-1.050072994581307,0.35789322918913324,-0.38227960498319385,-0.7152714151642036,1.0707173531406846
2024-04-11,-0.10120063876031338,0.002407233836993039,0.15019640282209856,-0.045139295430259845,-0.07008459854003388,0.43868523099066414,-0.216155881701611,-1.050072994581307,0.35789322918913324,-0.38227960498319385,-0.7152714151642036,1.0707173531406846
2024-04-12,-0.10284680009005587,0.0030926145876192246,0.15713965997906754,-0.05032285645493298,-0.06987343476998452,0.43703879166145504,-0.216155881701611,-1.050072994581307,0.35789322918913324,-0.38227960498319385,-0.7152714151642036,1.0707173531406846
2024-04-13,-0.10284680009005587,0.0030926145876192246,0.15713965997906754,-0.05032285645493298,-0.06987343476998452,0.4394276952000957,-0.216155881701611,-1.050072994581307,0.35789322918913324,-0.38227960498319385,-0.7152714151642036,1.0707173531406846
2024-04-14,-0.10284680009005587,0.0030926145876192246,0.15713965997906754,-0.05032285645493298,-0.06987343476998452,0.437777951882515,-0.216155881701611,-1.050072994581307,0.35789322918913324,-0.38227960498319385,-0.7152714151642036,1.0707173531406846
2024-04-15,-0.1029988074258904,0.0023764636369371095,0.1589790570341456,-0.06066587890442165,-0.07125027930229576,0.43955711930101204,-0.216155881701611,-1.050072994581307,0.35789322918913324,-0.38227960498319385,-0.7152714151642036,1.0707173531406846
2024-04-16,-0.10346660305249478,0.0024203417408869,0.1589790570341456,-0.10280591340620587,-0.07900430330625643,0.43839445713714015,-0.216155881701611,-1.050072994581307,0.35789322918913324,-0.38227960498319385,-0.7152714151642036,1.0707173531406846
2024-04-17,-0.10370631019547172,0.0027260970759493963,0.15655927697991234,-0.06621439550584947,-0.07417929611488033,0.44451145412695864,-0.216155881701611,-1.050072994581307,0.35789322918913324,-0.38227960498319385,-0.7152714151642036,1.0707173531406846
2024-04-18,-0.10562153534784169,0.004049649119381438,0.15655927697991234,-0.06639746482985967,-0.0655942377622341,0.43966054083038686,-0.216155881701611,-1.050072994581307,0.35789322918913324,-0.38227960498319385,-0.7152714151642036,1.0707173531406846
2024-04-19,-0.10511952830399385,0.0035408404705722374,0.15813547729892774,-0.07031715520308462,-0.06255958108505061,0.43715896366652035,-0.216155881701611,-1.050072994581307,0.35789322918913324,-0.38227960498319385,-0.7152714151642036,1.0707173531406846
2024-04-20,-0.10511952830399385,0.0035408404705722374,0.15813547729892774,-0.07031715520308462,-0.06255958108505061,0.4358562458083206,-0.216155881701611,-1.050072994581307,0.35789322918913324,-0.38227960498319385,-0.7152714151642036,1.0707173531406846
2024-04-21,-0.10511952830399385,0.0035408404705722374,0.15813547729892774,-0.07031715520308462,-0.06255958108505061,0.43753639672333505,-0.216155881701611,-1.050072994581307,0.35789322918913324,-0.38227960498319385,-0.7152714151642036,1.0707173531406846
2024-04-22,-0.10589162869280155,0.003928085022001926,0.15774911494758304,-0.07333368020855009,-0.0619191588341938,0.4346251213703364,-0.216155881701611,-1.050072994581307,0.35789322918913324,-0.38227960498319385,-0.7152714151642036,1.0707173531406846
2024-04-23,-0.10811167285751,0.0047383941740287705,0.1539594150126301,-0.0794294768140199,-0.06937133508737946,0.43126250519435094,-0.216155881701611,-1.050072994581307,0.35789322918913324,-0.38227960498319385,-0.7152714151642036,1.0707173531406846
2024-04-24,-0.10467803042762625,0.0020758150364212913,0.1556816766639194,-0.0667433598139996,-0.06223261597098716,0.4426932229042178,-0.216155881701611,-1.050072994581307,0.35789322918913324,-0.38227960498319385,-0.7152714151642036,1.0707173531406846
2024-04-25,-0.1040060794544303,0.0023561487959358196,0.15323497970481414,-0.06566163832002159,-0.05675621659594189,0.4367273285814667,-0.216155881701611,-1.050072994581307,0.35789322918913324,-0.38227960498319385,-0.7152714151642036,1.0707173531406846
2024-04-26,-0.10176900915876042,0.0004800545473231388,0.15645473765477524,-0.05015665685082327,-0.0479726042165903,0.4367975631491236,-0.216155881701611,-1.050072994581307,0.35789322918913324,-0.38227960498319385,-0.7152714151642036,1.0707173531406846
2024-04-27,-0.10176900915876042,0.0004800545473231388,0.15645473765477524,-0.05015665685082327,-0.0479726042165903,0.44092224373807193,-0.216155881701611,-1.050072994581307,0.35789322918913324,-0.38227960498319385,-0.7152714151642036,1.0707173531406846
2024-04-28,-0.10176900915876042,0.0004800545473231388,0.15645473765477524,-0.05015665685082327,-0.0479726042165903,0.43776843724324566,-0.216155881701611,-1.050072994581307,0.35789322918913324,-0.38227960498319385,-0.7152714151642036,1.0707173531406846
2024-04-29,-0.09756942101484012,-0.0008992766847168987,0.15306596308851939,-0.025577956947916314,-0.04021311689691427,0.4319263655669749,-0.216155881701611,-1.050072994581307,0.35789322918913324,-0.38227960498319385,-0.7152714151642036,1.0707173531406846
2024-04-30,-0.10084006047645477,0.00233145911820265,0.15914671778405554,-0.03329863621070318,-0.04189270921851938,0.42836951539422047,-0.20988897667298764,-1.037419890830877,0.19921774033761025,-0.45031310930318114,-0.693991766208882,1.405930018775992
2024-05-01,-0.10084006047645477,0.00233145911820265,0.15914671778405554,-0.03329863621070318,-0.04493070768819049,0.42799284925125797,-0.20988897667298764,-1.037419890830877,0.19921774033761025,-0.45031310930318114,-0.693991766208882,1.405930018775992
2024-05-02,-0.10084006047645477,0.00233145911820265,0.15914671778405554,-0.03329863621070318,-0.04522831561643009,0.4296875207962028,-0.20988897667298764,-1.037419890830877,0.19921774033761025,-0.45031310930318114,-0.693991766208882,1.405930018775992
2024-05-03,-0.10084006047645477,0.00233145911820265,0.15914671778405554,-0.03329863621070318,-0.04142585307269045,0.4319336702056642,-0.20988897667298764,-1.037419890830877,0.19921774033761025,-0.45031310930318114,-0.693991766208882,1.405930018775992
2024-05-04,-0.10084006047645477,0.00233145911820265,0.15914671778405554,-0.03329863621070318,-0.04142585307269045,0.43211995511391466,-0.20988897667298764,-1.037419890830877,0.19921774033761025,-0.45031310930318114,-0.693991766208882,1.405930018775992
2024-05-05,-0.10084006047645477,0.00233145911820265,0.15914671778405554,-0.03329863621070318,-0.04142585307269045,0.4319335515943588,-0.20988897667298764,-1.037419890830877,0.19921774033761025,-0.45031310930318114,-0.693991766208882,1.405930018775992
2024-05-06,-0.10084599490106272,0.0015780581591529064,0.1481319466935932,-0.00923549247493452,-0.03791940417302902,0.4319666230420477,-0.20988897667298764,-1.037419890830877,0.19921774033761025,-0.45031310930318114,-0.693991766208882,1.405930018775992
2024-05-07,-0.10273708698696105,0.0022675995909702262,0.15156837281043167,-0.008245130373144503,-0.03966308426759298,0.4289360900373456,-0.20988897667298764,-1.037419890830877,0.19921774033761025,-0.45031310930318114,-0.693991766208882,1.405930018775992
2024-05-08,-0.10285258915484774,0.0013151714168081474,0.15283957533006898,-0.024423761384548007,-0.04663092118739183,0.4244501670308473,-0.20988897667298764,-1.037419890830877,0.19921774033761025,-0.45031310930318114,-0.693991766208882,1.405930018775992
2024-05-09,-0.10065928849399497,-0.00026798212676593103,0.14981719646208724,-0.0033924787632452318,-0.04297848394249327,0.42436125336753894,-0.20988897667298764,-1.037419890830877,0.19921774033761025,-0.45031310930318114,-0.693991766208882,1.405930018775992
2024-05-10,-0.1009145159580529,-0.0003166756792605252,0.15052043802556436,-0.013710262359064607,-0.033903562905282444,0.42506919106492164,-0.20988897667298764,-1.037419890830877,0.19921774033761025,-0.45031310930318114,-0.693991766208882,1.405930018775992
2024-05-11,-0.1009145159580529,-0.0003166756792605252,0.15052043802556436,-0.013710262359064607,-0.033903562905282444,0.4241270967923758,-0.20988897667298764,-1.037419890830877,0.19921774033761025,-0.45031310930318114,-0.693991766208882,1.405930018775992
2024-05-12,-0.1009145159580529,-0.0003166756792605252,0.15052043802556436,-0.013710262359064607,-0.033903562905282444,0.42563806874280496,-0.20988897667298764,-1.037419890830877,0.19921774033761025,-0.45031310930318114,-0.693991766208882,1.405930018775992
2024-05-13,-0.10247219303132105,0.0011388888612007264,0.14973222138944509,-0.02283336306375447,-0.030644925720379093,0.4224575095855884,-0.20988897667298764,-1.037419890830877,0.19921774033761025,-0.45031310930318114,-0.693991766208882,1.405930018775992
2024-05-14,-0.10245046884163334,0.0009592639870374953,0.1477838855533714,-0.01727498753511227,-0.02699454618139563,0.417868684011003,-0.20988897667298764,-1.037419890830877,0.19921774033761025,-0.45031310930318114,-0.693991766208882,1.405930018775992
2024-05-15,-0.10230135866402446,0.0004263371222372747,0.14142276835835743,-0.027621953555486602,-0.025193285259543473,0.41879932773292344,-0.20988897667298764,-1.037419890830877,0.19921774033761025,-0.45031310930318114,-0.693991766208882,1.405930018775992
2024-05-16,-0.10085151505553358,-0.0005823346508611049,0.1425440487263675,-0.032427632854390404,-0.018462726702318962,0.42869921583826986,-0.20988897667298764,-1.037419890830877,0.19921774033761025,-0.45031310930318114,-0.693991766208882,1.405930018775992
2024-05-17,-0.09996531202998105,-0.0008233353320430403,0.14238131012285604,-0.02184602436631039,-0.003926594147991114,0.43536937845160056,-0.20988897667298764,-1.037419890830877,0.19921774033761025,-0.45031310930318114,-0.693991766208882,1.405930018775992
2024-05-18,-0.09996531202998105,-0.0008233353320430403,0.14238131012285604,-0.02184602436631039,-0.003926594147991114,0.4351831130255342,-0.20988897667298764,-1.037419890830877,0.19921774033761025,-0.45031310930318114,-0.693991766208882,1.405930018775992
2024-05-19,-0.09996531202998105,-0.0008233353320430403,0.14238131012285604,-0.02184602436631039,-0.003926594147991114,0.43462340880488576,-0.20988897667298764,-1.037419890830877,0.19921774033761025,-0.45031310930318114,-0.693991766208882,1.405930018775992
2024-05-20,-0.10152843229124686,-9.657332745405256e-05,0.14353024018173877,-0.017117463786951226,0.00678916868963992,0.43808764186972554,-0.20988897667298764,-1.037419890830877,0.19921774033761025,-0.45031310930318114,-0.693991766208882,1.405930018775992
2024-05-21,-0.10084643754557154,-0.000635744187424403,0.14444832940853558,-0.028692282511350024,0.004009196101220639,0.4380690524537024,-0.20988897667298764,-1.037419890830877,0.19921774033761025,-0.45031310930318114,-0.693991766208882,1.405930018775992
2024-05-22,-0.10104919745410212,-0.0004397574928681758,0.1470471962261658,-0.029969254581630037,0.00027747528454514364,0.4448826126494245,-0.20988897667298764,-1.037419890830877,0.19921774033761025,-0.45031310930318114,-0.693991766208882,1.405930018775992
2024-05-23,-0.10194214906957333,0.00014558926903973646,0.1487149270639384,-0.053883900964820666,-0.010753714418498735,0.4397702719635525,-0.20988897667298764,-1.037419890830877,0.19921774033761025,-0.45031310930318114,-0.693991766208882,1.405930018775992
2024-05-24,-0.10153015724222669,4.20211942228077e-05,0.1450615419743163,-0.06086844699558944,-0.0140764485270293,0.4466412502015927,-0.20988897667298764,-1.037419890830877,0.19921774033761025,-0.45031310930318114,-0.693991766208882,1.405930018775992
2024-05-25,-0.10153015724222669,4.20211942228077e-05,0.1450615419743163,-0.06086844699558944,-0.0140764485270293,0.44882082443734184,-0.20988897667298764,-1.037419890830877,0.19921774033761025,-0.45031310930318114,-0.693991766208882,1.405930018775992
2024-05-26,-0.10153015724222669,4.20211942228077e-05,0.1450615419743163,-0.06086844699558944,-0.0140764485270293,0.4527880833863367,-0.20988897667298764,-1.037419890830877,0.19921774033761025,-0.45031310930318114,-0.693991766208882,1.405930018775992
2024-05-27,-0.10156771633602468,-0.00015988343361972301,0.14382973264694143,-0.05354519204318367,-0.014136750709438215,0.4534595300433076,-0.20988897667298764,-1.037419890830877,0.19921774033761025,-0.45031310930318114,-0.693991766208882,1.405930018775992
2024-05-28,-0.10234852080183088,0.0005314985285377327,0.14401138568963,-0.0633520641220191,-0.010445964117474303,0.45821735518874473,-0.20988897667298764,-1.037419890830877,0.19921774033761025,-0.45031310930318114,-0.693991766208882,1.405930018775992
2024-05-29,-0.1028314518078779,0.0007418172584409133,0.14864747646141974,-0.06282292454405179,-0.010523327855832348,0.46524793957006516,-0.20988897667298764,-1.037419890830877,0.19921774033761025,-0.45031310930318114,-0.693991766208882,1.405930018775992
2024-05-30,-0.10238922551436602,0.00012937484752906236,0.14500329335786966,-0.06339355925122869,-0.026352836547374487,0.4643110982508559,-0.20988897667298764,-1.037419890830877,0.19921774033761025,-0.45031310930318114,-0.693991766208882,1.405930018775992
2024-05-31,-0.10084371135686376,-0.0007513054783560014,0.14457355960180573,-0.05967810203243441,-0.029839132508599913,0.46472868399977013,-0.21850259628714452,-0.9385846785178814,-0.06403269966842631,-0.5288456112034121,-0.7110825078895334,1.106287785941665
2024-06-01,-0.10084371135686376,-0.0007513054783560014,0.14457355960180573,-0.05967810203243441,-0.029839132508599913,0.4674107590538394,-0.21850259628714452,-0.9385846785178814,-0.06403269966842631,-0.5288456112034121,-0.7110825078895334,1.106287785941665
2024-06-02,-0.10084371135686376,-0.0007513054783560014,0.14457355960180573,-0.05967810203243441,-0.029839132508599913,0.46973968540328986,-0.21850259628714452,-0.9385846785178814,-0.06403269966842631,-0.5288456112034121,-0.7110825078895334,1.106287785941665
2024-06-03,-0.10167651470944128,-0.0002766523189944303,0.1395005212244137,-0.07428557058547644,-0.03481540942972962,0.4669927715729556,-0.21850259628714452,-0.9385846785178814,-0.06403269966842631,-0.5288456112034121,-0.7110825078895334,1.106287785941665
2024-06-04,-0.10187317737367685,-0.000258040927379688,0.13921244747753447,-0.06369064159129309,-0.034401472980008445,0.46387614425703844,-0.21850259628714452,-0.9385846785178814,-0.06403269966842631,-0.5288456112034121,-0.7110825078895334,1.106287785941665
2024-06-05,-0.10213995364916395,1.0735657081428762e-05,0.1407300730658545,-0.07719211378068201,-0.0413101217563143,0.4653344639145266,-0.21850259628714452,-0.9385846785178814,-0.06403269966842631,-0.5288456112034121,-0.7110825078895334,1.106287785941665
2024-06-06,-0.10253309675918276,8.363530112609485e-05,0.13913802181331303,-0.0976937748320203,-0.03688959358893997,0.47275548718097016,-0.21850259628714452,-0.9385846785178814,-0.06403269966842631,-0.5288456112034121,-0.7110825078895334,1.106287785941665
2024-06-07,-0.10256173160759585,0.00017942360988809636,0.14665949114147192,-0.09226680784878415,-0.03922539879717887,0.4785862661213076,-0.21850259628714452,-0.9385846785178814,-0.06403269966842631,-0.5288456112034121,-0.7110825078895334,1.106287785941665
2024-06-08,-0.10256173160759585,0.00017942360988809636,0.14665949114147192,-0.09226680784878415,-0.03922539879717887,0.4799865669007685,-0.21850259628714452,-0.9385846785178814,-0.06403269966842631,-0.5288456112034121,-0.7110825078895334,1.106287785941665
2024-06-09,-0.10256173160759585,0.00017942360988809636,0.14665949114147192,-0.09226680784878415,-0.03922539879717887,0.48339933633568016,-0.21850259628714452,-0.9385846785178814,-0.06403269966842631,-0.5288456112034121,-0.7110825078895334,1.106287785941665
2024-06-10,-0.10256173160759585,0.00017942360988809636,0.14665949114147192,-0.09226680784878415,-0.039459770671243725,0.48201602633827517,-0.21850259628714452,-0.9385846785178814,-0.06403269966842631,-0.5288456112034121,-0.7110825078895334,1.106287785941665
2024-06-11,-0.10278191741281939,0.0001754040677061086,0.14994880801233046,-0.08047128060714272,-0.04651489490280702,0.48319794434945024,-0.21850259628714452,-0.9385846785178814,-0.06403269966842631,-0.5288456112034121,-0.7110825078895334,1.106287785941665
2024-06-12,-0.1028006735085506,-0.00014165076793204445,0.14438955684821364,-0.07678430473363487,-0.04628342346708801,0.48443482070166494,-0.21850259628714452,-0.9385846785178814,-0.06403269966842631,-0.5288456112034121,-0.7110825078895334,1.106287785941665
2024-06-13,-0.10326265709628746,0.00020104490823247279,0.14965497803412786,-0.08283295375829221,-0.04594438333226677,0.48902878923848186,-0.21850259628714452,-0.9385846785178814,-0.06403269966842631,-0.5288456112034121,-0.7110825078895334,1.106287785941665
2024-06-14,-0.10431446712716086,0.0007742735468160289,0.15302012499789064,-0.08521259206569921,-0.047121827971287375,0.4883319449316091,-0.21850259628714452,-0.9385846785178814,-0.06403269966842631,-0.5288456112034121,-0.7110825078895334,1.106287785941665
2024-06-15,-0.10431446712716086,0.0007742735468160289,0.15302012499789064,-0.08521259206569921,-0.047121827971287375,0.4889544279434173,-0.21850259628714452,-0.9385846785178814,-0.06403269966842631,-0.5288456112034121,-0.7110825078895334,1.106287785941665
2024-06-16,-0.10431446712716086,0.0007742735468160289,0.15302012499789064,-0.08521259206569921,-0.047121827971287375,0.4912850609722342,-0.21850259628714452,-0.9385846785178814,-0.06403269966842631,-0.5288456112034121,-0.7110825078895334,1.106287785941665
2024-06-17,-0.10427996931185834,0.0008494991667408192,0.15084106294199295,-0.0846346836611107,-0.05378252647148334,0.4909704364555925,-0.21850259628714452,-0.9385846785178814,-0.06403269966842631,-0.5288456112034121,-0.7110825078895334,1.106287785941665
2024-06-18,-0.10472944206848656,0.0014988012101263548,0.15023339108479594,-0.07982427207714388,-0.05250429018073945,0.4956257693664159,-0.21850259628714452,-0.9385846785178814,-0.06403269966842631,-0.5288456112034121,-0.7110825078895334,1.106287785941665
2024-06-19,-0.10517378667497068,0.0018292664359832456,0.15021438979270807,-0.09671839829959634,-0.047706833482000895,0.4960814478980677,-0.21850259628714452,-0.9385846785178814,-0.06403269966842631,-0.5288456112034121,-0.7110825078895334,1.106287785941665
2024-06-20,-0.10583065190139229,0.0024722122343913133,0.15338766586772656,-0.11757252695321749,-0.048409205676146656,0.4918380939260699,-0.21850259628714452,-0.9385846785178814,-0.06403269966842631,-0.5288456112034121,-0.7110825078895334,1.106287785941665
2024-06-21,-0.10453648284649986,0.001691644143590909,0.1553575866920628,-0.11481001173025229,-0.053058217401264346,0.489533419878868,-0.21850259628714452,-0.9385846785178814,-0.06403269966842631,-0.5288456112034121,-0.7110825078895334,1.106287785941665
2024-06-22,-0.10453648284649986,0.001691644143590909,0.1553575866920628,-0.11481001173025229,-0.053058217401264346,0.48877532677963614,-0.21850259628714452,-0.9385846785178814,-0.06403269966842631,-0.5288456112034121,-0.7110825078895334,1.106287785941665
2024-06-23,-0.10453648284649986,0.001691644143590909,0.1553575866920628,-0.11481001173025229,-0.053058217401264346,0.4918163263011561,-0.21850259628714452,-0.9385846785178814,-0.06403269966842631,-0.5288456112034121,-0.7110825078895334,1.106287785941665
2024-06-24,-0.10524402467079486,0.002421311119067737,0.1523045412083015,-0.1483649800485343,-0.05405016649415346,0.47985594515075664,-0.21850259628714452,-0.9385846785178814,-0.06403269966842631,-0.5288456112034121,-0.7110825078895334,1.106287785941665
2024-06-25,-0.10661280986900779,0.0034504687179396365,0.15357500853169226,-0.1548394909114049,-0.05286202482151926,0.4822290499369908,-0.21850259628714452,-0.9385846785178814,-0.06403269966842631,-0.5288456112034121,-0.7110825078895334,1.106287785941665
2024-06-26,-0.10696486402634453,0.0035751001566038942,0.15778874436359747,-0.1307342386020667,-0.05235883716314118,0.48311795595509605,-0.21850259628714452,-0.9385846785178814,-0.06403269966842631,-0.5288456112034121,-0.7110825078895334,1.106287785941665
2024-06-27,-0.108219229976797,0.004528705405044353,0.156412061227023,-0.15722802416203216,-0.05995125094151999,0.4786677738103832,-0.21850259628714452,-0.9385846785178814,-0.06403269966842631,-0.5288456112034121,-0.7110825078895334,1.106287785941665
2024-06-28,-0.10911857147423998,0.004902060096332872,0.15603436780077706,-0.1544984158472364,-0.05804875624981833,0.4812192744115805,-0.21850259628714452,-0.9385846785178814,-0.06403269966842631,-0.5288456112034121,-0.7110825078895334,1.106287785941665
2024-06-29,-0.10911857147423998,0.004902060096332872,0.15603436780077706,-0.1544984158472364,-0.05804875624981833,0.48045696046980263,-0.21850259628714452,-0.9385846785178814,-0.06403269966842631,-0.5288456112034121,-0.7110825078895334,1.106287785941665
2024-06-30,-0.10911857147423998,0.004902060096332872,0.15603436780077706,-0.1544984158472364,-0.05804875624981833,0.4825953791673509,-0.30032359091225047,-0.8197291294332028,-0.2908686694827683,-0.5985589551362365,-0.8565213684660603,1.3373022815784517
2024-07-01,-0.10598351385921845,0.002127289301766533,0.15636497441668762,-0.060203122769698705,-0.05394175890631357,0.4840985527820182,-0.30032359091225047,-0.8197291294332028,-0.2908686694827683,-0.5985589551362365,-0.8565213684660603,1.3373022815784517
2024-07-02,-0.1067717111702946,0.0033999770233799076,0.15467471653432574,-0.07358089828563605,-0.05398997889411146,0.4892902279653804,-0.30032359091225047,-0.8197291294332028,-0.2908686694827683,-0.5985589551362365,-0.8565213684660603,1.3373022815784517
2024-07-03,-0.1071453429895668,0.003997417960710514,0.15165736915156725,-0.08035652269436562,-0.04721910762676389,0.4908861610899248,-0.30032359091225047,-0.8197291294332028,-0.2908686694827683,-0.5985589551362365,-0.8565213684660603,1.3373022815784517
2024-07-04,-0.10672565562225489,0.0031661832690111913,0.1490673100450901,-0.10316052806374895,-0.049418187198113625,0.4965238239005475,-0.30032359091225047,-0.8197291294332028,-0.2908686694827683,-0.5985589551362365,-0.8565213684660603,1.3373022815784517
2024-07-05,-0.10625269454174036,0.001876171949939054,0.1466417417011351,-0.08769620919212885,-0.04854999616127722,0.49167817726618007,-0.30032359091225047,-0.8197291294332028,-0.2908686694827683,-0.5985589551362365,-0.8565213684660603,1.3373022815784517
2024-07-06,-0.10625269454174036,0.001876171949939054,0.1466417417011351,-0.08769620919212885,-0.04854999616127722,0.49198767778080943,-0.30032359091225047,-0.8197291294332028,-0.2908686694827683,-0.5985589551362365,-0.8565213684660603,1.3373022815784517
2024-07-07,-0.10625269454174036,0.001876171949939054,0.1466417417011351,-0.08769620919212885,-0.04854999616127722,0.48936116197240054,-0.30032359091225047,-0.8197291294332028,-0.2908686694827683,-0.5985589551362365,-0.8565213684660603,1.3373022815784517
2024-07-08,-0.10311255705251254,0.0008461918786711875,0.14783363681436523,-0.1153317461584453,-0.05499935469817048,0.48366710577937255,-0.30032359091225047,-0.8197291294332028,-0.2908686694827683,-0.5985589551362365,-0.8565213684660603,1.3373022815784517
2024-07-09,-0.10313525462999007,0.0016373634498306755,0.1490622082429368,-0.09610342032868122,-0.05333134745203223,0.48418519403634064,-0.30032359091225047,-0.8197291294332028,-0.2908686694827683,-0.5985589551362365,-0.8565213684660603,1.3373022815784517
2024-07-10,-0.10481681089847472,0.0019324660744103328,0.14829172626365417,-0.09892504529747903,-0.05614859430521225,0.4748588010222546,-0.30032359091225047,-0.8197291294332028,-0.2908686694827683,-0.5985589551362365,-0.8565213684660603,1.3373022815784517
2024-07-11,-0.10480203331587057,0.0018964467199152901,0.14250389593846946,-0.07285094331467251,-0.05156558235430262,0.4871033052953417,-0.30032359091225047,-0.8197291294332028,-0.2908686694827683,-0.5985589551362365,-0.8565213684660603,1.3373022815784517
2024-07-12,-0.10553501224469675,0.0023332197503865837,0.13918141413073304,-0.07582264306440259,-0.04962161080277409,0.4880283026374182,-0.30032359091225047,-0.8197291294332028,-0.2908686694827683,-0.5985589551362365,-0.8565213684660603,1.3373022815784517
2024-07-13,-0.10553501224469675,0.0023332197503865837,0.13918141413073304,-0.07582264306440259,-0.04962161080277409,0.48756235764303457,-0.30032359091225047,-0.8197291294332028,-0.2908686694827683,-0.5985589551362365,-0.8565213684660603,1.3373022815784517
2024-07-14,-0.10553501224469675,0.0023332197503865837,0.13918141413073304,-0.07582264306440259,-0.04962161080277409,0.4926777976847775,-0.30032359091225047,-0.8197291294332028,-0.2908686694827683,-0.5985589551362365,-0.8565213684660603,1.3373022815784517
2024-07-15,-0.10593962741727347,0.0027686025290144523,0.1401036663475006,-0.09069945750894547,-0.0511318636624849,0.48940735108437244,-0.30032359091225047,-0.8197291294332028,-0.2908686694827683,-0.5985589551362365,-0.8565213684660603,1.3373022815784517
2024-07-16,-0.10589436033657706,0.002545274300420952,0.1408810996657972,-0.0888268747825451,-0.05450631825053435,0.49202051855495244,-0.30032359091225047,-0.8197291294332028,-0.2908686694827683,-0.5985589551362365,-0.8565213684660603,1.3373022815784517
2024-07-17,-0.10607543685616816,0.0025990715994562708,0.13587486584974284,-0.09482824477402696,-0.056018972528572464,0.48181108009990836,-0.30032359091225047,-0.8197291294332028,-0.2908686694827683,-0.5985589551362365,-0.8565213684660603,1.3373022815784517
2024-07-18,-0.10585306791855043,0.002112161824445846,0.13997133035990195,-0.09251008235498415,-0.059335648532069504,0.4887511438967398,-0.30032359091225047,-0.8197291294332028,-0.2908686694827683,-0.5985589551362365,-0.8565213684660603,1.3373022815784517
2024-07-19,-0.1058983389196203,0.0023824727774613974,0.14211200020717518,-0.09109521675606383,-0.07099243363932461,0.48482403381311484,-0.30032359091225047,-0.8197291294332028,-0.2908686694827683,-0.5985589551362365,-0.8565213684660603,1.3373022815784517
2024-07-20,-0.1058983389196203,0.0023824727774613974,0.14211200020717518,-0.09109521675606383,-0.07099243363932461,0.48696162849293245,-0.30032359091225047,-0.8197291294332028,-0.2908686694827683,-0.5985589551362365,-0.8565213684660603,1.3373022815784517
2024-07-21,-0.1058983389196203,0.0023824727774613974,0.14211200020717518,-0.09109521675606383,-0.07099243363932461,0.48756909902004486,-0.30032359091225047,-0.8197291294332028,-0.2908686694827683,-0.5985589551362365,-0.8565213684660603,1.3373022815784517
2024-07-22,-0.1073282473287217,0.003565786415404948,0.1413265294994852,-0.08635184587715576,-0.0752556269984341,0.47841903497812,-0.30032359091225047,-0.8197291294332028,-0.2908686694827683,-0.5985589551362365,-0.8565213684660603,1.3373022815784517
2024-07-23,-0.1092022609411164,0.004029185709956029,0.1426302854670447,-0.11439295720035061,-0.08348845551758653,0.46994175614764455,-0.30032359091225047,-0.8197291294332028,-0.2908686694827683,-0.5985589551362365,-0.8565213684660603,1.3373022815784517
2024-07-24,-0.10916989241862163,0.003810425986836452,0.14206542189595806,-0.12979523055670067,-0.0866667802224468,0.46684633249196617,-0.30032359091225047,-0.8197291294332028,-0.2908686694827683,-0.5985589551362365,-0.8565213684660603,1.3373022815784517
2024-07-25,-0.11041857311341008,0.004412559355003176,0.14172056458067228,-0.12379438637467048,-0.09446741068028656,0.4636650605257129,-0.30032359091225047,-0.8197291294332028,-0.2908686694827683,-0.5985589551362365,-0.8565213684660603,1.3373022815784517
2024-07-26,-0.11247784527532245,0.0049324930211528395,0.1413468402742183,-0.10568064512959936,-0.09098847307417059,0.47070217804230763,-0.30032359091225047,-0.8197291294332028,-0.2908686694827683,-0.5985589551362365,-0.8565213684660603,1.3373022815784517
2024-07-27,-0.11247784527532245,0.0049324930211528395,0.1413468402742183,-0.10568064512959936,-0.09098847307417059,0.4714562153307201,-0.30032359091225047,-0.8197291294332028,-0.2908686694827683,-0.5985589551362365,-0.8565213684660603,1.3373022815784517
2024-07-28,-0.11247784527532245,0.0049324930211528395,0.1413468402742183,-0.10568064512959936,-0.09098847307417059,0.47160704735193,-0.30032359091225047,-0.8197291294332028,-0.2908686694827683,-0.5985589551362365,-0.8565213684660603,1.3373022815784517
2024-07-29,-0.11411151430434041,0.0057097582981630035,0.143724232045375,-0.11286622564063602,-0.09048834746697312,0.4656964103417999,-0.30032359091225047,-0.8197291294332028,-0.2908686694827683,-0.5985589551362365,-0.8565213684660603,1.3373022815784517
2024-07-30,-0.11539601575965308,0.006223642893037451,0.14362859683631646,-0.10683186110607638,-0.09380177519603018,0.4529673022752958,-0.30032359091225047,-0.8197291294332028,-0.2908686694827683,-0.5985589551362365,-0.8565213684660603,1.3373022815784517
2024-07-31,-0.11574499873747224,0.006674229483457306,0.13924808533030042,-0.06352540597117773,-0.08086008536655155,0.45207846091955434,-0.35840935342351565,-0.7242179152885525,-0.42239308489148336,-0.5338851300419281,-0.9510231165826052,0.9951301834386075
2024-08-01,-0.11675357799523589,0.007635667776496713,0.14237020337518214,-0.06644154518887202,-0.08536346989646369,0.46483208255806535,-0.35840935342351565,-0.7242179152885525,-0.42239308489148336,-0.5338851300419281,-0.9510231165826052,0.9951301834386075
2024-08-02,-0.11735616884383748,0.00807939504959243,0.13075376606851008,-0.07785629875276133,-0.09018807775945603,0.46523266133014124,-0.35840935342351565,-0.7242179152885525,-0.42239308489148336,-0.5338851300419281,-0.9510231165826052,0.9951301834386075
2024-08-03,-0.11735616884383748,0.00807939504959243,0.13075376606851008,-0.07785629875276133,-0.09018807775945603,0.46723330285330716,-0.35840935342351565,-0.7242179152885525,-0.42239308489148336,-0.5338851300419281,-0.9510231165826052,0.9951301834386075
2024-08-04,-0.11735616884383748,0.00807939504959243,0.13075376606851008,-0.07785629875276133,-0.09018807775945603,0.4687641820206968,-0.35840935342351565,-0.7242179152885525,-0.42239308489148336,-0.5338851300419281,-0.9510231165826052,0.9951301834386075
2024-08-05,-0.12045389711158083,0.009890167200002131,0.12572508612121913,-0.10002911369314343,-0.10163114670941101,0.4573899465002266,-0.35840935342351565,-0.7242179152885525,-0.42239308489148336,-0.5338851300419281,-0.9510231165826052,0.9951301834386075
2024-08-06,-0.11564998181877773,0.007603279664761153,0.12845176570715333,-0.08090248817477894,-0.1038222676084884,0.45497363704732824,-0.35840935342351565,-0.7242179152885525,-0.42239308489148336,-0.5338851300419281,-0.9510231165826052,0.9951301834386075
2024-08-07,-0.11767808681243808,0.009001649163714154,0.13066602436752683,-0.084486230125987,-0.10336923818286366,0.46010695746842245,-0.35840935342351565,-0.7242179152885525,-0.42239308489148336,-0.5338851300419281,-0.9510231165826052,0.9951301834386075
2024-08-08,-0.11510845284425031,0.006938970362411978,0.13078230681759817,-0.08404192113951894,-0.10187934434873129,0.46123970579087203,-0.35840935342351565,-0.7242179152885525,-0.42239308489148336,-0.5338851300419281,-0.9510231165826052,0.9951301834386075
2024-08-09,-0.1129475978633625,0.005857008636932615,0.13006531508238128,-0.0943651819171242,-0.09238154166962047,0.46608079199070596,-0.35840935342351565,-0.7242179152885525,-0.42239308489148336,-0.5338851300419281,-0.9510231165826052,0.9951301834386075
2024-08-10,-0.1129475978633625,0.005857008636932615,0.13006531508238128,-0.0943651819171242,-0.09238154166962047,0.4715708834632564,-0.35840935342351565,-0.7242179152885525,-0.42239308489148336,-0.5338851300419281,-0.9510231165826052,0.9951301834386075
2024-08-11,-0.1129475978633625,0.005857008636932615,0.13006531508238128,-0.0943651819171242,-0.09238154166962047,0.47083742145700525,-0.35840935342351565,-0.7242179152885525,-0.42239308489148336,-0.5338851300419281,-0.9510231165826052,0.9951301834386075
2024-08-12,-0.10771943497139691,0.0026508752403047176,0.13010409920028498,-0.09894257227919374,-0.0919373023968804,0.46999266597723216,-0.35840935342351565,-0.7242179152885525,-0.42239308489148336,-0.5338851300419281,-0.9510231165826052,0.9951301834386075
2024-08-13,-0.1089454235720605,0.005056054641705221,0.12448062020591821,-0.0953206215078477,-0.09409442690968342,0.4765855574905135,-0.35840935342351565,-0.7242179152885525,-0.42239308489148336,-0.5338851300419281,-0.9510231165826052,0.9951301834386075
2024-08-14,-0.11212045658808678,0.00631902757291114,0.124568374571698,-0.10677270754278913,-0.09577244041794084,0.4661722294354124,-0.35840935342351565,-0.7242179152885525,-0.42239308489148336,-0.5338851300419281,-0.9510231165826052,0.9951301834386075
2024-08-15,-0.11146418207559805,0.005356582976211111,0.12855597304295607,-0.10354068829714122,-0.08978517499222619,0.46684187896975493,-0.35840935342351565,-0.7242179152885525,-0.42239308489148336,-0.5338851300419281,-0.9510231165826052,0.9951301834386075
2024-08-16,-0.11244385748104768,0.005898124212249001,0.12356456719504816,-0.11580116254621967,-0.08588040056685092,0.4660329888256947,-0.35840935342351565,-0.7242179152885525,-0.42239308489148336,-0.5338851300419281,-0.9510231165826052,0.9951301834386075
2024-08-17,-0.11244385748104768,0.005898124212249001,0.12356456719504816,-0.11580116254621967,-0.08588040056685092,0.47326367516321444,-0.35840935342351565,-0.7242179152885525,-0.42239308489148336,-0.5338851300419281,-0.9510231165826052,0.9951301834386075
2024-08-18,-0.11244385748104768,0.005898124212249001,0.12356456719504816,-0.11580116254621967,-0.08588040056685092,0.4728461632343364,-0.35840935342351565,-0.7242179152885525,-0.42239308489148336,-0.5338851300419281,-0.9510231165826052,0.9951301834386075
2024-08-19,-0.11321040473321042,0.006862964755234624,0.11793326614003319,-0.11778565505086835,-0.08192871910341232,0.47258339033460506,-0.35840935342351565,-0.7242179152885525,-0.42239308489148336,-0.5338851300419281,-0.9510231165826052,0.9951301834386075
2024-08-20,-0.1139255613642366,0.007432417593198903,0.11356563957701182,-0.1364897488575453,-0.08415741246053408,0.47094609372633534,-0.35840935342351565,-0.7242179152885525,-0.42239308489148336,-0.5338851300419281,-0.9510231165826052,0.9951301834386075
2024-08-21,-0.11385624465129374,0.006702092026729445,0.10960274488945942,-0.14077290501407913,-0.0835231032682674,0.47844269415020135,-0.35840935342351565,-0.7242179152885525,-0.42239308489148336,-0.5338851300419281,-0.9510231165826052,0.9951301834386075
2024-08-22,-0.11493414543950864,0.00926076502919615,0.11424451687849335,-0.1546801268301638,-0.08269771849267749,0.46813764802091823,-0.35840935342351565,-0.7242179152885525,-0.42239308489148336,-0.5338851300419281,-0.9510231165826052,0.9951301834386075
2024-08-23,-0.1151682193893212,0.01022362858020709,0.1064618790568439,-0.15799425998514527,-0.0816996687501455,0.46929272018445095,-0.35840935342351565,-0.7242179152885525,-0.42239308489148336,-0.5338851300419281,-0.9510231165826052,0.9951301834386075
2024-08-24,-0.1151682193893212,0.01022362858020709,0.1064618790568439,-0.15799425998514527,-0.0816996687501455,0.4699907223686166,-0.35840935342351565,-0.7242179152885525,-0.42239308489148336,-0.5338851300419281,-0.9510231165826052,0.9951301834386075
2024-08-25,-0.1151682193893212,0.01022362858020709,0.1064618790568439,-0.15799425998514527,-0.0816996687501455,0.4685976881772136,-0.35840935342351565,-0.7242179152885525,-0.42239308489148336,-0.5338851300419281,-0.9510231165826052,0.9951301834386075
2024-08-26,-0.11524817593976155,0.010846442775395926,0.10778239773275078,-0.15282967191817828,-0.07499233894478406,0.4838127485063169,-0.35840935342351565,-0.7242179152885525,-0.42239308489148336,-0.5338851300419281,-0.9510231165826052,0.9951301834386075
2024-08-27,-0.11298422146845144,0.010445890676563652,0.10481762792382476,-0.16723522964186657,-0.07658210131641383,0.48675976575591584,-0.35840935342351565,-0.7242179152885525,-0.42239308489148336,-0.5338851300419281,-0.9510231165826052,0.9951301834386075
2024-08-28,-0.11344742104394945,0.011350764734403995,0.11020787376677166,-0.165677168602337,-0.08433748389493487,0.48565197639206537,-0.35840935342351565,-0.7242179152885525,-0.42239308489148336,-0.5338851300419281,-0.9510231165826052,0.9951301834386075
2024-08-29,-0.1131241128687458,0.010560443860614277,0.11267092795396383,-0.14273728530721028,-0.08357102327437353,0.4766328930345894,-0.35840935342351565,-0.7242179152885525,-0.42239308489148336,-0.5338851300419281,-0.9510231165826052,0.9951301834386075
2024-08-30,-0.11304790080378968,0.010423710001029929,0.11617388326414801,-0.12593697225438574,-0.07652403211727564,0.47944830132838345,-0.35840935342351565,-0.7242179152885525,-0.42239308489148336,-0.5338851300419281,-0.9510231165826052,0.9951301834386075
2024-08-31,-0.11304790080378968,0.010423710001029929,0.11617388326414801,-0.12593697225438574,-0.07652403211727564,0.4763219875248053,-0.39618562376891997,-0.7326146532067385,-0.38557862287357675,-0.6754116174236284,-0.9158362954753811,0.5315546516084652
2024-09-01,-0.11304790080378968,0.010423710001029929,0.11617388326414801,-0.12593697225438574,-0.07652403211727564,0.4764653211814971,-0.39618562376891997,-0.7326146532067385,-0.38557862287357675,-0.6754116174236284,-0.9158362954753811,0.5315546516084652
2024-09-02,-0.1150549714773017,0.011988037240523552,0.115731396686241,-0.1448538874365336,-0.08308097912725439,0.4678105832593662,-0.39618562376891997,-0.7326146532067385,-0.38557862287357675,-0.6754116174236284,-0.9158362954753811,0.5315546516084652
2024-09-03,-0.11546065257295268,0.01215362236917239,0.11742342741824108,-0.1312417323576162,-0.0890109450052521,0.4571794232346379,-0.39618562376891997,-0.7326146532067385,-0.38557862287357675,-0.6754116174236284,-0.9158362954753811,0.5315546516084652
2024-09-04,-0.11585934556180488,0.01246115604402187,0.11283712739368912,-0.1305625618161711,-0.09620113167730271,0.441903193359919,-0.39618562376891997,-0.7326146532067385,-0.38557862287357675,-0.6754116174236284,-0.9158362954753811,0.5315546516084652
2024-09-05,-0.11694094176394065,0.013580671767517427,0.11036075651028565,-0.12129105139381156,-0.09479301378489376,0.43213649960975936,-0.39618562376891997,-0.7326146532067385,-0.38557862287357675,-0.6754116174236284,-0.9158362954753811,0.5315546516084652
2024-09-06,-0.1172543631083236,0.013539389956552461,0.11105309235251226,-0.13769542992970057,-0.09389306169973462,0.4324289169441056,-0.39618562376891997,-0.7326146532067385,-0.38557862287357675,-0.6754116174236284,-0.9158362954753811,0.5315546516084652
2024-09-07,-0.1172543631083236,0.013539389956552461,0.11105309235251226,-0.13769542992970057,-0.09389306169973462,0.4347443479088189,-0.39618562376891997,-0.7326146532067385,-0.38557862287357675,-0.6754116174236284,-0.9158362954753811,0.5315546516084652
2024-09-08,-0.1172543631083236,0.013539389956552461,0.11105309235251226,-0.13769542992970057,-0.09389306169973462,0.42546914607739617,-0.39618562376891997,-0.7326146532067385,-0.38557862287357675,-0.6754116174236284,-0.9158362954753811,0.5315546516084652
2024-09-09,-0.11683984242948264,0.014260240381178124,0.11475946830752182,-0.14078193140966214,-0.0980408889772186,0.42812456384558345,-0.39618562376891997,-0.7326146532067385,-0.38557862287357675,-0.6754116174236284,-0.9158362954753811,0.5315546516084652
2024-09-10,-0.11752710289828017,0.015471454514221494,0.11552754771511575,-0.14109658454889562,-0.0965398357460104,0.4267423006135468,-0.39618562376891997,-0.7326146532067385,-0.38557862287357675,-0.6754116174236284,-0.9158362954753811,0.5315546516084652
2024-09-11,-0.11907772728238364,0.01673428871182636,0.11605888688662025,-0.13504916241295842,-0.0941270977477657,0.427947546883601,-0.39618562376891997,-0.7326146532067385,-0.38557862287357675,-0.6754116174236284,-0.9158362954753811,0.5315546516084652
2024-09-12,-0.11918262574940919,0.016871852669377962,0.11293155121925869,-0.1418146211722932,-0.0885667325103216,0.4363366977150551,-0.39618562376891997,-0.7326146532067385,-0.38557862287357675,-0.6754116174236284,-0.9158362954753811,0.5315546516084652
2024-09-13,-0.12180092764078265,0.01808626056062923,0.11044551053500562,-0.1525979652199097,-0.08615372858247908,0.4403036085985294,-0.39618562376891997,-0.7326146532067385,-0.38557862287357675,-0.6754116174236284,-0.9158362954753811,0.5315546516084652
2024-09-14,-0.12180092764078265,0.01808626056062923,0.11044551053500562,-0.1525979652199097,-0.08615372858247908,0.4436660264038149,-0.39618562376891997,-0.7326146532067385,-0.38557862287357675,-0.6754116174236284,-0.9158362954753811,0.5315546516084652
2024-09-15,-0.12180092764078265,0.01808626056062923,0.11044551053500562,-0.1525979652199097,-0.08615372858247908,0.4407702264659032,-0.39618562376891997,-0.7326146532067385,-0.38557862287357675,-0.6754116174236284,-0.9158362954753811,0.5315546516084652
2024-09-16,-0.12180092764078265,0.01808626056062923,0.11044551053500562,-0.1525979652199097,-0.08265713030796863,0.44042313969486746,-0.39618562376891997,-0.7326146532067385,-0.38557862287357675,-0.6754116174236284,-0.9158362954753811,0.5315546516084652
2024-09-17,-0.12180092764078265,0.01808626056062923,0.11044551053500562,-0.1525979652199097,-0.08310457415500859,0.44027772242993685,-0.39618562376891997,-0.7326146532067385,-0.38557862287357675,-0.6754116174236284,-0.9158362954753811,0.5315546516084652
2024-09-18,-0.12499648427691434,0.020164277792692142,0.10532257998137307,-0.15731723649896,-0.0772727008290324,0.4408832561281513,-0.39618562376891997,-0.7326146532067385,-0.38557862287357675,-0.6754116174236284,-0.9158362954753811,0.5315546516084652
2024-09-19,-0.12399713120112765,0.019418344615810046,0.10550151353737935,-0.14027912612172116,-0.06688304311253303,0.44798537261604154,-0.39618562376891997,-0.7326146532067385,-0.38557862287357675,-0.6754116174236284,-0.9158362954753811,0.5315546516084652
2024-09-20,-0.12452388701356387,0.020389515156335136,0.1065848617791747,-0.14855900373611616,-0.06237490694387544,0.44101208428612765,-0.39618562376891997,-0.7326146532067385,-0.38557862287357675,-0.6754116174236284,-0.9158362954753811,0.5315546516084652
2024-09-21,-0.12452388701356387,0.020389515156335136,0.1065848617791747,-0.14855900373611616,-0.06237490694387544,0.4442574092072928,-0.39618562376891997,-0.7326146532067385,-0.38557862287357675,-0.6754116174236284,-0.9158362954753811,0.5315546516084652
2024-09-22,-0.12452388701356387,0.020389515156335136,0.1065848617791747,-0.14855900373611616,-0.06237490694387544,0.4387203782507537,-0.39618562376891997,-0.7326146532067385,-0.38557862287357675,-0.6754116174236284,-0.9158362954753811,0.5315546516084652
2024-09-23,-0.12451905693570298,0.02101681580517467,0.10785567380820482,-0.15328944846600964,-0.06387506555531419,0.4251418061776866,-0.39618562376891997,-0.7326146532067385,-0.38557862287357675,-0.6754116174236284,-0.9158362954753811,0.5315546516084652
2024-09-24,-0.12247012801064205,0.018768201847487953,0.10403816084353412,-0.12720807278579135,-0.048010202868845095,0.43762054598352595,-0.39618562376891997,-0.7326146532067385,-0.38557862287357675,-0.6754116174236284,-0.9158362954753811,0.5315546516084652
2024-09-25,-0.12421447051355095,0.02000500799374416,0.10847747364587534,-0.12233728074981723,-0.04524611302995289,0.4392021844941385,-0.39618562376891997,-0.7326146532067385,-0.38557862287357675,-0.6754116174236284,-0.9158362954753811,0.5315546516084652
2024-09-26,-0.12222192275811439,0.018264894696736644,0.10847747364587534,-0.08903255391296733,-0.029100377771359872,0.43974853916493867,-0.39618562376891997,-0.7326146532067385,-0.38557862287357675,-0.6754116174236284,-0.9158362954753811,0.5315546516084652
2024-09-27,-0.11522246304010675,0.01117195720028763,0.10321546318131214,-0.0341136408604376,-0.015005086805472103,0.44226921322534923,-0.39618562376891997,-0.7326146532067385,-0.38557862287357675,-0.6754116174236284,-0.9158362954753811,0.5315546516084652
2024-09-28,-0.11522246304010675,0.01117195720028763,0.10321546318131214,-0.0341136408604376,-0.015005086805472103,0.44027394618425464,-0.39618562376891997,-0.7326146532067385,-0.38557862287357675,-0.6754116174236284,-0.9158362954753811,0.5315546516084652
2024-09-29,-0.11522246304010675,0.01117195720028763,0.10321546318131214,-0.0341136408604376,-0.015005086805472103,0.435800928401603,-0.39618562376891997,-0.7326146532067385,-0.38557862287357675,-0.6754116174236284,-0.9158362954753811,0.5315546516084652
2024-09-30,-0.11309973069257151,0.013720156633667102,0.10718035693610639,0.1617873617329374,0.0006677276148545491,0.45388531315911823,-0.3692186801724243,-0.8817960429533817,-0.16438616696527303,-0.14416233986324065,-0.9470017655989221,0.3538958051731451
2024-10-01,-0.11309973069257151,0.013720156633667102,0.10718035693610639,0.1617873617329374,0.0012877322873989915,0.4517859835231998,-0.3692186801724243,-0.8817960429533817,-0.16438616696527303,-0.14416233986324065,-0.9470017655989221,0.3538958051731451
2024-10-02,-0.11309973069257151,0.013720156633667102,0.10718035693610639,0.1617873617329374,0.002382848738707942,0.4499956532649337,-0.3692186801724243,-0.8817960429533817,-0.16438616696527303,-0.14416233986324065,-0.9470017655989221,0.3538958051731451
2024-10-03,-0.11309973069257151,0.013720156633667102,0.10718035693610639,0.1617873617329374,0.0007788856035187601,0.4480350572912423,-0.3692186801724243,-0.8817960429533817,-0.16438616696527303,-0.14416233986324065,-0.9470017655989221,0.3538958051731451
2024-10-04,-0.11309973069257151,0.013720156633667102,0.10718035693610639,0.1617873617329374,0.0015569706642821922,0.45132242743278717,-0.3692186801724243,-0.8817960429533817,-0.16438616696527303,-0.14416233986324065,-0.9470017655989221,0.3538958051731451
2024-10-05,-0.11309973069257151,0.013720156633667102,0.10718035693610639,0.1617873617329374,0.0015569706642821922,0.451811743019804,-0.3692186801724243,-0.8817960429533817,-0.16438616696527303,-0.14416233986324065,-0.9470017655989221,0.3538958051731451
2024-10-06,-0.11309973069257151,0.013720156633667102,0.10718035693610639,0.1617873617329374,0.0015569706642821922,0.4505082378925207,-0.3692186801724243,-0.8817960429533817,-0.16438616696527303,-0.14416233986324065,-0.9470017655989221,0.3538958051731451
2024-10-07,-0.11309973069257151,0.013720156633667102,0.10718035693610639,0.1617873617329374,0.002101817404251679,0.44854885197024613,-0.3692186801724243,-0.8817960429533817,-0.16438616696527303,-0.14416233986324065,-0.9470017655989221,0.3538958051731451
2024-10-08,-0.11102524867792984,0.013777509693786438,0.1247435397420481,0.25988263589858845,-0.005529792762362925,0.4718694053438055,-0.3692186801724243,-0.8817960429533817,-0.16438616696527303,-0.14416233986324065,-0.9470017655989221,0.3538958051731451
2024-10-09,-0.11247736933221641,0.01943247308991336,0.12797126502459577,0.1743426836319117,-0.017491682041140627,0.45500336987801765,-0.3692186801724243,-0.8817960429533817,-0.16438616696527303,-0.14416233986324065,-0.9470017655989221,0.3538958051731451
2024-10-10,-0.11536468859365712,0.021328525196802506,0.12777686378042785,0.15107425706454286,-0.014526041972064224,0.4544508093264705,-0.3692186801724243,-0.8817960429533817,-0.16438616696527303,-0.14416233986324065,-0.9470017655989221,0.3538958051731451
2024-10-11,-0.11575759061871127,0.019684853752033993,0.12831157114966774,0.09701109889423383,-0.012003204355939974,0.46485751996545593,-0.3692186801724243,-0.8817960429533817,-0.16438616696527303,-0.14416233986324065,-0.9470017655989221,0.3538958051731451
2024-10-12,-0.11575759061871127,0.019684853752033993,0.12831157114966774,0.09701109889423383,-0.012003204355939974,0.4655629288872453,-0.3692186801724243,-0.8817960429533817,-0.16438616696527303,-0.14416233986324065,-0.9470017655989221,0.3538958051731451
2024-10-13,-0.11575759061871127,0.019684853752033993,0.12831157114966774,0.09701109889423383,-0.012003204355939974,0.46151991401988623,-0.3692186801724243,-0.8817960429533817,-0.16438616696527303,-0.14416233986324065,-0.9470017655989221,0.3538958051731451
2024-10-14,-0.11642613883604602,0.0159263141641538,0.13111971379165366,0.12924413843413773,-0.012180958832458453,0.4666465016762062,-0.3692186801724243,-0.8817960429533817,-0.16438616696527303,-0.14416233986324065,-0.9470017655989221,0.3538958051731451
2024-10-15,-0.11684005015189458,0.016010326842287648,0.13167201796591044,0.1132480947547474,-0.023041975452567164,0.45709405623818017,-0.3692186801724243,-0.8817960429533817,-0.16438616696527303,-0.14416233986324065,-0.9470017655989221,0.3538958051731451
2024-10-16,-0.1167144678735984,0.014985036821075326,0.1348581192045194,0.11707182490308418,-0.01671539835040255,0.4491002703638245,-0.3692186801724243,-0.8817960429533817,-0.16438616696527303,-0.14416233986324065,-0.9470017655989221,0.3538958051731451
2024-10-17,-0.11835405793713727,0.016366459488130758,0.13712667794571065,0.11307409564377441,-0.028162573221727542,0.4306862692693142,-0.3692186801724243,-0.8817960429533817,-0.16438616696527303,-0.14416233986324065,-0.9470017655989221,0.3538958051731451
2024-10-18,-0.1178942855876326,0.015535173257550605,0.1339289895276995,0.1595963137487808,-0.016933334490940973,0.4396611015564097,-0.3692186801724243,-0.8817960429533817,-0.16438616696527303,-0.14416233986324065,-0.9470017655989221,0.3538958051731451
2024-10-19,-0.1178942855876326,0.015535173257550605,0.1339289895276995,0.1595963137487808,-0.016933334490940973,0.4369808390114943,-0.3692186801724243,-0.8817960429533817,-0.16438616696527303,-0.14416233986324065,-0.9470017655989221,0.3538958051731451
2024-10-20,-0.1178942855876326,0.015535173257550605,0.1339289895276995,0.1595963137487808,-0.016933334490940973,0.4344555243136368,-0.3692186801724243,-0.8817960429533817,-0.16438616696527303,-0.14416233986324065,-0.9470017655989221,0.3538958051731451
2024-10-21,-0.11792346003820486,0.015393091813201809,0.138943821448699,0.1817018250793785,-0.01642175348962855,0.4332118199613866,-0.3692186801724243,-0.8817960429533817,-0.16438616696527303,-0.14416233986324065,-0.9470017655989221,0.3538958051731451
2024-10-22,-0.11600869946107328,0.014358482233481573,0.13954952079108252,0.19008108068009594,-0.016161685659562816,0.43148007187846366,-0.3692186801724243,-0.8817960429533817,-0.16438616696527303,-0.14416233986324065,-0.9470017655989221,0.3538958051731451
2024-10-23,-0.11461932070629177,0.014014787151021335,0.14297013092800304,0.19229789332737335,-0.015167802514910948,0.4356514512537233,-0.3692186801724243,-0.8817960429533817,-0.16438616696527303,-0.14416233986324065,-0.9470017655989221,0.3538958051731451
2024-10-24,-0.11437345073638161,0.013969981385377639,0.13939839456619485,0.1859161001977734,-0.018458401462713575,0.4363034027174811,-0.3692186801724243,-0.8817960429533817,-0.16438616696527303,-0.14416233986324065,-0.9470017655989221,0.3538958051731451
2024-10-25,-0.1140221215409255,0.013734291440753,0.14131078957666976,0.21115600548586808,-0.019600534885284595,0.4361795545278575,-0.3692186801724243,-0.8817960429533817,-0.16438616696527303,-0.14416233986324065,-0.9470017655989221,0.3538958051731451
2024-10-26,-0.1140221215409255,0.013734291440753,0.14131078957666976,0.21115600548586808,-0.019600534885284595,0.43728485833915776,-0.3692186801724243,-0.8817960429533817,-0.16438616696527303,-0.14416233986324065,-0.9470017655989221,0.3538958051731451
2024-10-27,-0.1140221215409255,0.013734291440753,0.14131078957666976,0.21115600548586808,-0.019600534885284595,0.4302091069729375,-0.3692186801724243,-0.8817960429533817,-0.16438616696527303,-0.14416233986324065,-0.9470017655989221,0.3538958051731451
2024-10-28,-0.11413829617385274,0.01385881676755163,0.14187669882017373,0.23543551981090471,-0.0141040851786634,0.4471636215843178,-0.3692186801724243,-0.8817960429533817,-0.16438616696527303,-0.14416233986324065,-0.9470017655989221,0.3538958051731451
2024-10-29,-0.11447506585950495,0.015058006093908727,0.14187669882017373,0.21538693123689182,-0.016714773091835385,0.43280283626095534,-0.3692186801724243,-0.8817960429533817,-0.16438616696527303,-0.14416233986324065,-0.9470017655989221,0.3538958051731451
2024-10-30,-0.11453263896759414,0.015255269602557409,0.13878992402052648,0.22270326303152047,-0.01806438145668438,0.43403835240147426,-0.3692186801724243,-0.8817960429533817,-0.16438616696527303,-0.14416233986324065,-0.9470017655989221,0.3538958051731451
2024-10-31,-0.11461265122312991,0.0157910225877953,0.1386168371116664,0.24150401814235412,-0.01583519307636897,0.43479852144238623,-0.21764588186236383,-1.0316830332127942,0.17429919099127775,-0.4410739914325639,-0.954039129820367,0.9719320750901426
2024-11-01,-0.11642741815729585,0.0171439352764724,0.14155982395478406,0.20361769446782269,-0.013677994254244919,0.429901345467606,-0.21764588186236383,-1.0316830332127942,0.17429919099127775,-0.4410739914325639,-0.954039129820367,0.9719320750901426
2024-11-02,-0.11642741815729585,0.0171439352764724,0.14155982395478406,0.20361769446782269,-0.013677994254244919,0.42854270364334757,-0.21764588186236383,-1.0316830332127942,0.17429919099127775,-0.4410739914325639,-0.954039129820367,0.9719320750901426
2024-11-03,-0.11642741815729585,0.0171439352764724,0.14155982395478406,0.20361769446782269,-0.013677994254244919,0.42581852813349436,-0.21764588186236383,-1.0316830332127942,0.17429919099127775,-0.4410739914325639,-0.954039129820367,0.9719320750901426
2024-11-04,-0.11669621834428734,0.01714538138709676,0.13775283904847246,0.2276261540206414,-0.010631955696841371,0.43568292886838267,-0.21764588186236383,-1.0316830332127942,0.17429919099127775,-0.4410739914325639,-0.954039129820367,0.9719320750901426
2024-11-05,-0.11759587279519146,0.017871798589552013,0.13330561375126881,0.26849486890374863,-0.0023015107565862464,0.43941984651877586,-0.21764588186236383,-1.0316830332127942,0.17429919099127775,-0.4410739914325639,-0.954039129820367,0.9719320750901426
2024-11-06,-0.11763770219931702,0.01807152272894408,0.1494045472573554,0.277536732048191,-0.01079312920967262,0.43729434830585234,-0.21764588186236383,-1.0316830332127942,0.17429919099127775,-0.4410739914325639,-0.954039129820367,0.9719320750901426
2024-11-07,-0.11801026014520943,0.018003860651152115,0.1438853633353091,0.2940390864118651,-0.0005334364084052193,0.43600719746312144,-0.21764588186236383,-1.0316830332127942,0.17429919099127775,-0.4410739914325639,-0.954039129820367,0.9719320750901426
2024-11-08,-0.11846630349752674,0.01826808680786418,0.1485644309664952,0.3011203375642448,-0.005854702023013976,0.431896119545353,-0.21764588186236383,-1.0316830332127942,0.17429919099127775,-0.4410739914325639,-0.954039129820367,0.9719320750901426
2024-11-09,-0.11846630349752674,0.01826808680786418,0.1485644309664952,0.3011203375642448,-0.005854702023013976,0.4313075503436937,-0.21764588186236383,-1.0316830332127942,0.17429919099127775,-0.4410739914325639,-0.954039129820367,0.9719320750901426
2024-11-10,-0.11846630349752674,0.01826808680786418,0.1485644309664952,0.3011203375642448,-0.005854702023013976,0.42875516307161354,-0.21764588186236383,-1.0316830332127942,0.17429919099127775,-0.4410739914325639,-0.954039129820367,0.9719320750901426
2024-11-11,-0.11904363029948606,0.018209434191998053,0.15376457954216882,0.3395227870328202,-0.012082558588204497,0.42229197061303275,-0.21764588186236383,-1.0316830332127942,0.17429919099127775,-0.4410739914325639,-0.954039129820367,0.9719320750901426
2024-11-12,-0.12085523506075246,0.019235969505712047,0.1583219637362886,0.32549388414618086,-0.025238533857518244,0.4175369461500153,-0.21764588186236383,-1.0316830332127942,0.17429919099127775,-0.4410739914325639,-0.954039129820367,0.9719320750901426
2024-11-13,-0.12096286213584617,0.018740028758376326,0.16263230856387467,0.31911099558022415,-0.0300846257284757,0.4178443585237604,-0.21764588186236383,-1.0316830332127942,0.17429919099127775,-0.4410739914325639,-0.954039129820367,0.9719320750901426
2024-11-14,-0.12052561360222858,0.018286594098078424,0.16443544715197966,0.27290570912207424,-0.040460199782866954,0.413773010380613,-0.21764588186236383,-1.0316830332127942,0.17429919099127775,-0.4410739914325639,-0.954039129820367,0.9719320750901426
2024-11-15,-0.12030155906871298,0.01793740957198009,0.1645666893594736,0.23975951383483377,-0.040754650429267604,0.4029881674690267,-0.21764588186236383,-1.0316830332127942,0.17429919099127775,-0.4410739914325639,-0.954039129820367,0.9719320750901426
2024-11-16,-0.12030155906871298,0.01793740957198009,0.1645666893594736,0.23975951383483377,-0.040754650429267604,0.40897863364087894,-0.21764588186236383,-1.0316830332127942,0.17429919099127775,-0.4410739914325639,-0.954039129820367,0.9719320750901426
2024-11-17,-0.12030155906871298,0.01793740957198009,0.1645666893594736,0.23975951383483377,-0.040754650429267604,0.3961631719336978,-0.21764588186236383,-1.0316830332127942,0.17429919099127775,-0.4410739914325639,-0.954039129820367,0.9719320750901426
2024-11-18,-0.11856498983101837,0.01575859470148744,0.1607049255082078,0.2133971368202745,-0.039325454714288784,0.40328915500632917,-0.21764588186236383,-1.0316830332127942,0.17429919099127775,-0.4410739914325639,-0.954039129820367,0.9719320750901426
2024-11-19,-0.11926957243628289,0.0167113097479622,0.16005566651032488,0.24743830361132252,-0.03705468245850778,0.4154113815632583,-0.21764588186236383,-1.0316830332127942,0.17429919099127775,-0.4410739914325639,-0.954039129820367,0.9719320750901426
2024-11-20,-0.1191015628257448,0.01658634418381788,0.16451869119819562,0.2704807197494805,-0.033941174431796464,0.4114361995335839,-0.21764588186236383,-1.0316830332127942,0.17429919099127775,-0.4410739914325639,-0.954039129820367,0.9719320750901426
2024-11-21,-0.12066149794176861,0.01738457033065588,0.16725584905346358,0.26910892670812403,-0.03577202256674681,0.40888716477237536,-0.21764588186236383,-1.0316830332127942,0.17429919099127775,-0.4410739914325639,-0.954039129820367,0.9719320750901426
2024-11-22,-0.1209000697693452,0.01762185615562961,0.1726965251182283,0.22296270617835257,-0.04257026103409934,0.4055734264568465,-0.21764588186236383,-1.0316830332127942,0.17429919099127775,-0.4410739914325639,-0.954039129820367,0.9719320750901426
2024-11-23,-0.1209000697693452,0.01762185615562961,0.1726965251182283,0.22296270617835257,-0.04257026103409934,0.4075597904968143,-0.21764588186236383,-1.0316830332127942,0.17429919099127775,-0.4410739914325639,-0.954039129820367,0.9719320750901426
2024-11-24,-0.1209000697693452,0.01762185615562961,0.1726965251182283,0.22296270617835257,-0.04257026103409934,0.40262686884023297,-0.21764588186236383,-1.0316830332127942,0.17429919099127775,-0.4410739914325639,-0.954039129820367,0.9719320750901426
2024-11-25,-0.12168154549802779,0.01849478683932504,0.16584415328640423,0.2281860972689721,-0.040945140752668356,0.4106784009666316,-0.21764588186236383,-1.0316830332127942,0.17429919099127775,-0.4410739914325639,-0.954039129820367,0.9719320750901426
2024-11-26,-0.12256510546966082,0.01843317250882781,0.1676790672046008,0.21218111482890756,-0.03960084563802827,0.4006152960708651,-0.21764588186236383,-1.0316830332127942,0.17429919099127775,-0.4410739914325639,-0.954039129820367,0.9719320750901426
2024-11-27,-0.12246153369538926,0.018019101353031752,0.15899787893775474,0.2393035055880713,-0.03484529411155986,0.403813610164167,-0.21764588186236383,-1.0316830332127942,0.17429919099127775,-0.4410739914325639,-0.954039129820367,0.9719320750901426
2024-11-28,-0.1232505032237402,0.01865999604418489,0.1586585252180609,0.23451132206508787,-0.03650699023286735,0.40406418065128263,-0.21764588186236383,-1.0316830332127942,0.17429919099127775,-0.4410739914325639,-0.954039129820367,0.9719320750901426
2024-11-29,-0.12457957012978083,0.01888293771185845,0.15572589093924372,0.25598726421249274,-0.03368577598337443,0.40619816757505783,-0.21764588186236383,-1.0316830332127942,0.17429919099127775,-0.4410739914325639,-0.954039129820367,0.9719320750901426
2024-11-30,-0.12457957012978083,0.01888293771185845,0.15572589093924372,0.25598726421249274,-0.03368577598337443,0.4040256415094035,-0.14737348000731385,-1.0741996791011386,0.3189455657981948,-0.7518443198078106,-1.16683561937358,1.312364315103852
2024-12-01,-0.12457957012978083,0.01888293771185845,0.15572589093924372,0.25598726421249274,-0.03368577598337443,0.40224039651227667,-0.14737348000731385,-1.0741996791011386,0.3189455657981948,-0.7518443198078106,-1.16683561937358,1.312364315103852
2024-12-02,-0.1292058097668688,0.020576825228709072,0.1624312069591799,0.28166722819398976,-0.03305674172879616,0.40195931358510906,-0.14737348000731385,-1.0741996791011386,0.3189455657981948,-0.7518443198078106,-1.16683561937358,1.312364315103852
2024-12-03,-0.12770769106932822,0.019026874199742805,0.16167025774549404,0.27679328130130704,-0.02802196701063767,0.4053614227404616,-0.14737348000731385,-1.0741996791011386,0.3189455657981948,-0.7518443198078106,-1.16683561937358,1.312364315103852
2024-12-04,-0.13092798973662156,0.020833180318605482,0.1612565878352793,0.254286489724351,-0.028523700987794342,0.41063677954267286,-0.14737348000731385,-1.0741996791011386,0.3189455657981948,-0.7518443198078106,-1.16683561937358,1.312364315103852
2024-12-05,-0.1318264718202553,0.020658687145503007,0.15554746169839195,0.2703531233225972,-0.029541387543528523,0.397194061636186,-0.14737348000731385,-1.0741996791011386,0.3189455657981948,-0.7518443198078106,-1.16683561937358,1.312364315103852
2024-12-06,-0.13135173956445234,0.019600403198665406,0.15877314609213367,0.28574978804479856,-0.02666691510615929,0.389841706460746,-0.14737348000731385,-1.0741996791011386,0.3189455657981948,-0.7518443198078106,-1.16683561937358,1.312364315103852
2024-12-07,-0.13135173956445234,0.019600403198665406,0.15877314609213367,0.28574978804479856,-0.02666691510615929,0.39425229032585746,-0.14737348000731385,-1.0741996791011386,0.3189455657981948,-0.7518443198078106,-1.16683561937358,1.312364315103852
2024-12-08,-0.13135173956445234,0.019600403198665406,0.15877314609213367,0.28574978804479856,-0.02666691510615929,0.3877247538264892,-0.14737348000731385,-1.0741996791011386,0.3189455657981948,-0.7518443198078106,-1.16683561937358,1.312364315103852
2024-12-09,-0.1326326861792031,0.020001736261425096,0.15962176237613723,0.273195517764727,-0.02267102029141691,0.3909623899786683,-0.14737348000731385,-1.0741996791011386,0.3189455657981948,-0.7518443198078106,-1.16683561937358,1.312364315103852
2024-12-10,-0.14120836131357817,0.024595113306964622,0.16201471541207868,0.2812450032044823,-0.022093453402031345,0.3968795520884856,-0.14737348000731385,-1.0741996791011386,0.3189455657981948,-0.7518443198078106,-1.16683561937358,1.312364315103852
2024-12-11,-0.14161026842457858,0.024247520491894714,0.16493767521433245,0.30210942895986087,-0.019741415961670474,0.40068618527965644,-0.14737348000731385,-1.0741996791011386,0.3189455657981948,-0.7518443198078106,-1.16683561937358,1.312364315103852
2024-12-12,-0.14328373374196257,0.025277645496692425,0.16724298868073684,0.30885823708656673,-0.018252891939131818,0.4058284409543583,-0.14737348000731385,-1.0741996791011386,0.3189455657981948,-0.7518443198078106,-1.16683561937358,1.312364315103852
2024-12-13,-0.1469882205610249,0.02793066107606046,0.16768242171862158,0.2863191520458013,-0.02736254306215445,0.39906759868250485,-0.14737348000731385,-1.0741996791011386,0.3189455657981948,-0.7518443198078106,-1.16683561937358,1.312364315103852
2024-12-14,-0.1469882205610249,0.02793066107606046,0.16768242171862158,0.2863191520458013,-0.02736254306215445,0.399267881988001,-0.14737348000731385,-1.0741996791011386,0.3189455657981948,-0.7518443198078106,-1.16683561937358,1.312364315103852
2024-12-15,-0.1469882205610249,0.02793066107606046,0.16768242171862158,0.2863191520458013,-0.02736254306215445,0.3950707905374919,-0.14737348000731385,-1.0741996791011386,0.3189455657981948,-0.7518443198078106,-1.16683561937358,1.312364315103852
2024-12-16,-0.1511749850196269,0.029582454837179806,0.16632731952522517,0.26840920578061817,-0.030909490429406338,0.3989882868271607,-0.14737348000731385,-1.0741996791011386,0.3189455657981948,-0.7518443198078106,-1.16683561937358,1.312364315103852
2024-12-17,-0.15104516449180294,0.0290084052864924,0.16724442446823373,0.24012744899848007,-0.035401040843705316,0.39913634998391256,-0.14737348000731385,-1.0741996791011386,0.3189455657981948,-0.7518443198078106,-1.16683561937358,1.312364315103852
2024-12-18,-0.1503950367242909,0.028025801781346393,0.17725788794854347,0.24761444977755578,-0.03652864363748321,0.39142069517594336,-0.14737348000731385,-1.0741996791011386,0.3189455657981948,-0.7518443198078106,-1.16683561937358,1.312364315103852
2024-12-19,-0.14873523802784017,0.027743123083313392,0.1807847840023079,0.25155271875139845,-0.040817197459911574,0.3911447465784773,-0.14737348000731385,-1.0741996791011386,0.3189455657981948,-0.7518443198078106,-1.16683561937358,1.312364315103852
2024-12-20,-0.1523479779577166,0.030784291029040567,0.17352517216554308,0.2653399683776457,-0.0399281475380851,0.38308893319290555,-0.14737348000731385,-1.0741996791011386,0.3189455657981948,-0.7518443198078106,-1.16683561937358,1.312364315103852
2024-12-21,-0.1523479779577166,0.030784291029040567,0.17352517216554308,0.2653399683776457,-0.0399281475380851,0.3849076851694276,-0.14737348000731385,-1.0741996791011386,0.3189455657981948,-0.7518443198078106,-1.16683561937358,1.312364315103852
2024-12-22,-0.1523479779577166,0.030784291029040567,0.17352517216554308,0.2653399683776457,-0.0399281475380851,0.38209071140199746,-0.14737348000731385,-1.0741996791011386,0.3189455657981948,-0.7518443198078106,-1.16683561937358,1.312364315103852
2024-12-23,-0.15217978360397288,0.030748922352952457,0.17739058876639247,0.22500771058737168,-0.039791967924538096,0.38639743550410033,-0.14737348000731385,-1.0741996791011386,0.3189455657981948,-0.7518443198078106,-1.16683561937358,1.312364315103852
2024-12-24,-0.15138378034853572,0.029042822349118702,0.17942692816863426,0.23685765910723705,-0.03696906291776676,0.382267483904346,-0.14737348000731385,-1.0741996791011386,0.3189455657981948,-0.7518443198078106,-1.16683561937358,1.312364315103852
2024-12-25,-0.15030027826665038,0.02836360601020449,0.17942692816863426,0.2192999613570656,-0.03803383682770904,0.37840250434565,-0.14737348000731385,-1.0741996791011386,0.3189455657981948,-0.7518443198078106,-1.16683561937358,1.312364315103852
2024-12-26,-0.1497193356330877,0.028350879309407717,0.17824455658989113,0.23571603915324904,-0.03848640523017216,0.3738100744439479,-0.14737348000731385,-1.0741996791011386,0.3189455657981948,-0.7518443198078106,-1.16683561937358,1.312364315103852
2024-12-27,-0.15397954572305905,0.031032291517422705,0.17703304071533388,0.24062022008938963,-0.037697000301162464,0.3702193458092576,-0.14737348000731385,-1.0741996791011386,0.3189455657981948,-0.7518443198078106,-1.16683561937358,1.312364315103852
2024-12-28,-0.15397954572305905,0.031032291517422705,0.17703304071533388,0.24062022008938963,-0.037697000301162464,0.37494310384763235,-0.14737348000731385,-1.0741996791011386,0.3189455657981948,-0.7518443198078106,-1.16683561937358,1.312364315103852
2024-12-29,-0.15397954572305905,0.031032291517422705,0.17703304071533388,0.24062022008938963,-0.037697000301162464,0.3727075884248258,-0.14737348000731385,-1.0741996791011386,0.3189455657981948,-0.7518443198078106,-1.16683561937358,1.312364315103852
2024-12-30,-0.15295419046044423,0.029463719214526618,0.17825528557172,0.23123307540516747,-0.0382477581202564,0.3815341323860648,-0.14737348000731385,-1.0741996791011386,0.3189455657981948,-0.7518443198078106,-1.16683561937358,1.312364315103852
2024-12-31,-0.15555448589307075,0.031442113487525125,0.18155686700148055,0.4024444323013814,-0.042572061709074155,0.38158100131493483,-0.20594159421740726,-1.053592947420426,0.2545802092250596,-0.8404558593850774,-1.7455750484419241,1.84398763142282
2025-01-01,-0.15555448589307075,0.031442113487525125,0.18155686700148055,0.4024444323013814,-0.042572061709074155,0.38117275756007896,-0.20594159421740726,-1.053592947420426,0.2545802092250596,-0.8404558593850774,-1.7455750484419241,1.84398763142282
2025-01-02,-0.16015244327228195,0.03450360248340645,0.1899173157188384,0.3180631449784101,-0.04844758624441344,0.38496080341165556,-0.20594159421740726,-1.053592947420426,0.2545802092250596,-0.8404558593850774,-1.7455750484419241,1.84398763142282
2025-01-03,-0.16174117002526567,0.035139854524042446,0.18587687474401338,0.2817282659078112,-0.052245675127525,0.3821398087913463,-0.20594159421740726,-1.053592947420426,0.2545802092250596,-0.8404558593850774,-1.7455750484419241,1.84398763142282
2025-01-04,-0.16174117002526567,0.035139854524042446,0.18587687474401338,0.2817282659078112,-0.052245675127525,0.3827545982763217,-0.20594159421740726,-1.053592947420426,0.2545802092250596,-0.8404558593850774,-1.7455750484419241,1.84398763142282
2025-01-05,-0.16174117002526567,0.035139854524042446,0.18587687474401338,0.2817282659078112,-0.052245675127525,0.3837792281883401,-0.20594159421740726,-1.053592947420426,0.2545802092250596,-0.8404558593850774,-1.7455750484419241,1.84398763142282
2025-01-06,-0.1625035545854422,0.03489997727036065,0.1794979188735384,0.2816991711181649,-0.04718930158975776,0.39117345201221193,-0.20594159421740726,-1.053592947420426,0.2545802092250596,-0.8404558593850774,-1.7455750484419241,1.84398763142282
2025-01-07,-0.16158641353547387,0.03331652413220598,0.18213054309183363,0.2957200115932151,-0.04456201437135915,0.3894770189674121,-0.20594159421740726,-1.053592947420426,0.2545802092250596,-0.8404558593850774,-1.7455750484419241,1.84398763142282
2025-01-08,-0.16117583494551802,0.03291932889237148,0.18717927998630768,0.28875676084522967,-0.04602741260063799,0.3877398947378475,-0.20594159421740726,-1.053592947420426,0.2545802092250596,-0.8404558593850774,-1.7455750484419241,1.84398763142282
2025-01-09,-0.15888086627314424,0.03080517337479516,0.18799512011830877,0.2938224091004171,-0.044909983601225875,0.3820420426257959,-0.20594159421740726,-1.053592947420426,0.2545802092250596,-0.8404558593850774,-1.7455750484419241,1.84398763142282
2025-01-10,-0.15854852529503483,0.03129348950858779,0.19230913655004023,0.26890408010933314,-0.04363262883258456,0.3834593217920376,-0.20594159421740726,-1.053592947420426,0.2545802092250596,-0.8404558593850774,-1.7455750484419241,1.84398763142282
2025-01-11,-0.15854852529503483,0.03129348950858779,0.19230913655004023,0.26890408010933314,-0.04363262883258456,0.38386498545718123,-0.20594159421740726,-1.053592947420426,0.2545802092250596,-0.8404558593850774,-1.7455750484419241,1.84398763142282
2025-01-12,-0.15854852529503483,0.03129348950858779,0.19230913655004023,0.26890408010933314,-0.04363262883258456,0.3746172260528371,-0.20594159421740726,-1.053592947420426,0.2545802092250596,-0.8404558593850774,-1.7455750484419241,1.84398763142282
2025-01-13,-0.15788922547891038,0.030948123387092852,0.19509983422445876,0.27595978568586366,-0.043545930348363765,0.39988889958305684,-0.20594159421740726,-1.053592947420426,0.2545802092250596,-0.8404558593850774,-1.7455750484419241,1.84398763142282
2025-01-14,-0.15782100927653442,0.03152366131862794,0.18888825868515202,0.3311930451554471,-0.03914789081763592,0.4058090178843633,-0.20594159421740726,-1.053592947420426,0.2545802092250596,-0.8404558593850774,-1.7455750484419241,1.84398763142282
2025-01-15,-0.15951438176054,0.03303262238191562,0.1872135540463118,0.32318632555107596,-0.039783871466711904,0.39946005310039107,-0.20594159421740726,-1.053592947420426,0.2545802092250596,-0.8404558593850774,-1.7455750484419241,1.84398763142282
2025-01-16,-0.1586756575170245,0.03293819172472345,0.18599437721983814,0.3268129209725765,-0.035061971114991895,0.41154051755456605,-0.20594159421740726,-1.053592947420426,0.2545802092250596,-0.8404558593850774,-1.7455750484419241,1.84398763142282
2025-01-17,-0.15744499401385403,0.0321856905257506,0.1895737709256119,0.3388295949060031,-0.032926539277431055,0.41785941146908934,-0.20594159421740726,-1.053592947420426,0.2545802092250596,-0.8404558593850774,-1.7455750484419241,1.84398763142282
2025-01-18,-0.15744499401385403,0.0321856905257506,0.1895737709256119,0.3388295949060031,-0.032926539277431055,0.4149179125668945,-0.20594159421740726,-1.053592947420426,0.2545802092250596,-0.8404558593850774,-1.7455750484419241,1.84398763142282
2025-01-19,-0.15744499401385403,0.0321856905257506,0.1895737709256119,0.3388295949060031,-0.032926539277431055,0.40706521729187156,-0.20594159421740726,-1.053592947420426,0.2545802092250596,-0.8404558593850774,-1.7455750484419241,1.84398763142282
2025-01-20,-0.15598189724098743,0.03159152366869611,0.1895737709256119,0.3473142314842806,-0.03277344298197602,0.41069626637630086,-0.20594159421740726,-1.053592947420426,0.2545802092250596,-0.8404558593850774,-1.7455750484419241,1.84398763142282
2025-01-21,-0.15655020460258062,0.03268000751952804,0.17782219109260322,0.35557163074462605,-0.031855003614105176,0.4105310399423839,-0.20594159421740726,-1.053592947420426,0.2545802092250596,-0.8404558593850774,-1.7455750484419241,1.84398763142282
2025-01-22,-0.15710696048430872,0.03255352833601466,0.17879385550747617,0.34713602589769593,-0.03857884510568034,0.40863041691605634,-0.20594159421740726,-1.053592947420426,0.2545802092250596,-0.8404558593850774,-1.7455750484419241,1.84398763142282
2025-01-23,-0.15692085498961406,0.03231913516776952,0.1776844598507601,0.3377735504402374,-0.0402748788835693,0.40993972915834664,-0.20594159421740726,-1.053592947420426,0.2545802092250596,-0.8404558593850774,-1.7455750484419241,1.84398763142282
2025-01-24,-0.1562932166402562,0.03184157842299229,0.1720943000129117,0.35967290064841567,-0.03306160789349803,0.41225576700589195,-0.20594159421740726,-1.053592947420426,0.2545802092250596,-0.8404558593850774,-1.7455750484419241,1.84398763142282
2025-01-25,-0.1562932166402562,0.03184157842299229,0.1720943000129117,0.35967290064841567,-0.03306160789349803,0.41631253868826573,-0.20594159421740726,-1.053592947420426,0.2545802092250596,-0.8404558593850774,-1.7455750484419241,1.84398763142282
2025-01-26,-0.1562932166402562,0.03184157842299229,0.1720943000129117,0.35967290064841567,-0.03306160789349803,0.41994614476283393,-0.20594159421740726,-1.053592947420426,0.2545802092250596,-0.8404558593850774,-1.7455750484419241,1.84398763142282
2025-01-27,-0.1588746081581669,0.03430107469956323,0.17114495943232477,0.3421771607786056,-0.035949029681890204,0.42103318328993367,-0.20594159421740726,-1.053592947420426,0.2545802092250596,-0.8404558593850774,-1.7455750484419241,1.84398763142282
2025-01-28,-0.1588746081581669,0.03430107469956323,0.17114495943232477,0.3421771607786056,-0.03544972301977989,0.4181910158151287,-0.20594159421740726,-1.053592947420426,0.2545802092250596,-0.8404558593850774,-1.7455750484419241,1.84398763142282
2025-01-29,-0.1588746081581669,0.03430107469956323,0.17114495943232477,0.3421771607786056,-0.034981487302144884,0.4181910158151287,-0.20594159421740726,-1.053592947420426,0.2545802092250596,-0.8404558593850774,-1.7455750484419241,1.84398763142282
2025-01-30,-0.1588746081581669,0.03430107469956323,0.17114495943232477,0.3421771607786056,-0.03413669855888434,0.4189529772254112,-0.20594159421740726,-1.053592947420426,0.2545802092250596,-0.8404558593850774,-1.7455750484419241,1.84398763142282
2025-01-31,-0.1588746081581669,0.03430107469956323,0.17114495943232477,0.3421771607786056,-0.034660429696264816,0.41933524317406495,-0.3515385957489148,-1.0434688174703712,0.13278136947568242,-1.5086120653918573,-1.8214780482589363,1.622445696694988
2025-02-01,-0.1588746081581669,0.03430107469956323,0.17114495943232477,0.3421771607786056,-0.034660429696264816,0.4199084219706474,-0.3515385957489148,-1.0434688174703712,0.13278136947568242,-1.5086120653918573,-1.8214780482589363,1.622445696694988
2025-02-02,-0.1588746081581669,0.03430107469956323,0.17114495943232477,0.3421771607786056,-0.034660429696264816,0.41457065373785007,-0.3515385957489148,-1.0434688174703712,0.13278136947568242,-1.5086120653918573,-1.8214780482589363,1.622445696694988
2025-02-03,-0.1588746081581669,0.03430107469956323,0.17114495943232477,0.3421771607786056,-0.034372790499383736,0.4193860222397241,-0.3515385957489148,-1.0434688174703712,0.13278136947568242,-1.5086120653918573,-1.8214780482589363,1.622445696694988
2025-02-04,-0.1588746081581669,0.03430107469956323,0.17114495943232477,0.3421771607786056,-0.030472698399760197,0.42110309716769495,-0.3515385957489148,-1.0434688174703712,0.13278136947568242,-1.5086120653918573,-1.8214780482589363,1.622445696694988
2025-02-05,-0.15973908022339622,0.03511905402404858,0.17336219236289174,0.3568315140077343,-0.028884133696736855,0.402635125582342,-0.3515385957489148,-1.0434688174703712,0.13278136947568242,-1.5086120653918573,-1.8214780482589363,1.622445696694988
2025-02-06,-0.16015601894179943,0.03609374890872752,0.17438469675501278,0.3927656824588806,-0.021283067556344303,0.40303815407240157,-0.3515385957489148,-1.0434688174703712,0.13278136947568242,-1.5086120653918573,-1.8214780482589363,1.622445696694988
2025-02-07,-0.16090283936085803,0.03553746701425442,0.1776440825790061,0.4123847285285199,-0.013537630074875863,0.39831733163087935,-0.3515385957489148,-1.0434688174703712,0.13278136947568242,-1.5086120653918573,-1.8214780482589363,1.622445696694988
2025-02-08,-0.16090283936085803,0.03553746701425442,0.1776440825790061,0.4123847285285199,-0.013537630074875863,0.39597475242612057,-0.3515385957489148,-1.0434688174703712,0.13278136947568242,-1.5086120653918573,-1.8214780482589363,1.622445696694988
2025-02-09,-0.16090283936085803,0.03553746701425442,0.1776440825790061,0.4123847285285199,-0.013537630074875863,0.3835786092834902,-0.3515385957489148,-1.0434688174703712,0.13278136947568242,-1.5086120653918573,-1.8214780482589363,1.622445696694988
2025-02-10,-0.15943267311468257,0.03374558495491953,0.18022645947645144,0.4299975924536386,-0.0029309927236494636,0.3877085302005068,-0.3515385957489148,-1.0434688174703712,0.13278136947568242,-1.5086120653918573,-1.8214780482589363,1.622445696694988
2025-02-11,-0.1593514989821727,0.03448603957062446,0.1769398707893327,0.42403990846408063,-0.006871316126977899,0.3830125592422007,-0.3515385957489148,-1.0434688174703712,0.13278136947568242,-1.5086120653918573,-1.8214780482589363,1.622445696694988
2025-02-12,-0.1589017391184816,0.034294118950339514,0.17670830997683218,0.44423944816811145,0.0008861286951615411,0.38522644404340933,-0.3515385957489148,-1.0434688174703712,0.13278136947568242,-1.5086120653918573,-1.8214780482589363,1.622445696694988
2025-02-13,-0.15863754967130983,0.03421619649320873,0.17091794884358902,0.427002494183319,0.003764001000996239,0.3738948822897247,-0.3515385957489148,-1.0434688174703712,0.13278136947568242,-1.5086120653918573,-1.8214780482589363,1.622445696694988
2025-02-14,-0.15748059834543793,0.03271301852742581,0.16529887193771542,0.4368610270407586,0.011062340480586894,0.36887953428630305,-0.3515385957489148,-1.0434688174703712,0.13278136947568242,-1.5086120653918573,-1.8214780482589363,1.622445696694988
2025-02-15,-0.15748059834543793,0.03271301852742581,0.16529887193771542,0.4368610270407586,0.011062340480586894,0.3709178725769304,-0.3515385957489148,-1.0434688174703712,0.13278136947568242,-1.5086120653918573,-1.8214780482589363,1.622445696694988
2025-02-16,-0.15748059834543793,0.03271301852742581,0.16529887193771542,0.4368610270407586,0.011062340480586894,0.3580956236575241,-0.3515385957489148,-1.0434688174703712,0.13278136947568242,-1.5086120653918573,-1.8214780482589363,1.622445696694988
2025-02-17,-0.15457224920518187,0.031075618142863415,0.16403376088907906,0.4464844792559493,0.00854301185218101,0.3708403886776609,-0.3515385957489148,-1.0434688174703712,0.13278136947568242,-1.5086120653918573,-1.8214780482589363,1.622445696694988
2025-02-18,-0.15335338646037788,0.030368359907635756,0.16852824833923152,0.4172737048080229,0.007530740536058491,0.372280542293476,-0.3515385957489148,-1.0434688174703712,0.13278136947568242,-1.5086120653918573,-1.8214780482589363,1.622445696694988
2025-02-19,-0.1540142530216565,0.031643718506343954,0.16963983688333084,0.4531393427606646,0.009003519608110766,0.37052089244897857,-0.3515385957489148,-1.0434688174703712,0.13278136947568242,-1.5086120653918573,-1.8214780482589363,1.622445696694988
2025-02-20,-0.15271215503033964,0.02993766987664359,0.16216593953978342,0.4638012248249977,0.009523881057360642,0.377380486237341,-0.3515385957489148,-1.0434688174703712,0.13278136947568242,-1.5086120653918573,-1.8214780482589363,1.622445696694988
2025-02-21,-0.14999372229041497,0.02912281000054806,0.16469480051823648,0.49198307781136197,0.012793560582941328,0.3771645885944553,-0.3515385957489148,-1.0434688174703712,0.13278136947568242,-1.5086120653918573,-1.8214780482589363,1.622445696694988
2025-02-22,-0.14999372229041497,0.02912281000054806,0.16469480051823648,0.49198307781136197,0.012793560582941328,0.375748767969601,-0.3515385957489148,-1.0434688174703712,0.13278136947568242,-1.5086120653918573,-1.8214780482589363,1.622445696694988
2025-02-23,-0.14999372229041497,0.02912281000054806,0.16469480051823648,0.49198307781136197,0.012793560582941328,0.3700774546983045,-0.3515385957489148,-1.0434688174703712,0.13278136947568242,-1.5086120653918573,-1.8214780482589363,1.622445696694988
2025-02-24,-0.1449800177250523,0.02668210766189949,0.164272823980132,0.4963676275571156,0.012838192890046278,0.36668020140427154,-0.3515385957489148,-1.0434688174703712,0.13278136947568242,-1.5086120653918573,-1.8214780482589363,1.622445696694988
2025-02-25,-0.14599670984057644,0.028348082380910133,0.1615710340442995,0.48984535566907245,0.007017859335985673,0.3595020754731426,-0.3515385957489148,-1.0434688174703712,0.13278136947568242,-1.5086120653918573,-1.8214780482589363,1.622445696694988
2025-02-26,-0.14746251266078103,0.029516592879042958,0.1625869500619086,0.513547487398972,0.013477760317046386,0.36239489110733564,-0.3515385957489148,-1.0434688174703712,0.13278136947568242,-1.5086120653918573,-1.8214780482589363,1.622445696694988
2025-02-27,-0.14692332016528287,0.028790527020774448,0.17036773490629287,0.5034194333802144,0.012528843324701194,0.3565919572501643,-0.3515385957489148,-1.0434688174703712,0.13278136947568242,-1.5086120653918573,-1.8214780482589363,1.622445696694988
2025-02-28,-0.14742123214729386,0.030254374101852055,0.1738178113674469,0.4544207842112816,0.0037396274126597177,0.35359336198632096,-0.35120372659061744,-1.176729018361238,0.004275292598262892,-1.1680245838887149,-1.6785525320472114,1.675221393187746
2025-03-01,-0.14742123214729386,0.030254374101852055,0.1738178113674469,0.4544207842112816,0.0037396274126597177,0.35628992840662527,-0.35120372659061744,-1.176729018361238,0.004275292598262892,-1.1680245838887149,-1.6785525320472114,1.675221393187746
2025-03-02,-0.14742123214729386,0.030254374101852055,0.1738178113674469,0.4544207842112816,0.0037396274126597177,0.3470652999988143,-0.35120372659061744,-1.176729018361238,0.004275292598262892,-1.1680245838887149,-1.6785525320472114,1.675221393187746
2025-03-03,-0.14918902600288808,0.032104464266060284,0.1657612388025389,0.4594024782240555,0.006666138633021595,0.34728229504015545,-0.35120372659061744,-1.176729018361238,0.004275292598262892,-1.1680245838887149,-1.6785525320472114,1.675221393187746
2025-03-04,-0.14909381654679799,0.03155609258754233,0.15635582225687483,0.4761038076476459,0.0027045743523725603,0.3398704838114824,-0.35120372659061744,-1.176729018361238,0.004275292598262892,-1.1680245838887149,-1.6785525320472114,1.675221393187746
2025-03-05,-0.14904573590708037,0.03199149429980552,0.15635582225687483,0.48175161460048754,0.009903382574352297,0.3381152593601245,-0.35120372659061744,-1.176729018361238,0.004275292598262892,-1.1680245838887149,-1.6785525320472114,1.675221393187746
2025-03-06,-0.14739300229700303,0.03024903316599381,0.14045878888350738,0.5077092936072544,0.021478936490632778,0.33836414440216045,-0.35120372659061744,-1.176729018361238,0.004275292598262892,-1.1680245838887149,-1.6785525320472114,1.675221393187746
2025-03-07,-0.14227738384262423,0.02681145924912065,0.13830622598831022,0.5009912453334575,0.018751522782871812,0.33203833808052635,-0.35120372659061744,-1.176729018361238,0.004275292598262892,-1.1680245838887149,-1.6785525320472114,1.675221393187746
2025-03-08,-0.14227738384262423,0.02681145924912065,0.13830622598831022,0.5009912453334575,0.018751522782871812,0.32977010445395905,-0.35120372659061744,-1.176729018361238,0.004275292598262892,-1.1680245838887149,-1.6785525320472114,1.675221393187746
2025-03-09,-0.14227738384262423,0.02681145924912065,0.13830622598831022,0.5009912453334575,0.018751522782871812,0.32997753039404704,-0.35120372659061744,-1.176729018361238,0.004275292598262892,-1.1680245838887149,-1.6785525320472114,1.675221393187746
2025-03-10,-0.1413822697606667,0.026790995408270457,0.13830622598831022,0.5056266938224574,0.015236088221936232,0.3317630010690698,-0.35120372659061744,-1.176729018361238,0.004275292598262892,-1.1680245838887149,-1.6785525320472114,1.675221393187746
2025-03-11,-0.1353303237322444,0.023634243320224013,0.13830622598831022,0.513446049992298,0.017389367791457944,0.32527514695945087,-0.35120372659061744,-1.176729018361238,0.004275292598262892,-1.1680245838887149,-1.6785525320472114,1.675221393187746
2025-03-12,-0.13784517771586502,0.026139145632300687,0.13612975879903466,0.5161126926252836,0.02506287970907983,0.3280166308825486,-0.35120372659061744,-1.176729018361238,0.004275292598262892,-1.1680245838887149,-1.6785525320472114,1.675221393187746
2025-03-13,-0.13795196489949613,0.025448301488935843,0.13821445941286314,0.4947451548597842,0.02534821332302874,0.3351832787129841,-0.35120372659061744,-1.176729018361238,0.004275292598262892,-1.1680245838887149,-1.6785525320472114,1.675221393187746
2025-03-14,-0.13733991086713737,0.024091349693984077,0.13715501494701576,0.5112334438206321,0.027979521845521556,0.3336053647107925,-0.35120372659061744,-1.176729018361238,0.004275292598262892,-1.1680245838887149,-1.6785525320472114,1.675221393187746
2025-03-15,-0.13733991086713737,0.024091349693984077,0.13715501494701576,0.5112334438206321,0.027979521845521556,0.3290669080937883,-0.35120372659061744,-1.176729018361238,0.004275292598262892,-1.1680245838887149,-1.6785525320472114,1.675221393187746
2025-03-16,-0.13733991086713737,0.024091349693984077,0.13715501494701576,0.5112334438206321,0.027979521845521556,0.32844102729140656,-0.35120372659061744,-1.176729018361238,0.004275292598262892,-1.1680245838887149,-1.6785525320472114,1.675221393187746
2025-03-17,-0.1331559341814077,0.019956417540050286,0.13379976320671993,0.5165525322314144,0.03280271477957368,0.33109856433764473,-0.35120372659061744,-1.176729018361238,0.004275292598262892,-1.1680245838887149,-1.6785525320472114,1.675221393187746
2025-03-18,-0.13240107188151085,0.019732302716166883,0.1325808408888327,0.5214335337342373,0.03439867865577688,0.33478042433850697,-0.35120372659061744,-1.176729018361238,0.004275292598262892,-1.1680245838887149,-1.6785525320472114,1.675221393187746
2025-03-19,-0.13276344942330665,0.01950890214376444,0.1343630267785696,0.508014394541453,0.036336283795575255,0.32148222841705737,-0.35120372659061744,-1.176729018361238,0.004275292598262892,-1.1680245838887149,-1.6785525320472114,1.675221393187746
2025-03-20,-0.13742473478424488,0.02237733831444655,0.13845282837968353,0.5035727944702184,0.03555029776969217,0.3268379637437971,-0.35120372659061744,-1.176729018361238,0.004275292598262892,-1.1680245838887149,-1.6785525320472114,1.675221393187746
2025-03-21,-0.13716909570084446,0.021260996584898995,0.140734944103172,0.4803410431120872,0.027336731784184817,0.33011594615377904,-0.35120372659061744,-1.176729018361238,0.004275292598262892,-1.1680245838887149,-1.6785525320472114,1.675221393187746
2025-03-22,-0.13716909570084446,0.021260996584898995,0.140734944103172,0.4803410431120872,0.027336731784184817,0.32380422898653977,-0.35120372659061744,-1.176729018361238,0.004275292598262892,-1.1680245838887149,-1.6785525320472114,1.675221393187746
2025-03-23,-0.13716909570084446,0.021260996584898995,0.140734944103172,0.4803410431120872,0.027336731784184817,0.32152469727366073,-0.35120372659061744,-1.176729018361238,0.004275292598262892,-1.1680245838887149,-1.6785525320472114,1.675221393187746
2025-03-24,-0.13736755288704594,0.02147123787799099,0.14240660654264636,0.4711936675377224,0.03069759238643413,0.33928587516025477,-0.35120372659061744,-1.176729018361238,0.004275292598262892,-1.1680245838887149,-1.6785525320472114,1.675221393187746
2025-03-25,-0.13872976745873533,0.021827129851007432,0.14165849121779162,0.46189827660277677,0.029151064217438512,0.3360320387804681,-0.35120372659061744,-1.176729018361238,0.004275292598262892,-1.1680245838887149,-1.6785525320472114,1.675221393187746
2025-03-26,-0.1406550409361642,0.023156978436114195,0.14514271144354596,0.4662696811122442,0.03206246488585824,0.34016742126480637,-0.35120372659061744,-1.176729018361238,0.004275292598262892,-1.1680245838887149,-1.6785525320472114,1.675221393187746
2025-03-27,-0.14035743943313395,0.023082104318191354,0.14311491533270582,0.46614033198718957,0.03191751655006959,0.33814941831592044,-0.35120372659061744,-1.176729018361238,0.004275292598262892,-1.1680245838887149,-1.6785525320472114,1.675221393187746
2025-03-28,-0.13964507559306483,0.0219171406856159,0.14032582250671266,0.45406884241845,0.028406688436661658,0.34185018035749165,-0.35120372659061744,-1.176729018361238,0.004275292598262892,-1.1680245838887149,-1.6785525320472114,1.675221393187746
2025-03-29,-0.13964507559306483,0.0219171406856159,0.14032582250671266,0.45406884241845,0.028406688436661658,0.3358563633539329,-0.35120372659061744,-1.176729018361238,0.004275292598262892,-1.1680245838887149,-1.6785525320472114,1.675221393187746
2025-03-30,-0.13964507559306483,0.0219171406856159,0.14032582250671266,0.45406884241845,0.028406688436661658,0.33464016371911387,-0.35120372659061744,-1.176729018361238,0.004275292598262892,-1.1680245838887149,-1.6785525320472114,1.675221393187746
2025-03-31,-0.13922344388788344,0.02126473586759936,0.14192130134258985,0.40074422744014515,0.02302272684166553,0.33408987052198796,-0.1311139910753566,-1.293618868363937,-0.0657309874514788,-1.4149610069760736,-1.5148500357531258,1.0171683863696463
2025-04-01,-0.13958907564528666,0.021305704438486672,0.14240110174562226,0.41556153778176624,0.0274764463505271,0.3398169627844403,-0.1311139910753566,-1.293618868363937,-0.0657309874514788,-1.4149610069760736,-1.5148500357531258,1.0171683863696463
2025-04-02,-0.14149461532134477,0.02337199831881931,0.1380561947822614,0.41819369607822826,0.025274786335376165,0.337627002664115,-0.1311139910753566,-1.293618868363937,-0.0657309874514788,-1.4149610069760736,-1.5148500357531258,1.0171683863696463
2025-04-03,-0.14766016557057937,0.027804513264278463,0.12134248568749895,0.4037314385686928,0.01694503677252375,0.34200509931144357,-0.1311139910753566,-1.293618868363937,-0.0657309874514788,-1.4149610069760736,-1.5148500357531258,1.0171683863696463
2025-04-04,-0.14766016557057937,0.027804513264278463,0.12134248568749895,0.4037314385686928,0.00895741767206791,0.3323503801486914,-0.1311139910753566,-1.293618868363937,-0.0657309874514788,-1.4149610069760736,-1.5148500357531258,1.0171683863696463
2025-04-05,-0.14766016557057937,0.027804513264278463,0.12134248568749895,0.4037314385686928,0.00895741767206791,0.33557553853063316,-0.1311139910753566,-1.293618868363937,-0.0657309874514788,-1.4149610069760736,-1.5148500357531258,1.0171683863696463
2025-04-06,-0.14766016557057937,0.027804513264278463,0.12134248568749895,0.4037314385686928,0.00895741767206791,0.33577554317656366,-0.1311139910753566,-1.293618868363937,-0.0657309874514788,-1.4149610069760736,-1.5148500357531258,1.0171683863696463
2025-04-07,-0.15427702326187398,0.031338180824508455,0.13294214083288658,0.24806739080251833,-0.03163148095556225,0.3075327853901717,-0.1311139910753566,-1.293618868363937,-0.0657309874514788,-1.4149610069760736,-1.5148500357531258,1.0171683863696463
2025-04-08,-0.15208777832626152,0.02835390736676857,0.1300270559952016,0.25408694503752904,-0.03150979317101868,0.29042964812611993,-0.1311139910753566,-1.293618868363937,-0.0657309874514788,-1.4149610069760736,-1.5148500357531258,1.0171683863696463
2025-04-09,-0.15295355314772485,0.02957807537517776,0.12949284201822142,0.2845416531952031,-0.036165411131874665,0.2868570894039473,-0.1311139910753566,-1.293618868363937,-0.0657309874514788,-1.4149610069760736,-1.5148500357531258,1.0171683863696463
2025-04-10,-0.15303526569238501,0.02990293128801791,0.10973579634280839,0.31436381258279344,-0.018931776413761703,0.30226827047478333,-0.1311139910753566,-1.293618868363937,-0.0657309874514788,-1.4149610069760736,-1.5148500357531258,1.0171683863696463
2025-04-11,-0.15297140363443018,0.029615318722326922,0.10215155174348456,0.3324353138019319,-0.01686397643406674,0.2959049061342591,-0.1311139910753566,-1.293618868363937,-0.0657309874514788,-1.4149610069760736,-1.5148500357531258,1.0171683863696463
2025-04-12,-0.15297140363443018,0.029615318722326922,0.10215155174348456,0.3324353138019319,-0.01686397643406674,0.2895038973039067,-0.1311139910753566,-1.293618868363937,-0.0657309874514788,-1.4149610069760736,-1.5148500357531258,1.0171683863696463
2025-04-13,-0.15297140363443018,0.029615318722326922,0.10215155174348456,0.3324353138019319,-0.01686397643406674,0.2870661681985816,-0.1311139910753566,-1.293618868363937,-0.0657309874514788,-1.4149610069760736,-1.5148500357531258,1.0171683863696463
2025-04-14,-0.15282113037189426,0.029808307711986948,0.09753625934173427,0.3507862827445115,-0.011133633439494533,0.29927676200683084,-0.1311139910753566,-1.293618868363937,-0.0657309874514788,-1.4149610069760736,-1.5148500357531258,1.0171683863696463
2025-04-15,-0.15270746913685684,0.02965907911455745,0.10330703413097553,0.3420573638585853,-0.017635345025238135,0.2961661891975813,-0.1311139910753566,-1.293618868363937,-0.0657309874514788,-1.4149610069760736,-1.5148500357531258,1.0171683863696463
2025-04-16,-0.15423596377162463,0.030420219706421392,0.0949749481159079,0.3196635774962351,-0.01855755948347901,0.3018966635310755,-0.1311139910753566,-1.293618868363937,-0.0657309874514788,-1.4149610069760736,-1.5148500357531258,1.0171683863696463
2025-04-17,-0.15321914785001334,0.029127426421972413,0.09493469856871539,0.3196513524264893,-0.013593164350853811,0.2961946201066402,-0.1311139910753566,-1.293618868363937,-0.0657309874514788,-1.4149610069760736,-1.5148500357531258,1.0171683863696463
2025-04-18,-0.15347924443317051,0.02917104153894068,0.09493469856871539,0.31567281521215707,-0.011263582738129288,0.3051536981072327,-0.1311139910753566,-1.293618868363937,-0.0657309874514788,-1.4149610069760736,-1.5148500357531258,1.0171683863696463
2025-04-19,-0.15347924443317051,0.02917104153894068,0.09493469856871539,0.31567281521215707,-0.011263582738129288,0.30257387861546975,-0.1311139910753566,-1.293618868363937,-0.0657309874514788,-1.4149610069760736,-1.5148500357531258,1.0171683863696463
2025-04-20,-0.15347924443317051,0.02917104153894068,0.09493469856871539,0.31567281521215707,-0.011263582738129288,0.2967957301065877,-0.1311139910753566,-1.293618868363937,-0.0657309874514788,-1.4149610069760736,-1.5148500357531258,1.0171683863696463
2025-04-21,-0.15279960197767117,0.028560097140764573,0.08388575314929825,0.34721419623614347,-0.0075983447104713804,0.30969897523064793,-0.1311139910753566,-1.293618868363937,-0.0657309874514788,-1.4149610069760736,-1.5148500357531258,1.0171683863696463
2025-04-22,-0.1529170233663999,0.029534701290346188,0.09039789218346672,0.34333297758778264,0.0005466327173115461,0.30093718671977476,-0.1311139910753566,-1.293618868363937,-0.0657309874514788,-1.4149610069760736,-1.5148500357531258,1.0171683863696463
2025-04-23,-0.15242015439234502,0.02876511079468891,0.09975918133205441,0.3488088010325487,0.005957673229214279,0.3139040155531231,-0.1311139910753566,-1.293618868363937,-0.0657309874514788,-1.4149610069760736,-1.5148500357531258,1.0171683863696463
2025-04-24,-0.15193807406065873,0.028666561066240326,0.0950818847493855,0.33493014819665895,0.005358215067240831,0.30382947960642404,-0.1311139910753566,-1.293618868363937,-0.0657309874514788,-1.4149610069760736,-1.5148500357531258,1.0171683863696463
2025-04-25,-0.1522737186722466,0.02960251455861651,0.0960277776622327,0.33906244085808324,0.004387158697658065,0.3026722569485529,-0.1311139910753566,-1.293618868363937,-0.0657309874514788,-1.4149610069760736,-1.5148500357531258,1.0171683863696463
2025-04-26,-0.1522737186722466,0.02960251455861651,0.0960277776622327,0.33906244085808324,0.004387158697658065,0.29714527496801485,-0.1311139910753566,-1.293618868363937,-0.0657309874514788,-1.4149610069760736,-1.5148500357531258,1.0171683863696463
2025-04-27,-0.1522737186722466,0.02960251455861651,0.0960277776622327,0.33906244085808324,0.004387158697658065,0.29934501339004516,-0.1311139910753566,-1.293618868363937,-0.0657309874514788,-1.4149610069760736,-1.5148500357531258,1.0171683863696463
2025-04-28,-0.1525303019603098,0.0304635790182326,0.09139326106945689,0.3254672431339749,0.0007777361177802524,0.3089301033218525,-0.1311139910753566,-1.293618868363937,-0.0657309874514788,-1.4149610069760736,-1.5148500357531258,1.0171683863696463
2025-04-29,-0.15459653608652946,0.03241227360283783,0.093685958776759,0.33111842403079683,0.001924753864331462,0.30042802961024645,-0.1311139910753566,-1.293618868363937,-0.0657309874514788,-1.4149610069760736,-1.5148500357531258,1.0171683863696463
2025-04-30,-0.15519759342233586,0.03253574186831054,0.09601371959177774,0.347088177237615,-0.0012856572096927095,0.2878515227022975,-0.09342777923715202,-1.2666664649410315,0.033916732872369536,-1.5527078552288853,-1.830861200554196,0.10045647146617656
2025-05-01,-0.15519759342233586,0.03253574186831054,0.09601371959177774,0.347088177237615,-0.0036689279705036174,0.28706165988414284,-0.09342777923715202,-1.2666664649410315,0.033916732872369536,-1.5527078552288853,-1.830861200554196,0.10045647146617656
2025-05-02,-0.15519759342233586,0.03253574186831054,0.09601371959177774,0.347088177237615,0.00025787364090567016,0.28251985773121363,-0.09342777923715202,-1.2666664649410315,0.033916732872369536,-1.5527078552288853,-1.830861200554196,0.10045647146617656
2025-05-03,-0.15519759342233586,0.03253574186831054,0.09601371959177774,0.347088177237615,0.00025787364090567016,0.28769950926999865,-0.09342777923715202,-1.2666664649410315,0.033916732872369536,-1.5527078552288853,-1.830861200554196,0.10045647146617656
2025-05-04,-0.15519759342233586,0.03253574186831054,0.09601371959177774,0.347088177237615,0.00025787364090567016,0.28632258897432683,-0.09342777923715202,-1.2666664649410315,0.033916732872369536,-1.5527078552288853,-1.830861200554196,0.10045647146617656
2025-05-05,-0.15519759342233586,0.03253574186831054,0.09601371959177774,0.347088177237615,0.0004081113769496287,0.2894469516974231,-0.09342777923715202,-1.2666664649410315,0.033916732872369536,-1.5527078552288853,-1.830861200554196,0.10045647146617656
2025-05-06,-0.1551788509486104,0.03237999493473365,0.09370141814809729,0.37891007760394546,0.008192963100317996,0.2825126553864396,-0.09342777923715202,-1.2666664649410315,0.033916732872369536,-1.5527078552288853,-1.830861200554196,0.10045647146617656
2025-05-07,-0.1536241336138402,0.030971131506426164,0.09749028934663007,0.3741402409826482,0.008298064718151397,0.2930158103077814,-0.09342777923715202,-1.2666664649410315,0.033916732872369536,-1.5527078552288853,-1.830861200554196,0.10045647146617656
2025-05-08,-0.15463688356315575,0.03150616437234344,0.10779004640889034,0.3826687826501207,0.006233026004682762,0.2818652160358971,-0.09342777923715202,-1.2666664649410315,0.033916732872369536,-1.5527078552288853,-1.830861200554196,0.10045647146617656
2025-05-09,-0.1548244137437942,0.030824582895712216,0.10479918790332599,0.3639732332470299,0.001793729354800374,0.27819035461102587,-0.09342777923715202,-1.2666664649410315,0.033916732872369536,-1.5527078552288853,-1.830861200554196,0.10045647146617656
2025-05-10,-0.1548244137437942,0.030824582895712216,0.10479918790332599,0.3639732332470299,0.001793729354800374,0.2809194390385409,-0.09342777923715202,-1.2666664649410315,0.033916732872369536,-1.5527078552288853,-1.830861200554196,0.10045647146617656
2025-05-11,-0.1548244137437942,0.030824582895712216,0.10479918790332599,0.3639732332470299,0.001793729354800374,0.27762998939353756,-0.09342777923715202,-1.2666664649410315,0.033916732872369536,-1.5527078552288853,-1.830861200554196,0.10045647146617656
2025-05-12,-0.15262040978764924,0.028629703000815243,0.1192402327612575,0.37895577920876666,0.010108763628648494,0.29398626466723765,-0.09342777923715202,-1.2666664649410315,0.033916732872369536,-1.5527078552288853,-1.830861200554196,0.10045647146617656
2025-05-13,-0.15215533458639852,0.028235763262311586,0.11152812524367195,0.37689649030965044,0.0076823492761530915,0.2962803531356415,-0.09342777923715202,-1.2666664649410315,0.033916732872369536,-1.5527078552288853,-1.830861200554196,0.10045647146617656
2025-05-14,-0.15139300835401026,0.027269436491279664,0.11188455030035338,0.37225963966211345,0.013858208329560223,0.30950883521572875,-0.09342777923715202,-1.2666664649410315,0.033916732872369536,-1.5527078552288853,-1.830861200554196,0.10045647146617656
2025-05-15,-0.1516159542882103,0.02704172551112194,0.11030100335313497,0.34926862139783393,0.009115406976718195,0.30667548676275036,-0.09342777923715202,-1.2666664649410315,0.033916732872369536,-1.5527078552288853,-1.830861200554196,0.10045647146617656
2025-05-16,-0.15081559690183333,0.026273448515232722,0.11241244379168014,0.3546742492808329,0.007530053442719184,0.29797996071504207,-0.09342777923715202,-1.2666664649410315,0.033916732872369536,-1.5527078552288853,-1.830861200554196,0.10045647146617656
2025-05-17,-0.15081559690183333,0.026273448515232722,0.11241244379168014,0.3546742492808329,0.007530053442719184,0.29206374581744166,-0.09342777923715202,-1.2666664649410315,0.033916732872369536,-1.5527078552288853,-1.830861200554196,0.10045647146617656
2025-05-18,-0.15081559690183333,0.026273448515232722,0.11241244379168014,0.3546742492808329,0.007530053442719184,0.28855626921466165,-0.09342777923715202,-1.2666664649410315,0.033916732872369536,-1.5527078552288853,-1.830861200554196,0.10045647146617656
2025-05-19,-0.1515422371132743,0.027162385911600362,0.10582438538943273,0.3630961392645712,0.009822483801543458,0.29877952975970257,-0.09342777923715202,-1.2666664649410315,0.033916732872369536,-1.5527078552288853,-1.830861200554196,0.10045647146617656
2025-05-20,-0.15151966366491676,0.026783979774262612,0.10275745053192564,0.37229316001464285,0.012162179838738144,0.29493426044956633,-0.09342777923715202,-1.2666664649410315,0.033916732872369536,-1.5527078552288853,-1.830861200554196,0.10045647146617656
2025-05-21,-0.1506863083846799,0.026081421530626092,0.09717403895758336,0.36898463549381016,0.013961778016270637,0.29403232003401397,-0.09342777923715202,-1.2666664649410315,0.033916732872369536,-1.5527078552288853,-1.830861200554196,0.10045647146617656
2025-05-22,-0.15004523808910974,0.02578172758507502,0.10120180138990997,0.35140288196123515,0.00964620326288473,0.2915528339232327,-0.09342777923715202,-1.2666664649410315,0.033916732872369536,-1.5527078552288853,-1.830861200554196,0.10045647146617656
2025-05-23,-0.150069729307595,0.025230661215533745,0.09271840803256703,0.33896858387100104,0.010359715105512639,0.2934724729638007,-0.09342777923715202,-1.2666664649410315,0.033916732872369536,-1.5527078552288853,-1.830861200554196,0.10045647146617656
2025-05-24,-0.150069729307595,0.025230661215533745,0.09271840803256703,0.33896858387100104,0.010359715105512639,0.2885526446948063,-0.09342777923715202,-1.2666664649410315,0.033916732872369536,-1.5527078552288853,-1.830861200554196,0.10045647146617656
2025-05-25,-0.150069729307595,0.025230661215533745,0.09271840803256703,0.33896858387100104,0.010359715105512639,0.28625289500243256,-0.09342777923715202,-1.2666664649410315,0.033916732872369536,-1.5527078552288853,-1.830861200554196,0.10045647146617656
2025-05-26,-0.14965433073690515,0.025183667170392,0.09271840803256703,0.348792807661734,0.010446623285055958,0.2825699833426848,-0.09342777923715202,-1.2666664649410315,0.033916732872369536,-1.5527078552288853,-1.830861200554196,0.10045647146617656
2025-05-27,-0.14924535590676158,0.024587239874578892,0.09684505263665144,0.34346885551352596,0.010064249700790631,0.28527393225485065,-0.09342777923715202,-1.2666664649410315,0.033916732872369536,-1.5527078552288853,-1.830861200554196,0.10045647146617656
2025-05-28,-0.14883904191937902,0.024118000167061004,0.10040209084969198,0.33981640779399624,0.0070388506805166996,0.2779998079323905,-0.09342777923715202,-1.2666664649410315,0.033916732872369536,-1.5527078552288853,-1.830861200554196,0.10045647146617656
2025-05-29,-0.1472895170095636,0.02297078088380755,0.0944246190098923,0.36708374669194055,0.009219600695111522,0.27952193733607233,-0.09342777923715202,-1.2666664649410315,0.033916732872369536,-1.5527078552288853,-1.830861200554196,0.10045647146617656
2025-05-30,-0.14912859616647767,0.024751833307265603,0.09493832798871926,0.3552696846671359,0.004469931397603297,0.27351254093673255,-0.09342777923715202,-1.2666664649410315,0.033916732872369536,-1.5527078552288853,-1.830861200554196,0.10045647146617656
2025-05-31,-0.14912859616647767,0.024751833307265603,0.09493832798871926,0.3552696846671359,0.004469931397603297,0.26930457097581095,-0.18970272277630493,-1.2797998743445134,0.17163528988784135,-1.5459884967775286,-1.7522773000813954,0.07358532929587042
2025-06-01,-0.14912859616647767,0.024751833307265603,0.09493832798871926,0.3552696846671359,0.004469931397603297,0.27066059853575464,-0.18970272277630493,-1.2797998743445134,0.17163528988784135,-1.5459884967775286,-1.7522773000813954,0.07358532929587042
2025-06-02,-0.14912859616647767,0.024751833307265603,0.09493832798871926,0.3552696846671359,0.0074751957898426535,0.27258237257850826,-0.18970272277630493,-1.2797998743445134,0.17163528988784135,-1.5459884967775286,-1.7522773000813954,0.07358532929587042
2025-06-03,-0.14923890806630324,0.024533556659457778,0.09391143755390174,0.3653735076336727,0.009936214294803288,0.27186741893389954,-0.18970272277630493,-1.2797998743445134,0.17163528988784135,-1.5459884967775286,-1.7522773000813954,0.07358532929587042
2025-06-04,-0.14974986922005717,0.025193299960993176,0.08947716059299393,0.37878765163666794,0.013715521165822189,0.28443860180377567,-0.18970272277630493,-1.2797998743445134,0.17163528988784135,-1.5459884967775286,-1.7522773000813954,0.07358532929587042
2025-06-05,-0.14933904765230177,0.025328644428884273,0.08901151227894444,0.38586452104361924,0.01613408500037944,0.2790323714807917,-0.18970272277630493,-1.2797998743445134,0.17163528988784135,-1.5459884967775286,-1.7522773000813954,0.07358532929587042
2025-06-06,-0.15032787550010718,0.026146482690409645,0.09355876215488246,0.38320497683822813,0.016555023907560612,0.27828795569132975,-0.18970272277630493,-1.2797998743445134,0.17163528988784135,-1.5459884967775286,-1.7522773000813954,0.07358532929587042
2025-06-07,-0.15032787550010718,0.026146482690409645,0.09355876215488246,0.38320497683822813,0.016555023907560612,0.2758351615599612,-0.18970272277630493,-1.2797998743445134,0.17163528988784135,-1.5459884967775286,-1.7522773000813954,0.07358532929587042
2025-06-08,-0.15032787550010718,0.026146482690409645,0.09355876215488246,0.38320497683822813,0.016555023907560612,0.2746943283565006,-0.18970272277630493,-1.2797998743445134,0.17163528988784135,-1.5459884967775286,-1.7522773000813954,0.07358532929587042
2025-06-09,-0.15095881943932565,0.026679070710833752,0.09102826512897255,0.4012685470981408,0.01964033343050571,0.2824443922537116,-0.18970272277630493,-1.2797998743445134,0.17163528988784135,-1.5459884967775286,-1.7522773000813954,0.07358532929587042
2025-06-10,-0.15113104322484228,0.026440424115462324,0.09263531593805696,0.3793278770305698,0.018599607570236782,0.280231716701792,-0.18970272277630493,-1.2797998743445134,0.17163528988784135,-1.5459884967775286,-1.7522773000813954,0.07358532929587042
2025-06-11,-0.15170125985070304,0.026881299581996476,0.08792280912661776,0.38347121169047466,0.02072366660611796,0.28184200962633116,-0.18970272277630493,-1.2797998743445134,0.17163528988784135,-1.5459884967775286,-1.7522773000813954,0.07358532929587042
2025-06-12,-0.15156678046460625,0.026843542259911812,0.08072426100280283,0.3895888293881792,0.015978902628807006,0.28791043520860404,-0.18970272277630493,-1.2797998743445134,0.17163528988784135,-1.5459884967775286,-1.7522773000813954,0.07358532929587042
2025-06-13,-0.15177087802888523,0.026773494974030143,0.08341009958696743,0.36720709282575786,0.011110116691658803,0.2856295679573593,-0.18970272277630493,-1.2797998743445134,0.17163528988784135,-1.5459884967775286,-1.7522773000813954,0.07358532929587042
2025-06-14,-0.15177087802888523,0.026773494974030143,0.08341009958696743,0.36720709282575786,0.011110116691658803,0.28105956722867675,-0.18970272277630493,-1.2797998743445134,0.17163528988784135,-1.5459884967775286,-1.7522773000813954,0.07358532929587042
2025-06-15,-0.15177087802888523,0.026773494974030143,0.08341009958696743,0.36720709282575786,0.011110116691658803,0.2799490531658652,-0.18970272277630493,-1.2797998743445134,0.17163528988784135,-1.5459884967775286,-1.7522773000813954,0.07358532929587042
2025-06-16,-0.15180002887416577,0.026711153519924258,0.08151569724035301,0.37280131103200675,0.017369993323872582,0.30433260132526413,-0.18970272277630493,-1.2797998743445134,0.17163528988784135,-1.5459884967775286,-1.7522773000813954,0.07358532929587042
2025-06-17,-0.152508091668898,0.027443364471402942,0.08990362352456271,0.3691153867774019,0.01582644417946831,0.29774390869727485,-0.18970272277630493,-1.2797998743445134,0.17163528988784135,-1.5459884967775286,-1.7522773000813954,0.07358532929587042
2025-06-18,-0.15255977280941624,0.027460839247372526,0.09076377329181629,0.36491557141892156,0.014846924792262,0.30782875592962144,-0.18970272277630493,-1.2797998743445134,0.17163528988784135,-1.5459884967775286,-1.7522773000813954,0.07358532929587042
2025-06-19,-0.15254473907277166,0.027615922746450305,0.09076377329181629,0.3428602310734821,0.008960438573189681,0.30940360571391773,-0.18970272277630493,-1.2797998743445134,0.17163528988784135,-1.5459884967775286,-1.7522773000813954,0.07358532929587042
2025-06-20,-0.15274299945536707,0.02796790316261566,0.08876185225647926,0.32953801608958044,0.013296274140962546,0.3168446039547022,-0.18970272277630493,-1.2797998743445134,0.17163528988784135,-1.5459884967775286,-1.7522773000813954,0.07358532929587042
2025-06-21,-0.15274299945536707,0.02796790316261566,0.08876185225647926,0.32953801608958044,0.013296274140962546,0.31418573515991993,-0.18970272277630493,-1.2797998743445134,0.17163528988784135,-1.5459884967775286,-1.7522773000813954,0.07358532929587042
2025-06-22,-0.15274299945536707,0.02796790316261566,0.08876185225647926,0.32953801608958044,0.013296274140962546,0.30901508302492064,-0.18970272277630493,-1.2797998743445134,0.17163528988784135,-1.5459884967775286,-1.7522773000813954,0.07358532929587042
2025-06-23,-0.1528951881543228,0.027759433060388528,0.0858137330754688,0.3417158944373285,0.016667247808236568,0.30801128008334633,-0.18970272277630493,-1.2797998743445134,0.17163528988784135,-1.5459884967775286,-1.7522773000813954,0.07358532929587042
2025-06-24,-0.15205076333067513,0.026684730247907074,0.08014392328844233,0.36571725556255263,0.02162063338534582,0.29456747000084116,-0.18970272277630493,-1.2797998743445134,0.17163528988784135,-1.5459884967775286,-1.7522773000813954,0.07358532929587042
2025-06-25,-0.15149705191303298,0.02628961925902329,0.0783147422301742,0.38248715930210186,0.026926279196636593,0.2809640376314356,-0.18970272277630493,-1.2797998743445134,0.17163528988784135,-1.5459884967775286,-1.7522773000813954,0.07358532929587042
2025-06-26,-0.15161933096888824,0.02659014176217178,0.07286833102612833,0.3738221262645261,0.02930227142805108,0.2836560917589705,-0.18970272277630493,-1.2797998743445134,0.17163528988784135,-1.5459884967775286,-1.7522773000813954,0.07358532929587042
2025-06-27,-0.15174441655376203,0.027151021809759368,0.07548292540372092,0.38412286487062797,0.03273822475918202,0.2857481246845562,-0.18970272277630493,-1.2797998743445134,0.17163528988784135,-1.5459884967775286,-1.7522773000813954,0.07358532929587042
2025-06-28,-0.15174441655376203,0.027151021809759368,0.07548292540372092,0.38412286487062797,0.03273822475918202,0.28662149524667874,-0.18970272277630493,-1.2797998743445134,0.17163528988784135,-1.5459884967775286,-1.7522773000813954,0.07358532929587042
2025-06-29,-0.15174441655376203,0.027151021809759368,0.07548292540372092,0.38412286487062797,0.03273822475918202,0.2838346450223105,-0.18970272277630493,-1.2797998743445134,0.17163528988784135,-1.5459884967775286,-1.7522773000813954,0.07358532929587042
2025-06-30,-0.15113881473695656,0.026098907405679772,0.07008257017122843,0.41792952064633326,0.031248888663354082,0.28425420774158217,-0.23369711701617388,-1.3009246424458336,0.2558154986574967,-1.2717546799815345,-1.7929934787911834,-0.40081598643021854
2025-07-01,-0.15202142145662356,0.0267546608471535,0.06950450565509947,0.4282358678865836,0.03205113320266129,0.28359038112898716,-0.23369711701617388,-1.3009246424458336,0.2558154986574967,-1.2717546799815345,-1.7929934787911834,-0.40081598643021854
2025-07-02,-0.1531260572605493,0.027688841740742487,0.06906037795289222,0.41394984417818953,0.03472581218166983,0.29990120325594055,-0.23369711701617388,-1.3009246424458336,0.2558154986574967,-1.2717546799815345,-1.7929934787911834,-0.40081598643021854
2025-07-03,-0.15282273498955767,0.027162854829579475,0.0732349666939025,0.4189388557058292,0.033159896948119584,0.3030965199870183,-0.23369711701617388,-1.3009246424458336,0.2558154986574967,-1.2717546799815345,-1.7929934787911834,-0.40081598643021854
2025-07-04,-0.1528020689998587,0.027007725417174777,0.0732349666939025,0.4097421416779377,0.029693956245715882,0.30664173873759465,-0.23369711701617388,-1.3009246424458336,0.2558154986574967,-1.2717546799815345,-1.7929934787911834,-0.40081598643021854
2025-07-05,-0.1528020689998587,0.027007725417174777,0.0732349666939025,0.4097421416779377,0.029693956245715882,0.3054478898325511,-0.23369711701617388,-1.3009246424458336,0.2558154986574967,-1.2717546799815345,-1.7929934787911834,-0.40081598643021854
2025-07-06,-0.1528020689998587,0.027007725417174777,0.0732349666939025,0.4097421416779377,0.029693956245715882,0.30356048285700227,-0.23369711701617388,-1.3009246424458336,0.2558154986574967,-1.2717546799815345,-1.7929934787911834,-0.40081598643021854
2025-07-07,-0.15279925085211454,0.026622569061430568,0.07632202164348056,0.41437544311167707,0.027814306568160738,0.30494998289558833,-0.23369711701617388,-1.3009246424458336,0.2558154986574967,-1.2717546799815345,-1.7929934787911834,-0.40081598643021854
2025-07-08,-0.15261137380636824,0.026053437295611492,0.07669132816789581,0.43361034155958406,0.03502116822858719,0.3064761134125176,-0.23369711701617388,-1.3009246424458336,0.2558154986574967,-1.2717546799815345,-1.7929934787911834,-0.40081598643021854
2025-07-09,-0.15256063747182413,0.026324949178545776,0.07709126253764031,0.42972478498324856,0.03065345364017486,0.3084487074531021,-0.23369711701617388,-1.3009246424458336,0.2558154986574967,-1.2717546799815345,-1.7929934787911834,-0.40081598643021854
2025-07-10,-0.15136451467614775,0.02532344371599482,0.07808557343918299,0.4330523700966963,0.03756216932696978,0.3207827525013398,-0.23369711701617388,-1.3009246424458336,0.2558154986574967,-1.2717546799815345,-1.7929934787911834,-0.40081598643021854
2025-07-11,-0.1510032725677356,0.02549123932611419,0.08014390301768626,0.4482125082006574,0.03767106084368685,0.31561723919947116,-0.23369711701617388,-1.3009246424458336,0.2558154986574967,-1.2717546799815345,-1.7929934787911834,-0.40081598643021854
2025-07-12,-0.1510032725677356,0.02549123932611419,0.08014390301768626,0.4482125082006574,0.03767106084368685,0.3137619328560463,-0.23369711701617388,-1.3009246424458336,0.2558154986574967,-1.2717546799815345,-1.7929934787911834,-0.40081598643021854
2025-07-13,-0.1510032725677356,0.02549123932611419,0.08014390301768626,0.4482125082006574,0.03767106084368685,0.31274422584239225,-0.23369711701617388,-1.3009246424458336,0.2558154986574967,-1.2717546799815345,-1.7929934787911834,-0.40081598643021854
2025-07-14,-0.1502071234450525,0.024758917160104255,0.0824739286684073,0.44878485178855154,0.03524038415505285,0.32136206767401343,-0.23369711701617388,-1.3009246424458336,0.2558154986574967,-1.2717546799815345,-1.7929934787911834,-0.40081598643021854
2025-07-15,-0.15080612379258562,0.026194702089252453,0.08792860388582957,0.4462146951899054,0.036570608134400925,0.3169938500822366,-0.23369711701617388,-1.3009246424458336,0.2558154986574967,-1.2717546799815345,-1.7929934787911834,-0.40081598643021854
2025-07-16,-0.15127204780461512,0.02591367244949183,0.08565716720212713,0.4534866837207957,0.03463881772960496,0.31221117665766,-0.23369711701617388,-1.3009246424458336,0.2558154986574967,-1.2717546799815345,-1.7929934787911834,-0.40081598643021854
2025-07-17,-0.15132943796361398,0.025632187904643833,0.08913305955109863,0.4700329869911195,0.03477475138529311,0.31594130078607374,-0.23369711701617388,-1.3009246424458336,0.2558154986574967,-1.2717546799815345,-1.7929934787911834,-0.40081598643021854
2025-07-18,-0.15090232916093915,0.02493265177581272,0.0865807472777177,0.4750217356140335,0.04099382928704515,0.32137918975124385,-0.23369711701617388,-1.3009246424458336,0.2558154986574967,-1.2717546799815345,-1.7929934787911834,-0.40081598643021854
2025-07-19,-0.15090232916093915,0.02493265177581272,0.0865807472777177,0.4750217356140335,0.04099382928704515,0.31937919430444817,-0.23369711701617388,-1.3009246424458336,0.2558154986574967,-1.2717546799815345,-1.7929934787911834,-0.40081598643021854
2025-07-20,-0.15090232916093915,0.02493265177581272,0.0865807472777177,0.4750217356140335,0.04099382928704515,0.3202175520418971,-0.23369711701617388,-1.3009246424458336,0.2558154986574967,-1.2717546799815345,-1.7929934787911834,-0.40081598643021854
2025-07-21,-0.14996774708289162,0.02410751266893474,0.08019379331658771,0.49653912907319364,0.047771111734879995,0.3341368948748587,-0.23369711701617388,-1.3009246424458336,0.2558154986574967,-1.2717546799815345,-1.7929934787911834,-0.40081598643021854
2025-07-22,-0.1489013456977003,0.02322875815480807,0.07548264496140189,0.5082663449036021,0.05100261966794349,0.34441984583002583,-0.23369711701617388,-1.3009246424458336,0.2558154986574967,-1.2717546799815345,-1.7929934787911834,-0.40081598643021854
2025-07-23,-0.14751788200254135,0.02289218435153484,0.07365497944472699,0.5006178329880255,0.0545037537260609,0.3352729201655565,-0.23369711701617388,-1.3009246424458336,0.2558154986574967,-1.2717546799815345,-1.7929934787911834,-0.40081598643021854
2025-07-24,-0.145304295454046,0.021594618316012393,0.07533169267533157,0.5281438701360791,0.058257542066120126,0.33861085056259227,-0.23369711701617388,-1.3009246424458336,0.2558154986574967,-1.2717546799815345,-1.7929934787911834,-0.40081598643021854
2025-07-25,-0.1442073507148851,0.02218772871326724,0.07808388261751498,0.5335160214840027,0.05562939597909767,0.35326207924088926,-0.23369711701617388,-1.3009246424458336,0.2558154986574967,-1.2717546799815345,-1.7929934787911834,-0.40081598643021854
2025-07-26,-0.1442073507148851,0.02218772871326724,0.07808388261751498,0.5335160214840027,0.05562939597909767,0.34975265186444465,-0.23369711701617388,-1.3009246424458336,0.2558154986574967,-1.2717546799815345,-1.7929934787911834,-0.40081598643021854
2025-07-27,-0.1442073507148851,0.02218772871326724,0.07808388261751498,0.5335160214840027,0.05562939597909767,0.3494116777438388,-0.23369711701617388,-1.3009246424458336,0.2558154986574967,-1.2717546799815345,-1.7929934787911834,-0.40081598643021854
2025-07-28,-0.14614024516747803,0.0236161520640914,0.08821240942380304,0.534461952687146,0.05421676027499133,0.3308732563878892,-0.23369711701617388,-1.3009246424458336,0.2558154986574967,-1.2717546799815345,-1.7929934787911834,-0.40081598643021854
2025-07-29,-0.1448267103687355,0.021563487164975026,0.09076730935688904,0.554338251030903,0.05350640977049132,0.34870481990777447,-0.23369711701617388,-1.3009246424458336,0.2558154986574967,-1.2717546799815345,-1.7929934787911834,-0.40081598643021854
2025-07-30,-0.1449668535230737,0.02279295406976123,0.10016196582999948,0.5389964457614685,0.04249992842213353,0.35484107686357147,-0.23369711701617388,-1.3009246424458336,0.2558154986574967,-1.2717546799815345,-1.7929934787911834,-0.40081598643021854
2025-07-31,-0.14747582190155106,0.02427521346540573,0.10169480157612987,0.5252821960140631,0.03060683788173772,0.3389562619494072,-0.32519608032987984,-1.3271995126140894,0.3997244836588392,-1.1928022181780937,-1.696648611473784,0.19711525625144352
2025-08-01,-0.14717549919630457,0.02353234084658462,0.0934221543290108,0.5302860178412517,0.029571164720117667,0.33666843379893674,-0.32519608032987984,-1.3271995126140894,0.3997244836588392,-1.1928022181780937,-1.696648611473784,0.19711525625144352
2025-08-02,-0.14717549919630457,0.02353234084658462,0.0934221543290108,0.5302860178412517,0.029571164720117667,0.33666843379893674,-0.32519608032987984,-1.3271995126140894,0.3997244836588392,-1.1928022181780937,-1.696648611473784,0.19711525625144352
2025-08-03,-0.14717549919630457,0.02353234084658462,0.0934221543290108,0.5302860178412517,0.029571164720117667,0.3373839921508627,-0.32519608032987984,-1.3271995126140894,0.3997244836588392,-1.1928022181780937,-1.696648611473784,0.19711525625144352
2025-08-04,-0.1471074811753078,0.02338812423481751,0.08982122232307987,0.5476996876191829,0.03099729916335209,0.32650689740889205,-0.32519608032987984,-1.3271995126140894,0.3997244836588392,-1.1928022181780937,-1.696648611473784,0.19711525625144352
2025-08-05,-0.1477366906671126,0.023717012640245505,0.08980097612936422,0.5541935219793938,0.03499955576761859,0.3276494960903426,-0.32519608032987984,-1.3271995126140894,0.3997244836588392,-1.1928022181780937,-1.696648611473784,0.19711525625144352
2025-08-06,-0.14811246830494407,0.02361167767319805,0.0836763785306115,0.5717766776705057,0.035053698917346915,0.3305178394001857,-0.32519608032987984,-1.3271995126140894,0.3997244836588392,-1.1928022181780937,-1.696648611473784,0.19711525625144352
2025-08-07,-0.14864100204852015,0.02384192351455172,0.08594778629414057,0.5687603717523119,0.03775848767963906,0.3239307205684728,-0.32519608032987984,-1.3271995126140894,0.3997244836588392,-1.1928022181780937,-1.696648611473784,0.19711525625144352
2025-08-08,-0.1489022993850796,0.023820502724711812,0.08371201393641703,0.563051877625283,0.037485898106873,0.3194096524747797,-0.32519608032987984,-1.3271995126140894,0.3997244836588392,-1.1928022181780937,-1.696648611473784,0.19711525625144352
2025-08-09,-0.1489022993850796,0.023820502724711812,0.08371201393641703,0.563051877625283,0.037485898106873,0.3167247443717807,-0.32519608032987984,-1.3271995126140894,0.3997244836588392,-1.1928022181780937,-1.696648611473784,0.19711525625144352
2025-08-10,-0.1489022993850796,0.023820502724711812,0.08371201393641703,0.563051877625283,0.037485898106873,0.31600338024281416,-0.32519608032987984,-1.3271995126140894,0.3997244836588392,-1.1928022181780937,-1.696648611473784,0.19711525625144352
2025-08-11,-0.14681906821714985,0.022126315972187394,0.08717504102951124,0.5879599095146097,0.0408518474432332,0.3210481654871403,-0.32519608032987984,-1.3271995126140894,0.3997244836588392,-1.1928022181780937,-1.696648611473784,0.19711525625144352
2025-08-12,-0.14592979123430316,0.02152372566892191,0.0828814965715331,0.5888877441091322,0.04537860362176462,0.32330850641277986,-0.32519608032987984,-1.3271995126140894,0.3997244836588392,-1.1928022181780937,-1.696648611473784,0.19711525625144352
2025-08-13,-0.1464074581765349,0.022101225790640444,0.08026164071457531,0.6139932174474753,0.04919881003534646,0.31683142329280495,-0.32519608032987984,-1.3271995126140894,0.3997244836588392,-1.1928022181780937,-1.696648611473784,0.19711525625144352
2025-08-14,-0.1449921591437977,0.02082601940769313,0.08449303891572013,0.586368284305096,0.04605771142675889,0.31055841211291546,-0.32519608032987984,-1.3271995126140894,0.3997244836588392,-1.1928022181780937,-1.696648611473784,0.19711525625144352
2025-08-15,-0.14442694134085698,0.020574674143479132,0.08040160243476258,0.6258631029090409,0.04839420267428872,0.3110135597039375,-0.32519608032987984,-1.3271995126140894,0.3997244836588392,-1.1928022181780937,-1.696648611473784,0.19711525625144352
2025-08-16,-0.14442694134085698,0.020574674143479132,0.08040160243476258,0.6258631029090409,0.04839420267428872,0.3071914223024454,-0.32519608032987984,-1.3271995126140894,0.3997244836588392,-1.1928022181780937,-1.696648611473784,0.19711525625144352
2025-08-17,-0.14442694134085698,0.020574674143479132,0.08040160243476258,0.6258631029090409,0.04839420267428872,0.30387557361809575,-0.32519608032987984,-1.3271995126140894,0.3997244836588392,-1.1928022181780937,-1.696648611473784,0.19711525625144352
2025-08-18,-0.1406206942834043,0.017210050748658223,0.08362074971841549,0.65458316568641,0.046765082490848764,0.30629679774216895,-0.32519608032987984,-1.3271995126140894,0.3997244836588392,-1.1928022181780937,-1.696648611473784,0.19711525625144352
2025-08-19,-0.14158207273464352,0.019029549033570126,0.08461904853573687,0.6534445253193133,0.04696124204219807,0.30488174700864573,-0.32519608032987984,-1.3271995126140894,0.3997244836588392,-1.1928022181780937,-1.696648611473784,0.19711525625144352
2025-08-20,-0.1403575162444941,0.0177602962665504,0.08414075005713317,0.6667958789103158,0.046859808562754575,0.3001469111493819,-0.32519608032987984,-1.3271995126140894,0.3997244836588392,-1.1928022181780937,-1.696648611473784,0.19711525625144352
2025-08-21,-0.1417585893542581,0.019309620649248682,0.08822350474568319,0.6532748641363151,0.04435987016476259,0.30177037461789247,-0.32519608032987984,-1.3271995126140894,0.3997244836588392,-1.1928022181780937,-1.696648611473784,0.19711525625144352
2025-08-22,-0.14072516451976758,0.018969647726889693,0.0790670541631382,0.6732400242773657,0.047728652187584306,0.30531347151319965,-0.32519608032987984,-1.3271995126140894,0.3997244836588392,-1.1928022181780937,-1.696648611473784,0.19711525625144352
2025-08-23,-0.14072516451976758,0.018969647726889693,0.0790670541631382,0.6732400242773657,0.047728652187584306,0.3021027576891436,-0.32519608032987984,-1.3271995126140894,0.3997244836588392,-1.1928022181780937,-1.696648611473784,0.19711525625144352
2025-08-24,-0.14072516451976758,0.018969647726889693,0.0790670541631382,0.6732400242773657,0.047728652187584306,0.2992223568139579,-0.32519608032987984,-1.3271995126140894,0.3997244836588392,-1.1928022181780937,-1.696648611473784,0.19711525625144352
2025-08-25,-0.14246516805682385,0.02053401374374686,0.08637394351595673,0.6988587752752238,0.057447709012448445,0.30864303548271405,-0.32519608032987984,-1.3271995126140894,0.3997244836588392,-1.1928022181780937,-1.696648611473784,0.19711525625144352
2025-08-26,-0.1426578495761035,0.021566391802561036,0.08429124515163677,0.7036447805371528,0.05450155791779452,0.3059659521927514,-0.32519608032987984,-1.3271995126140894,0.3997244836588392,-1.1928022181780937,-1.696648611473784,0.19711525625144352
2025-08-27,-0.1426075532548523,0.021552861890619113,0.08436251010455098,0.6783404635912565,0.04814805389691923,0.2984341614869552,-0.32519608032987984,-1.3271995126140894,0.3997244836588392,-1.1928022181780937,-1.696648611473784,0.19711525625144352
2025-08-28,-0.1410501869406573,0.019346721851675075,0.08009709761167705,0.7048492785380426,0.04905007363216789,0.3014554280497875,-0.32519608032987984,-1.3271995126140894,0.3997244836588392,-1.1928022181780937,-1.696648611473784,0.19711525625144352
2025-08-29,-0.1409579869636597,0.01991699875280195,0.07966770683539981,0.7024849325221817,0.050755482123700686,0.2991809514490755,-0.32519608032987984,-1.3271995126140894,0.3997244836588392,-1.1928022181780937,-1.696648611473784,0.19711525625144352
2025-08-30,-0.1409579869636597,0.01991699875280195,0.07966770683539981,0.7024849325221817,0.050755482123700686,0.29630741807791855,-0.32519608032987984,-1.3271995126140894,0.3997244836588392,-1.1928022181780937,-1.696648611473784,0.19711525625144352
2025-08-31,-0.1409579869636597,0.01991699875280195,0.07966770683539981,0.7024849325221817,0.050755482123700686,0.2934116391648661,-0.4364924868539354,-1.375282099107523,0.5278841936951184,-0.9303272786719724,-1.4729609630064302,-0.22760344409502
2025-09-01,-0.14198463806578876,0.020895573510522847,0.07966770683539981,0.7182735005555241,0.055349789632143494,0.29278968270838257,-0.4364924868539354,-1.375282099107523,0.5278841936951184,-0.9303272786719724,-1.4729609630064302,-0.22760344409502
2025-09-02,-0.14237588477532803,0.020898856442581493,0.08607042338734272,0.6683622214487057,0.056784269813751585,0.2908293233125019,-0.4364924868539354,-1.375282099107523,0.5278841936951184,-0.9303272786719724,-1.4729609630064302,-0.22760344409502
2025-09-03,-0.1433764011708869,0.02190276657047663,0.08347888096226874,0.6441156140318381,0.053583130851837926,0.2971961812339497,-0.4364924868539354,-1.375282099107523,0.5278841936951184,-0.9303272786719724,-1.4729609630064302,-0.22760344409502
2025-09-04,-0.1435916670289632,0.0223519087986358,0.08556769105376871,0.6045038466424016,0.04853463705176421,0.2907329625493194,-0.4364924868539354,-1.375282099107523,0.5278841936951184,-0.9303272786719724,-1.4729609630064302,-0.22760344409502
2025-09-05,-0.14143378312046284,0.01969068496895876,0.07968037369787584,0.6579555760555929,0.0519821619806081,0.29231856140122353,-0.4364924868539354,-1.375282099107523,0.5278841936951184,-0.9303272786719724,-1.4729609630064302,-0.22760344409502
2025-09-06,-0.14143378312046284,0.01969068496895876,0.07968037369787584,0.6579555760555929,0.0519821619806081,0.29105638106148274,-0.4364924868539354,-1.375282099107523,0.5278841936951184,-0.9303272786719724,-1.4729609630064302,-0.22760344409502
2025-09-07,-0.14143378312046284,0.01969068496895876,0.07968037369787584,0.6579555760555929,0.0519821619806081,0.288523885229598,-0.4364924868539354,-1.375282099107523,0.5278841936951184,-0.9303272786719724,-1.4729609630064302,-0.22760344409502
2025-09-08,-0.14035630851570313,0.018864946524241533,0.0764686888930316,0.6800398359208613,0.05292852454314696,0.2908622798262821,-0.4364924868539354,-1.375282099107523,0.5278841936951184,-0.9303272786719724,-1.4729609630064302,-0.22760344409502
2025-09-09,-0.13855572696495821,0.017881130896113095,0.07989594688141588,0.6658496409849926,0.05654517879507181,0.28702209818188634,-0.4364924868539354,-1.375282099107523,0.5278841936951184,-0.9303272786719724,-1.4729609630064302,-0.22760344409502
2025-09-10,-0.13615157386909904,0.015871409067034215,0.07981413725242259,0.6609200021079114,0.06045392786208601,0.28710190720113543,-0.4364924868539354,-1.375282099107523,0.5278841936951184,-0.9303272786719724,-1.4729609630064302,-0.22760344409502
2025-09-11,-0.13817084771377153,0.01684548977563738,0.07726760421908252,0.6983537352971144,0.06325064732399346,0.2884798832052051,-0.4364924868539354,-1.375282099107523,0.5278841936951184,-0.9303272786719724,-1.4729609630064302,-0.22760344409502
2025-09-12,-0.13904022642257252,0.01821088778640978,0.07746241407441046,0.7054433994007169,0.06965155557188635,0.28913013620017924,-0.4364924868539354,-1.375282099107523,0.5278841936951184,-0.9303272786719724,-1.4729609630064302,-0.22760344409502
2025-09-13,-0.13904022642257252,0.01821088778640978,0.07746241407441046,0.7054433994007169,0.06965155557188635,0.2841533333232986,-0.4364924868539354,-1.375282099107523,0.5278841936951184,-0.9303272786719724,-1.4729609630064302,-0.22760344409502
2025-09-14,-0.13904022642257252,0.01821088778640978,0.07746241407441046,0.7054433994007169,0.06965155557188635,0.28361244328105883,-0.4364924868539354,-1.375282099107523,0.5278841936951184,-0.9303272786719724,-1.4729609630064302,-0.22760344409502
2025-09-15,-0.13945929918598599,0.018395647389099157,0.07492012806723469,0.7047161611119191,0.07073691885506324,0.2924092283069768,-0.4364924868539354,-1.375282099107523,0.5278841936951184,-0.9303272786719724,-1.4729609630064302,-0.22760344409502
2025-09-16,-0.14039610568498584,0.01883780807752433,0.06804462704978376,0.7230185803151492,0.07394920745444059,0.2980004581138399,-0.4364924868539354,-1.375282099107523,0.5278841936951184,-0.9303272786719724,-1.4729609630064302,-0.22760344409502
2025-09-17,-0.141775270405762,0.019903870571577165,0.07052825065662616,0.7379688328130765,0.07477430066537809,0.2956126641954516,-0.4364924868539354,-1.375282099107523,0.5278841936951184,-0.9303272786719724,-1.4729609630064302,-0.22760344409502
2025-09-18,-0.14052813298033617,0.01932021588773536,0.07543157769305531,0.7251772033831334,0.06598640753539434,0.28953883039507744,-0.4364924868539354,-1.375282099107523,0.5278841936951184,-0.9303272786719724,-1.4729609630064302,-0.22760344409502
2025-09-19,-0.1389113919118795,0.017540172452345515,0.07847221540518101,0.718173728212113,0.06620171863098476,0.29009886700603793,-0.4364924868539354,-1.375282099107523,0.5278841936951184,-0.9303272786719724,-1.4729609630064302,-0.22760344409502
2025-09-20,-0.1389113919118795,0.017540172452345515,0.07847221540518101,0.718173728212113,0.06620171863098476,0.2915499609035412,-0.4364924868539354,-1.375282099107523,0.5278841936951184,-0.9303272786719724,-1.4729609630064302,-0.22760344409502
2025-09-21,-0.1389113919118795,0.017540172452345515,0.07847221540518101,0.718173728212113,0.06620171863098476,0.28738093566355627,-0.4364924868539354,-1.375282099107523,0.5278841936951184,-0.9303272786719724,-1.4729609630064302,-0.22760344409502
2025-09-22,-0.13982871124378915,0.01831660401023294,0.0753691061511561,0.7276886884104893,0.06664025507004845,0.29068249794703993,-0.4364924868539354,-1.375282099107523,0.5278841936951184,-0.9303272786719724,-1.4729609630064302,-0.22760344409502
2025-09-23,-0.13862387018097855,0.017115418073496147,0.07457807256818494,0.7067710244481523,0.06236210771582584,0.28652778898101583,-0.4364924868539354,-1.375282099107523,0.5278841936951184,-0.9303272786719724,-1.4729609630064302,-0.22760344409502
2025-09-24,-0.13680871146178508,0.016187224181984594,0.08083938199407747,0.7402511087370586,0.06864135263650573,0.2909139480430122,-0.4364924868539354,-1.375282099107523,0.5278841936951184,-0.9303272786719724,-1.4729609630064302,-0.22760344409502
2025-09-25,-0.13751223096846243,0.017316106264848696,0.08778716125904318,0.7334313601518622,0.07550675784627331,0.29357458970839106,-0.4364924868539354,-1.375282099107523,0.5278841936951184,-0.9303272786719724,-1.4729609630064302,-0.22760344409502
2025-09-26,-0.13843846867864262,0.018117655808130073,0.08371828461398934,0.7067024063147397,0.07303530691410122,0.286260612410029,-0.4364924868539354,-1.375282099107523,0.5278841936951184,-0.9303272786719724,-1.4729609630064302,-0.22760344409502
2025-09-27,-0.13843846867864262,0.018117655808130073,0.08371828461398934,0.7067024063147397,0.07303530691410122,0.2847937396574957,-0.4364924868539354,-1.375282099107523,0.5278841936951184,-0.9303272786719724,-1.4729609630064302,-0.22760344409502
2025-09-28,-0.13843846867864262,0.018117655808130073,0.08371828461398934,0.7067024063147397,0.07303530691410122,0.28165440931045926,-0.4364924868539354,-1.375282099107523,0.5278841936951184,-0.9303272786719724,-1.4729609630064302,-0.22760344409502
2025-09-29,-0.1377151279308283,0.01708360980605994,0.08121196788075924,0.7299137825566272,0.07836755598363984,0.2840050284482452,-0.4364924868539354,-1.375282099107523,0.5278841936951184,-0.9303272786719724,-1.4729609630064302,-0.22760344409502
2025-09-30,-0.13991628592304417,0.018119142321708304,0.07987394978176632,0.7205792626350033,0.08470914714019091,0.2739767869405884,-0.5003103466004777,-1.3329669349449447,0.5168716075115922,-0.5418643682029142,-1.4350932412434174,-0.22683017381673692
2025-10-01,-0.13991628592304417,0.018119142321708304,0.07987394978176632,0.7205792626350033,0.08561259526668077,0.27472003517740334,-0.5003103466004777,-1.3329669349449447,0.5168716075115922,-0.5418643682029142,-1.4350932412434174,-0.22683017381673692
2025-10-02,-0.13991628592304417,0.018119142321708304,0.07987394978176632,0.7205792626350033,0.0855215421453587,0.27434928983050577,-0.5003103466004777,-1.3329669349449447,0.5168716075115922,-0.5418643682029142,-1.4350932412434174,-0.22683017381673692
2025-10-03,-0.13991628592304417,0.018119142321708304,0.07987394978176632,0.7205792626350033,0.08393854031901886,0.2752763533675943,-0.5003103466004777,-1.3329669349449447,0.5168716075115922,-0.5418643682029142,-1.4350932412434174,-0.22683017381673692
2025-10-04,-0.13991628592304417,0.018119142321708304,0.07987394978176632,0.7205792626350033,0.08393854031901886,0.27287027338172687,-0.5003103466004777,-1.3329669349449447,0.5168716075115922,-0.5418643682029142,-1.4350932412434174,-0.22683017381673692
2025-10-05,-0.13991628592304417,0.018119142321708304,0.07987394978176632,0.7205792626350033,0.08393854031901886,0.2695160439760197,-0.5003103466004777,-1.3329669349449447,0.5168716075115922,-0.5418643682029142,-1.4350932412434174,-0.22683017381673692
2025-10-06,-0.13991628592304417,0.018119142321708304,0.07987394978176632,0.7205792626350033,0.08507948740845368,0.27439291242157005,-0.5003103466004777,-1.3329669349449447,0.5168716075115922,-0.5418643682029142,-1.4350932412434174,-0.22683017381673692
2025-10-07,-0.13991628592304417,0.018119142321708304,0.07987394978176632,0.7205792626350033,0.08482446958059874,0.2710638802665456,-0.5003103466004777,-1.3329669349449447,0.5168716075115922,-0.5418643682029142,-1.4350932412434174,-0.22683017381673692
2025-10-08,-0.13991628592304417,0.018119142321708304,0.07987394978176632,0.7205792626350033,0.08381343749661813,0.27218377406235356,-0.5003103466004777,-1.3329669349449447,0.5168716075115922,-0.5418643682029142,-1.4350932412434174,-0.22683017381673692
2025-10-09,-0.14090406054675253,0.018230748690463483,0.09790514384977944,0.7387851519864395,0.0912540545973019,0.26251933139258643,-0.5003103466004777,-1.3329669349449447,0.5168716075115922,-0.5418643682029142,-1.4350932412434174,-0.22683017381673692
2025-10-10,-0.140961101002696,0.016827375544382295,0.09227915176635404,0.7136785393942854,0.08463191688181652,0.2642765574379163,-0.5003103466004777,-1.3329669349449447,0.5168716075115922,-0.5418643682029142,-1.4350932412434174,-0.22683017381673692
2025-10-11,-0.140961101002696,0.016827375544382295,0.09227915176635404,0.7136785393942854,0.08463191688181652,0.2627767206829654,-0.5003103466004777,-1.3329669349449447,0.5168716075115922,-0.5418643682029142,-1.4350932412434174,-0.22683017381673692
2025-10-12,-0.140961101002696,0.016827375544382295,0.09227915176635404,0.7136785393942854,0.08463191688181652,0.2560171828609101,-0.5003103466004777,-1.3329669349449447,0.5168716075115922,-0.5418643682029142,-1.4350932412434174,-0.22683017381673692
2025-10-13,-0.14180049849971332,0.017231061689124583,0.09521919904958887,0.7134307516902934,0.082238126867997,0.24932094681246722,-0.5003103466004777,-1.3329669349449447,0.5168716075115922,-0.5418643682029142,-1.4350932412434174,-0.22683017381673692
2025-10-14,-0.14239508754939678,0.0178858341872421,0.0929828513478893,0.6741941493444605,0.07409996543211768,0.24550162419471,-0.5003103466004777,-1.3329669349449447,0.5168716075115922,-0.5418643682029142,-1.4350932412434174,-0.22683017381673692
2025-10-15,-0.14155974020627604,0.017405610032924845,0.09041841224322189,0.6958283601367492,0.08098347615500284,0.2334290455278203,-0.5003103466004777,-1.3329669349449447,0.5168716075115922,-0.5418643682029142,-1.4350932412434174,-0.22683017381673692
2025-10-16,-0.1420053145791942,0.0180437602345066,0.08579257842908516,0.6706453737217734,0.07810818658689136,0.230355691252309,-0.5003103466004777,-1.3329669349449447,0.5168716075115922,-0.5418643682029142,-1.4350932412434174,-0.22683017381673692
2025-10-17,-0.14310023662891114,0.01915099088528549,0.08677899235684317,0.6218017945235612,0.07100188861220819,0.22598450289234065,-0.5003103466004777,-1.3329669349449447,0.5168716075115922,-0.5418643682029142,-1.4350932412434174,-0.22683017381673692
2025-10-18,-0.14310023662891114,0.01915099088528549,0.08677899235684317,0.6218017945235612,0.07100188861220819,0.22247091066459376,-0.5003103466004777,-1.3329669349449447,0.5168716075115922,-0.5418643682029142,-1.4350932412434174,-0.22683017381673692
2025-10-19,-0.14310023662891114,0.01915099088528549,0.08677899235684317,0.6218017945235612,0.07100188861220819,0.2179008652019686,-0.5003103466004777,-1.3329669349449447,0.5168716075115922,-0.5418643682029142,-1.4350932412434174,-0.22683017381673692
2025-10-20,-0.14131404127244995,0.01772862485075999,0.08833334912743829,0.6335085037853636,0.07848600191995868,0.22184711371679539,-0.5003103466004777,-1.3329669349449447,0.5168716075115922,-0.5418643682029142,-1.4350932412434174,-0.22683017381673692
2025-10-21,-0.141753074145749,0.01802077332058305,0.09186326209682538,0.6553680677450494,0.08382273584571472,0.22080386410317493,-0.5003103466004777,-1.3329669349449447,0.5168716075115922,-0.5418643682029142,-1.4350932412434174,-0.22683017381673692
2025-10-22,-0.14231254791744752,0.018172239410626956,0.09148927539862262,0.6440302576308881,0.08265993193786934,0.22528600633500173,-0.5003103466004777,-1.3329669349449447,0.5168716075115922,-0.5418643682029142,-1.4350932412434174,-0.22683017381673692
2025-10-23,-0.1414666864678441,0.016893764763158847,0.09188362507555914,0.6411544742885915,0.07514396450900268,0.22795968947003314,-0.5003103466004777,-1.3329669349449447,0.5168716075115922,-0.5418643682029142,-1.4350932412434174,-0.22683017381673692
2025-10-24,-0.1406495633682492,0.015969150810719146,0.09204534578389578,0.6653615145442378,0.07867854674015645,0.2375176026890651,-0.5003103466004777,-1.3329669349449447,0.5168716075115922,-0.5418643682029142,-1.4350932412434174,-0.22683017381673692
2025-10-25,-0.1406495633682492,0.015969150810719146,0.09204534578389578,0.6653615145442378,0.07867854674015645,0.24012328738193436,-0.5003103466004777,-1.3329669349449447,0.5168716075115922,-0.5418643682029142,-1.4350932412434174,-0.22683017381673692
2025-10-26,-0.1406495633682492,0.015969150810719146,0.09204534578389578,0.6653615145442378,0.07867854674015645,0.23831328251899342,-0.5003103466004777,-1.3329669349449447,0.5168716075115922,-0.5418643682029142,-1.4350932412434174,-0.22683017381673692
2025-10-27,-0.14144928722103534,0.016531459032500306,0.09033744700468971,0.6830016767433773,0.0826506047842148,0.24978607615840256,-0.5003103466004777,-1.3329669349449447,0.5168716075115922,-0.5418643682029142,-1.4350932412434174,-0.22683017381673692
2025-10-28,-0.14323273808919668,0.01776511813167514,0.08916315588172319,0.6825292807687113,0.08736706998273956,0.24895906916357427,-0.5003103466004777,-1.3329669349449447,0.5168716075115922,-0.5418643682029142,-1.4350932412434174,-0.22683017381673692
2025-10-29,-0.1432886977451302,0.017688321326832623,0.09476786667661918,0.7097494720858428,0.09446265924870494,0.251153890865827,-0.5003103466004777,-1.3329669349449447,0.5168716075115922,-0.5418643682029142,-1.4350932412434174,-0.22683017381673692
2025-10-30,-0.14376006033392552,0.017688578796039467,0.09785192231056383,0.6906969418826775,0.08686767306496353,0.24759500782017427,-0.5003103466004777,-1.3329669349449447,0.5168716075115922,-0.5418643682029142,-1.4350932412434174,-0.22683017381673692
2025-10-31,-0.14543606923345687,0.018690792858817806,0.10064516226796205,0.7006119116212386,0.08452826558800672,0.24460476330068648,-0.6682299618774622,-1.1339178541417296,0.4308009075638343,-0.862293774351987,-1.5441723866758124,0.16541117484187567
2025-11-01,-0.14543606923345687,0.018690792858817806,0.10064516226796205,0.7006119116212386,0.08452826558800672,0.24644113520858005,-0.6682299618774622,-1.1339178541417296,0.4308009075638343,-0.862293774351987,-1.5441723866758124,0.16541117484187567
2025-11-02,-0.14543606923345687,0.018690792858817806,0.10064516226796205,0.7006119116212386,0.08452826558800672,0.25292105485244426,-0.6682299618774622,-1.1339178541417296,0.4308009075638343,-0.862293774351987,-1.5441723866758124,0.16541117484187567
2025-11-03,-0.14522786504192797,0.018424618602827625,0.10133651732387161,0.7048687773052004,0.0859330501333153,0.24856907048675456,-0.6682299618774622,-1.1339178541417296,0.4308009075638343,-0.862293774351987,-1.5441723866758124,0.16541117484187567
2025-11-04,-0.14511806178853326,0.017983780809677108,0.10485098069234966,0.6765368933553584,0.0803314712364634,0.24008905767146932,-0.6682299618774622,-1.1339178541417296,0.4308009075638343,-0.862293774351987,-1.5441723866758124,0.16541117484187567
2025-11-05,-0.1451919031186617,0.017720419496429662,0.10465142769107239,0.6856750234468688,0.08069665127218949,0.23919194623782525,-0.6682299618774622,-1.1339178541417296,0.4308009075638343,-0.862293774351987,-1.5441723866758124,0.16541117484187567
2025-11-06,-0.14416861357883903,0.016738692049732995,0.0999510165298414,0.7048371849206597,0.08439601684299997,0.2356470188504231,-0.6682299618774622,-1.1339178541417296,0.4308009075638343,-0.862293774351987,-1.5441723866758124,0.16541117484187567
2025-11-07,-0.14371093076155972,0.016579804879600535,0.0986475362374607,0.7050112716665412,0.08113157600185819,0.23815882105067396,-0.6682299618774622,-1.1339178541417296,0.4308009075638343,-0.862293774351987,-1.5441723866758124,0.16541117484187567
2025-11-08,-0.14371093076155972,0.016579804879600535,0.0986475362374607,0.7050112716665412,0.08113157600185819,0.23539447278090456,-0.6682299618774622,-1.1339178541417296,0.4308009075638343,-0.862293774351987,-1.5441723866758124,0.16541117484187567
2025-11-09,-0.14371093076155972,0.016579804879600535,0.0986475362374607,0.7050112716665412,0.08113157600185819,0.2306006237114937,-0.6682299618774622,-1.1339178541417296,0.4308009075638343,-0.862293774351987,-1.5441723866758124,0.16541117484187567
2025-11-10,-0.14387872983496763,0.017222168152575268,0.09850697822213994,0.7090325747162572,0.0890622126813186,0.2384950623831902,-0.6682299618774622,-1.1339178541417296,0.4308009075638343,-0.862293774351987,-1.5441723866758124,0.16541117484187567
2025-11-11,-0.14392233131741794,0.017338192133900643,0.09704095285789283,0.7081113565573316,0.08982794131863565,0.23671846702357086,-0.6682299618774622,-1.1339178541417296,0.4308009075638343,-0.862293774351987,-1.5441723866758124,0.16541117484187567
2025-11-12,-0.14417350281921493,0.017632667662480506,0.09756386548120477,0.688013911521789,0.09120862372169902,0.23767505528748675,-0.6682299618774622,-1.1339178541417296,0.4308009075638343,-0.862293774351987,-1.5441723866758124,0.16541117484187567
2025-11-13,-0.14381247522666252,0.017113188285602265,0.09415665908892379,0.714680250216736,0.09436985577881583,0.23594509477417647,-0.6682299618774622,-1.1339178541417296,0.4308009075638343,-0.862293774351987,-1.5441723866758124,0.16541117484187567
2025-11-14,-0.1437499124268824,0.017088414354755943,0.0955988310200222,0.6974790512746418,0.0923741159540912,0.23672101974094414,-0.6682299618774622,-1.1339178541417296,0.4308009075638343,-0.862293774351987,-1.5441723866758124,0.16541117484187567
2025-11-15,-0.1437499124268824,0.017088414354755943,0.0955988310200222,0.6974790512746418,0.0923741159540912,0.2315531596344354,-0.6682299618774622,-1.1339178541417296,0.4308009075638343,-0.862293774351987,-1.5441723866758124,0.16541117484187567
2025-11-16,-0.1437499124268824,0.017088414354755943,0.0955988310200222,0.6974790512746418,0.0923741159540912,0.23034327050555956,-0.6682299618774622,-1.1339178541417296,0.4308009075638343,-0.862293774351987,-1.5441723866758124,0.16541117484187567
2025-11-17,-0.14391865295892714,0.017303368240486727,0.09850923293746328,0.708293374262439,0.09145278641767013,0.24593719004276393,-0.6682299618774622,-1.1339178541417296,0.4308009075638343,-0.862293774351987,-1.5441723866758124,0.16541117484187567
2025-11-18,-0.14400680027299306,0.017392075518654404,0.09812766086050628,0.6894537968871072,0.08366510424256607,0.24255364750925143,-0.6682299618774622,-1.1339178541417296,0.4308009075638343,-0.862293774351987,-1.5441723866758124,0.16541117484187567
2025-11-19,-0.1434741720560181,0.016585496012847645,0.10493830877612653,0.6704615595010405,0.08054522709656833,0.24530652797991062,-0.6682299618774622,-1.1339178541417296,0.4308009075638343,-0.862293774351987,-1.5441723866758124,0.16541117484187567
2025-11-20,-0.143443828308774,0.01645392042845628,0.1042399011455244,0.6556931494384035,0.08135488683881338,0.2357501952126182,-0.6682299618774622,-1.1339178541417296,0.4308009075638343,-0.862293774351987,-1.5441723866758124,0.16541117484187567
2025-11-21,-0.14331201865708332,0.0159659942575896,0.10445955409386598,0.5921506984775073,0.07224079065430984,0.23392017500365295,-0.6682299618774622,-1.1339178541417296,0.4308009075638343,-0.862293774351987,-1.5441723866758124,0.16541117484187567
2025-11-22,-0.14331201865708332,0.0159659942575896,0.10445955409386598,0.5921506984775073,0.07224079065430984,0.23091002229066881,-0.6682299618774622,-1.1339178541417296,0.4308009075638343,-0.862293774351987,-1.5441723866758124,0.16541117484187567
2025-11-23,-0.14331201865708332,0.0159659942575896,0.10445955409386598,0.5921506984775073,0.07224079065430984,0.22908916755952027,-0.6682299618774622,-1.1339178541417296,0.4308009075638343,-0.862293774351987,-1.5441723866758124,0.16541117484187567
2025-11-24,-0.14327408282175524,0.0161943350169671,0.104080236864878,0.6150468081358016,0.0775055300490888,0.23568356862387424,-0.6682299618774622,-1.1339178541417296,0.4308009075638343,-0.862293774351987,-1.5441723866758124,0.16541117484187567
2025-11-25,-0.14263104601880516,0.015627239049698982,0.09930701484015314,0.6354191200620852,0.0803313606684069,0.23419878740495562,-0.6682299618774622,-1.1339178541417296,0.4308009075638343,-0.862293774351987,-1.5441723866758124,0.16541117484187567
2025-11-26,-0.14086108244304218,0.014040222172535977,0.09861468862406708,0.6357512563655787,0.08205905923256383,0.23501164941417724,-0.6682299618774622,-1.1339178541417296,0.4308009075638343,-0.862293774351987,-1.5441723866758124,0.16541117484187567
2025-11-27,-0.14040093160103273,0.014576608964933957,0.09861468862406708,0.6327165909340388,0.08216960148062823,0.2400000305884759,-0.6682299618774622,-1.1339178541417296,0.4308009075638343,-0.862293774351987,-1.5441723866758124,0.16541117484187567
2025-11-28,-0.14131024300689854,0.015155990071349601,0.09724915822595481,0.6568763083390554,0.08486779586182602,0.23799338913064522,-0.6682299618774622,-1.1339178541417296,0.4308009075638343,-0.862293774351987,-1.5441723866758124,0.16541117484187567
2025-11-29,-0.14131024300689854,0.015155990071349601,0.09724915822595481,0.6568763083390554,0.08486779586182602,0.23216054688819027,-0.6682299618774622,-1.1339178541417296,0.4308009075638343,-0.862293774351987,-1.5441723866758124,0.16541117484187567
2025-11-30,-0.14131024300689854,0.015155990071349601,0.09724915822595481,0.6568763083390554,0.08486779586182602,0.23318299245041932,-0.8436745982454252,-0.8982180043248367,0.3970248739330397,-0.9496454342196226,-1.4674316054038665,0.0987166133400417
2025-12-01,-0.141863316699692,0.015129719962852839,0.096796710483669,0.6675342468325031,0.09141794056233751,0.2430131868031985,-0.8436745982454252,-0.8982180043248367,0.3970248739330397,-0.9496454342196226,-1.4674316054038665,0.0987166133400417
2025-12-02,-0.14105505975186383,0.014079743387590549,0.09622335059471976,0.6485102856095325,0.09068829994637885,0.24151386554696827,-0.8436745982454252,-0.8982180043248367,0.3970248739330397,-0.9496454342196226,-1.4674316054038665,0.0987166133400417
2025-12-03,-0.14054176738052915,0.013042539256641561,0.09116079838400482,0.637639394288251,0.08895570270552039,0.2423615624731773,-0.8436745982454252,-0.8982180043248367,0.3970248739330397,-0.9496454342196226,-1.4674316054038665,0.0987166133400417
2025-12-04,-0.13880804044775175,0.010984317191333193,0.09252644873705074,0.636983490815032,0.09501042701165499,0.24388786844722882,-0.8436745982454252,-0.8982180043248367,0.3970248739330397,-0.9496454342196226,-1.4674316054038665,0.0987166133400417
2025-12-05,-0.14061718218671915,0.011974419535203507,0.09255675513473127,0.6588512924561237,0.0998305084796749,0.2420285565458821,-0.8436745982454252,-0.8982180043248367,0.3970248739330397,-0.9496454342196226,-1.4674316054038665,0.0987166133400417
2025-12-06,-0.14061718218671915,0.011974419535203507,0.09255675513473127,0.6588512924561237,0.0998305084796749,0.24078840670099597,-0.8436745982454252,-0.8982180043248367,0.3970248739330397,-0.9496454342196226,-1.4674316054038665,0.0987166133400417
2025-12-07,-0.14061718218671915,0.011974419535203507,0.09255675513473127,0.6588512924561237,0.0998305084796749,0.23520569910575773,-0.8436745982454252,-0.8982180043248367,0.3970248739330397,-0.9496454342196226,-1.4674316054038665,0.0987166133400417
2025-12-08,-0.14035852083528955,0.01133533158640998,0.09351642864370158,0.6787128243177862,0.0996085644645877,0.23850039592545041,-0.8436745982454252,-0.8982180043248367,0.3970248739330397,-0.9496454342196226,-1.4674316054038665,0.0987166133400417
2025-12-09,-0.14082461221202847,0.012474865643088529,0.09485868342989945,0.6641887403802521,0.09318730662234029,0.22655898957569456,-0.8436745982454252,-0.8982180043248367,0.3970248739330397,-0.9496454342196226,-1.4674316054038665,0.0987166133400417
2025-12-10,-0.14065157320979793,0.01282907402193001,0.09048456530855298,0.6785702861389913,0.09959846431812332,0.2366106431581864,-0.8436745982454252,-0.8982180043248367,0.3970248739330397,-0.9496454342196226,-1.4674316054038665,0.0987166133400417
2025-12-11,-0.14120596440648425,0.013665974618797594,0.08603049286913855,0.6560541614442723,0.09913566737570742,0.2254790395704331,-0.8436745982454252,-0.8982180043248367,0.3970248739330397,-0.9496454342196226,-1.4674316054038665,0.0987166133400417
2025-12-12,-0.14043804007364236,0.01210360284824974,0.08656940650060296,0.6756856516709291,0.10243993348721102,0.21873142897930514,-0.8436745982454252,-0.8982180043248367,0.3970248739330397,-0.9496454342196226,-1.4674316054038665,0.0987166133400417
2025-12-13,-0.14043804007364236,0.01210360284824974,0.08656940650060296,0.6756856516709291,0.10243993348721102,0.21579911631407225,-0.8436745982454252,-0.8982180043248367,0.3970248739330397,-0.9496454342196226,-1.4674316054038665,0.0987166133400417
2025-12-14,-0.14043804007364236,0.01210360284824974,0.08656940650060296,0.6756856516709291,0.10243993348721102,0.2132668021009353,-0.8436745982454252,-0.8982180043248367,0.3970248739330397,-0.9496454342196226,-1.4674316054038665,0.0987166133400417
2025-12-15,-0.13975037178275962,0.01047071734809013,0.08565476305910458,0.6609118520614145,0.09430315602935269,0.21796599267790356,-0.8436745982454252,-0.8982180043248367,0.3970248739330397,-0.9496454342196226,-1.4674316054038665,0.0987166133400417
2025-12-16,-0.13983412897826397,0.01055743429133793,0.08399672564645677,0.6307563294816103,0.08686041150249187,0.21696948143202446,-0.8436745982454252,-0.8982180043248367,0.3970248739330397,-0.9496454342196226,-1.4674316054038665,0.0987166133400417
2025-12-17,-0.14103518270781168,0.012056527072210832,0.08625866194543985,0.6561343912030716,0.09243415118835815,0.21220276185804432,-0.8436745982454252,-0.8982180043248367,0.3970248739330397,-0.9496454342196226,-1.4674316054038665,0.0987166133400417
2025-12-18,-0.1408479214184274,0.012265374420158848,0.08685845049456165,0.6483197235008393,0.09171515069054412,0.222306460634112,-0.8436745982454252,-0.8982180043248367,0.3970248739330397,-0.9496454342196226,-1.4674316054038665,0.0987166133400417
2025-12-19,-0.14157904275319455,0.012640725366589223,0.08860593848058163,0.6662387399790597,0.09814642797740049,0.222396180545757,-0.8436745982454252,-0.8982180043248367,0.3970248739330397,-0.9496454342196226,-1.4674316054038665,0.0987166133400417
2025-12-20,-0.14157904275319455,0.012640725366589223,0.08860593848058163,0.6662387399790597,0.09814642797740049,0.22219230807146229,-0.8436745982454252,-0.8982180043248367,0.3970248739330397,-0.9496454342196226,-1.4674316054038665,0.0987166133400417
2025-12-21,-0.14157904275319455,0.012640725366589223,0.08860593848058163,0.6662387399790597,0.09814642797740049,0.21933762797079132,-0.8436745982454252,-0.8982180043248367,0.3970248739330397,-0.9496454342196226,-1.4674316054038665,0.0987166133400417
2025-12-22,-0.1406175938154436,0.01134195800586757,0.08543146409443159,0.6865330568367127,0.10237675897114197,0.22634483850145173,-0.8436745982454252,-0.8982180043248367,0.3970248739330397,-0.9496454342196226,-1.4674316054038665,0.0987166133400417
2025-12-23,-0.1413346196607067,0.012801065042770343,0.08193147426882053,0.6844090495576148,0.1006589838794871,0.23166780816327026,-0.8436745982454252,-0.8982180043248367,0.3970248739330397,-0.9496454342196226,-1.4674316054038665,0.0987166133400417
2025-12-24,-0.1413260671291574,0.012688378428751035,0.08227861849703733,0.7142785756132889,0.10662703474013455,0.23012649416306574,-0.8436745982454252,-0.8982180043248367,0.3970248739330397,-0.9496454342196226,-1.4674316054038665,0.0987166133400417
2025-12-25,-0.14111320230117397,0.012232465487432065,0.08227861849703733,0.7312955659775616,0.10810430601829608,0.2302926329314818,-0.8436745982454252,-0.8982180043248367,0.3970248739330397,-0.9496454342196226,-1.4674316054038665,0.0987166133400417
2025-12-26,-0.14128143933860537,0.012537996757386982,0.08274812123240116,0.7406651836800691,0.11583447323426688,0.2288627242299189,-0.8436745982454252,-0.8982180043248367,0.3970248739330397,-0.9496454342196226,-1.4674316054038665,0.0987166133400417
2025-12-27,-0.14128143933860537,0.012537996757386982,0.08274812123240116,0.7406651836800691,0.11583447323426688,0.229895834387467,-0.8436745982454252,-0.8982180043248367,0.3970248739330397,-0.9496454342196226,-1.4674316054038665,0.0987166133400417
2025-12-28,-0.14128143933860537,0.012537996757386982,0.08274812123240116,0.7406651836800691,0.11583447323426688,0.22927602831221666,-0.8436745982454252,-0.8982180043248367,0.3970248739330397,-0.9496454342196226,-1.4674316054038665,0.0987166133400417
2025-12-29,-0.1393427623526019,0.010048964945554184,0.0829011481039198,0.7324058564517347,0.11025877611831048,0.22990204814321918,-0.8436745982454252,-0.8982180043248367,0.3970248739330397,-0.9496454342196226,-1.4674316054038665,0.0987166133400417
2025-12-30,-0.13921612270239392,0.009955323914253467,0.08495139443948696,0.7357985981197068,0.11148369512337604,0.23635408113470135,-0.8436745982454252,-0.8982180043248367,0.3970248739330397,-0.9496454342196226,-1.4674316054038665,0.0987166133400417
2025-12-31,-0.13980464312586183,0.00933742641335844,0.08580646070712283,0.7365262307655931,0.10981944248312578,0.2297903355532815,-0.8159394786230336,-0.7637693591265389,0.550575051782806,-0.7711624753554609,-1.4572106716536728,-0.12108546326165544
2026-01-01,-0.13980464312586183,0.00933742641335844,0.08580646070712283,0.7365262307655931,0.10981944248312578,0.22713091179322828,-0.8159394786230336,-0.7637693591265389,0.550575051782806,-0.7711624753554609,-1.4572106716536728,-0.12108546326165544
2026-01-02,-0.13980464312586183,0.00933742641335844,0.08580646070712283,0.7365262307655931,0.10973658927398015,0.2332836122674529,-0.8159394786230336,-0.7637693591265389,0.550575051782806,-0.7711624753554609,-1.4572106716536728,-0.12108546326165544
2026-01-03,-0.13980464312586183,0.00933742641335844,0.08580646070712283,0.7365262307655931,0.10973658927398015,0.23449627771159667,-0.8159394786230336,-0.7637693591265389,0.550575051782806,-0.7711624753554609,-1.4572106716536728,-0.12108546326165544
2026-01-04,-0.13980464312586183,0.00933742641335844,0.08580646070712283,0.7365262307655931,0.10973658927398015,0.2332871804740994,-0.8159394786230336,-0.7637693591265389,0.550575051782806,-0.7711624753554609,-1.4572106716536728,-0.12108546326165544
2026-01-05,-0.13910797068848857,0.008689339032424637,0.08527758619277193,0.7755711317489213,0.12684432674778298,0.23285691523673543,-0.8159394786230336,-0.7637693591265389,0.550575051782806,-0.7711624753554609,-1.4572106716536728,-0.12108546326165544
2026-01-06,-0.13727459719554547,0.007354934436424543,0.08843216032526402,0.7842121966390023,0.14185887493388485,0.23792670806227778,-0.8159394786230336,-0.7637693591265389,0.550575051782806,-0.7711624753554609,-1.4572106716536728,-0.12108546326165544
2026-01-07,-0.136002713739381,0.006211071599145246,0.08948714105157762,0.7995682425810796,0.1352325980619748,0.24381859118464777,-0.8159394786230336,-0.7637693591265389,0.550575051782806,-0.7711624753554609,-1.4572106716536728,-0.12108546326165544
2026-01-08,-0.13702304488842876,0.0074010073097317,0.0920204797893669,0.8225522938701274,0.13004229487947325,0.23747180633418769,-0.8159394786230336,-0.7637693591265389,0.550575051782806,-0.7711624753554609,-1.4572106716536728,-0.12108546326165544
2026-01-09,-0.1375632310140441,0.0076714760103475665,0.09403192176078212,0.8610065355696697,0.1378920777646011,0.2430682807002255,-0.8159394786230336,-0.7637693591265389,0.550575051782806,-0.7711624753554609,-1.4572106716536728,-0.12108546326165544
2026-01-10,-0.1375632310140441,0.0076714760103475665,0.09403192176078212,0.8610065355696697,0.1378920777646011,0.2432710625895022,-0.8159394786230336,-0.7637693591265389,0.550575051782806,-0.7711624753554609,-1.4572106716536728,-0.12108546326165544
2026-01-11,-0.1375632310140441,0.0076714760103475665,0.09403192176078212,0.8610065355696697,0.1378920777646011,0.24043572935156302,-0.8159394786230336,-0.7637693591265389,0.550575051782806,-0.7711624753554609,-1.4572106716536728,-0.12108546326165544
2026-01-12,-0.13906749532196316,0.008656784510238769,0.09129822057147075,0.914477719932564,0.14742465431543436,0.24766279457766202,-0.8159394786230336,-0.7637693591265389,0.550575051782806,-0.7711624753554609,-1.4572106716536728,-0.12108546326165544
2026-01-13,-0.13964943888010517,0.00899491849866152,0.09404953047820941,0.9222513306801295,0.1460824903458048,0.2528082342175131,-0.8159394786230336,-0.7637693591265389,0.550575051782806,-0.7711624753554609,-1.4572106716536728,-0.12108546326165544
2026-01-14,-0.14035478974218474,0.009179907592357539,0.09404953047820941,0.9408525849215954,0.15092448610828782,0.25912743282580697,-0.8159394786230336,-0.7637693591265389,0.550575051782806,-0.7711624753554609,-1.4572106716536728,-0.12108546326165544
2026-01-15,-0.1406763019529903,0.009343797928305753,0.09593586614508443,0.9414436385624699,0.14751997578316833,0.26109160341747367,-0.8159394786230336,-0.7637693591265389,0.550575051782806,-0.7711624753554609,-1.4572106716536728,-0.12108546326165544
2026-01-16,-0.1410338455523893,0.009306787961437468,0.096660788366971,0.94755109061078,0.13745465377050864,0.254106660236534,-0.8159394786230336,-0.7637693591265389,0.550575051782806,-0.7711624753554609,-1.4572106716536728,-0.12108546326165544
2026-01-17,-0.1410338455523893,0.009306787961437468,0.096660788366971,0.94755109061078,0.13745465377050864,0.25651943143306283,-0.8159394786230336,-0.7637693591265389,0.550575051782806,-0.7711624753554609,-1.4572106716536728,-0.12108546326165544
2026-01-18,-0.1410338455523893,0.009306787961437468,0.096660788366971,0.94755109061078,0.13745465377050864,0.2545209339280156,-0.8159394786230336,-0.7637693591265389,0.550575051782806,-0.7711624753554609,-1.4572106716536728,-0.12108546326165544
2026-01-19,-0.14136559586322683,0.008639643514121609,0.096660788366971,0.9620884512369628,0.1381483691537433,0.2599981497905982,-0.8159394786230336,-0.7637693591265389,0.550575051782806,-0.7711624753554609,-1.4572106716536728,-0.12108546326165544
2026-01-20,-0.14244604001414707,0.00990792018215858,0.08909486320121496,0.943587407513451,0.1401136079572945,0.2550211107953795,-0.8159394786230336,-0.7637693591265389,0.550575051782806,-0.7711624753554609,-1.4572106716536728,-0.12108546326165544
2026-01-21,-0.14220303633681786,0.010875083636205263,0.09031139588032389,0.957957166376987,0.143185145745289,0.26029056937789113,-0.8159394786230336,-0.7637693591265389,0.550575051782806,-0.7711624753554609,-1.4572106716536728,-0.12108546326165544
2026-01-22,-0.14155455253562044,0.010296703880544156,0.08624096321965824,0.97574179472291,0.14383914182341404,0.2623000096429973,-0.8159394786230336,-0.7637693591265389,0.550575051782806,-0.7711624753554609,-1.4572106716536728,-0.12108546326165544
2026-01-23,-0.1424352766485545,0.010795613960623118,0.07851416648524667,1.0320759239139945,0.15283146592516678,0.2584279886192264,-0.8159394786230336,-0.7637693591265389,0.550575051782806,-0.7711624753554609,-1.4572106716536728,-0.12108546326165544
2026-01-24,-0.1424352766485545,0.010795613960623118,0.07851416648524667,1.0320759239139945,0.15283146592516678,0.2601777365684003,-0.8159394786230336,-0.7637693591265389,0.550575051782806,-0.7711624753554609,-1.4572106716536728,-0.12108546326165544
2026-01-25,-0.1424352766485545,0.010795613960623118,0.07851416648524667,1.0320759239139945,0.15283146592516678,0.260371431544984,-0.8159394786230336,-0.7637693591265389,0.550575051782806,-0.7711624753554609,-1.4572106716536728,-0.12108546326165544
2026-01-26,-0.14289850768503387,0.011045858986636015,0.0727866487852703,0.9927890191306404,0.14995244826712875,0.2673894806701308,-0.8159394786230336,-0.7637693591265389,0.550575051782806,-0.7711624753554609,-1.4572106716536728,-0.12108546326165544
2026-01-27,-0.14269356593213678,0.010202654286643464,0.06430561003836177,0.9971457886103761,0.15137604014681877,0.2643091571586558,-0.8159394786230336,-0.7637693591265389,0.550575051782806,-0.7711624753554609,-1.4572106716536728,-0.12108546326165544
2026-01-28,-0.14361219686836224,0.01054425623335542,0.06668564683019695,1.0037471071859527,0.15988897160495844,0.2709105008696838,-0.8159394786230336,-0.7637693591265389,0.550575051782806,-0.7711624753554609,-1.4572106716536728,-0.12108546326165544
2026-01-29,-0.14361219686836224,0.01057482271731669,0.06499558192340982,0.9783963437385126,0.17721923018573285,0.2756633526376216,-0.8159394786230336,-0.7637693591265389,0.550575051782806,-0.7711624753554609,-1.4572106716536728,-0.12108546326165544
2026-01-30,-0.14435268477499064,0.010246450556007924,0.07396912865543936,0.9572281315725637,0.1554007236753661,0.2787502485245431,-0.8159394786230336,-0.7637693591265389,0.550575051782806,-0.7711624753554609,-1.4572106716536728,-0.12108546326165544
2026-01-31,-0.14435268477499064,0.010246450556007924,0.07396912865543936,0.9572281315725637,0.1554007236753661,0.27756503357431495,-0.6196364881636243,-0.736566246705788,0.8447589395156537,-0.6342555469090696,-1.517698492699901,-0.34823360750703225
2026-02-01,-0.14435268477499064,0.010246450556007924,0.07396912865543936,0.9572281315725637,0.1554007236753661,0.27815981444412075,-0.6196364881636243,-0.736566246705788,0.8447589395156537,-0.6342555469090696,-1.517698492699901,-0.34823360750703225
2026-02-02,-0.14386476019770866,0.010311272550157846,0.07896156280163025,0.8891556131002277,0.13210941303448118,0.2705002417752595,-0.6196364881636243,-0.736566246705788,0.8447589395156537,-0.6342555469090696,-1.517698492699901,-0.34823360750703225
2026-02-03,-0.14389604053015226,0.010142587905174638,0.07696426683309532,0.9573795646945785,0.14804854671707157,0.268191614813226,-0.6196364881636243,-0.736566246705788,0.8447589395156537,-0.6342555469090696,-1.517698492699901,-0.34823360750703225
2026-02-04,-0.14368561578496053,0.009804835313926286,0.0788013513081921,0.9560222314131369,0.14898812278636586,0.2653141275810698,-0.6196364881636243,-0.736566246705788,0.8447589395156537,-0.6342555469090696,-1.517698492699901,-0.34823360750703225
2026-02-05,-0.14405061838738165,0.010689413683624971,0.08093214953799055,0.924368370983996,0.13975777324909752,0.2724848696216887,-0.6196364881636243,-0.736566246705788,0.8447589395156537,-0.6342555469090696,-1.517698492699901,-0.34823360750703225
2026-02-06,-0.14469695851012954,0.011748689459969541,0.07897966344050933,0.9248458059659047,0.13478006929684086,0.26081894783975296,-0.6196364881636243,-0.736566246705788,0.8447589395156537,-0.6342555469090696,-1.517698492699901,-0.34823360750703225
2026-02-07,-0.14469695851012954,0.011748689459969541,0.07897966344050933,0.9248458059659047,0.13478006929684086,0.26102085211672355,-0.6196364881636243,-0.736566246705788,0.8447589395156537,-0.6342555469090696,-1.517698492699901,-0.34823360750703225
2026-02-08,-0.14469695851012954,0.011748689459969541,0.07897966344050933,0.9248458059659047,0.13478006929684086,0.26142452603324573,-0.6196364881636243,-0.736566246705788,0.8447589395156537,-0.6342555469090696,-1.517698492699901,-0.34823360750703225
2026-02-09,-0.14489584964469915,0.011936694051240981,0.07061159116986315,0.9612008848829299,0.15041422370872615,0.26050305488691544,-0.6196364881636243,-0.736566246705788,0.8447589395156537,-0.6342555469090696,-1.517698492699901,-0.34823360750703225
2026-02-10,-0.14513257772178545,0.011838073363052648,0.07043600035842712,0.9666438890544348,0.14964185946731856,0.2601410853718237,-0.6196364881636243,-0.736566246705788,0.8447589395156537,-0.6342555469090696,-1.517698492699901,-0.34823360750703225
2026-02-11,-0.14565230954395203,0.01188037615937676,0.07079757434162948,0.9652748565126985,0.1538525565309039,0.2577068227805072,-0.6196364881636243,-0.736566246705788,0.8447589395156537,-0.6342555469090696,-1.517698492699901,-0.34823360750703225
2026-02-12,-0.14668082506583147,0.011877471379314719,0.07173732690787682,0.9821741531947566,0.15001002212333484,0.2570694495287381,-0.6196364881636243,-0.736566246705788,0.8447589395156537,-0.6342555469090696,-1.517698492699901,-0.34823360750703225
2026-02-13,-0.14606737452469054,0.01152982365301336,0.07163415435177689,0.9606284974775813,0.13984078472323772,0.2552222410553895,-0.6196364881636243,-0.736566246705788,0.8447589395156537,-0.6342555469090696,-1.517698492699901,-0.34823360750703225
2026-02-14,-0.14606737452469054,0.01152982365301336,0.07163415435177689,0.9606284974775813,0.13984078472323772,0.25461419647629485,-0.6196364881636243,-0.736566246705788,0.8447589395156537,-0.6342555469090696,-1.517698492699901,-0.34823360750703225
2026-02-15,-0.14606737452469054,0.01152982365301336,0.07163415435177689,0.9606284974775813,0.13984078472323772,0.2566433720266478,-0.6196364881636243,-0.736566246705788,0.8447589395156537,-0.6342555469090696,-1.517698492699901,-0.34823360750703225
2026-02-16,-0.14606737452469054,0.01152982365301336,0.07163415435177689,0.9606284974775813,0.13984078472323772,0.25765336170086744,-0.6196364881636243,-0.736566246705788,0.8447589395156537,-0.6342555469090696,-1.517698492699901,-0.34823360750703225
2026-02-17,-0.14606737452469054,0.01152982365301336,0.07163415435177689,0.9606284974775813,0.13954509783441235,0.2566454636123364,-0.6196364881636243,-0.736566246705788,0.8447589395156537,-0.6342555469090696,-1.517698492699901,-0.34823360750703225
2026-02-18,-0.14606737452469054,0.01152982365301336,0.07163415435177689,0.9606284974775813,0.1414537620774243,0.2576554126175929,-0.6196364881636243,-0.736566246705788,0.8447589395156537,-0.6342555469090696,-1.517698492699901,-0.34823360750703225
2026-02-19,-0.14606737452469054,0.01152982365301336,0.07163415435177689,0.9606284974775813,0.14124720201261648,0.2538495149677269,-0.6196364881636243,-0.736566246705788,0.8447589395156537,-0.6342555469090696,-1.517698492699901,-0.34823360750703225
2026-02-20,-0.14606737452469054,0.01152982365301336,0.07163415435177689,0.9606284974775813,0.14399605329967424,0.2526351197643988,-0.6196364881636243,-0.736566246705788,0.8447589395156537,-0.6342555469090696,-1.517698492699901,-0.34823360750703225
2026-02-21,-0.14606737452469054,0.01152982365301336,0.07163415435177689,0.9606284974775813,0.14399605329967424,0.2550759395171282,-0.6196364881636243,-0.736566246705788,0.8447589395156537,-0.6342555469090696,-1.517698492699901,-0.34823360750703225
2026-02-22,-0.14606737452469054,0.01152982365301336,0.07163415435177689,0.9606284974775813,0.14399605329967424,0.25426764655532436,-0.6196364881636243,-0.736566246705788,0.8447589395156537,-0.6342555469090696,-1.517698492699901,-0.34823360750703225
2026-02-23,-0.14606737452469054,0.01152982365301336,0.07163415435177689,0.9606284974775813,0.14435815602074975,0.24982972774739806,-0.6196364881636243,-0.736566246705788,0.8447589395156537,-0.6342555469090696,-1.517698492699901,-0.34823360750703225
2026-02-24,-0.14573255974630672,0.011437566712873992,0.0812095554764738,0.9763754827468055,0.1500937402329221,0.26111637608180244,-0.6196364881636243,-0.736566246705788,0.8447589395156537,-0.6342555469090696,-1.517698492699901,-0.34823360750703225
2026-02-25,-0.1444534038378269,0.010359595254183063,0.079748030380146,1.0123743695779333,0.16026082495589428,0.26378395920940145,-0.6196364881636243,-0.736566246705788,0.8447589395156537,-0.6342555469090696,-1.517698492699901,-0.34823360750703225
2026-02-26,-0.14342270551129066,0.009030468415920145,0.08067945310276625,1.027673014654895,0.1531533736070734,0.26048232779500813,-0.6196364881636243,-0.736566246705788,0.8447589395156537,-0.6342555469090696,-1.517698492699901,-0.34823360750703225
2026-02-27,-0.14451895238305168,0.00938870097459199,0.07880811524958964,1.0497368117690116,0.15977099366404743,0.2567820050433707,-0.6196364881636243,-0.736566246705788,0.8447589395156537,-0.6342555469090696,-1.517698492699901,-0.34823360750703225
2026-02-28,-0.14451895238305168,0.00938870097459199,0.07880811524958964,1.0497368117690116,0.15977099366404743,0.25347190107366935,-0.31303644769592204,-0.5705393703635849,0.9986108661457148,-0.8005596685801468,-1.5778512011641554,-0.2591142079350164
2026-03-01,-0.14451895238305168,0.00938870097459199,0.07880811524958964,1.0497368117690116,0.15977099366404743,0.24970770039326626,-0.31303644769592204,-0.5705393703635849,0.9986108661457148,-0.8005596685801468,-1.5778512011641554,-0.2591142079350164
2026-03-02,-0.14543875349382285,0.010621125637904183,0.0867275480829639,1.0319537170339887,0.14826702352282495,0.2523274890680315,-0.31303644769592204,-0.5705393703635849,0.9986108661457148,-0.8005596685801468,-1.5778512011641554,-0.2591142079350164
2026-03-03,-0.14540752224440257,0.010536748092712878,0.09354797072554732,0.9399026663301119,0.1362456921799123,0.267771067621742,-0.31303644769592204,-0.5705393703635849,0.9986108661457148,-0.8005596685801468,-1.5778512011641554,-0.2591142079350164
2026-03-04,-0.14564129071518772,0.010521808278778022,0.09069088555816052,0.9291011818564204,0.1318786931825523,0.2769506234043465,-0.31303644769592204,-0.5705393703635849,0.9986108661457148,-0.8005596685801468,-1.5778512011641554,-0.2591142079350164
2026-03-05,-0.14549652060633578,0.010269538957310531,0.0962391851258384,0.9483867770989373,0.13089203744926295,0.2774989234746394,-0.31303644769592204,-0.5705393703635849,0.9986108661457148,-0.8005596685801468,-1.5778512011641554,-0.2591142079350164
2026-03-06,-0.14540188591988412,0.009954036030859648,0.09290642235612134,0.9664343539880352,0.13722588113896933,0.2857553350314591,-0.31303644769592204,-0.5705393703635849,0.9986108661457148,-0.8005596685801468,-1.5778512011641554,-0.2591142079350164
2026-03-07,-0.14540188591988412,0.009954036030859648,0.09290642235612134,0.9664343539880352,0.13722588113896933,0.28273757869180693,-0.31303644769592204,-0.5705393703635849,0.9986108661457148,-0.8005596685801468,-1.5778512011641554,-0.2591142079350164
2026-03-08,-0.14540188591988412,0.009954036030859648,0.09290642235612134,0.9664343539880352,0.13722588113896933,0.28012899111571854,-0.31303644769592204,-0.5705393703635849,0.9986108661457148,-0.8005596685801468,-1.5778512011641554,-0.2591142079350164
2026-03-09,-0.1434408696364453,0.007212541592818034,0.09481578327584739,0.9501884193668476,0.1330521034084134,0.3081729501993735,-0.31303644769592204,-0.5705393703635849,0.9986108661457148,-0.8005596685801468,-1.5778512011641554,-0.2591142079350164
2026-03-10,-0.1435736310840383,0.007361625348907275,0.09129675126173087,0.9894406645438608,0.14247145176396267,0.31583126928849814,-0.31303644769592204,-0.5705393703635849,0.9986108661457148,-0.8005596685801468,-1.5778512011641554,-0.2591142079350164
2026-03-11,-0.14318677765313192,0.006576360139390447,0.09539486309464928,0.9874262009004798,0.14058518736414136,0.29619227869373344,-0.31303644769592204,-0.5705393703635849,0.9986108661457148,-0.8005596685801468,-1.5778512011641554,-0.2591142079350164
2026-03-12,-0.14331293308990967,0.006896123095855078,0.10051423103410384,0.9821572396574019,0.13850507086374544,0.2974017359287095,-0.31303644769592204,-0.5705393703635849,0.9986108661457148,-0.8005596685801468,-1.5778512011641554,-0.2591142079350164
2026-03-13,-0.14281691075278136,0.006321466911421103,0.10676053388454343,0.952161869873016,0.1337841113676998,0.3089034836852059,-0.31303644769592204,-0.5705393703635849,0.9986108661457148,-0.8005596685801468,-1.5778512011641554,-0.2591142079350164
2026-03-14,-0.14281691075278136,0.006321466911421103,0.10676053388454343,0.952161869873016,0.1337841113676998,0.3072614898487754,-0.31303644769592204,-0.5705393703635849,0.9986108661457148,-0.8005596685801468,-1.5778512011641554,-0.2591142079350164
2026-03-15,-0.14281691075278136,0.006321466911421103,0.10676053388454343,0.952161869873016,0.1337841113676998,0.3082039832955927,-0.31303644769592204,-0.5705393703635849,0.9986108661457148,-0.8005596685801468,-1.5778512011641554,-0.2591142079350164
2026-03-16,-0.14108139434413314,0.004888218135545408,0.10028397901317787,0.9417575906224346,0.13908961000000716,0.3134511524110656,-0.31303644769592204,-0.5705393703635849,0.9986108661457148,-0.8005596685801468,-1.5778512011641554,-0.2591142079350164
2026-03-17,-0.1415100868983803,0.005485009966379684,0.09891002201702892,0.8955370995076468,0.13765192113125257,0.31019093322250757,-0.31303644769592204,-0.5705393703635849,0.9986108661457148,-0.8005596685801468,-1.5778512011641554,-0.2591142079350164
2026-03-18,-0.1424421649192964,0.006379380511190469,0.10404183221035046,0.7968310976641466,0.13376365845962868,0.31519066020833436,-0.31303644769592204,-0.5705393703635849,0.9986108661457148,-0.8005596685801468,-1.5778512011641554,-0.2591142079350164
2026-03-19,-0.14225896049353315,0.006051787321461166,0.09550917029959372,0.7441619479845177,0.11416171299885304,0.3181343987416262,-0.31303644769592204,-0.5705393703635849,0.9986108661457148,-0.8005596685801468,-1.5778512011641554,-0.2591142079350164
2026-03-20,-0.14171684186354572,0.005163647952597383,0.09969128897099011,0.7183780051839983,0.11120704163929306,0.3153398347857772,-0.31303644769592204,-0.5705393703635849,0.9986108661457148,-0.8005596685801468,-1.5778512011641554,-0.2591142079350164
2026-03-21,-0.14171684186354572,0.005163647952597383,0.09969128897099011,0.7183780051839983,0.11120704163929306,0.30965210497797757,-0.31303644769592204,-0.5705393703635849,0.9986108661457148,-0.8005596685801468,-1.5778512011641554,-0.2591142079350164
2026-03-22,-0.14171684186354572,0.005163647952597383,0.09969128897099011,0.7183780051839983,0.11120704163929306,0.3074873589550937,-0.31303644769592204,-0.5705393703635849,0.9986108661457148,-0.8005596685801468,-1.5778512011641554,-0.2591142079350164
2026-03-23,-0.14162089846445158,0.005078005764159954,0.09269659771084171,0.6417969696207989,0.09288947023710352,0.3261877750395247,-0.31303644769592204,-0.5705393703635849,0.9986108661457148,-0.8005596685801468,-1.5778512011641554,-0.2591142079350164
2026-03-24,-0.1419904584980065,0.0060909794400387796,0.09758795698320133,0.7034116716803477,0.10679015319446157,0.30772924637207183,-0.31303644769592204,-0.5705393703635849,0.9986108661457148,-0.8005596685801468,-1.5778512011641554,-0.2591142079350164
2026-03-25,-0.14230290151751657,0.005985457511992642,0.09924734914282485,0.7028038359544814,0.1157595571047357,0.3009210954646227,-0.31303644769592204,-0.5705393703635849,0.9986108661457148,-0.8005596685801468,-1.5778512011641554,-0.2591142079350164
2026-03-26,-0.14280797072244078,0.00637267121970897,0.10226946783879576,0.6779596460960505,0.10888985679357002,0.2919700873337857,-0.31303644769592204,-0.5705393703635849,0.9986108661457148,-0.8005596685801468,-1.5778512011641554,-0.2591142079350164
2026-03-27,-0.1430034439051333,0.005963708441977911,0.10478198035130826,0.7032839876185558,0.11349194676637041,0.300663145533478,-0.31303644769592204,-0.5705393703635849,0.9986108661457148,-0.8005596685801468,-1.5778512011641554,-0.2591142079350164
2026-03-28,-0.1430034439051333,0.005963708441977911,0.10478198035130826,0.7032839876185558,0.11349194676637041,0.2906507287988273,-0.31303644769592204,-0.5705393703635849,0.9986108661457148,-0.8005596685801468,-1.5778512011641554,-0.2591142079350164
2026-03-29,-0.1430034439051333,0.005963708441977911,0.10478198035130826,0.7032839876185558,0.11349194676637041,0.28967084205930704,-0.31303644769592204,-0.5705393703635849,0.9986108661457148,-0.8005596685801468,-1.5778512011641554,-0.2591142079350164
2026-03-30,-0.14400054179054567,0.006974548197412167,0.10835658270175907,0.7050507073753997,0.11312551271698452,0.3021055447937845,-0.31303644769592204,-0.5705393703635849,0.9986108661457148,-0.8005596685801468,-1.5778512011641554,-0.2591142079350164
2026-03-31,-0.14352097094011307,0.006532218670554535,0.10290433464437121,0.6900871781888231,0.11259661212723424,0.2983130258467622,-0.08914230021451239,-0.2610421897606715,0.9949276774599619,-0.8156782250956995,-1.507812671531681,0.1957620332644488
2026-04-01,-0.14245801271124225,0.00537109150831927,0.0998031251726772,0.7228695571531202,0.12000628054962797,0.29429589483860713,-0.08914230021451239,-0.2610421897606715,0.9949276774599619,-0.8156782250956995,-1.507812671531681,0.1957620332644488
2026-04-02,-0.14268298074584762,0.005079336077831065,0.10358632855247274,0.6918977592174078,0.11503844818572173,0.2927306923395043,-0.08914230021451239,-0.2610421897606715,0.9949276774599619,-0.8156782250956995,-1.507812671531681,0.1957620332644488
2026-04-03,-0.14285854920805763,0.005180616897126122,0.10358632855247274,0.70948643590776,0.1100593704613316,0.29378240514425125,-0.08914230021451239,-0.2610421897606715,0.9949276774599619,-0.8156782250956995,-1.507812671531681,0.1957620332644488
2026-04-04,-0.14285854920805763,0.005180616897126122,0.10358632855247274,0.70948643590776,0.1100593704613316,0.2901814724629656,-0.08914230021451239,-0.2610421897606715,0.9949276774599619,-0.8156782250956995,-1.507812671531681,0.1957620332644488
2026-04-05,-0.14285854920805763,0.005180616897126122,0.10358632855247274,0.70948643590776,0.1100593704613316,0.2884845485175595,-0.08914230021451239,-0.2610421897606715,0.9949276774599619,-0.8156782250956995,-1.507812671531681,0.1957620332644488
2026-04-06,-0.14285854920805763,0.005180616897126122,0.10358632855247274,0.70948643590776,0.1100593704613316,0.29109981140609487,-0.08914230021451239,-0.2610421897606715,0.9949276774599619,-0.8156782250956995,-1.507812671531681,0.1957620332644488
2026-04-07,-0.14322385727662157,0.005386856352879277,0.10188680441923004,0.7246364959972351,0.11161895687142702,0.2949712980885973,-0.08914230021451239,-0.2610421897606715,0.9949276774599619,-0.8156782250956995,-1.507812671531681,0.1957620332644488
2026-04-08,-0.14349892390914198,0.006020454888683191,0.09462649477954155,0.7800385403007312,0.1260708384852936,0.28940700062930125,-0.08914230021451239,-0.2610421897606715,0.9949276774599619,-0.8156782250956995,-1.507812671531681,0.1957620332644488
2026-04-09,-0.14324384605824403,0.005631001154487447,0.09145903288491519,0.7595785934658739,0.12257844818047083,0.2641196967733038,-0.08914230021451239,-0.2610421897606715,0.9949276774599619,-0.8156782250956995,-1.507812671531681,0.1957620332644488
2026-04-10,-0.14347053438834767,0.00623855005004581,0.08974883545324719,0.7934752941101388,0.12580811406089087,0.2619627286287993,-0.08914230021451239,-0.2610421897606715,0.9949276774599619,-0.8156782250956995,-1.507812671531681,0.1957620332644488
2026-04-11,-0.14347053438834767,0.00623855005004581,0.08974883545324719,0.7934752941101388,0.12580811406089087,0.2615039473185368,-0.08914230021451239,-0.2610421897606715,0.9949276774599619,-0.8156782250956995,-1.507812671531681,0.1957620332644488
2026-04-12,-0.14347053438834767,0.00623855005004581,0.08974883545324719,0.7934752941101388,0.12580811406089087,0.26012565545245986,-0.08914230021451239,-0.2610421897606715,0.9949276774599619,-0.8156782250956995,-1.507812671531681,0.1957620332644488
2026-04-13,-0.14486449389714295,0.00732272397851641,0.08686997078016045,0.7962806628033959,0.12752310942763867,0.26091538142477794,-0.08914230021451239,-0.2610421897606715,0.9949276774599619,-0.8156782250956995,-1.507812671531681,0.1957620332644488
2026-04-14,-0.14594970061671264,0.007767939331112639,0.08440977111767545,0.8231361176310448,0.13554961771342744,0.26540255441597943,-0.08914230021451239,-0.2610421897606715,0.9949276774599619,-0.8156782250956995,-1.507812671531681,0.1957620332644488
2026-04-15,-0.14627604482377177,0.007748195764330945,0.08370657923801306,0.8056713567014154,0.13495420529582874,0.2565763390855542,-0.08914230021451239,-0.2610421897606715,0.9949276774599619,-0.8156782250956995,-1.507812671531681,0.1957620332644488
2026-04-16,-0.1460254564138167,0.007026397773895798,0.08533831652830937,0.8264208054567457,0.1399340088755711,0.2621430633689322,-0.08914230021451239,-0.2610421897606715,0.9949276774599619,-0.8156782250956995,-1.507812671531681,0.1957620332644488
2026-04-17,-0.1474338325154999,0.008712228158932023,0.08414705246477527,0.8178443713117374,0.14010755142441825,0.2677845668041956,-0.08914230021451239,-0.2610421897606715,0.9949276774599619,-0.8156782250956995,-1.507812671531681,0.1957620332644488
2026-04-18,-0.1474338325154999,0.008712228158932023,0.08414705246477527,0.8178443713117374,0.14010755142441825,0.2626420071802439,-0.08914230021451239,-0.2610421897606715,0.9949276774599619,-0.8156782250956995,-1.507812671531681,0.1957620332644488
2026-04-19,-0.1474338325154999,0.008712228158932023,0.08414705246477527,0.8178443713117374,0.14010755142441825,0.2666658643830897,-0.08914230021451239,-0.2610421897606715,0.9949276774599619,-0.8156782250956995,-1.507812671531681,0.1957620332644488
2026-04-20,-0.14767279694002522,0.008762297881546477,0.08413685857703035,0.8284364959888467,0.1412746582393184,0.2699261443638234,-0.08914230021451239,-0.2610421897606715,0.9949276774599619,-0.8156782250956995,-1.507812671531681,0.1957620332644488
2026-04-21,-0.1482544843623569,0.00973032916728811,0.08716447410044093,0.8364271345874944,0.1415819152320358,0.2797967849898041,-0.08914230021451239,-0.2610421897606715,0.9949276774599619,-0.8156782250956995,-1.507812671531681,0.1957620332644488
2026-04-22,-0.14949740152763746,0.010783055691055532,0.08915646548202916,0.8567331945228965,0.14077228406857425,0.28298480000620435,-0.08914230021451239,-0.2610421897606715,0.9949276774599619,-0.8156782250956995,-1.507812671531681,0.1957620332644488
2026-04-23,-0.14808542080522746,0.009529719286468286,0.0909822084579901,0.8393343350445144,0.1383215597640397,0.2898763953486935,-0.08914230021451239,-0.2610421897606715,0.9949276774599619,-0.8156782250956995,-1.507812671531681,0.1957620332644488
2026-04-24,-0.147470935373063,0.008527613388994881,0.0885826944355137,0.8903686116872487,0.1375806800092736,0.29814485427223797,-0.08914230021451239,-0.2610421897606715,0.9949276774599619,-0.8156782250956995,-1.507812671531681,0.1957620332644488
2026-04-25,-0.147470935373063,0.008527613388994881,0.0885826944355137,0.8903686116872487,0.1375806800092736,0.3003600121287452,-0.08914230021451239,-0.2610421897606715,0.9949276774599619,-0.8156782250956995,-1.507812671531681,0.1957620332644488
2026-04-26,-0.147470935373063,0.008527613388994881,0.0885826944355137,0.8903686116872487,0.1375806800092736,0.296621632008583,-0.08914230021451239,-0.2610421897606715,0.9949276774599619,-0.8156782250956995,-1.507812671531681,0.1957620332644488
2026-04-27,-0.14638004894992374,0.006991125809338694,0.08820718572269659,0.9013965885821483,0.13759220783038664,0.30056530219466554,-0.08914230021451239,-0.2610421897606715,0.9949276774599619,-0.8156782250956995,-1.507812671531681,0.1957620332644488
2026-04-28,-0.14703245903788542,0.007985499361045423,0.0896691740267902,0.8891958375232628,0.13553602708091897,0.30577086195728864,-0.08914230021451239,-0.2610421897606715,0.9949276774599619,-0.8156782250956995,-1.507812671531681,0.1957620332644488
2026-04-29,-0.1485244646657421,0.008812467713676608,0.09292343193433272,0.8813854201140965,0.1409172897419951,0.3094452199815088,-0.08914230021451239,-0.2610421897606715,0.9949276774599619,-0.8156782250956995,-1.507812671531681,0.1957620332644488
2026-04-30,-0.14826122880830084,0.007949074949516466,0.08377841521057283,0.8996934479514751,0.14024638844042386,0.32214186775262543,-0.1441128656495973,0.03578189486674277,0.9899484311673697,-0.6917900536488104,-1.6247669626404544,-0.1725079367674185
2026-05-01,-0.14826122880830084,0.007949074949516466,0.08377841521057283,0.8996934479514751,0.14024638844042386,0.3212664670061756,-0.1441128656495973,0.03578189486674277,0.9899484311673697,-0.6917900536488104,-1.6247669626404544,-0.1725079367674185
2026-05-02,-0.14826122880830084,0.007949074949516466,0.08377841521057283,0.8996934479514751,0.14024638844042386,0.3164481006165428,-0.1441128656495973,0.03578189486674277,0.9899484311673697,-0.6917900536488104,-1.6247669626404544,-0.1725079367674185
2026-05-03,-0.14826122880830084,0.007949074949516466,0.08377841521057283,0.8996934479514751,0.14024638844042386,0.3184482325313382,-0.1441128656495973,0.03578189486674277,0.9899484311673697,-0.6917900536488104,-1.6247669626404544,-0.1725079367674185
2026-05-04,-0.14826122880830084,0.007949074949516466,0.08377841521057283,0.8996934479514751,0.14024638844042386,0.31911353050482155,-0.1441128656495973,0.03578189486674277,0.9899484311673697,-0.6917900536488104,-1.6247669626404544,-0.1725079367674185
2026-05-05,-0.14826122880830084,0.007949074949516466,0.08377841521057283,0.8996934479514751,0.14024638844042386,0.3166879083313303,-0.1441128656495973,0.03578189486674277,0.9899484311673697,-0.6917900536488104,-1.6247669626404544,-0.1725079367674185
2026-05-06,-0.1472183893404604,0.006468477514147697,0.08344187282662896,0.9477760932385424,0.14904817305967108,0.32231285443782026,-0.1441128656495973,0.03578189486674277,0.9899484311673697,-0.6917900536488104,-1.6247669626404544,-0.1725079367674185
2026-05-07,-0.14738560678549129,0.006854443833718471,0.08389074707042876,0.9782128362399594,0.15315372746170516,0.31293585350687897,-0.1441128656495973,0.03578189486674277,0.9899484311673697,-0.6917900536488104,-1.6247669626404544,-0.1725079367674185
2026-05-08,-0.14743755832132033,0.006831480037199467,0.08218782967721816,0.9903479049348688,0.1558808768843418,0.31246468089040574,-0.1441128656495973,0.03578189486674277,0.9899484311673697,-0.6917900536488104,-1.6247669626404544,-0.1725079367674185
2026-05-09,-0.14743755832132033,0.006831480037199467,0.08218782967721816,0.9903479049348688,0.1558808768843418,0.30343330466962076,-0.1441128656495973,0.03578189486674277,0.9899484311673697,-0.6917900536488104,-1.6247669626404544,-0.1725079367674185
2026-05-10,-0.14743755832132033,0.006831480037199467,0.08218782967721816,0.9903479049348688,0.1558808768843418,0.30365458826388636,-0.1441128656495973,0.03578189486674277,0.9899484311673697,-0.6917900536488104,-1.6247669626404544,-0.1725079367674185
2026-05-11,-0.147870150454944,0.007314625365990923,0.08274962743002712,1.0190433861203827,0.15884871716007185,0.3125484278754245,-0.1441128656495973,0.03578189486674277,0.9899484311673697,-0.6917900536488104,-1.6247669626404544,-0.1725079367674185
2026-05-12,-0.14824590858000541,0.00779079200638455,0.08625123531119716,1.008449815467282,0.16127435845188642,0.3083325388038514,-0.1441128656495973,0.03578189486674277,0.9899484311673697,-0.6917900536488104,-1.6247669626404544,-0.1725079367674185
2026-05-13,-0.14893674182682726,0.007821748143265306,0.08855036652444659,1.038171238527467,0.16224804473731638,0.3138082223800842,-0.1441128656495973,0.03578189486674277,0.9899484311673697,-0.6917900536488104,-1.6247669626404544,-0.1725079367674185
2026-05-14,-0.14828505300022543,0.007144614404468341,0.09154456083243245,0.987645331989368,0.15611762450164515,0.31112925792612,-0.1441128656495973,0.03578189486674277,0.9899484311673697,-0.6917900536488104,-1.6247669626404544,-0.1725079367674185
2026-05-15,-0.14806233395935176,0.0067125788603873415,0.096250133647377,0.964982506457697,0.14800706762257135,0.3044556080487498,-0.1441128656495973,0.03578189486674277,0.9899484311673697,-0.6917900536488104,-1.6247669626404544,-0.1725079367674185
2026-05-16,-0.14806233395935176,0.0067125788603873415,0.096250133647377,0.964982506457697,0.14800706762257135,0.30334242283662693,-0.1441128656495973,0.03578189486674277,0.9899484311673697,-0.6917900536488104,-1.6247669626404544,-0.1725079367674185
2026-05-17,-0.14806233395935176,0.0067125788603873415,0.096250133647377,0.964982506457697,0.14800706762257135,0.3008852928909786,-0.1441128656495973,0.03578189486674277,0.9899484311673697,-0.6917900536488104,-1.6247669626404544,-0.1725079367674185
2026-05-18,-0.1486570129978596,0.007125803606238379,0.09533357105924589,0.9717587881282405,0.14359263564263872,0.3033544560385797,-0.1441128656495973,0.03578189486674277,0.9899484311673697,-0.6917900536488104,-1.6247669626404544,-0.1725079367674185
2026-05-19,-0.1496815171369129,0.008295615707838544,0.0966844728365891,0.9937498044507866,0.14629496319434082,0.3044772702337471,-0.1441128656495973,0.03578189486674277,0.9899484311673697,-0.6917900536488104,-1.6247669626404544,-0.1725079367674185
2026-05-20,-0.14925837573134837,0.007962887849132572,0.09431855017709068,0.9965287950365637,0.14334077062308526,0.30308788961140076,-0.1441128656495973,0.03578189486674277,0.9899484311673697,-0.6917900536488104,-1.6247669626404544,-0.1725079367674185
2026-05-21,-0.1488557969645028,0.0074799158874621074,0.09598366946018122,0.9336173154173973,0.1361378922937919,0.2916549886444386,-0.1441128656495973,0.03578189486674277,0.9899484311673697,-0.6917900536488104,-1.6247669626404544,-0.1725079367674185
2026-05-22,-0.14846531749532854,0.007238384837815914,0.09580232204891548,0.9734415974601247,0.1401888829844535,0.2904576330056914,-0.1441128656495973,0.03578189486674277,0.9899484311673697,-0.6917900536488104,-1.6247669626404544,-0.1725079367674185
2026-05-23,-0.14846531749532854,0.007238384837815914,0.09580232204891548,0.9734415974601247,0.1401888829844535,0.2924769040548769,-0.1441128656495973,0.03578189486674277,0.9899484311673697,-0.6917900536488104,-1.6247669626404544,-0.1725079367674185
2026-05-24,-0.14846531749532854,0.007238384837815914,0.09580232204891548,0.9734415974601247,0.1401888829844535,0.28538807333890626,-0.1441128656495973,0.03578189486674277,0.9899484311673697,-0.6917900536488104,-1.6247669626404544,-0.1725079367674185
2026-05-25,-0.14877291660876368,0.007559587887954855,0.09580232204891548,0.9888631943138152,0.14243548652199273,0.29996366204486463,-0.1441128656495973,0.03578189486674277,0.9899484311673697,-0.6917900536488104,-1.6247669626404544,-0.1725079367674185
2026-05-26,-0.1491238113431732,0.007922997014590427,0.09509695419958197,0.9671792945283654,0.13948806846526549,0.28123964598571194,-0.1441128656495973,0.03578189486674277,0.9899484311673697,-0.6917900536488104,-1.6247669626404544,-0.1725079367674185
2026-05-27,-0.1505693299996047,0.008515857495211554,0.09547005466444503,0.9306331715106496,0.13321023233083268,0.2825641751793902,-0.1441128656495973,0.03578189486674277,0.9899484311673697,-0.6917900536488104,-1.6247669626404544,-0.1725079367674185
2026-05-28,-0.15132258878542681,0.008697175011286973,0.09359516806484414,0.9519089555268727,0.1317743891743236,0.27957114708839104,-0.1441128656495973,0.03578189486674277,0.9899484311673697,-0.6917900536488104,-1.6247669626404544,-0.1725079367674185
2026-05-29,-0.15176667695574597,0.008752461277582002,0.09246408343547641,0.9037253548251282,0.134966135775131,0.2806685741289438,-0.1441128656495973,0.03578189486674277,0.9899484311673697,-0.6917900536488104,-1.6247669626404544,-0.1725079367674185
2026-05-30,-0.15176667695574597,0.008752461277582002,0.09246408343547641,0.9037253548251282,0.134966135775131,0.27681337077034823,-0.1441128656495973,0.03578189486674277,0.9899484311673697,-0.6917900536488104,-1.6247669626404544,-0.1725079367674185
2026-05-31,-0.15176667695574597,0.008752461277582002,0.09246408343547641,0.9037253548251282,0.134966135775131,0.2717727664425905,-0.28551491683816516,0.2955259233025108,1.0419530175707776,-1.0428765327321965,-1.6889410220883918,-0.00780136749332286
2026-06-01,-0.1524832976658963,0.00908155414483014,0.0954264322849121,0.8887212506758827,0.13665071151045305,0.27882515857179424,-0.28551491683816516,0.2955259233025108,1.0419530175707776,-1.0428765327321965,-1.6889410220883918,-0.00780136749332286
2026-06-02,-0.15242315215134195,0.008848581312159043,0.09560788206868454,0.8863824502358706,0.14149222670230066,0.28444364528445826,-0.28551491683816516,0.2955259233025108,1.0419530175707776,-1.0428765327321965,-1.6889410220883918,-0.00780136749332286
2026-06-03,-0.15183857777224086,0.00789839141336568,0.09873228364499553,0.8921096982333343,0.13715353936942462,0.2828698884414579,-0.28551491683816516,0.2955259233025108,1.0419530175707776,-1.0428765327321965,-1.6889410220883918,-0.00780136749332286
2026-06-04,-0.15227303329227104,0.00846452206791537,0.09756679418966097,0.8935974760761881,0.13143984998363534,0.2827300286949061,-0.28551491683816516,0.2955259233025108,1.0419530175707776,-1.0428765327321965,-1.6889410220883918,-0.00780136749332286
2026-06-05,-0.15139885976224554,0.007412192450352073,0.10416552876159835,0.8877442528976498,0.12811734795060487,0.28090188803994964,-0.28551491683816516,0.2955259233025108,1.0419530175707776,-1.0428765327321965,-1.6889410220883918,-0.00780136749332286
2026-06-06,-0.15139885976224554,0.007412192450352073,0.10416552876159835,0.8877442528976498,0.12811734795060487,0.279776068444558,-0.28551491683816516,0.2955259233025108,1.0419530175707776,-1.0428765327321965,-1.6889410220883918,-0.00780136749332286
2026-06-07,-0.15139885976224554,0.007412192450352073,0.10416552876159835,0.8877442528976498,0.12811734795060487,0.27414480412398384,-0.28551491683816516,0.2955259233025108,1.0419530175707776,-1.0428765327321965,-1.6889410220883918,-0.00780136749332286
2026-06-08,-0.15063587586487492,0.0067698079271998335,0.10392569424741316,0.8225498400926873,0.12047819173375618,0.27521024473226186,-0.28551491683816516,0.2955259233025108,1.0419530175707776,-1.0428765327321965,-1.6889410220883918,-0.00780136749332286
2026-06-09,-0.1497678015117645,0.006246025512140374,0.10256630597213712,0.8745073943146988,0.12074904457087429,0.2777991884495436,-0.28551491683816516,0.2955259233025108,1.0419530175707776,-1.0428765327321965,-1.6889410220883918,-0.00780136749332286
2026-06-10,-0.14893383917293834,0.005843857119554263,0.10294665208710163,0.8448267653044549,0.11836960547305748,0.2777553288257198,-0.28551491683816516,0.2955259233025108,1.0419530175707776,-1.0428765327321965,-1.6889410220883918,-0.00780136749332286
2026-06-11,-0.14860186204163572,0.005886035138373602,0.10205618013696804,0.8452622231651572,0.11537239793800709,0.2720174998241625,-0.28551491683816516,0.2955259233025108,1.0419530175707776,-1.0428765327321965,-1.6889410220883918,-0.00780136749332286
2026-06-12,-0.14903678329352965,0.007303006711057214,0.10094460169558128,0.8593565893285007,0.12236033761451069,0.2739267917193966,-0.28551491683816516,0.2955259233025108,1.0419530175707776,-1.0428765327321965,-1.6889410220883918,-0.00780136749332286
2026-06-13,-0.14903678329352965,0.007303006711057214,0.10094460169558128,0.8593565893285007,0.12236033761451069,0.273699884654162,-0.28551491683816516,0.2955259233025108,1.0419530175707776,-1.0428765327321965,-1.6889410220883918,-0.00780136749332286
2026-06-14,-0.14903678329352965,0.007303006711057214,0.10094460169558128,0.8593565893285007,0.12236033761451069,0.269616421680782,-0.28551491683816516,0.2955259233025108,1.0419530175707776,-1.0428765327321965,-1.6889410220883918,-0.00780136749332286
2026-06-15,-0.14882743287393296,0.007666844624808156,0.09978165945170425,0.9355238128534156,0.12573666851292686,0.2724044543474062,-0.28551491683816516,0.2955259233025108,1.0419530175707776,-1.0428765327321965,-1.6889410220883918,-0.00780136749332286
2026-06-16,-0.15002531893516102,0.008432337958378056,0.09886828911516243,0.9712064252995014,0.12002330419336033,0.26341866377207845,-0.28551491683816516,0.2955259233025108,1.0419530175707776,-1.0428765327321965,-1.6889410220883918,-0.00780136749332286
2026-06-17,-0.150518973495672,0.008911952936427103,0.10438365982040643,0.9895659824631213,0.11877019821657119,0.2593391688218439,-0.28551491683816516,0.2955259233025108,1.0419530175707776,-1.0428765327321965,-1.6889410220883918,-0.00780136749332286
2026-06-18,-0.15071671453965063,0.008726375599068636,0.11197690183501341,1.000827024397372,0.11426096495104374,0.25347227428381713,-0.28551491683816516,0.2955259233025108,1.0419530175707776,-1.0428765327321965,-1.6889410220883918,-0.00780136749332286
2026-06-19,-0.15071671453965063,0.008726375599068636,0.11197690183501341,1.000827024397372,0.11426096495104374,0.2457440732356628,-0.28551491683816516,0.2955259233025108,1.0419530175707776,-1.0428765327321965,-1.6889410220883918,-0.00780136749332286
2026-06-20,-0.15071671453965063,0.008726375599068636,0.11197690183501341,1.000827024397372,0.11426096495104374,0.24922812602511116,-0.28551491683816516,0.2955259233025108,1.0419530175707776,-1.0428765327321965,-1.6889410220883918,-0.00780136749332286
2026-06-21,-0.15071671453965063,0.008726375599068636,0.11197690183501341,1.000827024397372,0.11426096495104374,0.24576738308182325,-0.28551491683816516,0.2955259233025108,1.0419530175707776,-1.0428765327321965,-1.6889410220883918,-0.00780136749332286
2026-06-22,-0.15007747823404116,0.008375042179933234,0.11367250615434221,1.0160182728938771,0.11334314430551744,0.2511059270082394,-0.28551491683816516,0.2955259233025108,1.0419530175707776,-1.0428765327321965,-1.6889410220883918,-0.00780136749332286
2026-06-23,-0.14956971865019664,0.007908743116195383,0.11751332975362949,0.9717714951899837,0.1074106253947277,0.24125449268864207,-0.28551491683816516,0.2955259233025108,1.0419530175707776,-1.0428765327321965,-1.6889410220883918,-0.00780136749332286
2026-06-24,-0.14928225047198151,0.007770594469244774,0.11949542189626117,1.000924605868069,0.10569954593799412,0.2430133946181635,-0.28551491683816516,0.2955259233025108,1.0419530175707776,-1.0428765327321965,-1.6889410220883918,-0.00780136749332286
2026-06-25,-0.15005722355533724,0.0084710476108103,0.11774360857263833,1.0072163979465634,0.09804787371285947,0.23483930160509545,-0.28551491683816516,0.2955259233025108,1.0419530175707776,-1.0428765327321965,-1.6889410220883918,-0.00780136749332286
2026-06-26,-0.150466077407984,0.008696683249460602,0.11701404857618758,0.9694869845758336,0.09400985777302531,0.23753137475016523,-0.28551491683816516,0.2955259233025108,1.0419530175707776,-1.0428765327321965,-1.6889410220883918,-0.00780136749332286
2026-06-27,-0.150466077407984,0.008696683249460602,0.11701404857618758,0.9694869845758336,0.09400985777302531,0.23684829978500488,-0.28551491683816516,0.2955259233025108,1.0419530175707776,-1.0428765327321965,-1.6889410220883918,-0.00780136749332286
2026-06-28,-0.150466077407984,0.008696683249460602,0.11701404857618758,0.9694869845758336,0.09400985777302531,0.23025430328856444,-0.28551491683816516,0.2955259233025108,1.0419530175707776,-1.0428765327321965,-1.6889410220883918,-0.00780136749332286
2026-06-29,-0.1519558065635469,0.009502890061842573,0.11452778714382483,0.9748300411341105,0.09749757058068596,0.22913840494930907,-0.28551491683816516,0.2955259233025108,1.0419530175707776,-1.0428765327321965,-1.6889410220883918,-0.00780136749332286
2026-06-30,-0.15076824074438033,0.007948479518751217,0.11533882517359584,1.0187596681038757,0.09758858684495268,0.23056167241840944,-0.3608042002666943,0.3949791933272151,1.0838729204397846,-0.8555744159006292,-1.648727512251564,0.4327693735579232
2026-07-01,-0.14931190767244007,0.006655289471364179,0.11736477712394522,1.0385657270684112,0.0994184644282229,0.22987599494168215,-0.3608042002666943,0.3949791933272151,1.0838729204397846,-0.8555744159006292,-1.648727512251564,0.4327693735579232
2026-07-02,-0.15000483976509504,0.007525012402636921,0.11208822670576635,0.6986162018482928,0.09854702677953359,0.22912947347789286,-0.3608042002666943,0.3949791933272151,1.0838729204397846,-0.8555744159006292,-1.648727512251564,0.4327693735579232
2026-07-03,-0.149478199194929,0.0071006091770066115,0.11208822670576635,0.7008561062939792,0.10241058558687553,0.23103421943195082,-0.3608042002666943,0.3949791933272151,1.0838729204397846,-0.8555744159006292,-1.648727512251564,0.4327693735579232
2026-07-04,-0.149478199194929,0.0071006091770066115,0.11208822670576635,0.7008561062939792,0.10241058558687553,0.2296997483479763,-0.3608042002666943,0.3949791933272151,1.0838729204397846,-0.8555744159006292,-1.648727512251564,0.4327693735579232
2026-07-05,-0.149478199194929,0.0071006091770066115,0.11208822670576635,0.7008561062939792,0.10241058558687553,0.22769015590366692,-0.3608042002666943,0.3949791933272151,1.0838729204397846,-0.8555744159006292,-1.648727512251564,0.4327693735579232
2026-07-06,-0.15030109628283483,0.007897720978001455,0.11204856659293327,0.6705023535509818,0.10590882852843621,0.24531083348465887,-0.3608042002666943,0.3949791933272151,1.0838729204397846,-0.8555744159006292,-1.648727512251564,0.4327693735579232
2026-07-07,-0.15028979428304023,0.007863721738484375,0.11373418824028148,0.6269036359959902,0.10182816080598737,0.24864296628560908,-0.3608042002666943,0.3949791933272151,1.0838729204397846,-0.8555744159006292,-1.648727512251564,0.4327693735579232
2026-07-08,-0.15062320704521415,0.00868099506775788,0.113417428690476,0.5838485615963347,0.10719228406222692,0.2568837602665514,-0.3608042002666943,0.3949791933272151,1.0838729204397846,-0.8555744159006292,-1.648727512251564,0.4327693735579232
2026-07-09,-0.15054694311174643,0.008649455434726394,0.1125559657878411,0.6091429757975623,0.10821255623723965,0.26329916762922956,-0.3608042002666943,0.3949791933272151,1.0838729204397846,-0.8555744159006292,-1.648727512251564,0.4327693735579232
2026-07-10,-0.150528111074685,0.008558090214449865,0.11303166546277976,0.6072926961553937,0.11263177653233758,0.26330015864899187,-0.3608042002666943,0.3949791933272151,1.0838729204397846,-0.8555744159006292,-1.648727512251564,0.4327693735579232
2026-07-11,-0.150528111074685,0.008558090214449865,0.11303166546277976,0.6072926961553937,0.11263177653233758,0.2680163676717508,-0.3608042002666943,0.3949791933272151,1.0838729204397846,-0.8555744159006292,-1.648727512251564,0.4327693735579232
2026-07-12,-0.150528111074685,0.008558090214449865,0.11303166546277976,0.6072926961553937,0.11263177653233758,0.2656845743045243,-0.3608042002666943,0.3949791933272151,1.0838729204397846,-0.8555744159006292,-1.648727512251564,0.4327693735579232
2026-07-13,-0.150528111074685,0.008558090214449865,0.11303166546277976,0.6072926961553937,0.11263177653233758,0.2656845743045243,-0.3608042002666943,0.3949791933272151,1.0838729204397846,-0.8555744159006292,-1.648727512251564,0.4327693735579232
