date,security_id,close
2020-12-31,40553563,1000.000000
2021-01-04,40553563,1013.700000
2021-01-05,40553563,1020.300000
2021-01-06,40553563,1029.300000
2021-01-07,40553563,1036.700000
2021-01-08,40553563,1038.200000
2021-01-11,40553563,1035.100000
2021-01-12,40553563,1039.500000
2021-01-13,40553563,1043.600000
2021-01-14,40553563,1035.000000
2021-01-15,40553563,1034.500000
2021-01-18,40553563,1033.800000
2021-01-19,40553563,1028.300000
2021-01-20,40553563,1022.600000
2021-01-21,40553563,1025.700000
2021-01-22,40553563,1023.200000
2021-01-25,40553563,1016.500000
2021-01-26,40553563,1011.200000
2021-01-27,40553563,1010.400000
2021-01-28,40553563,1002.900000
2021-01-29,40553563,995.900000
2021-02-01,40553563,995.100000
2021-02-02,40553563,996.900000
2021-02-03,40553563,993.300000
2021-02-04,40553563,992.800000
2021-02-05,40553563,997.700000
2021-02-08,40553563,1005.000000
2021-02-09,40553563,1017.600000
2021-02-10,40553563,1022.900000
2021-02-18,40553563,1047.400000
2021-02-19,40553563,1049.500000
2021-02-22,40553563,1059.100000
2021-02-23,40553563,1061.900000
2021-02-24,40553563,1064.200000
2021-02-25,40553563,1079.600000
2021-02-26,40553563,1071.000000
2021-03-01,40553563,1068.300000
2021-03-02,40553563,1060.100000
2021-03-03,40553563,1074.200000
2021-03-04,40553563,1064.800000
2021-03-05,40553563,1058.800000
2021-03-08,40553563,1076.900000
2021-03-09,40553563,1074.000000
2021-03-10,40553563,1060.000000
2021-03-11,40553563,1057.300000
2021-03-12,40553563,1061.700000
2021-03-15,40553563,1054.400000
2021-03-16,40553563,1054.000000
2021-03-17,40553563,1050.800000
2021-03-18,40553563,1051.500000
2021-03-19,40553563,1045.300000
2021-03-22,40553563,1046.600000
2021-03-23,40553563,1047.300000
2021-03-24,40553563,1045.000000
2021-03-25,40553563,1049.000000
2021-03-26,40553563,1044.600000
2021-03-29,40553563,1045.100000
2021-03-30,40553563,1046.200000
2021-03-31,40553563,1041.200000
2021-04-01,40553563,1040.300000
2021-04-02,40553563,1041.400000
2021-04-06,40553563,1045.000000
2021-04-07,40553563,1042.400000
2021-04-08,40553563,1036.400000
2021-04-09,40553563,1037.000000
2021-04-12,40553563,1025.800000
2021-04-13,40553563,1026.100000
2021-04-14,40553563,1027.500000
2021-04-15,40553563,1024.400000
2021-04-16,40553563,1028.500000
2021-04-19,40553563,1044.200000
2021-04-20,40553563,1046.400000
2021-04-21,40553563,1046.400000
2021-04-22,40553563,1050.300000
2021-04-23,40553563,1057.100000
2021-04-26,40553563,1060.600000
2021-04-27,40553563,1062.400000
2021-04-28,40553563,1058.500000
2021-04-29,40553563,1063.300000
2021-04-30,40553563,1058.400000
2021-05-06,40553563,1076.300000
2021-05-07,40553563,1084.700000
2021-05-10,40553563,1096.100000
2021-05-11,40553563,1097.900000
2021-05-12,40553563,1107.900000
2021-05-13,40553563,1097.800000
2021-05-14,40553563,1085.100000
2021-05-17,40553563,1084.000000
2021-05-18,40553563,1085.700000
2021-05-19,40553563,1079.800000
2021-05-20,40553563,1064.600000
2021-05-21,40553563,1053.300000
2021-05-24,40553563,1049.700000
2021-05-25,40553563,1052.400000
2021-05-26,40553563,1051.300000
2021-05-27,40553563,1051.900000
2021-05-28,40553563,1046.100000
2021-05-31,40553563,1046.100000
2021-06-01,40553563,1052.400000
2021-06-02,40553563,1053.900000
2021-06-03,40553563,1053.400000
2021-06-04,40553563,1045.600000
2021-06-07,40553563,1046.600000
2021-06-08,40553563,1045.000000
2021-06-09,40553563,1045.900000
2021-06-10,40553563,1043.600000
2021-06-11,40553563,1043.000000
2021-06-15,40553563,1038.000000
2021-06-16,40553563,1037.200000
2021-06-17,40553563,1041.700000
2021-06-18,40553563,1043.000000
2021-06-21,40553563,1042.700000
2021-06-22,40553563,1041.400000
2021-06-23,40553563,1043.100000
2021-06-24,40553563,1042.400000
2021-06-25,40553563,1047.200000
2021-06-28,40553563,1041.400000
2021-06-29,40553563,1035.200000
2021-06-30,40553563,1036.900000
2021-07-01,40553563,1032.000000
2021-07-02,40553563,1030.600000
2021-07-05,40553563,1029.700000
2021-07-06,40553563,1034.300000
2021-07-07,40553563,1025.900000
2021-07-08,40553563,1025.900000
2021-07-09,40553563,1025.800000
2021-07-12,40553563,1033.500000
2021-07-13,40553563,1036.400000
2021-07-14,40553563,1041.000000
2021-07-15,40553563,1042.500000
2021-07-16,40553563,1045.000000
2021-07-19,40553563,1051.100000
2021-07-20,40553563,1041.800000
2021-07-21,40553563,1047.500000
2021-07-22,40553563,1043.300000
2021-07-23,40553563,1045.300000
2021-07-26,40553563,1043.900000
2021-07-27,40553563,1042.800000
2021-07-28,40553563,1038.000000
2021-07-29,40553563,1042.200000
2021-07-30,40553563,1048.000000
2021-08-02,40553563,1039.500000
2021-08-03,40553563,1031.800000
2021-08-04,40553563,1033.100000
2021-08-05,40553563,1032.700000
2021-08-06,40553563,1033.100000
2021-08-09,40553563,1039.600000
2021-08-10,40553563,1044.800000
2021-08-11,40553563,1052.200000
2021-08-12,40553563,1054.600000
2021-08-13,40553563,1051.900000
2021-08-16,40553563,1052.300000
2021-08-17,40553563,1048.700000
2021-08-18,40553563,1046.500000
2021-08-19,40553563,1043.800000
2021-08-20,40553563,1039.300000
2021-08-23,40553563,1044.800000
2021-08-24,40553563,1048.800000
2021-08-25,40553563,1052.100000
2021-08-26,40553563,1050.000000
2021-08-27,40553563,1045.200000
2021-08-30,40553563,1048.300000
2021-08-31,40553563,1050.700000
2021-09-01,40553563,1049.500000
2021-09-02,40553563,1053.500000
2021-09-03,40553563,1055.600000
2021-09-06,40553563,1063.800000
2021-09-07,40553563,1076.000000
2021-09-08,40553563,1079.200000
2021-09-09,40553563,1091.100000
2021-09-10,40553563,1091.300000
2021-09-13,40553563,1092.200000
2021-09-14,40553563,1079.200000
2021-09-15,40553563,1078.400000
2021-09-16,40553563,1088.500000
2021-09-17,40553563,1083.300000
2021-09-22,40553563,1089.300000
2021-09-23,40553563,1101.500000
2021-09-24,40553563,1097.300000
2021-09-27,40553563,1094.600000
2021-09-28,40553563,1100.000000
2021-09-29,40553563,1099.300000
2021-09-30,40553563,1104.700000
2021-10-08,40553563,1117.400000
2021-10-11,40553563,1124.800000
2021-10-12,40553563,1119.600000
2021-10-13,40553563,1111.700000
2021-10-14,40553563,1107.000000
2021-10-15,40553563,1114.100000
2021-10-18,40553563,1123.300000
2021-10-19,40553563,1129.200000
2021-10-20,40553563,1113.700000
2021-10-21,40553563,1108.000000
2021-10-22,40553563,1095.000000
2021-10-25,40553563,1092.400000
2021-10-26,40553563,1092.500000
2021-10-27,40553563,1084.000000
2021-10-28,40553563,1073.400000
2021-10-29,40553563,1075.000000
2021-11-01,40553563,1071.900000
2021-11-02,40553563,1063.400000
2021-11-03,40553563,1065.800000
2021-11-04,40553563,1066.400000
2021-11-05,40553563,1055.900000
2021-11-08,40553563,1045.600000
2021-11-09,40553563,1044.500000
2021-11-10,40553563,1040.700000
2021-11-11,40553563,1047.500000
2021-11-12,40553563,1044.600000
2021-11-15,40553563,1038.700000
2021-11-16,40553563,1039.500000
2021-11-17,40553563,1042.500000
2021-11-18,40553563,1043.900000
2021-11-19,40553563,1045.300000
2021-11-22,40553563,1048.500000
2021-11-23,40553563,1041.500000
2021-11-24,40553563,1038.400000
2021-11-25,40553563,1040.200000
2021-11-26,40553563,1029.100000
2021-11-29,40553563,1027.800000
2021-11-30,40553563,1035.300000
2021-12-01,40553563,1044.600000
2021-12-02,40553563,1039.300000
2021-12-03,40553563,1037.000000
2021-12-06,40553563,1036.300000
2021-12-07,40553563,1036.500000
2021-12-08,40553563,1042.000000
2021-12-09,40553563,1044.200000
2021-12-10,40553563,1044.000000
2021-12-13,40553563,1044.700000
2021-12-14,40553563,1047.400000
2021-12-15,40553563,1048.300000
2021-12-16,40553563,1049.700000
2021-12-17,40553563,1051.100000
2021-12-20,40553563,1044.200000
2021-12-21,40553563,1047.500000
2021-12-22,40553563,1045.400000
2021-12-23,40553563,1045.500000
2021-12-24,40553563,1042.900000
2021-12-27,40553563,1036.100000
2021-12-28,40553563,1036.000000
2021-12-29,40553563,1033.200000
2021-12-30,40553563,1033.200000
2021-12-31,40553563,1034.500000
2022-01-04,40553563,1030.200000
2022-01-05,40553563,1031.300000
2022-01-06,40553563,1031.600000
2022-01-07,40553563,1035.500000
2022-01-10,40553563,1038.500000
2022-01-11,40553563,1040.700000
2022-01-12,40553563,1045.400000
2022-01-13,40553563,1047.100000
2022-01-14,40553563,1045.900000
2022-01-17,40553563,1044.300000
2022-01-18,40553563,1042.400000
2022-01-19,40553563,1044.200000
2022-01-20,40553563,1050.600000
2022-01-21,40553563,1053.500000
2022-01-24,40553563,1054.400000
2022-01-25,40553563,1047.100000
2022-01-26,40553563,1048.800000
2022-01-27,40553563,1051.500000
2022-01-28,40553563,1053.900000
2022-02-07,40553563,1064.500000
2022-02-08,40553563,1062.300000
2022-02-09,40553563,1054.700000
2022-02-10,40553563,1057.600000
2022-02-11,40553563,1058.200000
2022-02-14,40553563,1055.500000
2022-02-15,40553563,1053.200000
2022-02-16,40553563,1051.900000
2022-02-17,40553563,1054.500000
2022-02-18,40553563,1059.500000
2022-02-21,40553563,1060.100000
2022-02-22,40553563,1064.100000
2022-02-23,40553563,1067.300000
2022-02-24,40553563,1071.600000
2022-02-25,40553563,1072.600000
2022-02-28,40553563,1063.200000
2022-03-01,40553563,1067.500000
2022-03-02,40553563,1074.400000
2022-03-03,40553563,1078.900000
2022-03-04,40553563,1077.800000
2022-03-07,40553563,1089.200000
2022-03-08,40553563,1095.600000
2022-03-09,40553563,1108.500000
2022-03-10,40553563,1100.100000
2022-03-11,40553563,1095.200000
2022-03-14,40553563,1088.100000
2022-03-15,40553563,1081.700000
2022-03-16,40553563,1080.100000
2022-03-17,40553563,1083.000000
2022-03-18,40553563,1084.300000
2022-03-21,40553563,1090.500000
2022-03-22,40553563,1090.200000
2022-03-23,40553563,1089.200000
2022-03-24,40553563,1091.800000
2022-03-25,40553563,1092.800000
2022-03-28,40553563,1091.800000
2022-03-29,40553563,1089.200000
2022-03-30,40553563,1085.700000
2022-03-31,40553563,1087.100000
2022-04-01,40553563,1083.800000
2022-04-06,40553563,1086.400000
2022-04-07,40553563,1080.800000
2022-04-08,40553563,1078.200000
2022-04-11,40553563,1074.100000
2022-04-12,40553563,1074.700000
2022-04-13,40553563,1076.300000
2022-04-14,40553563,1078.000000
2022-04-15,40553563,1080.800000
2022-04-18,40553563,1084.300000
2022-04-19,40553563,1086.100000
2022-04-20,40553563,1081.000000
2022-04-21,40553563,1080.800000
2022-04-22,40553563,1079.700000
2022-04-25,40553563,1066.600000
2022-04-26,40553563,1067.600000
2022-04-27,40553563,1071.800000
2022-04-28,40553563,1075.700000
2022-04-29,40553563,1077.600000
2022-05-05,40553563,1075.900000
2022-05-06,40553563,1073.100000
2022-05-09,40553563,1074.400000
2022-05-10,40553563,1068.300000
2022-05-11,40553563,1065.700000
2022-05-12,40553563,1068.700000
2022-05-13,40553563,1071.800000
2022-05-16,40553563,1069.500000
2022-05-17,40553563,1068.600000
2022-05-18,40553563,1067.600000
2022-05-19,40553563,1066.000000
2022-05-20,40553563,1063.300000
2022-05-23,40553563,1063.100000
2022-05-24,40553563,1061.800000
2022-05-25,40553563,1067.200000
2022-05-26,40553563,1066.300000
2022-05-27,40553563,1070.400000
2022-05-30,40553563,1070.600000
2022-05-31,40553563,1072.500000
2022-06-01,40553563,1066.500000
2022-06-02,40553563,1066.900000
2022-06-06,40553563,1074.200000
2022-06-07,40553563,1076.300000
2022-06-08,40553563,1084.400000
2022-06-09,40553563,1084.900000
2022-06-10,40553563,1081.800000
2022-06-13,40553563,1070.500000
2022-06-14,40553563,1068.500000
2022-06-15,40553563,1067.900000
2022-06-16,40553563,1062.700000
2022-06-17,40553563,1065.100000
2022-06-20,40553563,1072.800000
2022-06-21,40553563,1072.200000
2022-06-22,40553563,1069.600000
2022-06-23,40553563,1073.300000
2022-06-24,40553563,1077.400000
2022-06-27,40553563,1082.200000
2022-06-28,40553563,1081.200000
2022-06-29,40553563,1080.700000
2022-06-30,40553563,1081.100000
2022-07-01,40553563,1082.600000
2022-07-04,40553563,1089.500000
2022-07-05,40553563,1088.000000
2022-07-06,40553563,1096.800000
2022-07-07,40553563,1095.100000
2022-07-08,40553563,1090.600000
2022-07-11,40553563,1093.800000
2022-07-12,40553563,1092.700000
2022-07-13,40553563,1100.200000
2022-07-14,40553563,1100.000000
2022-07-15,40553563,1109.800000
2022-07-18,40553563,1103.900000
2022-07-19,40553563,1101.300000
2022-07-20,40553563,1101.100000
2022-07-21,40553563,1099.200000
2022-07-22,40553563,1101.000000
2022-07-25,40553563,1096.600000
2022-07-26,40553563,1097.000000
2022-07-27,40553563,1096.300000
2022-07-28,40553563,1095.100000
2022-07-29,40553563,1096.700000
2022-08-01,40553563,1100.800000
2022-08-02,40553563,1094.800000
2022-08-03,40553563,1094.500000
2022-08-04,40553563,1091.500000
2022-08-05,40553563,1092.000000
2022-08-08,40553563,1090.600000
2022-08-09,40553563,1090.900000
2022-08-10,40553563,1091.200000
2022-08-11,40553563,1092.200000
2022-08-12,40553563,1096.200000
2022-08-15,40553563,1092.900000
2022-08-16,40553563,1091.100000
2022-08-17,40553563,1093.400000
2022-08-18,40553563,1087.400000
2022-08-19,40553563,1087.100000
2022-08-22,40553563,1087.800000
2022-08-23,40553563,1086.900000
2022-08-24,40553563,1085.300000
2022-08-25,40553563,1085.300000
2022-08-26,40553563,1084.500000
2022-08-29,40553563,1078.800000
2022-08-30,40553563,1078.800000
2022-08-31,40553563,1078.200000
2022-09-01,40553563,1077.400000
2022-09-02,40553563,1078.600000
2022-09-05,40553563,1075.100000
2022-09-06,40553563,1077.200000
2022-09-07,40553563,1076.000000
2022-09-08,40553563,1073.200000
2022-09-09,40553563,1073.100000
2022-09-13,40553563,1077.700000
2022-09-14,40553563,1074.000000
2022-09-15,40553563,1072.000000
2022-09-16,40553563,1071.300000
2022-09-19,40553563,1072.200000
2022-09-20,40553563,1071.500000
2022-09-21,40553563,1071.800000
2022-09-22,40553563,1070.400000
2022-09-23,40553563,1070.100000
2022-09-26,40553563,1068.100000
2022-09-27,40553563,1070.700000
2022-09-28,40553563,1070.200000
2022-09-29,40553563,1069.400000
2022-09-30,40553563,1068.400000
2022-10-10,40553563,1063.600000
2022-10-11,40553563,1061.400000
2022-10-12,40553563,1060.500000
2022-10-13,40553563,1062.100000
2022-10-14,40553563,1063.800000
2022-10-17,40553563,1061.500000
2022-10-18,40553563,1062.300000
2022-10-19,40553563,1062.000000
2022-10-20,40553563,1063.000000
2022-10-21,40553563,1063.800000
2022-10-24,40553563,1061.900000
2022-10-25,40553563,1064.300000
2022-10-26,40553563,1065.900000
2022-10-27,40553563,1067.700000
2022-10-28,40553563,1068.000000
2022-10-31,40553563,1071.700000
2022-11-01,40553563,1074.500000
2022-11-02,40553563,1075.100000
2022-11-03,40553563,1074.600000
2022-11-04,40553563,1072.500000
2022-11-07,40553563,1070.300000
2022-11-08,40553563,1068.200000
2022-11-09,40553563,1066.600000
2022-11-10,40553563,1064.400000
2022-11-11,40553563,1063.700000
2022-11-14,40553563,1059.700000
2022-11-15,40553563,1058.000000
2022-11-16,40553563,1057.900000
2022-11-17,40553563,1054.500000
2022-11-18,40553563,1055.700000
2022-11-21,40553563,1052.100000
2022-11-22,40553563,1050.000000
2022-11-23,40553563,1050.500000
2022-11-24,40553563,1051.100000
2022-11-25,40553563,1050.700000
2022-11-28,40553563,1048.800000
2022-11-29,40553563,1053.400000
2022-11-30,40553563,1054.300000
2022-12-01,40553563,1055.600000
2022-12-02,40553563,1053.700000
2022-12-05,40553563,1055.300000
2022-12-06,40553563,1051.000000
2022-12-07,40553563,1050.200000
2022-12-08,40553563,1053.800000
2022-12-09,40553563,1059.200000
2022-12-12,40553563,1058.700000
2022-12-13,40553563,1059.000000
2022-12-14,40553563,1058.900000
2022-12-15,40553563,1058.200000
2022-12-16,40553563,1058.400000
2022-12-19,40553563,1052.800000
2022-12-20,40553563,1051.600000
2022-12-21,40553563,1053.900000
2022-12-22,40553563,1053.600000
2022-12-23,40553563,1050.100000
2022-12-26,40553563,1050.800000
2022-12-27,40553563,1053.800000
2022-12-28,40553563,1055.300000
2022-12-29,40553563,1053.100000
2022-12-30,40553563,1056.800000
2023-01-03,40553563,1053.700000
2023-01-04,40553563,1052.600000
2023-01-05,40553563,1048.600000
2023-01-06,40553563,1046.300000
2023-01-09,40553563,1045.300000
2023-01-10,40553563,1044.500000
2023-01-11,40553563,1045.500000
2023-01-12,40553563,1048.000000
2023-01-13,40553563,1052.500000
2023-01-16,40553563,1053.300000
2023-01-17,40553563,1053.900000
2023-01-18,40553563,1058.600000
2023-01-19,40553563,1062.500000
2023-01-20,40553563,1065.400000
2023-01-30,40553563,1066.200000
2023-01-31,40553563,1063.300000
2023-02-01,40553563,1062.700000
2023-02-02,40553563,1057.200000
2023-02-03,40553563,1053.200000
2023-02-06,40553563,1047.800000
2023-02-07,40553563,1048.700000
2023-02-08,40553563,1048.300000
2023-02-09,40553563,1051.000000
2023-02-10,40553563,1049.500000
2023-02-13,40553563,1052.200000
2023-02-14,40553563,1051.500000
2023-02-15,40553563,1048.700000
2023-02-16,40553563,1045.600000
2023-02-17,40553563,1045.200000
2023-02-20,40553563,1045.300000
2023-02-21,40553563,1046.200000
2023-02-22,40553563,1045.800000
2023-02-23,40553563,1044.100000
2023-02-24,40553563,1041.200000
2023-02-27,40553563,1039.300000
2023-02-28,40553563,1038.200000
2023-03-01,40553563,1039.400000
2023-03-02,40553563,1039.900000
2023-03-03,40553563,1043.500000
2023-03-06,40553563,1039.200000
2023-03-07,40553563,1036.900000
2023-03-08,40553563,1035.500000
2023-03-09,40553563,1035.000000
2023-03-10,40553563,1036.800000
2023-03-13,40553563,1038.700000
2023-03-14,40553563,1035.200000
2023-03-15,40553563,1033.900000
2023-03-16,40553563,1033.500000
2023-03-17,40553563,1031.400000
2023-03-20,40553563,1028.600000
2023-03-21,40553563,1031.900000
2023-03-22,40553563,1032.700000
2023-03-23,40553563,1034.000000
2023-03-24,40553563,1033.400000
2023-03-27,40553563,1035.000000
2023-03-28,40553563,1034.000000
2023-03-29,40553563,1037.000000
2023-03-30,40553563,1037.100000
2023-03-31,40553563,1038.600000
2023-04-03,40553563,1038.200000
2023-04-04,40553563,1039.200000
2023-04-06,40553563,1045.100000
2023-04-07,40553563,1047.300000
2023-04-10,40553563,1046.900000
2023-04-11,40553563,1048.000000
2023-04-12,40553563,1049.300000
2023-04-13,40553563,1054.500000
2023-04-14,40553563,1056.100000
2023-04-17,40553563,1054.500000
2023-04-18,40553563,1050.400000
2023-04-19,40553563,1047.300000
2023-04-20,40553563,1050.500000
2023-04-21,40553563,1053.200000
2023-04-24,40553563,1055.800000
2023-04-25,40553563,1055.200000
2023-04-26,40553563,1054.700000
2023-04-27,40553563,1055.100000
2023-04-28,40553563,1061.400000
2023-05-04,40553563,1069.200000
2023-05-05,40553563,1070.200000
2023-05-08,40553563,1062.200000
2023-05-09,40553563,1058.200000
2023-05-10,40553563,1059.600000
2023-05-11,40553563,1064.500000
2023-05-12,40553563,1066.500000
2023-05-15,40553563,1068.700000
2023-05-16,40553563,1068.900000
2023-05-17,40553563,1069.100000
2023-05-18,40553563,1068.400000
2023-05-19,40553563,1071.300000
2023-05-22,40553563,1079.900000
2023-05-23,40553563,1082.200000
2023-05-24,40553563,1083.900000
2023-05-25,40553563,1086.300000
2023-05-26,40553563,1081.800000
2023-05-29,40553563,1077.000000
2023-05-30,40553563,1078.200000
2023-05-31,40553563,1087.500000
2023-06-01,40553563,1085.900000
2023-06-02,40553563,1081.600000
2023-06-05,40553563,1080.200000
2023-06-06,40553563,1079.000000
2023-06-07,40553563,1078.200000
2023-06-08,40553563,1077.900000
2023-06-09,40553563,1077.800000
2023-06-12,40553563,1077.100000
2023-06-13,40553563,1079.100000
2023-06-14,40553563,1076.700000
2023-06-15,40553563,1076.900000
2023-06-16,40553563,1076.900000
2023-06-19,40553563,1069.900000
2023-06-20,40553563,1067.100000
2023-06-21,40553563,1064.500000
2023-06-26,40553563,1057.000000
2023-06-27,40553563,1057.500000
2023-06-28,40553563,1055.500000
2023-06-29,40553563,1055.800000
2023-06-30,40553563,1056.900000
2023-07-03,40553563,1061.000000
2023-07-04,40553563,1062.600000
2023-07-05,40553563,1061.200000
2023-07-06,40553563,1059.400000
2023-07-07,40553563,1058.700000
2023-07-10,40553563,1055.800000
2023-07-11,40553563,1059.900000
2023-07-12,40553563,1061.800000
2023-07-13,40553563,1064.100000
2023-07-14,40553563,1066.200000
2023-07-17,40553563,1061.400000
2023-07-18,40553563,1060.500000
2023-07-19,40553563,1063.000000
2023-07-20,40553563,1065.400000
2023-07-21,40553563,1064.400000
2023-07-24,40553563,1059.200000
2023-07-25,40553563,1062.900000
2023-07-26,40553563,1068.600000
2023-07-27,40553563,1071.800000
2023-07-28,40553563,1071.700000
2023-07-31,40553563,1075.000000
2023-08-01,40553563,1075.800000
2023-08-02,40553563,1074.200000
2023-08-03,40553563,1069.000000
2023-08-04,40553563,1070.200000
2023-08-07,40553563,1070.700000
2023-08-08,40553563,1069.500000
2023-08-09,40553563,1068.000000
2023-08-10,40553563,1070.200000
2023-08-11,40553563,1066.800000
2023-08-14,40553563,1064.900000
2023-08-15,40553563,1065.300000
2023-08-16,40553563,1062.700000
2023-08-17,40553563,1061.800000
2023-08-18,40553563,1058.100000
2023-08-21,40553563,1056.000000
2023-08-22,40553563,1057.900000
2023-08-23,40553563,1058.400000
2023-08-24,40553563,1059.700000
2023-08-25,40553563,1056.900000
2023-08-28,40553563,1057.200000
2023-08-29,40553563,1057.800000
2023-08-30,40553563,1054.900000
2023-08-31,40553563,1060.600000
2023-09-01,40553563,1066.800000
2023-09-04,40553563,1069.800000
2023-09-05,40553563,1066.700000
2023-09-06,40553563,1069.600000
2023-09-07,40553563,1067.600000
2023-09-08,40553563,1065.400000
2023-09-11,40553563,1066.600000
2023-09-12,40553563,1064.600000
2023-09-13,40553563,1065.000000
2023-09-14,40553563,1063.800000
2023-09-15,40553563,1064.400000
2023-09-18,40553563,1062.800000
2023-09-19,40553563,1061.800000
2023-09-20,40553563,1058.700000
2023-09-21,40553563,1056.400000
2023-09-22,40553563,1056.800000
2023-09-25,40553563,1055.700000
2023-09-26,40553563,1055.000000
2023-09-27,40553563,1056.200000
2023-09-28,40553563,1055.300000
2023-10-09,40553563,1054.500000
2023-10-10,40553563,1050.200000
2023-10-11,40553563,1048.500000
2023-10-12,40553563,1049.700000
2023-10-13,40553563,1049.500000
2023-10-16,40553563,1051.400000
2023-10-17,40553563,1053.000000
2023-10-18,40553563,1053.200000
2023-10-19,40553563,1051.700000
2023-10-20,40553563,1053.000000
2023-10-23,40553563,1053.200000
2023-10-24,40553563,1048.900000
2023-10-25,40553563,1045.700000
2023-10-26,40553563,1047.100000
2023-10-27,40553563,1046.500000
2023-10-30,40553563,1046.300000
2023-10-31,40553563,1047.300000
2023-11-01,40553563,1048.800000
2023-11-02,40553563,1048.400000
2023-11-03,40553563,1048.800000
2023-11-06,40553563,1049.000000
2023-11-07,40553563,1048.900000
2023-11-08,40553563,1047.100000
2023-11-09,40553563,1048.000000
2023-11-10,40553563,1048.500000
2023-11-13,40553563,1049.100000
2023-11-14,40553563,1047.600000
2023-11-15,40553563,1051.800000
2023-11-16,40553563,1051.100000
2023-11-17,40553563,1052.800000
2023-11-20,40553563,1052.500000
2023-11-21,40553563,1055.500000
2023-11-22,40553563,1053.600000
2023-11-23,40553563,1053.000000
2023-11-24,40553563,1050.600000
2023-11-27,40553563,1056.900000
2023-11-28,40553563,1064.800000
2023-11-29,40553563,1062.100000
2023-11-30,40553563,1058.600000
2023-12-01,40553563,1059.700000
2023-12-04,40553563,1060.900000
2023-12-05,40553563,1060.600000
2023-12-06,40553563,1060.100000
2023-12-07,40553563,1060.300000
2023-12-08,40553563,1056.300000
2023-12-11,40553563,1054.300000
2023-12-12,40553563,1054.700000
2023-12-13,40553563,1052.500000
2023-12-14,40553563,1054.500000
2023-12-15,40553563,1051.700000
2023-12-18,40553563,1052.100000
2023-12-19,40553563,1051.700000
2023-12-20,40553563,1052.900000
2023-12-21,40553563,1055.400000
2023-12-22,40553563,1054.600000
2023-12-25,40553563,1054.700000
2023-12-26,40553563,1047.800000
2023-12-27,40553563,1053.400000
2023-12-28,40553563,1055.300000
2023-12-29,40553563,1054.200000
2024-01-02,40553563,1053.800000
2024-01-03,40553563,1054.000000
2024-01-04,40553563,1051.800000
2024-01-05,40553563,1051.900000
2024-01-08,40553563,1052.000000
2024-01-09,40553563,1053.200000
2024-01-10,40553563,1053.100000
2024-01-11,40553563,1055.000000
2024-01-12,40553563,1054.600000
2024-01-15,40553563,1053.700000
2024-01-16,40553563,1052.100000
2024-01-17,40553563,1049.200000
2024-01-18,40553563,1051.100000
2024-01-19,40553563,1050.000000
2024-01-22,40553563,1042.800000
2024-01-23,40553563,1046.000000
2024-01-24,40553563,1046.800000
2024-01-25,40553563,1049.400000
2024-01-26,40553563,1047.900000
2024-01-29,40553563,1047.100000
2024-01-30,40553563,1046.000000
2024-01-31,40553563,1043.600000
2024-02-01,40553563,1042.100000
2024-02-02,40553563,1040.800000
2024-02-05,40553563,1039.200000
2024-02-06,40553563,1041.700000
2024-02-07,40553563,1042.500000
2024-02-08,40553563,1041.900000
2024-02-19,40553563,1043.900000
2024-02-20,40553563,1046.000000
2024-02-21,40553563,1046.500000
2024-02-22,40553563,1048.200000
2024-02-23,40553563,1048.400000
2024-02-26,40553563,1048.400000
2024-02-27,40553563,1048.900000
2024-02-28,40553563,1048.200000
2024-02-29,40553563,1051.600000
2024-03-01,40553563,1051.200000
2024-03-04,40553563,1050.600000
2024-03-05,40553563,1047.200000
2024-03-06,40553563,1048.700000
2024-03-07,40553563,1047.000000
2024-03-08,40553563,1049.900000
2024-03-11,40553563,1053.800000
2024-03-12,40553563,1055.500000
2024-03-13,40553563,1056.500000
2024-03-14,40553563,1061.400000
2024-03-15,40553563,1067.700000
2024-03-18,40553563,1074.100000
2024-03-19,40553563,1069.800000
2024-03-20,40553563,1065.900000
2024-03-21,40553563,1068.600000
2024-03-22,40553563,1063.300000
2024-03-25,40553563,1063.400000
2024-03-26,40553563,1065.600000
2024-03-27,40553563,1066.800000
2024-03-28,40553563,1069.200000
2024-03-29,40553563,1072.300000
2024-04-01,40553563,1076.700000
2024-04-02,40553563,1074.400000
2024-04-03,40553563,1077.900000
2024-04-08,40553563,1077.700000
2024-04-09,40553563,1078.700000
2024-04-10,40553563,1081.100000
2024-04-11,40553563,1077.600000
2024-04-12,40553563,1076.500000
2024-04-15,40553563,1082.500000
2024-04-16,40553563,1076.700000
2024-04-17,40553563,1076.300000
2024-04-18,40553563,1079.200000
2024-04-19,40553563,1081.600000
2024-04-22,40553563,1083.700000
2024-04-23,40553563,1078.200000
2024-04-24,40553563,1078.500000
2024-04-25,40553563,1081.700000
2024-04-26,40553563,1085.800000
2024-04-29,40553563,1088.900000
2024-04-30,40553563,1089.000000
2024-05-06,40553563,1093.700000
2024-05-07,40553563,1097.100000
2024-05-08,40553563,1091.000000
2024-05-09,40553563,1092.900000
2024-05-10,40553563,1093.100000
2024-05-13,40553563,1095.100000
2024-05-14,40553563,1096.900000
2024-05-15,40553563,1096.200000
2024-05-16,40553563,1099.300000
2024-05-17,40553563,1104.600000
2024-05-20,40553563,1115.700000
2024-05-21,40553563,1117.200000
2024-05-22,40553563,1118.800000
2024-05-23,40553563,1109.400000
2024-05-24,40553563,1106.800000
2024-05-27,40553563,1108.200000
2024-05-28,40553563,1110.900000
2024-05-29,40553563,1106.900000
2024-05-30,40553563,1106.000000
2024-05-31,40553563,1100.200000
2024-06-03,40553563,1090.300000
2024-06-04,40553563,1086.700000
2024-06-05,40553563,1083.300000
2024-06-06,40553563,1083.200000
2024-06-07,40553563,1086.100000
2024-06-11,40553563,1081.700000
2024-06-12,40553563,1082.000000
2024-06-13,40553563,1077.000000
2024-06-14,40553563,1073.100000
2024-06-17,40553563,1070.700000
2024-06-18,40553563,1075.700000
2024-06-19,40553563,1079.600000
2024-06-20,40553563,1079.900000
2024-06-21,40553563,1079.200000
2024-06-24,40553563,1076.000000
2024-06-25,40553563,1077.000000
2024-06-26,40553563,1073.500000
2024-06-27,40553563,1070.400000
2024-06-28,40553563,1072.600000
2024-07-01,40553563,1070.800000
2024-07-02,40553563,1070.900000
2024-07-03,40553563,1071.400000
2024-07-04,40553563,1071.300000
2024-07-05,40553563,1071.500000
2024-07-08,40553563,1071.800000
2024-07-09,40553563,1073.500000
2024-07-10,40553563,1072.800000
2024-07-11,40553563,1075.200000
2024-07-12,40553563,1075.900000
2024-07-15,40553563,1077.000000
2024-07-16,40553563,1078.300000
2024-07-17,40553563,1079.700000
2024-07-18,40553563,1078.200000
2024-07-19,40553563,1077.200000
2024-07-22,40553563,1077.700000
2024-07-23,40553563,1079.200000
2024-07-24,40553563,1079.600000
2024-07-25,40553563,1079.900000
2024-07-26,40553563,1078.900000
2024-07-29,40553563,1081.900000
2024-07-30,40553563,1084.100000
2024-07-31,40553563,1086.800000
2024-08-01,40553563,1085.600000
2024-08-02,40553563,1084.600000
2024-08-05,40553563,1083.200000
2024-08-06,40553563,1082.800000
2024-08-07,40553563,1084.900000
2024-08-08,40553563,1085.900000
2024-08-09,40553563,1085.700000
2024-08-12,40553563,1086.500000
2024-08-13,40553563,1087.800000
2024-08-14,40553563,1091.400000
2024-08-15,40553563,1094.200000
2024-08-16,40553563,1093.500000
2024-08-19,40553563,1096.400000
2024-08-20,40553563,1094.200000
2024-08-21,40553563,1090.300000
2024-08-22,40553563,1090.500000
2024-08-23,40553563,1092.400000
2024-08-26,40553563,1090.800000
2024-08-27,40553563,1088.200000
2024-08-28,40553563,1089.400000
2024-08-29,40553563,1090.200000
2024-08-30,40553563,1091.500000
2024-09-02,40553563,1090.200000
2024-09-03,40553563,1094.400000
2024-09-04,40553563,1095.200000
2024-09-05,40553563,1100.300000
2024-09-06,40553563,1101.400000
2024-09-09,40553563,1100.900000
2024-09-10,40553563,1098.300000
2024-09-11,40553563,1097.400000
2024-09-12,40553563,1094.600000
2024-09-13,40553563,1094.200000
2024-09-18,40553563,1098.600000
2024-09-19,40553563,1099.500000
2024-09-20,40553563,1099.000000
2024-09-23,40553563,1101.900000
2024-09-24,40553563,1104.400000
2024-09-25,40553563,1100.900000
2024-09-26,40553563,1107.600000
2024-09-27,40553563,1115.400000
2024-09-30,40553563,1130.600000
2024-10-08,40553563,1134.300000
2024-10-09,40553563,1123.700000
2024-10-10,40553563,1124.300000
2024-10-11,40553563,1118.300000
2024-10-14,40553563,1120.800000
2024-10-15,40553563,1114.700000
2024-10-16,40553563,1114.600000
2024-10-17,40553563,1117.200000
2024-10-18,40553563,1129.600000
2024-10-21,40553563,1126.900000
2024-10-22,40553563,1125.600000
2024-10-23,40553563,1130.800000
2024-10-24,40553563,1127.000000
2024-10-25,40553563,1130.000000
2024-10-28,40553563,1126.800000
2024-10-29,40553563,1125.400000
2024-10-30,40553563,1125.300000
2024-10-31,40553563,1127.100000
2024-11-01,40553563,1128.900000
2024-11-04,40553563,1133.900000
2024-11-05,40553563,1140.800000
2024-11-06,40553563,1141.900000
2024-11-07,40553563,1151.000000
2024-11-08,40553563,1153.900000
2024-11-11,40553563,1161.500000
2024-11-12,40553563,1157.100000
2024-11-13,40553563,1150.800000
2024-11-14,40553563,1145.600000
2024-11-15,40553563,1141.000000
2024-11-18,40553563,1140.100000
2024-11-19,40553563,1141.400000
2024-11-20,40553563,1143.400000
2024-11-21,40553563,1137.800000
2024-11-22,40553563,1130.800000
2024-11-25,40553563,1129.200000
2024-11-26,40553563,1130.800000
2024-11-27,40553563,1134.100000
2024-11-28,40553563,1135.000000
2024-11-29,40553563,1141.800000
2024-12-02,40553563,1144.800000
2024-12-03,40553563,1145.500000
2024-12-04,40553563,1145.700000
2024-12-05,40553563,1142.100000
2024-12-06,40553563,1145.800000
2024-12-09,40553563,1146.000000
2024-12-10,40553563,1144.200000
2024-12-11,40553563,1145.300000
2024-12-12,40553563,1147.900000
2024-12-13,40553563,1141.200000
2024-12-16,40553563,1143.100000
2024-12-17,40553563,1142.800000
2024-12-18,40553563,1140.400000
2024-12-19,40553563,1140.000000
2024-12-20,40553563,1142.100000
2024-12-23,40553563,1143.000000
2024-12-24,40553563,1143.300000
2024-12-25,40553563,1143.200000
2024-12-26,40553563,1146.500000
2024-12-27,40553563,1148.800000
2024-12-30,40553563,1148.800000
2024-12-31,40553563,1149.200000
2025-01-02,40553563,1145.900000
2025-01-03,40553563,1147.000000
2025-01-06,40553563,1146.600000
2025-01-07,40553563,1145.600000
2025-01-08,40553563,1147.400000
2025-01-09,40553563,1147.300000
2025-01-10,40553563,1147.400000
2025-01-13,40553563,1146.300000
2025-01-14,40553563,1150.600000
2025-01-15,40553563,1152.200000
2025-01-16,40553563,1154.700000
2025-01-17,40553563,1154.900000
2025-01-20,40553563,1153.700000
2025-01-21,40553563,1153.300000
2025-01-22,40553563,1148.600000
2025-01-23,40553563,1148.000000
2025-01-24,40553563,1150.300000
2025-01-27,40553563,1150.800000
2025-02-05,40553563,1151.300000
2025-02-06,40553563,1156.400000
2025-02-07,40553563,1159.200000
2025-02-10,40553563,1162.600000
2025-02-11,40553563,1160.300000
2025-02-12,40553563,1160.800000
2025-02-13,40553563,1159.400000
2025-02-14,40553563,1163.100000
2025-02-17,40553563,1162.100000
2025-02-18,40553563,1157.000000
2025-02-19,40553563,1161.700000
2025-02-20,40553563,1160.400000
2025-02-21,40553563,1165.900000
2025-02-24,40553563,1162.100000
2025-02-25,40553563,1160.100000
2025-02-26,40553563,1161.000000
2025-02-27,40553563,1159.100000
2025-02-28,40553563,1154.100000
2025-03-03,40553563,1153.300000
2025-03-04,40553563,1154.100000
2025-03-05,40553563,1154.500000
2025-03-06,40553563,1159.900000
2025-03-07,40553563,1158.800000
2025-03-10,40553563,1156.200000
2025-03-11,40553563,1155.500000
2025-03-12,40553563,1155.800000
2025-03-13,40553563,1156.300000
2025-03-14,40553563,1163.200000
2025-03-17,40553563,1164.200000
2025-03-18,40553563,1166.100000
2025-03-19,40553563,1170.200000
2025-03-20,40553563,1169.100000
2025-03-21,40553563,1166.100000
2025-03-24,40553563,1162.600000
2025-03-25,40553563,1161.000000
2025-03-26,40553563,1161.700000
2025-03-27,40553563,1158.900000
2025-03-28,40553563,1159.300000
2025-03-31,40553563,1160.200000
2025-04-01,40553563,1162.800000
2025-04-02,40553563,1163.300000
2025-04-03,40553563,1160.700000
2025-04-07,40553563,1128.700000
2025-04-08,40553563,1132.600000
2025-04-09,40553563,1146.900000
2025-04-10,40553563,1147.200000
2025-04-11,40553563,1150.300000
2025-04-14,40553563,1153.300000
2025-04-15,40553563,1153.200000
2025-04-16,40553563,1153.700000
2025-04-17,40553563,1156.900000
2025-04-18,40553563,1157.900000
2025-04-21,40553563,1161.700000
2025-04-22,40553563,1168.800000
2025-04-23,40553563,1165.200000
2025-04-24,40553563,1161.800000
2025-04-25,40553563,1161.200000
2025-04-28,40553563,1157.700000
2025-04-29,40553563,1160.500000
2025-04-30,40553563,1161.600000
2025-05-06,40553563,1167.900000
2025-05-07,40553563,1167.100000
2025-05-08,40553563,1171.800000
2025-05-09,40553563,1169.200000
2025-05-12,40553563,1168.600000
2025-05-13,40553563,1166.300000
2025-05-14,40553563,1166.900000
2025-05-15,40553563,1161.500000
2025-05-16,40553563,1162.900000
2025-05-19,40553563,1164.500000
2025-05-20,40553563,1167.200000
2025-05-21,40553563,1170.000000
2025-05-22,40553563,1169.700000
2025-05-23,40553563,1169.900000
2025-05-26,40553563,1172.000000
2025-05-27,40553563,1171.900000
2025-05-28,40553563,1172.800000
2025-05-29,40553563,1177.600000
2025-05-30,40553563,1178.000000
2025-06-03,40553563,1183.000000
2025-06-04,40553563,1181.700000
2025-06-05,40553563,1182.100000
2025-06-06,40553563,1180.000000
2025-06-09,40553563,1183.000000
2025-06-10,40553563,1182.300000
2025-06-11,40553563,1184.700000
2025-06-12,40553563,1185.800000
2025-06-13,40553563,1185.300000
2025-06-16,40553563,1186.400000
2025-06-17,40553563,1184.000000
2025-06-18,40553563,1183.400000
2025-06-19,40553563,1178.500000
2025-06-20,40553563,1176.900000
2025-06-23,40553563,1178.800000
2025-06-24,40553563,1181.900000
2025-06-25,40553563,1185.100000
2025-06-26,40553563,1183.600000
2025-06-27,40553563,1182.400000
2025-06-30,40553563,1180.600000
2025-07-01,40553563,1182.000000
2025-07-02,40553563,1180.900000
2025-07-03,40553563,1182.000000
2025-07-04,40553563,1180.600000
2025-07-07,40553563,1179.300000
2025-07-08,40553563,1181.700000
2025-07-09,40553563,1180.400000
2025-07-10,40553563,1180.500000
2025-07-11,40553563,1184.600000
2025-07-14,40553563,1186.000000
2025-07-15,40553563,1184.200000
2025-07-16,40553563,1185.100000
2025-07-17,40553563,1188.400000
2025-07-18,40553563,1192.300000
2025-07-21,40553563,1195.700000
2025-07-22,40553563,1199.700000
2025-07-23,40553563,1203.000000
2025-07-24,40553563,1206.400000
2025-07-25,40553563,1209.100000
2025-07-28,40553563,1201.200000
2025-07-29,40553563,1196.300000
2025-07-30,40553563,1199.900000
2025-07-31,40553563,1192.500000
2025-08-01,40553563,1190.100000
2025-08-04,40553563,1193.000000
2025-08-05,40553563,1195.000000
2025-08-06,40553563,1196.900000
2025-08-07,40553563,1197.200000
2025-08-08,40553563,1198.300000
2025-08-11,40553563,1199.500000
2025-08-12,40553563,1200.200000
2025-08-13,40553563,1206.900000
2025-08-14,40553563,1203.800000
2025-08-15,40553563,1206.000000
2025-08-18,40553563,1211.600000
2025-08-19,40553563,1211.900000
2025-08-20,40553563,1208.700000
2025-08-21,40553563,1208.800000
2025-08-22,40553563,1209.600000
2025-08-25,40553563,1214.000000
2025-08-26,40553563,1215.100000
2025-08-27,40553563,1211.100000
2025-08-28,40553563,1210.900000
2025-08-29,40553563,1212.300000
2025-09-01,40553563,1216.000000
2025-09-02,40553563,1215.900000
2025-09-03,40553563,1214.900000
2025-09-04,40553563,1211.300000
2025-09-05,40553563,1218.500000
2025-09-08,40553563,1221.600000
2025-09-09,40553563,1221.200000
2025-09-10,40553563,1219.300000
2025-09-11,40553563,1224.600000
2025-09-12,40553563,1227.300000
2025-09-15,40553563,1226.200000
2025-09-16,40553563,1228.300000
2025-09-17,40553563,1229.200000
2025-09-18,40553563,1219.800000
2025-09-19,40553563,1219.200000
2025-09-22,40553563,1222.700000
2025-09-23,40553563,1221.100000
2025-09-24,40553563,1225.300000
2025-09-25,40553563,1227.800000
2025-09-26,40553563,1227.100000
2025-09-29,40553563,1230.500000
2025-09-30,40553563,1236.200000
2025-10-09,40553563,1249.700000
2025-10-10,40553563,1242.100000
2025-10-13,40553563,1240.600000
2025-10-14,40553563,1236.600000
2025-10-15,40553563,1241.200000
2025-10-16,40553563,1241.300000
2025-10-17,40553563,1235.800000
2025-10-20,40553563,1237.700000
2025-10-21,40553563,1244.800000
2025-10-22,40553563,1239.400000
2025-10-23,40553563,1239.500000
2025-10-24,40553563,1245.800000
2025-10-27,40553563,1249.000000
2025-10-28,40553563,1248.200000
2025-10-29,40553563,1251.700000
2025-10-30,40553563,1251.400000
2025-10-31,40553563,1249.300000
2025-11-03,40553563,1249.500000
2025-11-04,40553563,1245.700000
2025-11-05,40553563,1247.800000
2025-11-06,40553563,1252.200000
2025-11-07,40553563,1251.100000
2025-11-10,40553563,1254.300000
2025-11-11,40553563,1255.400000
2025-11-12,40553563,1255.400000
2025-11-13,40553563,1259.700000
2025-11-14,40553563,1256.600000
2025-11-17,40553563,1254.700000
2025-11-18,40553563,1253.000000
2025-11-19,40553563,1256.300000
2025-11-20,40553563,1256.000000
2025-11-21,40553563,1242.600000
2025-11-24,40553563,1244.800000
2025-11-25,40553563,1249.500000
2025-11-26,40553563,1251.100000
2025-11-27,40553563,1250.200000
2025-11-28,40553563,1252.400000
2025-12-01,40553563,1257.000000
2025-12-02,40553563,1254.200000
2025-12-03,40553563,1252.900000
2025-12-04,40553563,1253.100000
2025-12-05,40553563,1259.600000
2025-12-08,40553563,1266.100000
2025-12-09,40553563,1263.500000
2025-12-10,40553563,1264.600000
2025-12-11,40553563,1265.400000
2025-12-12,40553563,1271.600000
2025-12-15,40553563,1267.100000
2025-12-16,40553563,1260.700000
2025-12-17,40553563,1270.600000
2025-12-18,40553563,1271.300000
2025-12-19,40553563,1275.100000
2025-12-22,40553563,1282.700000
2025-12-23,40553563,1285.500000
2025-12-24,40553563,1293.100000
2025-12-25,40553563,1295.200000
2025-12-26,40553563,1302.600000
2025-12-29,40553563,1296.500000
2025-12-30,40553563,1293.800000
2025-12-31,40553563,1291.900000
2026-01-05,40553563,1307.100000
2026-01-06,40553563,1323.800000
2026-01-07,40553563,1326.300000
2026-01-08,40553563,1322.200000
2026-01-09,40553563,1327.800000
2026-01-12,40553563,1343.600000
2026-01-13,40553563,1347.000000
2026-01-14,40553563,1349.800000
2026-01-15,40553563,1347.800000
2026-01-16,40553563,1343.100000
2026-01-19,40553563,1343.700000
2026-01-20,40553563,1348.900000
2026-01-21,40553563,1360.300000
2026-01-22,40553563,1363.000000
2026-01-23,40553563,1375.100000
2026-01-26,40553563,1377.000000
2026-01-27,40553563,1377.300000
2026-01-28,40553563,1380.800000
2026-01-29,40553563,1388.900000
2026-01-30,40553563,1376.700000
2026-02-02,40553563,1341.600000
2026-02-03,40553563,1357.000000
2026-02-04,40553563,1362.100000
2026-02-05,40553563,1355.600000
2026-02-06,40553563,1352.900000
2026-02-09,40553563,1364.700000
2026-02-10,40553563,1366.400000
2026-02-11,40553563,1369.900000
2026-02-12,40553563,1374.600000
2026-02-13,40553563,1364.800000
2026-02-24,40553563,1378.300000
2026-02-25,40553563,1384.200000
2026-02-26,40553563,1387.200000
2026-02-27,40553563,1392.300000
2026-03-02,40553563,1393.300000
2026-03-03,40553563,1377.600000
2026-03-04,40553563,1369.800000
2026-03-05,40553563,1374.900000
2026-03-06,40553563,1376.800000
2026-03-09,40553563,1371.200000
2026-03-10,40553563,1374.400000
2026-03-11,40553563,1374.900000
2026-03-12,40553563,1375.400000
2026-03-13,40553563,1369.500000
2026-03-16,40553563,1367.300000
2026-03-17,40553563,1363.000000
2026-03-18,40553563,1363.500000
2026-03-19,40553563,1352.100000
2026-03-20,40553563,1345.600000
2026-03-23,40553563,1326.100000
2026-03-24,40553563,1330.400000
2026-03-25,40553563,1336.300000
2026-03-26,40553563,1334.300000
2026-03-27,40553563,1340.400000
2026-03-30,40553563,1343.400000
2026-03-31,40553563,1337.700000
2026-04-01,40553563,1340.000000
2026-04-02,40553563,1335.100000
2026-04-03,40553563,1333.200000
2026-04-07,40553563,1338.200000
2026-04-08,40553563,1344.500000
2026-04-09,40553563,1339.500000
2026-04-10,40553563,1346.500000
2026-04-13,40553563,1346.600000
2026-04-14,40553563,1355.400000
2026-04-15,40553563,1362.900000
2026-04-16,40553563,1370.600000
2026-04-17,40553563,1374.600000
2026-04-20,40553563,1382.500000
2026-04-21,40553563,1376.200000
2026-04-22,40553563,1379.000000
2026-04-23,40553563,1378.100000
2026-04-24,40553563,1375.800000
2026-04-27,40553563,1381.100000
2026-04-28,40553563,1371.300000
2026-04-29,40553563,1376.300000
2026-04-30,40553563,1380.000000
2026-05-06,40553563,1404.100000
2026-05-07,40553563,1409.200000
2026-05-08,40553563,1410.400000
2026-05-11,40553563,1416.700000
2026-05-12,40553563,1427.200000
2026-05-13,40553563,1427.500000
2026-05-14,40553563,1416.900000
2026-05-15,40553563,1394.300000
2026-05-18,40553563,1385.600000
2026-05-19,40553563,1384.900000
2026-05-20,40553563,1376.600000
2026-05-21,40553563,1374.300000
2026-05-22,40553563,1371.100000
2026-05-25,40553563,1372.300000
2026-05-26,40553563,1365.900000
2026-05-27,40553563,1359.200000
2026-05-28,40553563,1357.700000
2026-05-29,40553563,1360.400000
2026-06-01,40553563,1361.400000
2026-06-02,40553563,1359.500000
2026-06-03,40553563,1361.000000
2026-06-04,40553563,1353.400000
2026-06-05,40553563,1346.800000
2026-06-08,40553563,1335.200000
2026-06-09,40553563,1334.900000
2026-06-10,40553563,1326.400000
2026-06-11,40553563,1323.200000
2026-06-12,40553563,1330.200000
2026-06-15,40553563,1332.600000
2026-06-16,40553563,1332.100000
2026-06-17,40553563,1336.400000
2026-06-18,40553563,1330.900000
2026-06-22,40553563,1327.800000
2026-06-23,40553563,1321.800000
2026-06-24,40553563,1323.500000
2026-06-25,40553563,1318.600000
2026-06-26,40553563,1317.700000
2026-06-29,40553563,1323.400000
2026-06-30,40553563,1327.600000
2026-07-01,40553563,1331.400000
2026-07-02,40553563,1329.200000
2026-07-03,40553563,1335.100000
2026-07-06,40553563,1332.900000
2020-01-02,40998561,1000.000000
2020-01-03,40998561,1000.900000
2020-01-06,40998561,1001.600000
2020-01-07,40998561,1001.300000
2020-01-08,40998561,1000.800000
2020-01-09,40998561,1001.200000
2020-01-10,40998561,1001.400000
2020-01-13,40998561,1001.900000
2020-01-14,40998561,1002.300000
2020-01-15,40998561,1002.700000
2020-01-16,40998561,1003.700000
2020-01-17,40998561,1003.800000
2020-01-20,40998561,1004.200000
2020-01-21,40998561,1004.500000
2020-01-22,40998561,1005.600000
2020-01-23,40998561,1004.800000
2020-02-03,40998561,1005.000000
2020-02-04,40998561,1005.500000
2020-02-05,40998561,1005.900000
2020-02-06,40998561,1007.200000
2020-02-07,40998561,1008.000000
2020-02-10,40998561,1009.400000
2020-02-11,40998561,1010.100000
2020-02-12,40998561,1010.600000
2020-02-13,40998561,1011.000000
2020-02-14,40998561,1011.800000
2020-02-17,40998561,1012.500000
2020-02-18,40998561,1012.400000
2020-02-19,40998561,1013.200000
2020-02-20,40998561,1012.900000
2020-02-21,40998561,1011.700000
2020-02-24,40998561,1010.800000
2020-02-25,40998561,1012.100000
2020-02-26,40998561,1013.500000
2020-02-27,40998561,1016.400000
2020-02-28,40998561,1016.300000
2020-03-02,40998561,1015.800000
2020-03-03,40998561,1015.000000
2020-03-04,40998561,1016.100000
2020-03-05,40998561,1015.900000
2020-03-06,40998561,1017.800000
2020-03-09,40998561,1017.900000
2020-03-10,40998561,1016.800000
2020-03-11,40998561,1016.100000
2020-03-12,40998561,1014.200000
2020-03-13,40998561,1013.100000
2020-03-16,40998561,1010.800000
2020-03-17,40998561,1010.500000
2020-03-18,40998561,1009.900000
2020-03-19,40998561,1008.600000
2020-03-20,40998561,1009.500000
2020-03-23,40998561,1012.200000
2020-03-24,40998561,1013.700000
2020-03-25,40998561,1013.500000
2020-03-26,40998561,1013.800000
2020-03-27,40998561,1015.700000
2020-03-30,40998561,1017.200000
2020-03-31,40998561,1018.000000
2020-04-01,40998561,1017.800000
2020-04-02,40998561,1018.200000
2020-04-03,40998561,1018.500000
2020-04-07,40998561,1020.900000
2020-04-08,40998561,1021.200000
2020-04-09,40998561,1022.600000
2020-04-10,40998561,1022.000000
2020-04-13,40998561,1021.400000
2020-04-14,40998561,1021.100000
2020-04-15,40998561,1015.500000
2020-04-16,40998561,1014.500000
2020-04-17,40998561,1015.100000
2020-04-20,40998561,1015.200000
2020-04-21,40998561,1015.000000
2020-04-22,40998561,1015.100000
2020-04-23,40998561,1015.900000
2020-04-24,40998561,1017.700000
2020-04-27,40998561,1019.300000
2020-04-28,40998561,1019.500000
2020-04-29,40998561,1020.600000
2020-04-30,40998561,1021.700000
2020-05-06,40998561,1023.500000
2020-05-07,40998561,1023.400000
2020-05-08,40998561,1024.000000
2020-05-11,40998561,1023.900000
2020-05-12,40998561,1024.600000
2020-05-13,40998561,1024.800000
2020-05-14,40998561,1024.400000
2020-05-15,40998561,1024.200000
2020-05-18,40998561,1025.000000
2020-05-19,40998561,1025.300000
2020-05-20,40998561,1025.300000
2020-05-21,40998561,1025.400000
2020-05-22,40998561,1025.600000
2020-05-25,40998561,1025.600000
2020-05-26,40998561,1026.100000
2020-05-27,40998561,1025.800000
2020-05-28,40998561,1025.900000
2020-05-29,40998561,1026.400000
2020-06-01,40998561,1027.500000
2020-06-02,40998561,1027.300000
2020-06-03,40998561,1026.700000
2020-06-04,40998561,1026.600000
2020-06-05,40998561,1026.800000
2020-06-08,40998561,1025.000000
2020-06-09,40998561,1025.100000
2020-06-10,40998561,1025.100000
2020-06-11,40998561,1025.500000
2020-06-12,40998561,1026.000000
2020-06-15,40998561,1026.400000
2020-06-16,40998561,1028.400000
2020-06-17,40998561,1028.900000
2020-06-18,40998561,1029.200000
2020-06-19,40998561,1030.100000
2020-06-22,40998561,1030.600000
2020-06-23,40998561,1032.600000
2020-06-24,40998561,1030.700000
2020-06-29,40998561,1031.100000
2020-06-30,40998561,1032.400000
2020-07-01,40998561,1032.800000
2020-07-02,40998561,1033.900000
2020-07-03,40998561,1037.300000
2020-07-06,40998561,1037.800000
2020-07-07,40998561,1037.500000
2020-07-08,40998561,1037.500000
2020-07-09,40998561,1035.600000
2020-07-10,40998561,1035.100000
2020-07-13,40998561,1035.300000
2020-07-14,40998561,1035.300000
2020-07-15,40998561,1036.000000
2020-07-16,40998561,1034.800000
2020-07-17,40998561,1034.800000
2020-07-20,40998561,1037.200000
2020-07-21,40998561,1038.100000
2020-07-22,40998561,1038.400000
2020-07-23,40998561,1038.600000
2020-07-24,40998561,1038.900000
2020-07-27,40998561,1038.800000
2020-07-28,40998561,1039.200000
2020-07-29,40998561,1040.300000
2020-07-30,40998561,1040.400000
2020-07-31,40998561,1041.700000
2020-08-03,40998561,1042.800000
2020-08-04,40998561,1042.800000
2020-08-05,40998561,1043.000000
2020-08-06,40998561,1043.300000
2020-08-07,40998561,1043.300000
2020-08-10,40998561,1044.400000
2020-08-11,40998561,1045.300000
2020-08-12,40998561,1043.800000
2020-08-13,40998561,1044.100000
2020-08-14,40998561,1043.400000
2020-08-17,40998561,1044.500000
2020-08-18,40998561,1044.400000
2020-08-19,40998561,1043.900000
2020-08-20,40998561,1043.500000
2020-08-21,40998561,1044.100000
2020-08-24,40998561,1045.000000
2020-08-25,40998561,1044.700000
2020-08-26,40998561,1044.400000
2020-08-27,40998561,1044.400000
2020-08-28,40998561,1045.100000
2020-08-31,40998561,1047.100000
2020-09-01,40998561,1046.600000
2020-09-02,40998561,1047.300000
2020-09-03,40998561,1047.400000
2020-09-04,40998561,1046.800000
2020-09-07,40998561,1046.500000
2020-09-08,40998561,1046.600000
2020-09-09,40998561,1046.500000
2020-09-10,40998561,1046.000000
2020-09-11,40998561,1046.700000
2020-09-14,40998561,1047.600000
2020-09-15,40998561,1047.600000
2020-09-16,40998561,1047.800000
2020-09-17,40998561,1047.800000
2020-09-18,40998561,1048.400000
2020-09-21,40998561,1048.600000
2020-09-22,40998561,1048.500000
2020-09-23,40998561,1048.300000
2020-09-24,40998561,1047.900000
2020-09-25,40998561,1047.700000
2020-09-28,40998561,1048.600000
2020-09-29,40998561,1049.600000
2020-09-30,40998561,1050.300000
2020-10-09,40998561,1051.900000
2020-10-12,40998561,1054.900000
2020-10-13,40998561,1053.200000
2020-10-14,40998561,1055.000000
2020-10-15,40998561,1056.000000
2020-10-16,40998561,1055.600000
2020-10-19,40998561,1056.100000
2020-10-20,40998561,1057.000000
2020-10-21,40998561,1057.200000
2020-10-22,40998561,1057.500000
2020-10-23,40998561,1055.300000
2020-10-26,40998561,1048.600000
2020-10-27,40998561,1049.200000
2020-10-28,40998561,1050.500000
2020-10-29,40998561,1050.400000
2020-10-30,40998561,1048.500000
2020-11-02,40998561,1049.400000
2020-11-03,40998561,1041.300000
2020-11-04,40998561,1043.700000
2020-11-05,40998561,1045.800000
2020-11-06,40998561,1048.700000
2020-11-09,40998561,1049.200000
2020-11-10,40998561,1036.000000
2020-11-11,40998561,1034.500000
2020-11-12,40998561,1036.600000
2020-11-13,40998561,1030.800000
2020-11-16,40998561,1030.300000
2020-11-17,40998561,1022.200000
2020-11-18,40998561,1021.700000
2020-11-19,40998561,1020.400000
2020-11-20,40998561,1020.700000
2020-11-23,40998561,1021.400000
2020-11-24,40998561,1021.200000
2020-11-25,40998561,1021.100000
2020-11-26,40998561,1020.800000
2020-11-27,40998561,1022.000000
2020-11-30,40998561,1025.500000
2020-12-01,40998561,1026.400000
2020-12-02,40998561,1031.300000
2020-12-03,40998561,1031.500000
2020-12-04,40998561,1032.400000
2020-12-07,40998561,1035.800000
2020-12-08,40998561,1036.000000
2020-12-09,40998561,1035.600000
2020-12-10,40998561,1037.800000
2020-12-11,40998561,1037.500000
2020-12-14,40998561,1038.500000
2020-12-15,40998561,1038.500000
2020-12-16,40998561,1038.600000
2020-12-17,40998561,1039.000000
2020-12-18,40998561,1040.500000
2020-12-21,40998561,1041.300000
2020-12-22,40998561,1041.100000
2020-12-23,40998561,1041.800000
2020-12-24,40998561,1041.500000
2020-12-25,40998561,1042.100000
2020-12-28,40998561,1043.100000
2020-12-29,40998561,1043.600000
2020-12-30,40998561,1044.000000
2020-12-31,40998561,1044.900000
2021-01-04,40998561,1046.500000
2021-01-05,40998561,1047.100000
2021-01-06,40998561,1048.000000
2021-01-07,40998561,1048.300000
2021-01-08,40998561,1051.900000
2021-01-11,40998561,1052.600000
2021-01-12,40998561,1052.500000
2021-01-13,40998561,1053.000000
2021-01-14,40998561,1051.600000
2021-01-15,40998561,1051.800000
2021-01-18,40998561,1051.800000
2021-01-19,40998561,1052.000000
2021-01-20,40998561,1052.300000
2021-01-21,40998561,1053.400000
2021-01-22,40998561,1053.500000
2021-01-25,40998561,1052.900000
2021-01-26,40998561,1052.000000
2021-01-27,40998561,1051.900000
2021-01-28,40998561,1051.300000
2021-01-29,40998561,1050.300000
2021-02-01,40998561,1050.600000
2021-02-02,40998561,1050.900000
2021-02-03,40998561,1051.700000
2021-02-04,40998561,1050.100000
2021-02-05,40998561,1050.900000
2021-02-08,40998561,1051.600000
2021-02-09,40998561,1053.000000
2021-02-10,40998561,1052.800000
2021-02-18,40998561,1054.400000
2021-02-19,40998561,1053.300000
2021-02-22,40998561,1055.900000
2021-02-23,40998561,1053.900000
2021-02-24,40998561,1052.800000
2021-02-25,40998561,1052.000000
2021-02-26,40998561,1051.700000
2021-03-01,40998561,1052.400000
2021-03-02,40998561,1051.900000
2021-03-03,40998561,1052.900000
2021-03-04,40998561,1051.600000
2021-03-05,40998561,1051.700000
2021-03-08,40998561,1052.300000
2021-03-09,40998561,1051.800000
2021-03-10,40998561,1051.900000
2021-03-11,40998561,1052.200000
2021-03-12,40998561,1052.900000
2021-03-15,40998561,1054.900000
2021-03-16,40998561,1055.300000
2021-03-17,40998561,1055.700000
2021-03-18,40998561,1055.200000
2021-03-19,40998561,1055.100000
2021-03-22,40998561,1056.800000
2021-03-23,40998561,1057.700000
2021-03-24,40998561,1057.600000
2021-03-25,40998561,1058.100000
2021-03-26,40998561,1058.900000
2021-03-29,40998561,1060.500000
2021-03-30,40998561,1060.600000
2021-03-31,40998561,1061.000000
2021-04-01,40998561,1061.600000
2021-04-02,40998561,1061.700000
2021-04-06,40998561,1062.200000
2021-04-07,40998561,1062.800000
2021-04-08,40998561,1063.100000
2021-04-09,40998561,1063.600000
2021-04-12,40998561,1064.300000
2021-04-13,40998561,1064.700000
2021-04-14,40998561,1065.400000
2021-04-15,40998561,1066.300000
2021-04-16,40998561,1067.000000
2021-04-19,40998561,1068.200000
2021-04-20,40998561,1068.700000
2021-04-21,40998561,1068.700000
2021-04-22,40998561,1068.800000
2021-04-23,40998561,1069.000000
2021-04-26,40998561,1069.500000
2021-04-27,40998561,1069.900000
2021-04-28,40998561,1070.400000
2021-04-29,40998561,1070.500000
2021-04-30,40998561,1071.800000
2021-05-06,40998561,1073.300000
2021-05-07,40998561,1073.200000
2021-05-10,40998561,1074.500000
2021-05-11,40998561,1074.500000
2021-05-12,40998561,1070.500000
2021-05-13,40998561,1070.600000
2021-05-14,40998561,1072.400000
2021-05-17,40998561,1073.000000
2021-05-18,40998561,1073.300000
2021-05-19,40998561,1071.600000
2021-05-20,40998561,1072.100000
2021-05-21,40998561,1073.000000
2021-05-24,40998561,1073.600000
2021-05-25,40998561,1075.400000
2021-05-26,40998561,1075.500000
2021-05-27,40998561,1075.800000
2021-05-28,40998561,1076.100000
2021-05-31,40998561,1076.800000
2021-06-01,40998561,1076.800000
2021-06-02,40998561,1077.000000
2021-06-03,40998561,1077.200000
2021-06-04,40998561,1077.300000
2021-06-07,40998561,1078.300000
2021-06-08,40998561,1078.100000
2021-06-09,40998561,1078.200000
2021-06-10,40998561,1078.600000
2021-06-11,40998561,1078.900000
2021-06-15,40998561,1079.000000
2021-06-16,40998561,1078.800000
2021-06-17,40998561,1078.800000
2021-06-18,40998561,1078.600000
2021-06-21,40998561,1079.300000
2021-06-22,40998561,1080.000000
2021-06-23,40998561,1080.400000
2021-06-24,40998561,1080.900000
2021-06-25,40998561,1081.400000
2021-06-28,40998561,1082.000000
2021-06-29,40998561,1081.800000
2021-06-30,40998561,1082.300000
2021-07-01,40998561,1082.000000
2021-07-02,40998561,1081.900000
2021-07-05,40998561,1082.900000
2021-07-06,40998561,1083.400000
2021-07-07,40998561,1083.500000
2021-07-08,40998561,1083.600000
2021-07-09,40998561,1083.600000
2021-07-12,40998561,1085.300000
2021-07-13,40998561,1084.900000
2021-07-14,40998561,1084.200000
2021-07-15,40998561,1084.500000
2021-07-16,40998561,1084.600000
2021-07-19,40998561,1083.800000
2021-07-20,40998561,1081.000000
2021-07-21,40998561,1083.100000
2021-07-22,40998561,1083.200000
2021-07-23,40998561,1083.200000
2021-07-26,40998561,1083.500000
2021-07-27,40998561,1082.500000
2021-07-28,40998561,1082.100000
2021-07-29,40998561,1083.400000
2021-07-30,40998561,1081.800000
2021-08-02,40998561,1082.600000
2021-08-03,40998561,1082.600000
2021-08-04,40998561,1084.000000
2021-08-05,40998561,1084.200000
2021-08-06,40998561,1083.200000
2021-08-09,40998561,1083.800000
2021-08-10,40998561,1084.100000
2021-08-11,40998561,1084.300000
2021-08-12,40998561,1085.000000
2021-08-13,40998561,1085.300000
2021-08-16,40998561,1085.600000
2021-08-17,40998561,1084.100000
2021-08-18,40998561,1082.500000
2021-08-19,40998561,1082.600000
2021-08-20,40998561,1084.400000
2021-08-23,40998561,1086.100000
2021-08-24,40998561,1086.600000
2021-08-25,40998561,1087.100000
2021-08-26,40998561,1088.600000
2021-08-27,40998561,1088.800000
2021-08-30,40998561,1089.000000
2021-08-31,40998561,1089.400000
2021-09-01,40998561,1091.000000
2021-09-02,40998561,1092.000000
2021-09-03,40998561,1091.500000
2021-09-06,40998561,1091.400000
2021-09-07,40998561,1092.000000
2021-09-08,40998561,1091.800000
2021-09-09,40998561,1089.800000
2021-09-10,40998561,1088.800000
2021-09-13,40998561,1089.000000
2021-09-14,40998561,1085.500000
2021-09-15,40998561,1083.400000
2021-09-16,40998561,1081.200000
2021-09-17,40998561,1080.300000
2021-09-22,40998561,1080.100000
2021-09-23,40998561,1081.100000
2021-09-24,40998561,1081.500000
2021-09-27,40998561,1080.700000
2021-09-28,40998561,1081.200000
2021-09-29,40998561,1080.900000
2021-09-30,40998561,1083.000000
2021-10-08,40998561,1083.900000
2021-10-11,40998561,1083.800000
2021-10-12,40998561,1081.700000
2021-10-13,40998561,1081.500000
2021-10-14,40998561,1082.300000
2021-10-15,40998561,1081.900000
2021-10-18,40998561,1082.200000
2021-10-19,40998561,1082.600000
2021-10-20,40998561,1083.000000
2021-10-21,40998561,1085.100000
2021-10-22,40998561,1084.700000
2021-10-25,40998561,1088.600000
2021-10-26,40998561,1087.800000
2021-10-27,40998561,1086.300000
2021-10-28,40998561,1084.400000
2021-10-29,40998561,1086.500000
2021-11-01,40998561,1087.200000
2021-11-02,40998561,1085.000000
2021-11-03,40998561,1085.200000
2021-11-04,40998561,1085.200000
2021-11-05,40998561,1083.800000
2021-11-08,40998561,1084.700000
2021-11-09,40998561,1085.100000
2021-11-10,40998561,1085.000000
2021-11-11,40998561,1086.900000
2021-11-12,40998561,1086.400000
2021-11-15,40998561,1086.900000
2021-11-16,40998561,1086.000000
2021-11-17,40998561,1086.600000
2021-11-18,40998561,1086.000000
2021-11-19,40998561,1087.300000
2021-11-22,40998561,1089.300000
2021-11-23,40998561,1089.400000
2021-11-24,40998561,1089.400000
2021-11-25,40998561,1089.400000
2021-11-26,40998561,1089.700000
2021-11-29,40998561,1090.700000
2021-11-30,40998561,1091.700000
2021-12-01,40998561,1092.800000
2021-12-02,40998561,1092.400000
2021-12-03,40998561,1093.300000
2021-12-06,40998561,1094.400000
2021-12-07,40998561,1093.800000
2021-12-08,40998561,1094.900000
2021-12-09,40998561,1098.300000
2021-12-10,40998561,1097.700000
2021-12-13,40998561,1099.200000
2021-12-14,40998561,1097.000000
2021-12-15,40998561,1099.200000
2021-12-16,40998561,1099.300000
2021-12-17,40998561,1100.800000
2021-12-20,40998561,1099.600000
2021-12-21,40998561,1100.900000
2021-12-22,40998561,1100.700000
2021-12-23,40998561,1100.700000
2021-12-24,40998561,1100.100000
2021-12-27,40998561,1101.300000
2021-12-28,40998561,1100.700000
2021-12-29,40998561,1099.400000
2021-12-30,40998561,1100.100000
2021-12-31,40998561,1100.900000
2022-01-04,40998561,1102.200000
2022-01-05,40998561,1102.100000
2022-01-06,40998561,1102.400000
2022-01-07,40998561,1101.900000
2022-01-10,40998561,1103.100000
2022-01-11,40998561,1103.500000
2022-01-12,40998561,1104.000000
2022-01-13,40998561,1104.000000
2022-01-14,40998561,1104.300000
2022-01-17,40998561,1105.100000
2022-01-18,40998561,1105.900000
2022-01-19,40998561,1106.500000
2022-01-20,40998561,1108.300000
2022-01-21,40998561,1108.200000
2022-01-24,40998561,1109.200000
2022-01-25,40998561,1108.600000
2022-01-26,40998561,1102.500000
2022-01-27,40998561,1102.300000
2022-01-28,40998561,1102.800000
2022-02-07,40998561,1105.900000
2022-02-08,40998561,1105.700000
2022-02-09,40998561,1106.100000
2022-02-10,40998561,1107.200000
2022-02-11,40998561,1106.600000
2022-02-14,40998561,1106.300000
2022-02-15,40998561,1107.300000
2022-02-16,40998561,1107.500000
2022-02-17,40998561,1107.900000
2022-02-18,40998561,1108.700000
2022-02-21,40998561,1109.300000
2022-02-22,40998561,1109.200000
2022-02-23,40998561,1110.500000
2022-02-24,40998561,1109.800000
2022-02-25,40998561,1109.600000
2022-02-28,40998561,1109.200000
2022-03-01,40998561,1109.600000
2022-03-02,40998561,1109.200000
2022-03-03,40998561,1109.000000
2022-03-04,40998561,1108.200000
2022-03-07,40998561,1108.200000
2022-03-08,40998561,1106.500000
2022-03-09,40998561,1104.900000
2022-03-10,40998561,1104.800000
2022-03-11,40998561,1103.100000
2022-03-14,40998561,1101.700000
2022-03-15,40998561,1098.400000
2022-03-16,40998561,1097.400000
2022-03-17,40998561,1098.400000
2022-03-18,40998561,1099.600000
2022-03-21,40998561,1100.900000
2022-03-22,40998561,1100.900000
2022-03-23,40998561,1100.900000
2022-03-24,40998561,1100.600000
2022-03-25,40998561,1101.100000
2022-03-28,40998561,1100.700000
2022-03-29,40998561,1100.600000
2022-03-30,40998561,1102.100000
2022-03-31,40998561,1103.200000
2022-04-01,40998561,1104.700000
2022-04-06,40998561,1106.300000
2022-04-07,40998561,1108.800000
2022-04-08,40998561,1109.300000
2022-04-11,40998561,1108.400000
2022-04-12,40998561,1108.400000
2022-04-13,40998561,1108.800000
2022-04-14,40998561,1109.200000
2022-04-15,40998561,1110.600000
2022-04-18,40998561,1111.300000
2022-04-19,40998561,1111.700000
2022-04-20,40998561,1111.500000
2022-04-21,40998561,1111.300000
2022-04-22,40998561,1112.200000
2022-04-25,40998561,1111.600000
2022-04-26,40998561,1111.400000
2022-04-27,40998561,1112.300000
2022-04-28,40998561,1112.300000
2022-04-29,40998561,1114.500000
2022-05-05,40998561,1114.800000
2022-05-06,40998561,1117.200000
2022-05-09,40998561,1117.900000
2022-05-10,40998561,1118.300000
2022-05-11,40998561,1116.800000
2022-05-12,40998561,1117.200000
2022-05-13,40998561,1118.000000
2022-05-16,40998561,1120.500000
2022-05-17,40998561,1121.200000
2022-05-18,40998561,1121.400000
2022-05-19,40998561,1120.900000
2022-05-20,40998561,1121.700000
2022-05-23,40998561,1123.100000
2022-05-24,40998561,1122.400000
2022-05-25,40998561,1122.900000
2022-05-26,40998561,1129.600000
2022-05-27,40998561,1127.800000
2022-05-30,40998561,1128.400000
2022-05-31,40998561,1128.600000
2022-06-01,40998561,1128.400000
2022-06-02,40998561,1127.700000
2022-06-06,40998561,1128.200000
2022-06-07,40998561,1128.600000
2022-06-08,40998561,1129.000000
2022-06-09,40998561,1129.100000
2022-06-10,40998561,1129.400000
2022-06-13,40998561,1129.700000
2022-06-14,40998561,1127.800000
2022-06-15,40998561,1128.100000
2022-06-16,40998561,1127.800000
2022-06-17,40998561,1128.000000
2022-06-20,40998561,1128.500000
2022-06-21,40998561,1128.600000
2022-06-22,40998561,1128.100000
2022-06-23,40998561,1128.800000
2022-06-24,40998561,1128.900000
2022-06-27,40998561,1129.000000
2022-06-28,40998561,1129.100000
2022-06-29,40998561,1128.500000
2022-06-30,40998561,1129.300000
2022-07-01,40998561,1129.900000
2022-07-04,40998561,1131.100000
2022-07-05,40998561,1130.500000
2022-07-06,40998561,1129.300000
2022-07-07,40998561,1129.700000
2022-07-08,40998561,1128.900000
2022-07-11,40998561,1127.100000
2022-07-12,40998561,1127.500000
2022-07-13,40998561,1131.500000
2022-07-14,40998561,1132.700000
2022-07-15,40998561,1132.600000
2022-07-18,40998561,1134.000000
2022-07-19,40998561,1134.300000
2022-07-20,40998561,1135.100000
2022-07-21,40998561,1134.500000
2022-07-22,40998561,1134.800000
2022-07-25,40998561,1134.900000
2022-07-26,40998561,1135.900000
2022-07-27,40998561,1136.100000
2022-07-28,40998561,1136.800000
2022-07-29,40998561,1137.000000
2022-08-01,40998561,1139.000000
2022-08-02,40998561,1138.000000
2022-08-03,40998561,1138.000000
2022-08-04,40998561,1138.200000
2022-08-05,40998561,1138.200000
2022-08-08,40998561,1139.100000
2022-08-09,40998561,1138.800000
2022-08-10,40998561,1138.500000
2022-08-11,40998561,1139.100000
2022-08-12,40998561,1138.300000
2022-08-15,40998561,1138.300000
2022-08-16,40998561,1138.800000
2022-08-17,40998561,1139.000000
2022-08-18,40998561,1139.000000
2022-08-19,40998561,1138.600000
2022-08-22,40998561,1140.000000
2022-08-23,40998561,1140.500000
2022-08-24,40998561,1138.800000
2022-08-25,40998561,1139.900000
2022-08-26,40998561,1139.500000
2022-08-29,40998561,1140.100000
2022-08-30,40998561,1140.800000
2022-08-31,40998561,1139.900000
2022-09-01,40998561,1140.200000
2022-09-02,40998561,1140.700000
2022-09-05,40998561,1141.200000
2022-09-06,40998561,1142.100000
2022-09-07,40998561,1142.700000
2022-09-08,40998561,1142.700000
2022-09-09,40998561,1143.100000
2022-09-13,40998561,1144.100000
2022-09-14,40998561,1143.700000
2022-09-15,40998561,1143.100000
2022-09-16,40998561,1141.900000
2022-09-19,40998561,1141.900000
2022-09-20,40998561,1143.800000
2022-09-21,40998561,1144.200000
2022-09-22,40998561,1144.000000
2022-09-23,40998561,1143.400000
2022-09-26,40998561,1143.100000
2022-09-27,40998561,1144.300000
2022-09-28,40998561,1143.100000
2022-09-29,40998561,1142.400000
2022-09-30,40998561,1141.800000
2022-10-10,40998561,1137.400000
2022-10-11,40998561,1137.800000
2022-10-12,40998561,1139.800000
2022-10-13,40998561,1139.700000
2022-10-14,40998561,1141.000000
2022-10-17,40998561,1141.300000
2022-10-18,40998561,1141.200000
2022-10-19,40998561,1141.200000
2022-10-20,40998561,1141.300000
2022-10-21,40998561,1142.300000
2022-10-24,40998561,1140.900000
2022-10-25,40998561,1140.800000
2022-10-26,40998561,1142.000000
2022-10-27,40998561,1142.100000
2022-10-28,40998561,1141.500000
2022-10-31,40998561,1140.800000
2022-11-01,40998561,1142.900000
2022-11-02,40998561,1143.100000
2022-11-03,40998561,1143.000000
2022-11-04,40998561,1144.400000
2022-11-07,40998561,1144.600000
2022-11-08,40998561,1144.700000
2022-11-09,40998561,1144.800000
2022-11-10,40998561,1144.600000
2022-11-11,40998561,1146.100000
2022-11-14,40998561,1146.100000
2022-11-15,40998561,1146.000000
2022-11-16,40998561,1145.400000
2022-11-17,40998561,1145.100000
2022-11-18,40998561,1144.700000
2022-11-21,40998561,1144.700000
2022-11-22,40998561,1144.600000
2022-11-23,40998561,1145.000000
2022-11-24,40998561,1146.300000
2022-11-25,40998561,1148.000000
2022-11-28,40998561,1148.200000
2022-11-29,40998561,1149.400000
2022-11-30,40998561,1151.800000
2022-12-01,40998561,1152.800000
2022-12-02,40998561,1154.100000
2022-12-05,40998561,1156.200000
2022-12-06,40998561,1156.200000
2022-12-07,40998561,1155.700000
2022-12-08,40998561,1155.200000
2022-12-09,40998561,1155.900000
2022-12-12,40998561,1155.700000
2022-12-13,40998561,1153.500000
2022-12-14,40998561,1152.800000
2022-12-15,40998561,1152.600000
2022-12-16,40998561,1153.100000
2022-12-19,40998561,1152.400000
2022-12-20,40998561,1152.700000
2022-12-21,40998561,1152.800000
2022-12-22,40998561,1152.800000
2022-12-23,40998561,1153.000000
2022-12-26,40998561,1154.000000
2022-12-27,40998561,1155.200000
2022-12-28,40998561,1155.100000
2022-12-29,40998561,1155.100000
2022-12-30,40998561,1156.200000
2023-01-03,40998561,1158.100000
2023-01-04,40998561,1159.200000
2023-01-05,40998561,1160.900000
2023-01-06,40998561,1161.600000
2023-01-09,40998561,1163.600000
2023-01-10,40998561,1163.300000
2023-01-11,40998561,1163.300000
2023-01-12,40998561,1164.200000
2023-01-13,40998561,1165.400000
2023-01-16,40998561,1166.800000
2023-01-17,40998561,1168.100000
2023-01-18,40998561,1169.100000
2023-01-19,40998561,1170.300000
2023-01-20,40998561,1171.700000
2023-01-30,40998561,1173.800000
2023-01-31,40998561,1173.700000
2023-02-01,40998561,1174.400000
2023-02-02,40998561,1174.600000
2023-02-03,40998561,1175.200000
2023-02-06,40998561,1175.500000
2023-02-07,40998561,1176.200000
2023-02-08,40998561,1176.500000
2023-02-09,40998561,1177.400000
2023-02-10,40998561,1177.500000
2023-02-13,40998561,1178.700000
2023-02-14,40998561,1178.800000
2023-02-15,40998561,1178.400000
2023-02-16,40998561,1178.500000
2023-02-17,40998561,1178.100000
2023-02-20,40998561,1179.800000
2023-02-21,40998561,1179.600000
2023-02-22,40998561,1179.600000
2023-02-23,40998561,1179.600000
2023-02-24,40998561,1179.700000
2023-02-27,40998561,1180.300000
2023-02-28,40998561,1180.700000
2023-03-01,40998561,1182.500000
2023-03-02,40998561,1182.800000
2023-03-03,40998561,1184.000000
2023-03-06,40998561,1184.900000
2023-03-07,40998561,1184.600000
2023-03-08,40998561,1184.600000
2023-03-09,40998561,1185.500000
2023-03-10,40998561,1185.500000
2023-03-13,40998561,1187.400000
2023-03-14,40998561,1187.100000
2023-03-15,40998561,1188.000000
2023-03-16,40998561,1187.900000
2023-03-17,40998561,1188.700000
2023-03-20,40998561,1188.400000
2023-03-21,40998561,1189.100000
2023-03-22,40998561,1190.500000
2023-03-23,40998561,1191.900000
2023-03-24,40998561,1191.500000
2023-03-27,40998561,1191.300000
2023-03-28,40998561,1191.200000
2023-03-29,40998561,1191.100000
2023-03-30,40998561,1191.700000
2023-03-31,40998561,1192.800000
2023-04-03,40998561,1194.600000
2023-04-04,40998561,1194.900000
2023-04-06,40998561,1195.400000
2023-04-07,40998561,1196.200000
2023-04-10,40998561,1196.500000
2023-04-11,40998561,1196.700000
2023-04-12,40998561,1197.100000
2023-04-13,40998561,1197.200000
2023-04-14,40998561,1197.800000
2023-04-17,40998561,1199.000000
2023-04-18,40998561,1199.400000
2023-04-19,40998561,1199.300000
2023-04-20,40998561,1199.700000
2023-04-21,40998561,1198.600000
2023-04-24,40998561,1198.300000
2023-04-25,40998561,1197.500000
2023-04-26,40998561,1197.900000
2023-04-27,40998561,1197.800000
2023-04-28,40998561,1198.500000
2023-05-04,40998561,1199.300000
2023-05-05,40998561,1199.600000
2023-05-08,40998561,1201.200000
2023-05-09,40998561,1200.800000
2023-05-10,40998561,1201.500000
2023-05-11,40998561,1200.300000
2023-05-12,40998561,1199.600000
2023-05-15,40998561,1200.700000
2023-05-16,40998561,1200.900000
2023-05-17,40998561,1200.400000
2023-05-18,40998561,1200.100000
2023-05-19,40998561,1199.500000
2023-05-22,40998561,1200.200000
2023-05-23,40998561,1199.900000
2023-05-24,40998561,1198.700000
2023-05-25,40998561,1196.900000
2023-05-26,40998561,1197.100000
2023-05-29,40998561,1197.900000
2023-05-30,40998561,1199.500000
2023-05-31,40998561,1199.700000
2023-06-01,40998561,1199.700000
2023-06-02,40998561,1201.700000
2023-06-05,40998561,1202.000000
2023-06-06,40998561,1201.600000
2023-06-07,40998561,1201.100000
2023-06-08,40998561,1201.400000
2023-06-09,40998561,1202.400000
2023-06-12,40998561,1202.500000
2023-06-13,40998561,1203.000000
2023-06-14,40998561,1203.500000
2023-06-15,40998561,1204.300000
2023-06-16,40998561,1204.700000
2023-06-19,40998561,1204.900000
2023-06-20,40998561,1204.800000
2023-06-21,40998561,1203.400000
2023-06-26,40998561,1203.000000
2023-06-27,40998561,1203.600000
2023-06-28,40998561,1203.300000
2023-06-29,40998561,1203.000000
2023-06-30,40998561,1203.300000
2023-07-03,40998561,1204.500000
2023-07-04,40998561,1204.300000
2023-07-05,40998561,1203.400000
2023-07-06,40998561,1203.300000
2023-07-07,40998561,1202.300000
2023-07-10,40998561,1202.300000
2023-07-11,40998561,1202.900000
2023-07-12,40998561,1202.400000
2023-07-13,40998561,1202.200000
2023-07-14,40998561,1202.500000
2023-07-17,40998561,1201.600000
2023-07-18,40998561,1199.400000
2023-07-19,40998561,1197.800000
2023-07-20,40998561,1198.000000
2023-07-21,40998561,1197.500000
2023-07-24,40998561,1197.600000
2023-07-25,40998561,1198.200000
2023-07-26,40998561,1198.500000
2023-07-27,40998561,1199.400000
2023-07-28,40998561,1201.000000
2023-07-31,40998561,1201.600000
2023-08-01,40998561,1202.000000
2023-08-02,40998561,1201.300000
2023-08-03,40998561,1201.300000
2023-08-04,40998561,1202.000000
2023-08-07,40998561,1202.500000
2023-08-08,40998561,1202.000000
2023-08-09,40998561,1204.800000
2023-08-10,40998561,1204.600000
2023-08-11,40998561,1203.700000
2023-08-14,40998561,1203.800000
2023-08-15,40998561,1203.600000
2023-08-16,40998561,1202.500000
2023-08-17,40998561,1202.400000
2023-08-18,40998561,1201.600000
2023-08-21,40998561,1200.500000
2023-08-22,40998561,1200.900000
2023-08-23,40998561,1200.600000
2023-08-24,40998561,1201.100000
2023-08-25,40998561,1200.500000
2023-08-28,40998561,1200.900000
2023-08-29,40998561,1201.900000
2023-08-30,40998561,1201.800000
2023-08-31,40998561,1201.700000
2023-09-01,40998561,1202.300000
2023-09-04,40998561,1203.200000
2023-09-05,40998561,1203.300000
2023-09-06,40998561,1203.500000
2023-09-07,40998561,1204.300000
2023-09-08,40998561,1203.900000
2023-09-11,40998561,1207.900000
2023-09-12,40998561,1208.000000
2023-09-13,40998561,1207.500000
2023-09-14,40998561,1207.000000
2023-09-15,40998561,1207.300000
2023-09-18,40998561,1207.600000
2023-09-19,40998561,1207.500000
2023-09-20,40998561,1207.600000
2023-09-21,40998561,1207.900000
2023-09-22,40998561,1209.000000
2023-09-25,40998561,1209.400000
2023-09-26,40998561,1209.600000
2023-09-27,40998561,1210.100000
2023-09-28,40998561,1210.600000
2023-10-09,40998561,1212.100000
2023-10-10,40998561,1212.000000
2023-10-11,40998561,1211.900000
2023-10-12,40998561,1212.300000
2023-10-13,40998561,1211.900000
2023-10-16,40998561,1211.400000
2023-10-17,40998561,1211.900000
2023-10-18,40998561,1211.000000
2023-10-19,40998561,1209.000000
2023-10-20,40998561,1207.000000
2023-10-23,40998561,1205.900000
2023-10-24,40998561,1207.500000
2023-10-25,40998561,1208.500000
2023-10-26,40998561,1209.300000
2023-10-27,40998561,1211.400000
2023-10-30,40998561,1212.400000
2023-10-31,40998561,1211.900000
2023-11-01,40998561,1212.100000
2023-11-02,40998561,1212.200000
2023-11-03,40998561,1213.800000
2023-11-06,40998561,1216.000000
2023-11-07,40998561,1216.200000
2023-11-08,40998561,1217.000000
2023-11-09,40998561,1217.300000
2023-11-10,40998561,1217.200000
2023-11-13,40998561,1218.400000
2023-11-14,40998561,1219.000000
2023-11-15,40998561,1220.400000
2023-11-16,40998561,1220.700000
2023-11-17,40998561,1221.400000
2023-11-20,40998561,1223.600000
2023-11-21,40998561,1226.000000
2023-11-22,40998561,1226.700000
2023-11-23,40998561,1228.400000
2023-11-24,40998561,1229.700000
2023-11-27,40998561,1231.400000
2023-11-28,40998561,1231.700000
2023-11-29,40998561,1231.700000
2023-11-30,40998561,1232.500000
2023-12-01,40998561,1232.500000
2023-12-04,40998561,1233.200000
2023-12-05,40998561,1231.900000
2023-12-06,40998561,1232.300000
2023-12-07,40998561,1231.800000
2023-12-08,40998561,1231.600000
2023-12-11,40998561,1232.800000
2023-12-12,40998561,1233.100000
2023-12-13,40998561,1232.700000
2023-12-14,40998561,1233.500000
2023-12-15,40998561,1234.300000
2023-12-18,40998561,1235.300000
2023-12-19,40998561,1235.500000
2023-12-20,40998561,1236.400000
2023-12-21,40998561,1237.900000
2023-12-22,40998561,1237.700000
2023-12-25,40998561,1238.800000
2023-12-26,40998561,1239.000000
2023-12-27,40998561,1241.000000
2023-12-28,40998561,1244.300000
2023-12-29,40998561,1246.600000
2024-01-02,40998561,1246.900000
2024-01-03,40998561,1246.900000
2024-01-04,40998561,1247.300000
2024-01-05,40998561,1247.600000
2024-01-08,40998561,1247.600000
2024-01-09,40998561,1247.700000
2024-01-10,40998561,1248.100000
2024-01-11,40998561,1248.400000
2024-01-12,40998561,1249.700000
2024-01-15,40998561,1250.700000
2024-01-16,40998561,1255.200000
2024-01-17,40998561,1254.700000
2024-01-18,40998561,1254.700000
2024-01-19,40998561,1254.700000
2024-01-22,40998561,1254.000000
2024-01-23,40998561,1256.200000
2024-01-24,40998561,1257.700000
2024-01-25,40998561,1260.300000
2024-01-26,40998561,1260.300000
2024-01-29,40998561,1260.900000
2024-01-30,40998561,1259.600000
2024-01-31,40998561,1259.900000
2024-02-01,40998561,1260.500000
2024-02-02,40998561,1260.600000
2024-02-05,40998561,1261.600000
2024-02-06,40998561,1263.500000
2024-02-07,40998561,1264.800000
2024-02-08,40998561,1265.900000
2024-02-19,40998561,1268.700000
2024-02-20,40998561,1266.000000
2024-02-21,40998561,1265.900000
2024-02-22,40998561,1266.900000
2024-02-23,40998561,1267.300000
2024-02-26,40998561,1267.600000
2024-02-27,40998561,1267.100000
2024-02-28,40998561,1267.900000
2024-02-29,40998561,1267.400000
2024-03-01,40998561,1269.000000
2024-03-04,40998561,1269.000000
2024-03-05,40998561,1269.100000
2024-03-06,40998561,1268.800000
2024-03-07,40998561,1268.600000
2024-03-08,40998561,1267.800000
2024-03-11,40998561,1267.700000
2024-03-12,40998561,1268.800000
2024-03-13,40998561,1267.700000
2024-03-14,40998561,1267.100000
2024-03-15,40998561,1265.700000
2024-03-18,40998561,1267.200000
2024-03-19,40998561,1268.400000
2024-03-20,40998561,1267.800000
2024-03-21,40998561,1269.100000
2024-03-22,40998561,1269.800000
2024-03-25,40998561,1269.400000
2024-03-26,40998561,1270.400000
2024-03-27,40998561,1272.500000
2024-03-28,40998561,1273.800000
2024-03-29,40998561,1275.300000
2024-04-01,40998561,1276.100000
2024-04-02,40998561,1277.700000
2024-04-03,40998561,1277.100000
2024-04-08,40998561,1278.500000
2024-04-09,40998561,1278.800000
2024-04-10,40998561,1279.900000
2024-04-11,40998561,1279.100000
2024-04-12,40998561,1280.000000
2024-04-15,40998561,1280.700000
2024-04-16,40998561,1282.100000
2024-04-17,40998561,1282.900000
2024-04-18,40998561,1283.900000
2024-04-19,40998561,1284.000000
2024-04-22,40998561,1283.800000
2024-04-23,40998561,1284.000000
2024-04-24,40998561,1286.900000
2024-04-25,40998561,1287.800000
2024-04-26,40998561,1287.900000
2024-04-29,40998561,1288.600000
2024-04-30,40998561,1288.200000
2024-05-06,40998561,1288.200000
2024-05-07,40998561,1288.400000
2024-05-08,40998561,1288.200000
2024-05-09,40998561,1288.900000
2024-05-10,40998561,1289.200000
2024-05-13,40998561,1290.300000
2024-05-14,40998561,1287.800000
2024-05-15,40998561,1288.000000
2024-05-16,40998561,1288.600000
2024-05-17,40998561,1289.600000
2024-05-20,40998561,1290.700000
2024-05-21,40998561,1291.000000
2024-05-22,40998561,1290.500000
2024-05-23,40998561,1290.300000
2024-05-24,40998561,1291.900000
2024-05-27,40998561,1292.700000
2024-05-28,40998561,1293.400000
2024-05-29,40998561,1293.100000
2024-05-30,40998561,1291.900000
2024-05-31,40998561,1293.300000
2024-06-03,40998561,1293.700000
2024-06-04,40998561,1293.200000
2024-06-05,40998561,1293.600000
2024-06-06,40998561,1293.000000
2024-06-07,40998561,1292.900000
2024-06-11,40998561,1295.900000
2024-06-12,40998561,1296.200000
2024-06-13,40998561,1295.900000
2024-06-14,40998561,1297.400000
2024-06-17,40998561,1298.000000
2024-06-18,40998561,1299.400000
2024-06-19,40998561,1299.800000
2024-06-20,40998561,1300.400000
2024-06-21,40998561,1302.800000
2024-06-24,40998561,1303.800000
2024-06-25,40998561,1305.300000
2024-06-26,40998561,1305.300000
2024-06-27,40998561,1303.600000
2024-06-28,40998561,1302.900000
2024-07-01,40998561,1302.500000
2024-07-02,40998561,1303.100000
2024-07-03,40998561,1303.600000
2024-07-04,40998561,1303.500000
2024-07-05,40998561,1302.900000
2024-07-08,40998561,1302.400000
2024-07-09,40998561,1302.700000
2024-07-10,40998561,1302.700000
2024-07-11,40998561,1303.200000
2024-07-12,40998561,1303.200000
2024-07-15,40998561,1302.900000
2024-07-16,40998561,1303.300000
2024-07-17,40998561,1303.700000
2024-07-18,40998561,1304.700000
2024-07-19,40998561,1305.400000
2024-07-22,40998561,1305.800000
2024-07-23,40998561,1305.500000
2024-07-24,40998561,1306.200000
2024-07-25,40998561,1305.900000
2024-07-26,40998561,1304.000000
2024-07-29,40998561,1303.800000
2024-07-30,40998561,1303.700000
2024-07-31,40998561,1304.300000
2024-08-01,40998561,1303.200000
2024-08-02,40998561,1303.900000
2024-08-05,40998561,1303.800000
2024-08-06,40998561,1303.900000
2024-08-07,40998561,1305.000000
2024-08-08,40998561,1304.600000
2024-08-09,40998561,1304.200000
2024-08-12,40998561,1304.200000
2024-08-13,40998561,1304.200000
2024-08-14,40998561,1303.800000
2024-08-15,40998561,1303.800000
2024-08-16,40998561,1304.600000
2024-08-19,40998561,1305.600000
2024-08-20,40998561,1305.100000
2024-08-21,40998561,1304.500000
2024-08-22,40998561,1304.000000
2024-08-23,40998561,1303.300000
2024-08-26,40998561,1304.100000
2024-08-27,40998561,1303.200000
2024-08-28,40998561,1302.100000
2024-08-29,40998561,1302.600000
2024-08-30,40998561,1303.700000
2024-09-02,40998561,1303.500000
2024-09-03,40998561,1303.900000
2024-09-04,40998561,1303.600000
2024-09-05,40998561,1303.900000
2024-09-06,40998561,1303.600000
2024-09-09,40998561,1301.700000
2024-09-10,40998561,1301.300000
2024-09-11,40998561,1301.400000
2024-09-12,40998561,1301.200000
2024-09-13,40998561,1301.100000
2024-09-18,40998561,1301.600000
2024-09-19,40998561,1303.000000
2024-09-20,40998561,1302.800000
2024-09-23,40998561,1301.400000
2024-09-24,40998561,1304.700000
2024-09-25,40998561,1304.900000
2024-09-26,40998561,1308.700000
2024-09-27,40998561,1311.000000
2024-09-30,40998561,1313.100000
2024-10-08,40998561,1315.200000
2024-10-09,40998561,1308.500000
2024-10-10,40998561,1308.700000
2024-10-11,40998561,1308.500000
2024-10-14,40998561,1310.700000
2024-10-15,40998561,1309.900000
2024-10-16,40998561,1310.500000
2024-10-17,40998561,1311.000000
2024-10-18,40998561,1313.400000
2024-10-21,40998561,1314.200000
2024-10-22,40998561,1314.400000
2024-10-23,40998561,1314.500000
2024-10-24,40998561,1313.400000
2024-10-25,40998561,1314.100000
2024-10-28,40998561,1313.900000
2024-10-29,40998561,1313.000000
2024-10-30,40998561,1312.200000
2024-10-31,40998561,1314.500000
2024-11-01,40998561,1314.400000
2024-11-04,40998561,1313.400000
2024-11-05,40998561,1315.600000
2024-11-06,40998561,1314.900000
2024-11-07,40998561,1316.500000
2024-11-08,40998561,1315.900000
2024-11-11,40998561,1317.100000
2024-11-12,40998561,1316.600000
2024-11-13,40998561,1316.200000
2024-11-14,40998561,1315.400000
2024-11-15,40998561,1315.000000
2024-11-18,40998561,1313.300000
2024-11-19,40998561,1314.400000
2024-11-20,40998561,1315.900000
2024-11-21,40998561,1316.200000
2024-11-22,40998561,1315.100000
2024-11-25,40998561,1315.500000
2024-11-26,40998561,1317.800000
2024-11-27,40998561,1319.400000
2024-11-28,40998561,1320.200000
2024-11-29,40998561,1320.200000
2024-12-02,40998561,1323.600000
2024-12-03,40998561,1324.400000
2024-12-04,40998561,1324.800000
2024-12-05,40998561,1324.500000
2024-12-06,40998561,1325.600000
2024-12-09,40998561,1326.300000
2024-12-10,40998561,1329.400000
2024-12-11,40998561,1329.900000
2024-12-12,40998561,1331.800000
2024-12-13,40998561,1331.900000
2024-12-16,40998561,1332.000000
2024-12-17,40998561,1330.400000
2024-12-18,40998561,1330.700000
2024-12-19,40998561,1332.800000
2024-12-20,40998561,1334.500000
2024-12-23,40998561,1333.500000
2024-12-24,40998561,1332.700000
2024-12-25,40998561,1332.300000
2024-12-26,40998561,1332.600000
2024-12-27,40998561,1334.000000
2024-12-30,40998561,1335.400000
2024-12-31,40998561,1335.200000
2025-01-02,40998561,1334.600000
2025-01-03,40998561,1335.400000
2025-01-06,40998561,1335.400000
2025-01-07,40998561,1334.200000
2025-01-08,40998561,1332.000000
2025-01-09,40998561,1332.100000
2025-01-10,40998561,1329.400000
2025-01-13,40998561,1328.300000
2025-01-14,40998561,1330.100000
2025-01-15,40998561,1329.200000
2025-01-16,40998561,1329.300000
2025-01-17,40998561,1329.200000
2025-01-20,40998561,1328.600000
2025-01-21,40998561,1329.600000
2025-01-22,40998561,1329.700000
2025-01-23,40998561,1329.900000
2025-01-24,40998561,1332.300000
2025-01-27,40998561,1334.500000
2025-02-05,40998561,1337.400000
2025-02-06,40998561,1340.500000
2025-02-07,40998561,1342.300000
2025-02-10,40998561,1344.200000
2025-02-11,40998561,1345.400000
2025-02-12,40998561,1346.700000
2025-02-13,40998561,1347.200000
2025-02-14,40998561,1347.700000
2025-02-17,40998561,1348.100000
2025-02-18,40998561,1346.700000
2025-02-19,40998561,1349.100000
2025-02-20,40998561,1348.800000
2025-02-21,40998561,1349.200000
2025-02-24,40998561,1348.100000
2025-02-25,40998561,1347.700000
2025-02-26,40998561,1348.200000
2025-02-27,40998561,1348.100000
2025-02-28,40998561,1346.900000
2025-03-03,40998561,1347.400000
2025-03-04,40998561,1348.600000
2025-03-05,40998561,1349.400000
2025-03-06,40998561,1350.300000
2025-03-07,40998561,1349.700000
2025-03-10,40998561,1349.600000
2025-03-11,40998561,1348.600000
2025-03-12,40998561,1349.400000
2025-03-13,40998561,1349.500000
2025-03-14,40998561,1350.800000
2025-03-17,40998561,1350.700000
2025-03-18,40998561,1351.600000
2025-03-19,40998561,1350.900000
2025-03-20,40998561,1351.800000
2025-03-21,40998561,1350.900000
2025-03-24,40998561,1351.000000
2025-03-25,40998561,1351.700000
2025-03-26,40998561,1352.400000
2025-03-27,40998561,1352.500000
2025-03-28,40998561,1352.000000
2025-03-31,40998561,1351.700000
2025-04-01,40998561,1352.400000
2025-04-02,40998561,1353.400000
2025-04-03,40998561,1354.600000
2025-04-07,40998561,1348.300000
2025-04-08,40998561,1349.800000
2025-04-09,40998561,1350.900000
2025-04-10,40998561,1352.400000
2025-04-11,40998561,1352.300000
2025-04-14,40998561,1353.500000
2025-04-15,40998561,1353.000000
2025-04-16,40998561,1353.500000
2025-04-17,40998561,1354.800000
2025-04-18,40998561,1354.000000
2025-04-21,40998561,1354.900000
2025-04-22,40998561,1355.500000
2025-04-23,40998561,1355.800000
2025-04-24,40998561,1356.300000
2025-04-25,40998561,1356.200000
2025-04-28,40998561,1356.800000
2025-04-29,40998561,1357.100000
2025-04-30,40998561,1357.600000
2025-05-06,40998561,1359.800000
2025-05-07,40998561,1360.300000
2025-05-08,40998561,1361.400000
2025-05-09,40998561,1361.400000
2025-05-12,40998561,1362.500000
2025-05-13,40998561,1362.800000
2025-05-14,40998561,1363.800000
2025-05-15,40998561,1363.800000
2025-05-16,40998561,1363.800000
2025-05-19,40998561,1364.700000
2025-05-20,40998561,1366.200000
2025-05-21,40998561,1366.800000
2025-05-22,40998561,1366.200000
2025-05-23,40998561,1364.600000
2025-05-26,40998561,1368.300000
2025-05-27,40998561,1369.000000
2025-05-28,40998561,1369.300000
2025-05-29,40998561,1370.100000
2025-05-30,40998561,1368.600000
2025-06-03,40998561,1371.900000
2025-06-04,40998561,1372.700000
2025-06-05,40998561,1372.300000
2025-06-06,40998561,1373.700000
2025-06-09,40998561,1375.100000
2025-06-10,40998561,1375.100000
2025-06-11,40998561,1375.900000
2025-06-12,40998561,1376.500000
2025-06-13,40998561,1376.300000
2025-06-16,40998561,1377.200000
2025-06-17,40998561,1377.700000
2025-06-18,40998561,1377.400000
2025-06-19,40998561,1377.500000
2025-06-20,40998561,1377.700000
2025-06-23,40998561,1379.000000
2025-06-24,40998561,1380.200000
2025-06-25,40998561,1381.700000
2025-06-26,40998561,1381.700000
2025-06-27,40998561,1383.700000
2025-06-30,40998561,1384.200000
2025-07-01,40998561,1385.000000
2025-07-02,40998561,1384.700000
2025-07-03,40998561,1385.300000
2025-07-04,40998561,1385.700000
2025-07-07,40998561,1386.300000
2025-07-08,40998561,1387.000000
2025-07-09,40998561,1387.200000
2025-07-10,40998561,1387.000000
2025-07-11,40998561,1387.300000
2025-07-14,40998561,1387.300000
2025-07-15,40998561,1387.200000
2025-07-16,40998561,1387.800000
2025-07-17,40998561,1388.000000
2025-07-18,40998561,1388.700000
2025-07-21,40998561,1389.100000
2025-07-22,40998561,1389.600000
2025-07-23,40998561,1389.600000
2025-07-24,40998561,1389.400000
2025-07-25,40998561,1388.900000
2025-07-28,40998561,1388.600000
2025-07-29,40998561,1388.700000
2025-07-30,40998561,1388.800000
2025-07-31,40998561,1388.500000
2025-08-01,40998561,1388.700000
2025-08-04,40998561,1389.600000
2025-08-05,40998561,1391.700000
2025-08-06,40998561,1392.400000
2025-08-07,40998561,1392.700000
2025-08-08,40998561,1393.300000
2025-08-11,40998561,1393.800000
2025-08-12,40998561,1393.500000
2025-08-13,40998561,1394.200000
2025-08-14,40998561,1394.000000
2025-08-15,40998561,1394.100000
2025-08-18,40998561,1393.800000
2025-08-19,40998561,1393.600000
2025-08-20,40998561,1394.000000
2025-08-21,40998561,1395.200000
2025-08-22,40998561,1396.000000
2025-08-25,40998561,1396.700000
2025-08-26,40998561,1396.900000
2025-08-27,40998561,1396.000000
2025-08-28,40998561,1396.300000
2025-08-29,40998561,1396.200000
2025-09-01,40998561,1396.400000
2025-09-02,40998561,1396.200000
2025-09-03,40998561,1396.400000
2025-09-04,40998561,1396.300000
2025-09-05,40998561,1398.000000
2025-09-08,40998561,1398.500000
2025-09-09,40998561,1398.200000
2025-09-10,40998561,1397.800000
2025-09-11,40998561,1398.600000
2025-09-12,40998561,1398.900000
2025-09-15,40998561,1398.800000
2025-09-16,40998561,1399.000000
2025-09-17,40998561,1399.400000
2025-09-18,40998561,1398.400000
2025-09-19,40998561,1398.400000
2025-09-22,40998561,1398.200000
2025-09-23,40998561,1397.900000
2025-09-24,40998561,1398.700000
2025-09-25,40998561,1398.500000
2025-09-26,40998561,1398.200000
2025-09-29,40998561,1399.600000
2025-09-30,40998561,1400.100000
2025-10-09,40998561,1402.000000
2025-10-10,40998561,1401.800000
2025-10-13,40998561,1396.700000
2025-10-14,40998561,1396.200000
2025-10-15,40998561,1396.600000
2025-10-16,40998561,1396.600000
2025-10-17,40998561,1395.700000
2025-10-20,40998561,1396.300000
2025-10-21,40998561,1397.900000
2025-10-22,40998561,1397.900000
2025-10-23,40998561,1398.200000
2025-10-24,40998561,1399.500000
2025-10-27,40998561,1401.000000
2025-10-28,40998561,1400.900000
2025-10-29,40998561,1402.000000
2025-10-30,40998561,1401.000000
2025-10-31,40998561,1401.300000
2025-11-03,40998561,1402.200000
2025-11-04,40998561,1401.600000
2025-11-05,40998561,1401.800000
2025-11-06,40998561,1402.500000
2025-11-07,40998561,1402.700000
2025-11-10,40998561,1403.500000
2025-11-11,40998561,1403.300000
2025-11-12,40998561,1403.800000
2025-11-13,40998561,1405.000000
2025-11-14,40998561,1408.900000
2025-11-17,40998561,1408.200000
2025-11-18,40998561,1407.600000
2025-11-19,40998561,1408.000000
2025-11-20,40998561,1403.400000
2025-11-21,40998561,1401.700000
2025-11-24,40998561,1402.400000
2025-11-25,40998561,1403.500000
2025-11-26,40998561,1403.100000
2025-11-27,40998561,1398.300000
2025-11-28,40998561,1393.900000
2025-12-01,40998561,1392.300000
2025-12-02,40998561,1390.000000
2025-12-03,40998561,1388.400000
2025-12-04,40998561,1386.500000
2025-12-05,40998561,1386.800000
2025-12-08,40998561,1387.600000
2025-12-09,40998561,1387.600000
2025-12-10,40998561,1388.200000
2025-12-11,40998561,1387.900000
2025-12-12,40998561,1388.400000
2025-12-15,40998561,1386.900000
2025-12-16,40998561,1385.800000
2025-12-17,40998561,1387.100000
2025-12-18,40998561,1387.300000
2025-12-19,40998561,1388.400000
2025-12-22,40998561,1389.300000
2025-12-23,40998561,1389.500000
2025-12-24,40998561,1390.300000
2025-12-25,40998561,1390.900000
2025-12-26,40998561,1390.600000
2025-12-29,40998561,1390.400000
2025-12-30,40998561,1390.200000
2025-12-31,40998561,1390.400000
2026-01-05,40998561,1392.300000
2026-01-06,40998561,1393.400000
2026-01-07,40998561,1393.500000
2026-01-08,40998561,1393.500000
2026-01-09,40998561,1393.500000
2026-01-12,40998561,1393.300000
2026-01-13,40998561,1392.900000
2026-01-14,40998561,1393.500000
2026-01-15,40998561,1395.300000
2026-01-16,40998561,1399.800000
2026-01-19,40998561,1400.600000
2026-01-20,40998561,1399.400000
2026-01-21,40998561,1400.700000
2026-01-22,40998561,1402.300000
2026-01-23,40998561,1406.100000
2026-01-26,40998561,1407.600000
2026-01-27,40998561,1407.300000
2026-01-28,40998561,1410.300000
2026-01-29,40998561,1411.200000
2026-01-30,40998561,1413.400000
2026-02-02,40998561,1409.300000
2026-02-03,40998561,1411.100000
2026-02-04,40998561,1411.700000
2026-02-05,40998561,1410.600000
2026-02-06,40998561,1410.500000
2026-02-09,40998561,1413.900000
2026-02-10,40998561,1415.300000
2026-02-11,40998561,1416.700000
2026-02-12,40998561,1417.500000
2026-02-13,40998561,1416.400000
2026-02-24,40998561,1419.400000
2026-02-25,40998561,1421.400000
2026-02-26,40998561,1420.500000
2026-02-27,40998561,1420.600000
2026-03-02,40998561,1420.800000
2026-03-03,40998561,1418.100000
2026-03-04,40998561,1417.300000
2026-03-05,40998561,1417.800000
2026-03-06,40998561,1420.100000
2026-03-09,40998561,1420.000000
2026-03-10,40998561,1421.400000
2026-03-11,40998561,1422.800000
2026-03-12,40998561,1422.700000
2026-03-13,40998561,1422.000000
2026-03-16,40998561,1421.500000
2026-03-17,40998561,1419.600000
2026-03-18,40998561,1420.600000
2026-03-19,40998561,1418.000000
2026-03-20,40998561,1415.900000
2026-03-23,40998561,1410.800000
2026-03-24,40998561,1413.200000
2026-03-25,40998561,1415.000000
2026-03-26,40998561,1413.200000
2026-03-27,40998561,1414.000000
2026-03-30,40998561,1414.100000
2026-03-31,40998561,1412.700000
2026-04-01,40998561,1414.900000
2026-04-02,40998561,1413.900000
2026-04-03,40998561,1414.900000
2026-04-07,40998561,1415.300000
2026-04-08,40998561,1421.100000
2026-04-09,40998561,1431.200000
2026-04-10,40998561,1434.200000
2026-04-13,40998561,1434.100000
2026-04-14,40998561,1435.500000
2026-04-15,40998561,1434.900000
2026-04-16,40998561,1433.600000
2026-04-17,40998561,1434.400000
2026-04-20,40998561,1436.500000
2026-04-21,40998561,1435.800000
2026-04-22,40998561,1436.500000
2026-04-23,40998561,1435.100000
2026-04-24,40998561,1434.400000
2026-04-27,40998561,1434.400000
2026-04-28,40998561,1435.000000
2026-04-29,40998561,1434.300000
2026-04-30,40998561,1426.700000
2026-05-06,40998561,1428.000000
2026-05-07,40998561,1429.000000
2026-05-08,40998561,1429.500000
2026-05-11,40998561,1431.500000
2026-05-12,40998561,1432.000000
2026-05-13,40998561,1432.200000
2026-05-14,40998561,1431.800000
2026-05-15,40998561,1430.300000
2026-05-18,40998561,1429.600000
2026-05-19,40998561,1430.700000
2026-05-20,40998561,1430.700000
2026-05-21,40998561,1429.200000
2026-05-22,40998561,1430.200000
2026-05-25,40998561,1431.700000
2026-05-26,40998561,1432.500000
2026-05-27,40998561,1431.300000
2026-05-28,40998561,1431.500000
2026-05-29,40998561,1431.700000
2026-06-01,40998561,1432.500000
2026-06-02,40998561,1433.400000
2026-06-03,40998561,1434.300000
2026-06-04,40998561,1434.300000
2026-06-05,40998561,1433.900000
2026-06-08,40998561,1431.000000
2026-06-09,40998561,1433.200000
2026-06-10,40998561,1431.600000
2026-06-11,40998561,1430.900000
2026-06-12,40998561,1432.000000
2026-06-15,40998561,1434.500000
2026-06-16,40998561,1435.100000
2026-06-17,40998561,1435.400000
2026-06-18,40998561,1434.700000
2026-06-22,40998561,1437.000000
2026-06-23,40998561,1435.300000
2026-06-24,40998561,1434.700000
2026-06-25,40998561,1433.900000
2026-06-26,40998561,1432.400000
2026-06-29,40998561,1433.000000
2026-06-30,40998561,1434.000000
2026-07-01,40998561,1434.700000
2026-07-02,40998561,1434.200000
2026-07-03,40998561,1435.200000
2026-07-06,40998561,1436.800000
2020-12-31,42883138,1000.000000
2021-01-04,42883138,1006.100000
2021-01-05,42883138,1011.900000
2021-01-06,42883138,1012.200000
2021-01-07,42883138,1015.300000
2021-01-08,42883138,1016.900000
2021-01-11,42883138,1014.800000
2021-01-12,42883138,1016.800000
2021-01-13,42883138,1018.300000
2021-01-14,42883138,1012.200000
2021-01-15,42883138,1010.200000
2021-01-18,42883138,1008.000000
2021-01-19,42883138,1005.300000
2021-01-20,42883138,1002.700000
2021-01-21,42883138,999.500000
2021-01-22,42883138,997.000000
2021-01-25,42883138,993.700000
2021-01-26,42883138,992.100000
2021-01-27,42883138,990.400000
2021-01-28,42883138,990.000000
2021-01-29,42883138,988.700000
2021-02-01,42883138,985.100000
2021-02-02,42883138,989.300000
2021-02-03,42883138,991.100000
2021-02-04,42883138,986.400000
2021-02-05,42883138,985.400000
2021-02-08,42883138,988.200000
2021-02-09,42883138,991.900000
2021-02-10,42883138,993.800000
2021-02-18,42883138,1012.000000
2021-02-19,42883138,1015.800000
2021-02-22,42883138,1040.300000
2021-02-23,42883138,1042.300000
2021-02-24,42883138,1042.000000
2021-02-25,42883138,1050.800000
2021-02-26,42883138,1047.300000
2021-03-01,42883138,1048.500000
2021-03-02,42883138,1044.000000
2021-03-03,42883138,1047.900000
2021-03-04,42883138,1050.200000
2021-03-05,42883138,1044.600000
2021-03-08,42883138,1061.300000
2021-03-09,42883138,1060.100000
2021-03-10,42883138,1053.600000
2021-03-11,42883138,1049.300000
2021-03-12,42883138,1050.000000
2021-03-15,42883138,1050.500000
2021-03-16,42883138,1050.600000
2021-03-17,42883138,1045.300000
2021-03-18,42883138,1043.700000
2021-03-19,42883138,1042.000000
2021-03-22,42883138,1048.400000
2021-03-23,42883138,1048.500000
2021-03-24,42883138,1048.600000
2021-03-25,42883138,1048.200000
2021-03-26,42883138,1045.900000
2021-03-29,42883138,1047.100000
2021-03-30,42883138,1049.500000
2021-03-31,42883138,1052.000000
2021-04-01,42883138,1045.600000
2021-04-02,42883138,1044.600000
2021-04-06,42883138,1046.100000
2021-04-07,42883138,1042.100000
2021-04-08,42883138,1036.100000
2021-04-09,42883138,1036.200000
2021-04-12,42883138,1029.200000
2021-04-13,42883138,1034.400000
2021-04-14,42883138,1033.900000
2021-04-15,42883138,1031.200000
2021-04-16,42883138,1033.600000
2021-04-19,42883138,1035.900000
2021-04-20,42883138,1036.400000
2021-04-21,42883138,1038.600000
2021-04-22,42883138,1043.300000
2021-04-23,42883138,1046.000000
2021-04-26,42883138,1051.500000
2021-04-27,42883138,1053.100000
2021-04-28,42883138,1047.800000
2021-04-29,42883138,1054.100000
2021-04-30,42883138,1048.700000
2021-05-06,42883138,1072.900000
2021-05-07,42883138,1093.400000
2021-05-10,42883138,1118.000000
2021-05-11,42883138,1120.500000
2021-05-12,42883138,1134.600000
2021-05-13,42883138,1127.200000
2021-05-14,42883138,1110.300000
2021-05-17,42883138,1110.400000
2021-05-18,42883138,1113.500000
2021-05-19,42883138,1106.600000
2021-05-20,42883138,1090.300000
2021-05-21,42883138,1086.300000
2021-05-24,42883138,1082.800000
2021-05-25,42883138,1084.900000
2021-05-26,42883138,1085.800000
2021-05-27,42883138,1085.600000
2021-05-28,42883138,1080.700000
2021-05-31,42883138,1079.900000
2021-06-01,42883138,1077.700000
2021-06-02,42883138,1076.400000
2021-06-03,42883138,1080.400000
2021-06-04,42883138,1071.200000
2021-06-07,42883138,1068.700000
2021-06-08,42883138,1068.000000
2021-06-09,42883138,1066.600000
2021-06-10,42883138,1062.400000
2021-06-11,42883138,1062.500000
2021-06-15,42883138,1053.300000
2021-06-16,42883138,1052.400000
2021-06-17,42883138,1051.600000
2021-06-18,42883138,1058.700000
2021-06-21,42883138,1051.900000
2021-06-22,42883138,1046.300000
2021-06-23,42883138,1047.000000
2021-06-24,42883138,1048.200000
2021-06-25,42883138,1055.500000
2021-06-28,42883138,1047.800000
2021-06-29,42883138,1040.100000
2021-06-30,42883138,1039.300000
2021-07-01,42883138,1033.600000
2021-07-02,42883138,1034.800000
2021-07-05,42883138,1036.300000
2021-07-06,42883138,1044.200000
2021-07-07,42883138,1027.200000
2021-07-08,42883138,1028.000000
2021-07-09,42883138,1027.200000
2021-07-12,42883138,1035.500000
2021-07-13,42883138,1035.900000
2021-07-14,42883138,1038.400000
2021-07-15,42883138,1038.500000
2021-07-16,42883138,1045.500000
2021-07-19,42883138,1052.600000
2021-07-20,42883138,1042.300000
2021-07-21,42883138,1046.200000
2021-07-22,42883138,1038.600000
2021-07-23,42883138,1040.500000
2021-07-26,42883138,1041.400000
2021-07-27,42883138,1046.800000
2021-07-28,42883138,1043.100000
2021-07-29,42883138,1041.000000
2021-07-30,42883138,1049.100000
2021-08-02,42883138,1029.200000
2021-08-03,42883138,1017.000000
2021-08-04,42883138,1014.400000
2021-08-05,42883138,1016.800000
2021-08-06,42883138,1016.300000
2021-08-09,42883138,1018.700000
2021-08-10,42883138,1018.000000
2021-08-11,42883138,1022.900000
2021-08-12,42883138,1024.400000
2021-08-13,42883138,1021.200000
2021-08-16,42883138,1024.200000
2021-08-17,42883138,1024.800000
2021-08-18,42883138,1022.800000
2021-08-19,42883138,1022.000000
2021-08-20,42883138,1021.100000
2021-08-23,42883138,1023.300000
2021-08-24,42883138,1024.100000
2021-08-25,42883138,1026.500000
2021-08-26,42883138,1027.900000
2021-08-27,42883138,1022.800000
2021-08-30,42883138,1025.400000
2021-08-31,42883138,1027.400000
2021-09-01,42883138,1024.900000
2021-09-02,42883138,1027.300000
2021-09-03,42883138,1024.300000
2021-09-06,42883138,1031.000000
2021-09-07,42883138,1041.800000
2021-09-08,42883138,1046.200000
2021-09-09,42883138,1056.900000
2021-09-10,42883138,1053.900000
2021-09-13,42883138,1055.100000
2021-09-14,42883138,1046.100000
2021-09-15,42883138,1045.700000
2021-09-16,42883138,1062.900000
2021-09-17,42883138,1055.800000
2021-09-22,42883138,1059.800000
2021-09-23,42883138,1072.000000
2021-09-24,42883138,1070.300000
2021-09-27,42883138,1074.800000
2021-09-28,42883138,1078.100000
2021-09-29,42883138,1081.500000
2021-09-30,42883138,1088.100000
2021-10-08,42883138,1104.900000
2021-10-11,42883138,1116.500000
2021-10-12,42883138,1119.600000
2021-10-13,42883138,1112.800000
2021-10-14,42883138,1107.200000
2021-10-15,42883138,1114.500000
2021-10-18,42883138,1126.500000
2021-10-19,42883138,1129.800000
2021-10-20,42883138,1116.100000
2021-10-21,42883138,1117.100000
2021-10-22,42883138,1106.400000
2021-10-25,42883138,1108.300000
2021-10-26,42883138,1110.500000
2021-10-27,42883138,1107.200000
2021-10-28,42883138,1104.600000
2021-10-29,42883138,1101.500000
2021-11-01,42883138,1102.800000
2021-11-02,42883138,1105.400000
2021-11-03,42883138,1105.700000
2021-11-04,42883138,1105.500000
2021-11-05,42883138,1105.400000
2021-11-08,42883138,1099.900000
2021-11-09,42883138,1099.000000
2021-11-10,42883138,1104.900000
2021-11-11,42883138,1098.400000
2021-11-12,42883138,1097.600000
2021-11-15,42883138,1097.900000
2021-11-16,42883138,1097.200000
2021-11-17,42883138,1098.800000
2021-11-18,42883138,1099.100000
2021-11-19,42883138,1093.300000
2021-11-22,42883138,1090.000000
2021-11-23,42883138,1087.000000
2021-11-24,42883138,1086.300000
2021-11-25,42883138,1088.000000
2021-11-26,42883138,1081.400000
2021-11-29,42883138,1084.800000
2021-11-30,42883138,1088.900000
2021-12-01,42883138,1091.800000
2021-12-02,42883138,1091.400000
2021-12-03,42883138,1092.800000
2021-12-06,42883138,1090.100000
2021-12-07,42883138,1088.100000
2021-12-08,42883138,1088.900000
2021-12-09,42883138,1087.800000
2021-12-10,42883138,1086.000000
2021-12-13,42883138,1081.300000
2021-12-14,42883138,1081.300000
2021-12-15,42883138,1081.300000
2021-12-16,42883138,1080.900000
2021-12-17,42883138,1081.000000
2021-12-20,42883138,1077.500000
2021-12-21,42883138,1077.000000
2021-12-22,42883138,1074.700000
2021-12-23,42883138,1076.500000
2021-12-24,42883138,1078.600000
2021-12-27,42883138,1071.400000
2021-12-28,42883138,1071.500000
2021-12-29,42883138,1070.800000
2021-12-30,42883138,1071.700000
2021-12-31,42883138,1072.600000
2022-01-04,42883138,1072.500000
2022-01-05,42883138,1075.000000
2022-01-06,42883138,1073.400000
2022-01-07,42883138,1076.100000
2022-01-10,42883138,1077.300000
2022-01-11,42883138,1075.700000
2022-01-12,42883138,1082.700000
2022-01-13,42883138,1088.600000
2022-01-14,42883138,1082.900000
2022-01-17,42883138,1077.600000
2022-01-18,42883138,1078.500000
2022-01-19,42883138,1087.900000
2022-01-20,42883138,1096.000000
2022-01-21,42883138,1099.200000
2022-01-24,42883138,1102.900000
2022-01-25,42883138,1087.000000
2022-01-26,42883138,1089.600000
2022-01-27,42883138,1099.900000
2022-01-28,42883138,1105.600000
2022-02-07,42883138,1126.300000
2022-02-08,42883138,1125.900000
2022-02-09,42883138,1114.500000
2022-02-10,42883138,1117.300000
2022-02-11,42883138,1118.300000
2022-02-14,42883138,1108.600000
2022-02-15,42883138,1100.300000
2022-02-16,42883138,1096.800000
2022-02-17,42883138,1098.800000
2022-02-18,42883138,1102.100000
2022-02-21,42883138,1102.600000
2022-02-22,42883138,1107.900000
2022-02-23,42883138,1109.700000
2022-02-24,42883138,1117.400000
2022-02-25,42883138,1116.000000
2022-02-28,42883138,1100.700000
2022-03-01,42883138,1110.500000
2022-03-02,42883138,1120.300000
2022-03-03,42883138,1129.400000
2022-03-04,42883138,1130.400000
2022-03-07,42883138,1149.400000
2022-03-08,42883138,1164.700000
2022-03-09,42883138,1186.600000
2022-03-10,42883138,1167.900000
2022-03-11,42883138,1158.700000
2022-03-14,42883138,1144.000000
2022-03-15,42883138,1133.400000
2022-03-16,42883138,1135.500000
2022-03-17,42883138,1138.600000
2022-03-18,42883138,1138.300000
2022-03-21,42883138,1138.600000
2022-03-22,42883138,1137.900000
2022-03-23,42883138,1137.100000
2022-03-24,42883138,1140.800000
2022-03-25,42883138,1140.700000
2022-03-28,42883138,1135.300000
2022-03-29,42883138,1131.700000
2022-03-30,42883138,1128.300000
2022-03-31,42883138,1129.000000
2022-04-01,42883138,1130.000000
2022-04-06,42883138,1131.700000
2022-04-07,42883138,1128.800000
2022-04-08,42883138,1128.500000
2022-04-11,42883138,1124.400000
2022-04-12,42883138,1126.400000
2022-04-13,42883138,1130.300000
2022-04-14,42883138,1132.300000
2022-04-15,42883138,1137.200000
2022-04-18,42883138,1138.100000
2022-04-19,42883138,1134.600000
2022-04-20,42883138,1127.900000
2022-04-21,42883138,1127.200000
2022-04-22,42883138,1128.700000
2022-04-25,42883138,1122.900000
2022-04-26,42883138,1122.100000
2022-04-27,42883138,1128.800000
2022-04-28,42883138,1132.300000
2022-04-29,42883138,1135.800000
2022-05-05,42883138,1135.000000
2022-05-06,42883138,1130.500000
2022-05-09,42883138,1131.700000
2022-05-10,42883138,1129.300000
2022-05-11,42883138,1123.300000
2022-05-12,42883138,1127.200000
2022-05-13,42883138,1131.200000
2022-05-16,42883138,1126.900000
2022-05-17,42883138,1125.900000
2022-05-18,42883138,1125.800000
2022-05-19,42883138,1123.300000
2022-05-20,42883138,1120.100000
2022-05-23,42883138,1121.400000
2022-05-24,42883138,1118.100000
2022-05-25,42883138,1122.200000
2022-05-26,42883138,1121.000000
2022-05-27,42883138,1125.600000
2022-05-30,42883138,1124.800000
2022-05-31,42883138,1127.400000
2022-06-01,42883138,1122.500000
2022-06-02,42883138,1121.800000
2022-06-06,42883138,1131.700000
2022-06-07,42883138,1135.000000
2022-06-08,42883138,1142.600000
2022-06-09,42883138,1141.000000
2022-06-10,42883138,1139.700000
2022-06-13,42883138,1127.000000
2022-06-14,42883138,1125.800000
2022-06-15,42883138,1124.800000
2022-06-16,42883138,1114.500000
2022-06-17,42883138,1115.000000
2022-06-20,42883138,1116.700000
2022-06-21,42883138,1118.400000
2022-06-22,42883138,1119.000000
2022-06-23,42883138,1122.600000
2022-06-24,42883138,1125.200000
2022-06-27,42883138,1125.800000
2022-06-28,42883138,1124.600000
2022-06-29,42883138,1121.000000
2022-06-30,42883138,1121.100000
2022-07-01,42883138,1122.200000
2022-07-04,42883138,1129.000000
2022-07-05,42883138,1128.200000
2022-07-06,42883138,1135.700000
2022-07-07,42883138,1131.400000
2022-07-08,42883138,1126.400000
2022-07-11,42883138,1128.800000
2022-07-12,42883138,1131.100000
2022-07-13,42883138,1138.800000
2022-07-14,42883138,1136.900000
2022-07-15,42883138,1144.700000
2022-07-18,42883138,1136.700000
2022-07-19,42883138,1133.600000
2022-07-20,42883138,1135.000000
2022-07-21,42883138,1136.000000
2022-07-22,42883138,1137.600000
2022-07-25,42883138,1133.700000
2022-07-26,42883138,1133.200000
2022-07-27,42883138,1131.600000
2022-07-28,42883138,1129.200000
2022-07-29,42883138,1132.500000
2022-08-01,42883138,1135.400000
2022-08-02,42883138,1130.400000
2022-08-03,42883138,1129.000000
2022-08-04,42883138,1124.300000
2022-08-05,42883138,1126.300000
2022-08-08,42883138,1125.200000
2022-08-09,42883138,1126.300000
2022-08-10,42883138,1128.200000
2022-08-11,42883138,1131.000000
2022-08-12,42883138,1134.100000
2022-08-15,42883138,1131.500000
2022-08-16,42883138,1127.900000
2022-08-17,42883138,1128.700000
2022-08-18,42883138,1126.500000
2022-08-19,42883138,1127.500000
2022-08-22,42883138,1125.200000
2022-08-23,42883138,1125.000000
2022-08-24,42883138,1128.400000
2022-08-25,42883138,1130.100000
2022-08-26,42883138,1129.300000
2022-08-29,42883138,1122.000000
2022-08-30,42883138,1120.300000
2022-08-31,42883138,1117.800000
2022-09-01,42883138,1116.500000
2022-09-02,42883138,1117.200000
2022-09-05,42883138,1114.500000
2022-09-06,42883138,1116.300000
2022-09-07,42883138,1114.300000
2022-09-08,42883138,1112.000000
2022-09-09,42883138,1113.000000
2022-09-13,42883138,1121.300000
2022-09-14,42883138,1116.400000
2022-09-15,42883138,1113.600000
2022-09-16,42883138,1110.400000
2022-09-19,42883138,1111.100000
2022-09-20,42883138,1109.400000
2022-09-21,42883138,1109.700000
2022-09-22,42883138,1108.700000
2022-09-23,42883138,1108.500000
2022-09-26,42883138,1104.400000
2022-09-27,42883138,1105.100000
2022-09-28,42883138,1106.600000
2022-09-29,42883138,1107.300000
2022-09-30,42883138,1107.100000
2022-10-10,42883138,1107.400000
2022-10-11,42883138,1103.600000
2022-10-12,42883138,1100.500000
2022-10-13,42883138,1101.900000
2022-10-14,42883138,1103.100000
2022-10-17,42883138,1101.000000
2022-10-18,42883138,1098.900000
2022-10-19,42883138,1098.200000
2022-10-20,42883138,1099.200000
2022-10-21,42883138,1099.400000
2022-10-24,42883138,1097.700000
2022-10-25,42883138,1099.900000
2022-10-26,42883138,1102.300000
2022-10-27,42883138,1104.800000
2022-10-28,42883138,1105.800000
2022-10-31,42883138,1108.400000
2022-11-01,42883138,1109.700000
2022-11-02,42883138,1110.500000
2022-11-03,42883138,1105.600000
2022-11-04,42883138,1102.000000
2022-11-07,42883138,1104.300000
2022-11-08,42883138,1104.000000
2022-11-09,42883138,1103.500000
2022-11-10,42883138,1104.500000
2022-11-11,42883138,1105.900000
2022-11-14,42883138,1101.100000
2022-11-15,42883138,1101.500000
2022-11-16,42883138,1102.800000
2022-11-17,42883138,1100.000000
2022-11-18,42883138,1102.700000
2022-11-21,42883138,1096.300000
2022-11-22,42883138,1094.500000
2022-11-23,42883138,1092.200000
2022-11-24,42883138,1095.100000
2022-11-25,42883138,1095.200000
2022-11-28,42883138,1092.800000
2022-11-29,42883138,1097.700000
2022-11-30,42883138,1095.700000
2022-12-01,42883138,1097.900000
2022-12-02,42883138,1098.200000
2022-12-05,42883138,1104.100000
2022-12-06,42883138,1102.400000
2022-12-07,42883138,1105.200000
2022-12-08,42883138,1108.400000
2022-12-09,42883138,1119.200000
2022-12-12,42883138,1118.700000
2022-12-13,42883138,1114.200000
2022-12-14,42883138,1113.800000
2022-12-15,42883138,1114.500000
2022-12-16,42883138,1116.900000
2022-12-19,42883138,1105.200000
2022-12-20,42883138,1100.000000
2022-12-21,42883138,1104.800000
2022-12-22,42883138,1106.100000
2022-12-23,42883138,1103.000000
2022-12-26,42883138,1102.600000
2022-12-27,42883138,1105.500000
2022-12-28,42883138,1105.100000
2022-12-29,42883138,1106.300000
2022-12-30,42883138,1111.000000
2023-01-03,42883138,1107.600000
2023-01-04,42883138,1105.500000
2023-01-05,42883138,1099.200000
2023-01-06,42883138,1095.200000
2023-01-09,42883138,1094.300000
2023-01-10,42883138,1091.400000
2023-01-11,42883138,1092.700000
2023-01-12,42883138,1095.200000
2023-01-13,42883138,1100.500000
2023-01-16,42883138,1098.800000
2023-01-17,42883138,1097.900000
2023-01-18,42883138,1104.100000
2023-01-19,42883138,1108.200000
2023-01-20,42883138,1110.700000
2023-01-30,42883138,1114.600000
2023-01-31,42883138,1110.400000
2023-02-01,42883138,1109.600000
2023-02-02,42883138,1105.900000
2023-02-03,42883138,1100.400000
2023-02-06,42883138,1097.000000
2023-02-07,42883138,1094.800000
2023-02-08,42883138,1093.100000
2023-02-09,42883138,1093.300000
2023-02-10,42883138,1090.600000
2023-02-13,42883138,1090.600000
2023-02-14,42883138,1089.100000
2023-02-15,42883138,1086.200000
2023-02-16,42883138,1083.100000
2023-02-17,42883138,1084.700000
2023-02-20,42883138,1083.300000
2023-02-21,42883138,1083.400000
2023-02-22,42883138,1084.600000
2023-02-23,42883138,1083.300000
2023-02-24,42883138,1080.600000
2023-02-27,42883138,1078.500000
2023-02-28,42883138,1075.400000
2023-03-01,42883138,1074.000000
2023-03-02,42883138,1073.600000
2023-03-03,42883138,1076.700000
2023-03-06,42883138,1072.800000
2023-03-07,42883138,1071.800000
2023-03-08,42883138,1071.300000
2023-03-09,42883138,1070.600000
2023-03-10,42883138,1075.000000
2023-03-13,42883138,1076.200000
2023-03-14,42883138,1074.600000
2023-03-15,42883138,1071.700000
2023-03-16,42883138,1078.100000
2023-03-17,42883138,1077.200000
2023-03-20,42883138,1077.200000
2023-03-21,42883138,1080.100000
2023-03-22,42883138,1081.300000
2023-03-23,42883138,1082.800000
2023-03-24,42883138,1085.500000
2023-03-27,42883138,1085.300000
2023-03-28,42883138,1079.400000
2023-03-29,42883138,1077.200000
2023-03-30,42883138,1078.300000
2023-03-31,42883138,1077.600000
2023-04-03,42883138,1077.400000
2023-04-04,42883138,1077.400000
2023-04-06,42883138,1080.600000
2023-04-07,42883138,1081.700000
2023-04-10,42883138,1080.800000
2023-04-11,42883138,1079.900000
2023-04-12,42883138,1080.000000
2023-04-13,42883138,1080.100000
2023-04-14,42883138,1080.500000
2023-04-17,42883138,1079.100000
2023-04-18,42883138,1075.100000
2023-04-19,42883138,1074.500000
2023-04-20,42883138,1069.600000
2023-04-21,42883138,1069.600000
2023-04-24,42883138,1071.800000
2023-04-25,42883138,1073.200000
2023-04-26,42883138,1074.800000
2023-04-27,42883138,1074.100000
2023-04-28,42883138,1076.800000
2023-05-04,42883138,1082.300000
2023-05-05,42883138,1085.000000
2023-05-08,42883138,1077.600000
2023-05-09,42883138,1073.200000
2023-05-10,42883138,1074.000000
2023-05-11,42883138,1075.700000
2023-05-12,42883138,1078.000000
2023-05-15,42883138,1076.700000
2023-05-16,42883138,1075.400000
2023-05-17,42883138,1074.500000
2023-05-18,42883138,1072.200000
2023-05-19,42883138,1075.100000
2023-05-22,42883138,1079.600000
2023-05-23,42883138,1083.300000
2023-05-24,42883138,1086.500000
2023-05-25,42883138,1088.800000
2023-05-26,42883138,1085.700000
2023-05-29,42883138,1079.900000
2023-05-30,42883138,1079.700000
2023-05-31,42883138,1087.300000
2023-06-01,42883138,1083.300000
2023-06-02,42883138,1078.900000
2023-06-05,42883138,1077.400000
2023-06-06,42883138,1077.400000
2023-06-07,42883138,1076.100000
2023-06-08,42883138,1075.900000
2023-06-09,42883138,1075.700000
2023-06-12,42883138,1074.200000
2023-06-13,42883138,1074.200000
2023-06-14,42883138,1073.400000
2023-06-15,42883138,1074.300000
2023-06-16,42883138,1077.000000
2023-06-19,42883138,1075.000000
2023-06-20,42883138,1075.500000
2023-06-21,42883138,1073.900000
2023-06-26,42883138,1070.400000
2023-06-27,42883138,1070.300000
2023-06-28,42883138,1068.300000
2023-06-29,42883138,1067.600000
2023-06-30,42883138,1068.300000
2023-07-03,42883138,1074.100000
2023-07-04,42883138,1075.900000
2023-07-05,42883138,1074.500000
2023-07-06,42883138,1074.500000
2023-07-07,42883138,1072.500000
2023-07-10,42883138,1071.000000
2023-07-11,42883138,1075.500000
2023-07-12,42883138,1077.300000
2023-07-13,42883138,1080.600000
2023-07-14,42883138,1087.000000
2023-07-17,42883138,1078.500000
2023-07-18,42883138,1076.800000
2023-07-19,42883138,1080.200000
2023-07-20,42883138,1085.100000
2023-07-21,42883138,1082.500000
2023-07-24,42883138,1079.300000
2023-07-25,42883138,1083.900000
2023-07-26,42883138,1091.500000
2023-07-27,42883138,1095.200000
2023-07-28,42883138,1096.000000
2023-07-31,42883138,1096.900000
2023-08-01,42883138,1102.900000
2023-08-02,42883138,1103.300000
2023-08-03,42883138,1095.000000
2023-08-04,42883138,1097.400000
2023-08-07,42883138,1094.000000
2023-08-08,42883138,1091.800000
2023-08-09,42883138,1090.500000
2023-08-10,42883138,1091.500000
2023-08-11,42883138,1092.000000
2023-08-14,42883138,1090.200000
2023-08-15,42883138,1092.300000
2023-08-16,42883138,1090.400000
2023-08-17,42883138,1092.800000
2023-08-18,42883138,1094.700000
2023-08-21,42883138,1100.000000
2023-08-22,42883138,1102.300000
2023-08-23,42883138,1102.500000
2023-08-24,42883138,1104.400000
2023-08-25,42883138,1103.800000
2023-08-28,42883138,1105.300000
2023-08-29,42883138,1104.600000
2023-08-30,42883138,1107.300000
2023-08-31,42883138,1112.600000
2023-09-01,42883138,1116.300000
2023-09-04,42883138,1116.800000
2023-09-05,42883138,1112.500000
2023-09-06,42883138,1116.900000
2023-09-07,42883138,1111.800000
2023-09-08,42883138,1106.500000
2023-09-11,42883138,1106.200000
2023-09-12,42883138,1107.900000
2023-09-13,42883138,1106.700000
2023-09-14,42883138,1107.500000
2023-09-15,42883138,1110.600000
2023-09-18,42883138,1104.700000
2023-09-19,42883138,1105.300000
2023-09-20,42883138,1100.700000
2023-09-21,42883138,1094.200000
2023-09-22,42883138,1094.900000
2023-09-25,42883138,1092.200000
2023-09-26,42883138,1092.600000
2023-09-27,42883138,1094.300000
2023-09-28,42883138,1095.100000
2023-10-09,42883138,1090.700000
2023-10-10,42883138,1087.600000
2023-10-11,42883138,1089.000000
2023-10-12,42883138,1088.600000
2023-10-13,42883138,1085.700000
2023-10-16,42883138,1083.600000
2023-10-17,42883138,1083.700000
2023-10-18,42883138,1084.500000
2023-10-19,42883138,1085.900000
2023-10-20,42883138,1083.300000
2023-10-23,42883138,1084.400000
2023-10-24,42883138,1083.000000
2023-10-25,42883138,1079.800000
2023-10-26,42883138,1078.000000
2023-10-27,42883138,1078.200000
2023-10-30,42883138,1081.800000
2023-10-31,42883138,1081.800000
2023-11-01,42883138,1084.000000
2023-11-02,42883138,1084.200000
2023-11-03,42883138,1083.900000
2023-11-06,42883138,1086.000000
2023-11-07,42883138,1087.100000
2023-11-08,42883138,1088.500000
2023-11-09,42883138,1089.200000
2023-11-10,42883138,1091.300000
2023-11-13,42883138,1091.700000
2023-11-14,42883138,1088.400000
2023-11-15,42883138,1091.400000
2023-11-16,42883138,1087.800000
2023-11-17,42883138,1089.600000
2023-11-20,42883138,1088.500000
2023-11-21,42883138,1093.400000
2023-11-22,42883138,1095.500000
2023-11-23,42883138,1098.500000
2023-11-24,42883138,1094.200000
2023-11-27,42883138,1100.300000
2023-11-28,42883138,1099.800000
2023-11-29,42883138,1097.100000
2023-11-30,42883138,1094.500000
2023-12-01,42883138,1099.500000
2023-12-04,42883138,1103.800000
2023-12-05,42883138,1105.700000
2023-12-06,42883138,1105.200000
2023-12-07,42883138,1109.300000
2023-12-08,42883138,1103.300000
2023-12-11,42883138,1099.100000
2023-12-12,42883138,1097.500000
2023-12-13,42883138,1095.400000
2023-12-14,42883138,1096.000000
2023-12-15,42883138,1093.300000
2023-12-18,42883138,1090.700000
2023-12-19,42883138,1090.100000
2023-12-20,42883138,1089.600000
2023-12-21,42883138,1090.000000
2023-12-22,42883138,1091.800000
2023-12-25,42883138,1090.400000
2023-12-26,42883138,1088.300000
2023-12-27,42883138,1088.300000
2023-12-28,42883138,1091.300000
2023-12-29,42883138,1089.000000
2024-01-02,42883138,1088.000000
2024-01-03,42883138,1088.600000
2024-01-04,42883138,1085.600000
2024-01-05,42883138,1084.000000
2024-01-08,42883138,1083.400000
2024-01-09,42883138,1082.500000
2024-01-10,42883138,1080.100000
2024-01-11,42883138,1078.500000
2024-01-12,42883138,1076.700000
2024-01-15,42883138,1074.200000
2024-01-16,42883138,1071.600000
2024-01-17,42883138,1070.600000
2024-01-18,42883138,1073.300000
2024-01-19,42883138,1072.100000
2024-01-22,42883138,1074.600000
2024-01-23,42883138,1076.100000
2024-01-24,42883138,1074.300000
2024-01-25,42883138,1078.800000
2024-01-26,42883138,1077.800000
2024-01-29,42883138,1079.600000
2024-01-30,42883138,1076.500000
2024-01-31,42883138,1071.100000
2024-02-01,42883138,1067.400000
2024-02-02,42883138,1062.800000
2024-02-05,42883138,1061.200000
2024-02-06,42883138,1065.600000
2024-02-07,42883138,1069.700000
2024-02-08,42883138,1070.200000
2024-02-19,42883138,1068.300000
2024-02-20,42883138,1065.400000
2024-02-21,42883138,1062.700000
2024-02-22,42883138,1063.100000
2024-02-23,42883138,1063.100000
2024-02-26,42883138,1061.700000
2024-02-27,42883138,1061.000000
2024-02-28,42883138,1059.500000
2024-02-29,42883138,1061.100000
2024-03-01,42883138,1062.400000
2024-03-04,42883138,1064.000000
2024-03-05,42883138,1064.800000
2024-03-06,42883138,1067.400000
2024-03-07,42883138,1068.400000
2024-03-08,42883138,1072.800000
2024-03-11,42883138,1077.100000
2024-03-12,42883138,1078.500000
2024-03-13,42883138,1077.900000
2024-03-14,42883138,1085.300000
2024-03-15,42883138,1092.400000
2024-03-18,42883138,1094.800000
2024-03-19,42883138,1090.800000
2024-03-20,42883138,1089.400000
2024-03-21,42883138,1095.100000
2024-03-22,42883138,1091.500000
2024-03-25,42883138,1090.200000
2024-03-26,42883138,1093.100000
2024-03-27,42883138,1091.700000
2024-03-28,42883138,1092.800000
2024-03-29,42883138,1098.700000
2024-04-01,42883138,1104.900000
2024-04-02,42883138,1100.400000
2024-04-03,42883138,1105.800000
2024-04-08,42883138,1106.900000
2024-04-09,42883138,1107.600000
2024-04-10,42883138,1106.400000
2024-04-11,42883138,1106.000000
2024-04-12,42883138,1107.100000
2024-04-15,42883138,1111.500000
2024-04-16,42883138,1106.500000
2024-04-17,42883138,1107.700000
2024-04-18,42883138,1109.400000
2024-04-19,42883138,1110.700000
2024-04-22,42883138,1108.100000
2024-04-23,42883138,1101.700000
2024-04-24,42883138,1102.000000
2024-04-25,42883138,1106.000000
2024-04-26,42883138,1108.300000
2024-04-29,42883138,1109.300000
2024-04-30,42883138,1107.400000
2024-05-06,42883138,1110.900000
2024-05-07,42883138,1115.300000
2024-05-08,42883138,1109.900000
2024-05-09,42883138,1109.300000
2024-05-10,42883138,1108.900000
2024-05-13,42883138,1108.400000
2024-05-14,42883138,1107.800000
2024-05-15,42883138,1105.400000
2024-05-16,42883138,1104.300000
2024-05-17,42883138,1107.600000
2024-05-20,42883138,1116.700000
2024-05-21,42883138,1118.600000
2024-05-22,42883138,1119.500000
2024-05-23,42883138,1112.100000
2024-05-24,42883138,1110.500000
2024-05-27,42883138,1110.100000
2024-05-28,42883138,1112.100000
2024-05-29,42883138,1109.700000
2024-05-30,42883138,1107.400000
2024-05-31,42883138,1104.000000
2024-06-03,42883138,1098.500000
2024-06-04,42883138,1099.500000
2024-06-05,42883138,1098.300000
2024-06-06,42883138,1098.000000
2024-06-07,42883138,1095.100000
2024-06-11,42883138,1089.800000
2024-06-12,42883138,1090.600000
2024-06-13,42883138,1090.700000
2024-06-14,42883138,1090.600000
2024-06-17,42883138,1093.300000
2024-06-18,42883138,1095.700000
2024-06-19,42883138,1097.300000
2024-06-20,42883138,1097.000000
2024-06-21,42883138,1098.600000
2024-06-24,42883138,1099.600000
2024-06-25,42883138,1100.500000
2024-06-26,42883138,1097.900000
2024-06-27,42883138,1098.100000
2024-06-28,42883138,1099.900000
2024-07-01,42883138,1097.500000
2024-07-02,42883138,1098.200000
2024-07-03,42883138,1101.700000
2024-07-04,42883138,1104.400000
2024-07-05,42883138,1102.900000
2024-07-08,42883138,1100.900000
2024-07-09,42883138,1097.300000
2024-07-10,42883138,1097.700000
2024-07-11,42883138,1100.000000
2024-07-12,42883138,1100.200000
2024-07-15,42883138,1103.100000
2024-07-16,42883138,1105.500000
2024-07-17,42883138,1103.600000
2024-07-18,42883138,1104.400000
2024-07-19,42883138,1100.900000
2024-07-22,42883138,1102.100000
2024-07-23,42883138,1109.400000
2024-07-24,42883138,1111.700000
2024-07-25,42883138,1114.400000
2024-07-26,42883138,1110.800000
2024-07-29,42883138,1113.900000
2024-07-30,42883138,1119.700000
2024-07-31,42883138,1121.600000
2024-08-01,42883138,1117.900000
2024-08-02,42883138,1117.900000
2024-08-05,42883138,1115.300000
2024-08-06,42883138,1116.100000
2024-08-07,42883138,1119.700000
2024-08-08,42883138,1119.500000
2024-08-09,42883138,1118.900000
2024-08-12,42883138,1121.200000
2024-08-13,42883138,1125.200000
2024-08-14,42883138,1133.400000
2024-08-15,42883138,1133.300000
2024-08-16,42883138,1131.600000
2024-08-19,42883138,1133.700000
2024-08-20,42883138,1132.000000
2024-08-21,42883138,1126.200000
2024-08-22,42883138,1126.700000
2024-08-23,42883138,1129.800000
2024-08-26,42883138,1128.700000
2024-08-27,42883138,1127.400000
2024-08-28,42883138,1126.800000
2024-08-29,42883138,1124.400000
2024-08-30,42883138,1125.800000
2024-09-02,42883138,1123.900000
2024-09-03,42883138,1127.200000
2024-09-04,42883138,1128.800000
2024-09-05,42883138,1131.600000
2024-09-06,42883138,1134.800000
2024-09-09,42883138,1137.400000
2024-09-10,42883138,1136.200000
2024-09-11,42883138,1140.000000
2024-09-12,42883138,1133.400000
2024-09-13,42883138,1133.600000
2024-09-18,42883138,1138.800000
2024-09-19,42883138,1136.000000
2024-09-20,42883138,1136.900000
2024-09-23,42883138,1139.200000
2024-09-24,42883138,1140.100000
2024-09-25,42883138,1139.500000
2024-09-26,42883138,1149.000000
2024-09-27,42883138,1157.900000
2024-09-30,42883138,1170.900000
2024-10-08,42883138,1186.800000
2024-10-09,42883138,1172.000000
2024-10-10,42883138,1167.700000
2024-10-11,42883138,1165.900000
2024-10-14,42883138,1170.600000
2024-10-15,42883138,1163.700000
2024-10-16,42883138,1163.000000
2024-10-17,42883138,1163.000000
2024-10-18,42883138,1173.600000
2024-10-21,42883138,1174.000000
2024-10-22,42883138,1174.700000
2024-10-23,42883138,1175.300000
2024-10-24,42883138,1169.900000
2024-10-25,42883138,1171.100000
2024-10-28,42883138,1168.500000
2024-10-29,42883138,1166.000000
2024-10-30,42883138,1166.500000
2024-10-31,42883138,1166.400000
2024-11-01,42883138,1162.300000
2024-11-04,42883138,1163.000000
2024-11-05,42883138,1169.400000
2024-11-06,42883138,1167.900000
2024-11-07,42883138,1173.500000
2024-11-08,42883138,1172.900000
2024-11-11,42883138,1176.300000
2024-11-12,42883138,1173.900000
2024-11-13,42883138,1170.500000
2024-11-14,42883138,1166.300000
2024-11-15,42883138,1164.700000
2024-11-18,42883138,1160.800000
2024-11-19,42883138,1159.800000
2024-11-20,42883138,1162.100000
2024-11-21,42883138,1161.400000
2024-11-22,42883138,1160.200000
2024-11-25,42883138,1158.100000
2024-11-26,42883138,1158.600000
2024-11-27,42883138,1158.900000
2024-11-28,42883138,1159.500000
2024-11-29,42883138,1159.300000
2024-12-02,42883138,1162.400000
2024-12-03,42883138,1162.800000
2024-12-04,42883138,1166.100000
2024-12-05,42883138,1165.800000
2024-12-06,42883138,1165.400000
2024-12-09,42883138,1163.500000
2024-12-10,42883138,1161.000000
2024-12-11,42883138,1160.500000
2024-12-12,42883138,1161.900000
2024-12-13,42883138,1157.800000
2024-12-16,42883138,1160.300000
2024-12-17,42883138,1159.300000
2024-12-18,42883138,1160.600000
2024-12-19,42883138,1162.800000
2024-12-20,42883138,1163.300000
2024-12-23,42883138,1159.400000
2024-12-24,42883138,1158.700000
2024-12-25,42883138,1157.300000
2024-12-26,42883138,1157.400000
2024-12-27,42883138,1160.000000
2024-12-30,42883138,1159.500000
2024-12-31,42883138,1160.800000
2025-01-02,42883138,1163.600000
2025-01-03,42883138,1169.700000
2025-01-06,42883138,1169.400000
2025-01-07,42883138,1168.700000
2025-01-08,42883138,1172.400000
2025-01-09,42883138,1171.000000
2025-01-10,42883138,1169.400000
2025-01-13,42883138,1169.200000
2025-01-14,42883138,1171.800000
2025-01-15,42883138,1171.400000
2025-01-16,42883138,1171.200000
2025-01-17,42883138,1172.900000
2025-01-20,42883138,1170.700000
2025-01-21,42883138,1170.200000
2025-01-22,42883138,1168.200000
2025-01-23,42883138,1164.800000
2025-01-24,42883138,1164.800000
2025-01-27,42883138,1162.700000
2025-02-05,42883138,1166.100000
2025-02-06,42883138,1168.000000
2025-02-07,42883138,1169.600000
2025-02-10,42883138,1171.900000
2025-02-11,42883138,1171.200000
2025-02-12,42883138,1172.700000
2025-02-13,42883138,1168.800000
2025-02-14,42883138,1171.100000
2025-02-17,42883138,1168.600000
2025-02-18,42883138,1165.600000
2025-02-19,42883138,1168.700000
2025-02-20,42883138,1169.200000
2025-02-21,42883138,1175.000000
2025-02-24,42883138,1169.500000
2025-02-25,42883138,1166.400000
2025-02-26,42883138,1167.100000
2025-02-27,42883138,1163.800000
2025-02-28,42883138,1162.100000
2025-03-03,42883138,1158.800000
2025-03-04,42883138,1160.300000
2025-03-05,42883138,1161.500000
2025-03-06,42883138,1166.400000
2025-03-07,42883138,1165.400000
2025-03-10,42883138,1165.100000
2025-03-11,42883138,1164.800000
2025-03-12,42883138,1165.600000
2025-03-13,42883138,1164.800000
2025-03-14,42883138,1170.700000
2025-03-17,42883138,1170.700000
2025-03-18,42883138,1170.800000
2025-03-19,42883138,1174.400000
2025-03-20,42883138,1172.800000
2025-03-21,42883138,1171.400000
2025-03-24,42883138,1165.900000
2025-03-25,42883138,1163.700000
2025-03-26,42883138,1164.500000
2025-03-27,42883138,1163.200000
2025-03-28,42883138,1163.200000
2025-03-31,42883138,1165.100000
2025-04-01,42883138,1164.300000
2025-04-02,42883138,1166.100000
2025-04-03,42883138,1164.900000
2025-04-07,42883138,1155.800000
2025-04-08,42883138,1156.600000
2025-04-09,42883138,1168.000000
2025-04-10,42883138,1164.900000
2025-04-11,42883138,1167.300000
2025-04-14,42883138,1167.800000
2025-04-15,42883138,1170.100000
2025-04-16,42883138,1172.200000
2025-04-17,42883138,1173.900000
2025-04-18,42883138,1175.300000
2025-04-21,42883138,1177.200000
2025-04-22,42883138,1181.600000
2025-04-23,42883138,1176.500000
2025-04-24,42883138,1174.000000
2025-04-25,42883138,1174.500000
2025-04-28,42883138,1169.800000
2025-04-29,42883138,1173.000000
2025-04-30,42883138,1174.100000
2025-05-06,42883138,1179.300000
2025-05-07,42883138,1177.100000
2025-05-08,42883138,1179.800000
2025-05-09,42883138,1178.800000
2025-05-12,42883138,1174.600000
2025-05-13,42883138,1174.100000
2025-05-14,42883138,1174.200000
2025-05-15,42883138,1171.100000
2025-05-16,42883138,1170.000000
2025-05-19,42883138,1170.900000
2025-05-20,42883138,1172.500000
2025-05-21,42883138,1174.400000
2025-05-22,42883138,1172.600000
2025-05-23,42883138,1171.100000
2025-05-26,42883138,1172.900000
2025-05-27,42883138,1172.400000
2025-05-28,42883138,1175.300000
2025-05-29,42883138,1178.400000
2025-05-30,42883138,1176.500000
2025-06-03,42883138,1180.100000
2025-06-04,42883138,1176.600000
2025-06-05,42883138,1176.800000
2025-06-06,42883138,1175.400000
2025-06-09,42883138,1177.100000
2025-06-10,42883138,1176.300000
2025-06-11,42883138,1176.300000
2025-06-12,42883138,1177.300000
2025-06-13,42883138,1179.300000
2025-06-16,42883138,1182.500000
2025-06-17,42883138,1181.200000
2025-06-18,42883138,1185.400000
2025-06-19,42883138,1184.900000
2025-06-20,42883138,1185.700000
2025-06-23,42883138,1185.100000
2025-06-24,42883138,1179.500000
2025-06-25,42883138,1179.800000
2025-06-26,42883138,1178.700000
2025-06-27,42883138,1180.100000
2025-06-30,42883138,1179.100000
2025-07-01,42883138,1176.000000
2025-07-02,42883138,1175.900000
2025-07-03,42883138,1178.900000
2025-07-04,42883138,1178.400000
2025-07-07,42883138,1175.100000
2025-07-08,42883138,1177.300000
2025-07-09,42883138,1176.600000
2025-07-10,42883138,1180.500000
2025-07-11,42883138,1184.900000
2025-07-14,42883138,1184.100000
2025-07-15,42883138,1182.900000
2025-07-16,42883138,1181.500000
2025-07-17,42883138,1185.900000
2025-07-18,42883138,1189.500000
2025-07-21,42883138,1196.800000
2025-07-22,42883138,1203.600000
2025-07-23,42883138,1206.500000
2025-07-24,42883138,1206.700000
2025-07-25,42883138,1207.100000
2025-07-28,42883138,1199.000000
2025-07-29,42883138,1199.200000
2025-07-30,42883138,1200.700000
2025-07-31,42883138,1194.800000
2025-08-01,42883138,1193.400000
2025-08-04,42883138,1195.000000
2025-08-05,42883138,1198.700000
2025-08-06,42883138,1199.800000
2025-08-07,42883138,1198.700000
2025-08-08,42883138,1200.000000
2025-08-11,42883138,1200.700000
2025-08-12,42883138,1201.600000
2025-08-13,42883138,1207.900000
2025-08-14,42883138,1203.800000
2025-08-15,42883138,1204.400000
2025-08-18,42883138,1208.600000
2025-08-19,42883138,1209.000000
2025-08-20,42883138,1209.200000
2025-08-21,42883138,1209.100000
2025-08-22,42883138,1212.300000
2025-08-25,42883138,1215.300000
2025-08-26,42883138,1215.700000
2025-08-27,42883138,1211.800000
2025-08-28,42883138,1212.500000
2025-08-29,42883138,1213.900000
2025-09-01,42883138,1217.500000
2025-09-02,42883138,1217.700000
2025-09-03,42883138,1216.700000
2025-09-04,42883138,1218.400000
2025-09-05,42883138,1217.300000
2025-09-08,42883138,1218.500000
2025-09-09,42883138,1219.100000
2025-09-10,42883138,1219.100000
2025-09-11,42883138,1224.200000
2025-09-12,42883138,1226.000000
2025-09-15,42883138,1221.800000
2025-09-16,42883138,1222.100000
2025-09-17,42883138,1222.900000
2025-09-18,42883138,1216.500000
2025-09-19,42883138,1215.600000
2025-09-22,42883138,1217.900000
2025-09-23,42883138,1219.200000
2025-09-24,42883138,1217.300000
2025-09-25,42883138,1215.800000
2025-09-26,42883138,1214.100000
2025-09-29,42883138,1219.300000
2025-09-30,42883138,1224.400000
2025-10-09,42883138,1239.000000
2025-10-10,42883138,1233.900000
2025-10-13,42883138,1234.800000
2025-10-14,42883138,1240.200000
2025-10-15,42883138,1242.300000
2025-10-16,42883138,1243.600000
2025-10-17,42883138,1245.500000
2025-10-20,42883138,1242.100000
2025-10-21,42883138,1245.800000
2025-10-22,42883138,1238.600000
2025-10-23,42883138,1234.100000
2025-10-24,42883138,1237.300000
2025-10-27,42883138,1238.500000
2025-10-28,42883138,1238.100000
2025-10-29,42883138,1242.000000
2025-10-30,42883138,1243.000000
2025-10-31,42883138,1242.800000
2025-11-03,42883138,1242.700000
2025-11-04,42883138,1241.700000
2025-11-05,42883138,1241.300000
2025-11-06,42883138,1243.900000
2025-11-07,42883138,1241.700000
2025-11-10,42883138,1243.300000
2025-11-11,42883138,1245.500000
2025-11-12,42883138,1246.200000
2025-11-13,42883138,1250.200000
2025-11-14,42883138,1247.600000
2025-11-17,42883138,1243.400000
2025-11-18,42883138,1242.900000
2025-11-19,42883138,1245.200000
2025-11-20,42883138,1247.800000
2025-11-21,42883138,1246.000000
2025-11-24,42883138,1244.200000
2025-11-25,42883138,1244.600000
2025-11-26,42883138,1245.900000
2025-11-27,42883138,1244.400000
2025-11-28,42883138,1244.400000
2025-12-01,42883138,1250.200000
2025-12-02,42883138,1248.300000
2025-12-03,42883138,1248.400000
2025-12-04,42883138,1250.500000
2025-12-05,42883138,1254.700000
2025-12-08,42883138,1258.200000
2025-12-09,42883138,1255.900000
2025-12-10,42883138,1258.200000
2025-12-11,42883138,1261.000000
2025-12-12,42883138,1269.800000
2025-12-15,42883138,1262.500000
2025-12-16,42883138,1259.500000
2025-12-17,42883138,1261.200000
2025-12-18,42883138,1257.100000
2025-12-19,42883138,1260.700000
2025-12-22,42883138,1270.000000
2025-12-23,42883138,1272.900000
2025-12-24,42883138,1279.200000
2025-12-25,42883138,1280.900000
2025-12-26,42883138,1288.400000
2025-12-29,42883138,1285.800000
2025-12-30,42883138,1279.200000
2025-12-31,42883138,1277.600000
2026-01-05,42883138,1291.800000
2026-01-06,42883138,1306.200000
2026-01-07,42883138,1308.700000
2026-01-08,42883138,1306.400000
2026-01-09,42883138,1308.300000
2026-01-12,42883138,1319.600000
2026-01-13,42883138,1321.600000
2026-01-14,42883138,1320.200000
2026-01-15,42883138,1318.900000
2026-01-16,42883138,1314.200000
2026-01-19,42883138,1311.000000
2026-01-20,42883138,1312.000000
2026-01-21,42883138,1317.500000
2026-01-22,42883138,1319.900000
2026-01-23,42883138,1329.600000
2026-01-26,42883138,1336.100000
2026-01-27,42883138,1334.000000
2026-01-28,42883138,1335.100000
2026-01-29,42883138,1339.400000
2026-01-30,42883138,1332.400000
2026-02-02,42883138,1325.000000
2026-02-03,42883138,1329.700000
2026-02-04,42883138,1330.000000
2026-02-05,42883138,1326.200000
2026-02-06,42883138,1325.100000
2026-02-09,42883138,1329.700000
2026-02-10,42883138,1330.500000
2026-02-11,42883138,1330.900000
2026-02-12,42883138,1332.900000
2026-02-13,42883138,1328.200000
2026-02-24,42883138,1331.300000
2026-02-25,42883138,1332.900000
2026-02-26,42883138,1334.700000
2026-02-27,42883138,1335.800000
2026-03-02,42883138,1332.100000
2026-03-03,42883138,1332.700000
2026-03-04,42883138,1333.300000
2026-03-05,42883138,1335.100000
2026-03-06,42883138,1334.400000
2026-03-09,42883138,1338.000000
2026-03-10,42883138,1337.500000
2026-03-11,42883138,1337.000000
2026-03-12,42883138,1342.900000
2026-03-13,42883138,1344.000000
2026-03-16,42883138,1343.100000
2026-03-17,42883138,1342.200000
2026-03-18,42883138,1341.600000
2026-03-19,42883138,1343.500000
2026-03-20,42883138,1350.400000
2026-03-23,42883138,1352.300000
2026-03-24,42883138,1346.200000
2026-03-25,42883138,1345.800000
2026-03-26,42883138,1345.400000
2026-03-27,42883138,1348.200000
2026-03-30,42883138,1348.800000
2026-03-31,42883138,1343.800000
2026-04-01,42883138,1342.700000
2026-04-02,42883138,1338.700000
2026-04-03,42883138,1341.000000
2026-04-07,42883138,1347.200000
2026-04-08,42883138,1344.700000
2026-04-09,42883138,1339.600000
2026-04-10,42883138,1345.500000
2026-04-13,42883138,1344.600000
2026-04-14,42883138,1347.800000
2026-04-15,42883138,1350.300000
2026-04-16,42883138,1354.500000
2026-04-17,42883138,1356.700000
2026-04-20,42883138,1355.400000
2026-04-21,42883138,1354.500000
2026-04-22,42883138,1358.600000
2026-04-23,42883138,1357.400000
2026-04-24,42883138,1356.700000
2026-04-27,42883138,1357.800000
2026-04-28,42883138,1357.300000
2026-04-29,42883138,1365.100000
2026-04-30,42883138,1367.400000
2026-05-06,42883138,1380.100000
2026-05-07,42883138,1380.200000
2026-05-08,42883138,1379.000000
2026-05-11,42883138,1386.400000
2026-05-12,42883138,1389.700000
2026-05-13,42883138,1395.200000
2026-05-14,42883138,1387.200000
2026-05-15,42883138,1377.200000
2026-05-18,42883138,1374.900000
2026-05-19,42883138,1374.400000
2026-05-20,42883138,1374.600000
2026-05-21,42883138,1367.300000
2026-05-22,42883138,1370.600000
2026-05-25,42883138,1367.900000
2026-05-26,42883138,1359.300000
2026-05-27,42883138,1355.300000
2026-05-28,42883138,1355.000000
2026-05-29,42883138,1352.500000
2026-06-01,42883138,1352.900000
2026-06-02,42883138,1355.700000
2026-06-03,42883138,1355.900000
2026-06-04,42883138,1354.700000
2026-06-05,42883138,1350.500000
2026-06-08,42883138,1342.300000
2026-06-09,42883138,1345.000000
2026-06-10,42883138,1341.200000
2026-06-11,42883138,1338.800000
2026-06-12,42883138,1338.800000
2026-06-15,42883138,1340.100000
2026-06-16,42883138,1346.300000
2026-06-17,42883138,1348.900000
2026-06-18,42883138,1352.200000
2026-06-22,42883138,1353.900000
2026-06-23,42883138,1347.400000
2026-06-24,42883138,1351.500000
2026-06-25,42883138,1356.700000
2026-06-26,42883138,1351.400000
2026-06-29,42883138,1352.700000
2026-06-30,42883138,1357.600000
2026-07-01,42883138,1357.400000
2026-07-02,42883138,1351.800000
2026-07-03,42883138,1352.600000
2026-07-06,42883138,1347.900000
2020-01-02,43310702,1000.000000
2020-01-03,43310702,1022.500000
2020-01-06,43310702,1027.400000
2020-01-07,43310702,1041.500000
2020-01-08,43310702,1028.500000
2020-01-09,43310702,1045.000000
2020-01-10,43310702,1045.700000
2020-01-13,43310702,1058.100000
2020-01-14,43310702,1056.500000
2020-01-15,43310702,1055.100000
2020-01-16,43310702,1053.600000
2020-01-17,43310702,1051.300000
2020-01-20,43310702,1062.500000
2020-01-21,43310702,1050.800000
2020-01-22,43310702,1056.400000
2020-01-23,43310702,1019.200000
2020-02-03,43310702,938.500000
2020-02-04,43310702,943.800000
2020-02-05,43310702,964.400000
2020-02-06,43310702,989.800000
2020-02-07,43310702,1005.100000
2020-02-10,43310702,1022.400000
2020-02-11,43310702,1019.000000
2020-02-12,43310702,1035.100000
2020-02-13,43310702,1027.100000
2020-02-14,43310702,1031.100000
2020-02-17,43310702,1060.900000
2020-02-18,43310702,1080.800000
2020-02-19,43310702,1075.800000
2020-02-20,43310702,1095.000000
2020-02-21,43310702,1109.100000
2020-02-24,43310702,1124.400000
2020-02-25,43310702,1126.400000
2020-02-26,43310702,1106.500000
2020-02-27,43310702,1111.700000
2020-02-28,43310702,1060.200000
2020-03-02,43310702,1093.800000
2020-03-03,43310702,1107.300000
2020-03-04,43310702,1114.600000
2020-03-05,43310702,1127.500000
2020-03-06,43310702,1125.000000
2020-03-09,43310702,1090.500000
2020-03-10,43310702,1115.000000
2020-03-11,43310702,1104.000000
2020-03-12,43310702,1090.700000
2020-03-13,43310702,1086.100000
2020-03-16,43310702,1047.400000
2020-03-17,43310702,1050.500000
2020-03-18,43310702,1042.100000
2020-03-19,43310702,1063.000000
2020-03-20,43310702,1072.700000
2020-03-23,43310702,1033.800000
2020-03-24,43310702,1049.800000
2020-03-25,43310702,1076.000000
2020-03-26,43310702,1068.600000
2020-03-27,43310702,1063.700000
2020-03-30,43310702,1044.200000
2020-03-31,43310702,1044.300000
2020-04-01,43310702,1046.000000
2020-04-02,43310702,1070.800000
2020-04-03,43310702,1065.900000
2020-04-07,43310702,1091.800000
2020-04-08,43310702,1093.400000
2020-04-09,43310702,1102.100000
2020-04-10,43310702,1082.100000
2020-04-13,43310702,1075.100000
2020-04-14,43310702,1095.100000
2020-04-15,43310702,1092.900000
2020-04-16,43310702,1098.100000
2020-04-17,43310702,1100.600000
2020-04-20,43310702,1113.500000
2020-04-21,43310702,1107.300000
2020-04-22,43310702,1115.900000
2020-04-23,43310702,1111.100000
2020-04-24,43310702,1096.200000
2020-04-27,43310702,1095.800000
2020-04-28,43310702,1090.300000
2020-04-29,43310702,1091.100000
2020-04-30,43310702,1109.000000
2020-05-06,43310702,1126.200000
2020-05-07,43310702,1125.200000
2020-05-08,43310702,1138.200000
2020-05-11,43310702,1138.300000
2020-05-12,43310702,1140.300000
2020-05-13,43310702,1146.200000
2020-05-14,43310702,1137.800000
2020-05-15,43310702,1140.800000
2020-05-18,43310702,1138.900000
2020-05-19,43310702,1151.000000
2020-05-20,43310702,1141.300000
2020-05-21,43310702,1131.600000
2020-05-22,43310702,1114.500000
2020-05-25,43310702,1113.600000
2020-05-26,43310702,1135.600000
2020-05-27,43310702,1129.700000
2020-05-28,43310702,1127.100000
2020-05-29,43310702,1137.200000
2020-06-01,43310702,1166.000000
2020-06-02,43310702,1167.500000
2020-06-03,43310702,1169.900000
2020-06-04,43310702,1172.000000
2020-06-05,43310702,1173.900000
2020-06-08,43310702,1174.500000
2020-06-09,43310702,1181.600000
2020-06-10,43310702,1184.900000
2020-06-11,43310702,1180.700000
2020-06-12,43310702,1185.200000
2020-06-15,43310702,1183.600000
2020-06-16,43310702,1202.800000
2020-06-17,43310702,1207.700000
2020-06-18,43310702,1207.800000
2020-06-19,43310702,1217.200000
2020-06-22,43310702,1219.800000
2020-06-23,43310702,1225.600000
2020-06-24,43310702,1226.800000
2020-06-29,43310702,1223.500000
2020-06-30,43310702,1240.000000
2020-07-01,43310702,1246.000000
2020-07-02,43310702,1255.600000
2020-07-03,43310702,1267.400000
2020-07-06,43310702,1298.700000
2020-07-07,43310702,1313.800000
2020-07-08,43310702,1339.600000
2020-07-09,43310702,1372.700000
2020-07-10,43310702,1369.000000
2020-07-13,43310702,1407.600000
2020-07-14,43310702,1407.000000
2020-07-15,43310702,1385.200000
2020-07-16,43310702,1339.100000
2020-07-17,43310702,1342.500000
2020-07-20,43310702,1377.300000
2020-07-21,43310702,1385.000000
2020-07-22,43310702,1393.200000
2020-07-23,43310702,1393.200000
2020-07-24,43310702,1350.700000
2020-07-27,43310702,1352.900000
2020-07-28,43310702,1365.600000
2020-07-29,43310702,1392.400000
2020-07-30,43310702,1392.000000
2020-07-31,43310702,1407.900000
2020-08-03,43310702,1436.600000
2020-08-04,43310702,1439.300000
2020-08-05,43310702,1456.900000
2020-08-06,43310702,1454.600000
2020-08-07,43310702,1441.800000
2020-08-10,43310702,1447.300000
2020-08-11,43310702,1430.300000
2020-08-12,43310702,1418.100000
2020-08-13,43310702,1422.300000
2020-08-14,43310702,1432.500000
2020-08-17,43310702,1452.000000
2020-08-18,43310702,1459.800000
2020-08-19,43310702,1442.900000
2020-08-20,43310702,1434.300000
2020-08-21,43310702,1442.000000
2020-08-24,43310702,1456.000000
2020-08-25,43310702,1455.000000
2020-08-26,43310702,1433.700000
2020-08-27,43310702,1447.300000
2020-08-28,43310702,1461.100000
2020-08-31,43310702,1461.800000
2020-09-01,43310702,1469.200000
2020-09-02,43310702,1470.700000
2020-09-03,43310702,1462.300000
2020-09-04,43310702,1459.800000
2020-09-07,43310702,1438.600000
2020-09-08,43310702,1441.500000
2020-09-09,43310702,1410.400000
2020-09-10,43310702,1392.300000
2020-09-11,43310702,1412.800000
2020-09-14,43310702,1426.500000
2020-09-15,43310702,1434.000000
2020-09-16,43310702,1424.700000
2020-09-17,43310702,1429.700000
2020-09-18,43310702,1444.400000
2020-09-21,43310702,1441.500000
2020-09-22,43310702,1432.100000
2020-09-23,43310702,1441.600000
2020-09-24,43310702,1417.900000
2020-09-25,43310702,1414.000000
2020-09-28,43310702,1403.500000
2020-09-29,43310702,1414.100000
2020-09-30,43310702,1414.000000
2020-10-09,43310702,1449.000000
2020-10-12,43310702,1487.700000
2020-10-13,43310702,1495.000000
2020-10-14,43310702,1490.000000
2020-10-15,43310702,1483.000000
2020-10-16,43310702,1481.300000
2020-10-19,43310702,1472.300000
2020-10-20,43310702,1485.800000
2020-10-21,43310702,1469.100000
2020-10-22,43310702,1463.400000
2020-10-23,43310702,1441.300000
2020-10-26,43310702,1449.700000
2020-10-27,43310702,1457.500000
2020-10-28,43310702,1461.500000
2020-10-29,43310702,1464.100000
2020-10-30,43310702,1433.100000
2020-11-02,43310702,1440.300000
2020-11-03,43310702,1463.000000
2020-11-04,43310702,1461.100000
2020-11-05,43310702,1483.300000
2020-11-06,43310702,1469.300000
2020-11-09,43310702,1495.500000
2020-11-10,43310702,1484.200000
2020-11-11,43310702,1464.300000
2020-11-12,43310702,1467.000000
2020-11-13,43310702,1468.000000
2020-11-16,43310702,1475.100000
2020-11-17,43310702,1461.900000
2020-11-18,43310702,1463.600000
2020-11-19,43310702,1472.400000
2020-11-20,43310702,1480.000000
2020-11-23,43310702,1482.400000
2020-11-24,43310702,1482.600000
2020-11-25,43310702,1463.200000
2020-11-26,43310702,1455.600000
2020-11-27,43310702,1456.300000
2020-11-30,43310702,1452.200000
2020-12-01,43310702,1472.800000
2020-12-02,43310702,1476.100000
2020-12-03,43310702,1475.000000
2020-12-04,43310702,1480.000000
2020-12-07,43310702,1478.400000
2020-12-08,43310702,1477.800000
2020-12-09,43310702,1457.600000
2020-12-10,43310702,1460.100000
2020-12-11,43310702,1445.600000
2020-12-14,43310702,1458.400000
2020-12-15,43310702,1463.400000
2020-12-16,43310702,1452.700000
2020-12-17,43310702,1465.400000
2020-12-18,43310702,1458.300000
2020-12-21,43310702,1473.900000
2020-12-22,43310702,1449.900000
2020-12-23,43310702,1458.500000
2020-12-24,43310702,1440.800000
2020-12-25,43310702,1452.200000
2020-12-28,43310702,1441.700000
2020-12-29,43310702,1439.200000
2020-12-30,43310702,1448.300000
2020-12-31,43310702,1468.600000
2021-01-04,43310702,1497.300000
2021-01-05,43310702,1505.100000
2021-01-06,43310702,1489.400000
2021-01-07,43310702,1472.700000
2021-01-08,43310702,1472.000000
2021-01-11,43310702,1450.500000
2021-01-12,43310702,1469.800000
2021-01-13,43310702,1457.100000
2021-01-14,43310702,1449.700000
2021-01-15,43310702,1462.900000
2021-01-18,43310702,1491.400000
2021-01-19,43310702,1483.800000
2021-01-20,43310702,1501.400000
2021-01-21,43310702,1518.500000
2021-01-22,43310702,1520.400000
2021-01-25,43310702,1516.400000
2021-01-26,43310702,1501.200000
2021-01-27,43310702,1505.700000
2021-01-28,43310702,1473.900000
2021-01-29,43310702,1458.200000
2021-02-01,43310702,1473.300000
2021-02-02,43310702,1494.400000
2021-02-03,43310702,1475.700000
2021-02-04,43310702,1455.700000
2021-02-05,43310702,1432.400000
2021-02-08,43310702,1445.100000
2021-02-09,43310702,1482.900000
2021-02-10,43310702,1497.200000
2021-02-18,43310702,1514.900000
2021-02-19,43310702,1536.000000
2021-02-22,43310702,1530.500000
2021-02-23,43310702,1523.900000
2021-02-24,43310702,1509.100000
2021-02-25,43310702,1502.700000
2021-02-26,43310702,1480.800000
2021-03-01,43310702,1515.800000
2021-03-02,43310702,1504.900000
2021-03-03,43310702,1526.200000
2021-03-04,43310702,1494.000000
2021-03-05,43310702,1494.300000
2021-03-08,43310702,1456.100000
2021-03-09,43310702,1419.800000
2021-03-10,43310702,1422.500000
2021-03-11,43310702,1458.100000
2021-03-12,43310702,1460.100000
2021-03-15,43310702,1441.900000
2021-03-16,43310702,1452.300000
2021-03-17,43310702,1466.300000
2021-03-18,43310702,1477.600000
2021-03-19,43310702,1461.600000
2021-03-22,43310702,1477.300000
2021-03-23,43310702,1459.000000
2021-03-24,43310702,1434.600000
2021-03-25,43310702,1439.200000
2021-03-26,43310702,1467.900000
2021-03-29,43310702,1473.000000
2021-03-30,43310702,1477.800000
2021-03-31,43310702,1474.000000
2021-04-01,43310702,1483.400000
2021-04-02,43310702,1491.700000
2021-04-06,43310702,1500.200000
2021-04-07,43310702,1501.100000
2021-04-08,43310702,1500.500000
2021-04-09,43310702,1498.900000
2021-04-12,43310702,1470.100000
2021-04-13,43310702,1466.000000
2021-04-14,43310702,1484.800000
2021-04-15,43310702,1481.700000
2021-04-16,43310702,1489.700000
2021-04-19,43310702,1514.900000
2021-04-20,43310702,1513.800000
2021-04-21,43310702,1517.300000
2021-04-22,43310702,1526.100000
2021-04-23,43310702,1525.700000
2021-04-26,43310702,1521.400000
2021-04-27,43310702,1519.900000
2021-04-28,43310702,1533.500000
2021-04-29,43310702,1531.700000
2021-04-30,43310702,1528.900000
2021-05-06,43310702,1528.700000
2021-05-07,43310702,1507.700000
2021-05-10,43310702,1513.400000
2021-05-11,43310702,1513.300000
2021-05-12,43310702,1530.100000
2021-05-13,43310702,1517.100000
2021-05-14,43310702,1535.800000
2021-05-17,43310702,1542.700000
2021-05-18,43310702,1551.200000
2021-05-19,43310702,1551.500000
2021-05-20,43310702,1550.200000
2021-05-21,43310702,1549.900000
2021-05-24,43310702,1557.800000
2021-05-25,43310702,1581.500000
2021-05-26,43310702,1586.500000
2021-05-27,43310702,1602.400000
2021-05-28,43310702,1605.500000
2021-05-31,43310702,1630.800000
2021-06-01,43310702,1637.800000
2021-06-02,43310702,1622.700000
2021-06-03,43310702,1619.800000
2021-06-04,43310702,1631.800000
2021-06-07,43310702,1646.500000
2021-06-08,43310702,1635.300000
2021-06-09,43310702,1640.900000
2021-06-10,43310702,1656.000000
2021-06-11,43310702,1647.800000
2021-06-15,43310702,1641.900000
2021-06-16,43310702,1603.000000
2021-06-17,43310702,1631.000000
2021-06-18,43310702,1654.100000
2021-06-21,43310702,1674.400000
2021-06-22,43310702,1685.000000
2021-06-23,43310702,1700.000000
2021-06-24,43310702,1690.000000
2021-06-25,43310702,1702.200000
2021-06-28,43310702,1722.700000
2021-06-29,43310702,1714.000000
2021-06-30,43310702,1733.900000
2021-07-01,43310702,1715.800000
2021-07-02,43310702,1704.700000
2021-07-05,43310702,1728.900000
2021-07-06,43310702,1722.000000
2021-07-07,43310702,1749.400000
2021-07-08,43310702,1746.000000
2021-07-09,43310702,1754.100000
2021-07-12,43310702,1783.800000
2021-07-13,43310702,1794.200000
2021-07-14,43310702,1783.700000
2021-07-15,43310702,1785.800000
2021-07-16,43310702,1786.000000
2021-07-19,43310702,1783.900000
2021-07-20,43310702,1791.600000
2021-07-21,43310702,1825.900000
2021-07-22,43310702,1840.900000
2021-07-23,43310702,1822.900000
2021-07-26,43310702,1801.000000
2021-07-27,43310702,1757.300000
2021-07-28,43310702,1733.800000
2021-07-29,43310702,1794.500000
2021-07-30,43310702,1803.500000
2021-08-02,43310702,1839.500000
2021-08-03,43310702,1823.300000
2021-08-04,43310702,1858.100000
2021-08-05,43310702,1850.800000
2021-08-06,43310702,1857.800000
2021-08-09,43310702,1870.400000
2021-08-10,43310702,1885.900000
2021-08-11,43310702,1901.500000
2021-08-12,43310702,1914.300000
2021-08-13,43310702,1916.400000
2021-08-16,43310702,1906.300000
2021-08-17,43310702,1861.400000
2021-08-18,43310702,1875.100000
2021-08-19,43310702,1883.100000
2021-08-20,43310702,1878.300000
2021-08-23,43310702,1921.500000
2021-08-24,43310702,1945.800000
2021-08-25,43310702,1964.700000
2021-08-26,43310702,1949.200000
2021-08-27,43310702,1955.200000
2021-08-30,43310702,1964.500000
2021-08-31,43310702,1961.700000
2021-09-01,43310702,1936.600000
2021-09-02,43310702,1959.000000
2021-09-03,43310702,1947.800000
2021-09-06,43310702,1973.000000
2021-09-07,43310702,2006.100000
2021-09-08,43310702,2009.700000
2021-09-09,43310702,2011.700000
2021-09-10,43310702,2016.000000
2021-09-13,43310702,2021.600000
2021-09-14,43310702,2014.500000
2021-09-15,43310702,2030.900000
2021-09-16,43310702,1992.000000
2021-09-17,43310702,1995.100000
2021-09-22,43310702,2007.100000
2021-09-23,43310702,2010.200000
2021-09-24,43310702,1983.100000
2021-09-27,43310702,1923.700000
2021-09-28,43310702,1928.300000
2021-09-29,43310702,1866.400000
2021-09-30,43310702,1916.300000
2021-10-08,43310702,1906.400000
2021-10-11,43310702,1894.500000
2021-10-12,43310702,1852.500000
2021-10-13,43310702,1869.500000
2021-10-14,43310702,1887.300000
2021-10-15,43310702,1890.300000
2021-10-18,43310702,1913.200000
2021-10-19,43310702,1928.300000
2021-10-20,43310702,1931.800000
2021-10-21,43310702,1928.300000
2021-10-22,43310702,1907.700000
2021-10-25,43310702,1933.100000
2021-10-26,43310702,1927.400000
2021-10-27,43310702,1913.600000
2021-10-28,43310702,1875.100000
2021-10-29,43310702,1895.800000
2021-11-01,43310702,1908.400000
2021-11-02,43310702,1883.200000
2021-11-03,43310702,1885.500000
2021-11-04,43310702,1904.400000
2021-11-05,43310702,1875.900000
2021-11-08,43310702,1889.600000
2021-11-09,43310702,1911.500000
2021-11-10,43310702,1909.600000
2021-11-11,43310702,1921.600000
2021-11-12,43310702,1941.400000
2021-11-15,43310702,1932.800000
2021-11-16,43310702,1913.800000
2021-11-17,43310702,1943.900000
2021-11-18,43310702,1940.300000
2021-11-19,43310702,1959.100000
2021-11-22,43310702,1991.600000
2021-11-23,43310702,1994.500000
2021-11-24,43310702,1994.900000
2021-11-25,43310702,1992.200000
2021-11-26,43310702,1998.000000
2021-11-29,43310702,2013.300000
2021-11-30,43310702,2020.400000
2021-12-01,43310702,2026.900000
2021-12-02,43310702,2007.000000
2021-12-03,43310702,2018.100000
2021-12-06,43310702,1986.800000
2021-12-07,43310702,1953.300000
2021-12-08,43310702,1987.000000
2021-12-09,43310702,1983.400000
2021-12-10,43310702,1996.100000
2021-12-13,43310702,2002.700000
2021-12-14,43310702,2003.200000
2021-12-15,43310702,1998.500000
2021-12-16,43310702,2009.200000
2021-12-17,43310702,1981.800000
2021-12-20,43310702,1948.100000
2021-12-21,43310702,1969.500000
2021-12-22,43310702,1984.700000
2021-12-23,43310702,1987.500000
2021-12-24,43310702,1948.400000
2021-12-27,43310702,1949.400000
2021-12-28,43310702,1971.600000
2021-12-29,43310702,1964.000000
2021-12-30,43310702,1982.000000
2021-12-31,43310702,1995.500000
2022-01-04,43310702,1981.800000
2022-01-05,43310702,1931.400000
2022-01-06,43310702,1943.200000
2022-01-07,43310702,1907.400000
2022-01-10,43310702,1916.100000
2022-01-11,43310702,1892.700000
2022-01-12,43310702,1925.800000
2022-01-13,43310702,1894.200000
2022-01-14,43310702,1901.100000
2022-01-17,43310702,1933.000000
2022-01-18,43310702,1924.400000
2022-01-19,43310702,1907.500000
2022-01-20,43310702,1873.400000
2022-01-21,43310702,1853.100000
2022-01-24,43310702,1865.000000
2022-01-25,43310702,1801.000000
2022-01-26,43310702,1810.300000
2022-01-27,43310702,1760.700000
2022-01-28,43310702,1760.400000
2022-02-07,43310702,1775.500000
2022-02-08,43310702,1776.100000
2022-02-09,43310702,1807.000000
2022-02-10,43310702,1793.700000
2022-02-11,43310702,1760.600000
2022-02-14,43310702,1758.300000
2022-02-15,43310702,1787.400000
2022-02-16,43310702,1802.200000
2022-02-17,43310702,1811.400000
2022-02-18,43310702,1819.200000
2022-02-21,43310702,1833.700000
2022-02-22,43310702,1819.000000
2022-02-23,43310702,1860.200000
2022-02-24,43310702,1821.900000
2022-02-25,43310702,1843.700000
2022-02-28,43310702,1854.300000
2022-03-01,43310702,1863.600000
2022-03-02,43310702,1861.300000
2022-03-03,43310702,1844.000000
2022-03-04,43310702,1822.100000
2022-03-07,43310702,1785.200000
2022-03-08,43310702,1735.400000
2022-03-09,43310702,1720.500000
2022-03-10,43310702,1758.300000
2022-03-11,43310702,1767.800000
2022-03-14,43310702,1718.600000
2022-03-15,43310702,1638.100000
2022-03-16,43310702,1696.500000
2022-03-17,43310702,1734.000000
2022-03-18,43310702,1748.400000
2022-03-21,43310702,1765.900000
2022-03-22,43310702,1762.400000
2022-03-23,43310702,1775.300000
2022-03-24,43310702,1759.600000
2022-03-25,43310702,1741.700000
2022-03-28,43310702,1732.300000
2022-03-29,43310702,1721.100000
2022-03-30,43310702,1758.200000
2022-03-31,43310702,1741.300000
2022-04-01,43310702,1745.000000
2022-04-06,43310702,1744.000000
2022-04-07,43310702,1709.600000
2022-04-08,43310702,1702.400000
2022-04-11,43310702,1648.100000
2022-04-12,43310702,1670.500000
2022-04-13,43310702,1643.100000
2022-04-14,43310702,1661.900000
2022-04-15,43310702,1646.400000
2022-04-18,43310702,1660.700000
2022-04-19,43310702,1665.100000
2022-04-20,43310702,1632.400000
2022-04-21,43310702,1573.700000
2022-04-22,43310702,1559.200000
2022-04-25,43310702,1450.100000
2022-04-26,43310702,1411.600000
2022-04-27,43310702,1477.600000
2022-04-28,43310702,1469.400000
2022-04-29,43310702,1525.700000
2022-05-05,43310702,1544.600000
2022-05-06,43310702,1525.400000
2022-05-09,43310702,1538.800000
2022-05-10,43310702,1566.000000
2022-05-11,43310702,1585.700000
2022-05-12,43310702,1592.500000
2022-05-13,43310702,1603.400000
2022-05-16,43310702,1603.500000
2022-05-17,43310702,1617.100000
2022-05-18,43310702,1623.300000
2022-05-19,43310702,1639.000000
2022-05-20,43310702,1662.300000
2022-05-23,43310702,1680.700000
2022-05-24,43310702,1616.400000
2022-05-25,43310702,1641.700000
2022-05-26,43310702,1651.300000
2022-05-27,43310702,1652.100000
2022-05-30,43310702,1667.000000
2022-05-31,43310702,1688.700000
2022-06-01,43310702,1695.000000
2022-06-02,43310702,1713.000000
2022-06-06,43310702,1752.500000
2022-06-07,43310702,1752.100000
2022-06-08,43310702,1758.900000
2022-06-09,43310702,1731.900000
2022-06-10,43310702,1768.600000
2022-06-13,43310702,1774.800000
2022-06-14,43310702,1774.400000
2022-06-15,43310702,1771.200000
2022-06-16,43310702,1778.700000
2022-06-17,43310702,1798.700000
2022-06-20,43310702,1810.700000
2022-06-21,43310702,1796.800000
2022-06-22,43310702,1778.700000
2022-06-23,43310702,1815.500000
2022-06-24,43310702,1838.000000
2022-06-27,43310702,1856.000000
2022-06-28,43310702,1880.800000
2022-06-29,43310702,1836.900000
2022-06-30,43310702,1860.800000
2022-07-01,43310702,1864.600000
2022-07-04,43310702,1885.500000
2022-07-05,43310702,1880.500000
2022-07-06,43310702,1862.600000
2022-07-07,43310702,1881.100000
2022-07-08,43310702,1874.200000
2022-07-11,43310702,1852.700000
2022-07-12,43310702,1822.100000
2022-07-13,43310702,1839.500000
2022-07-14,43310702,1857.800000
2022-07-15,43310702,1839.800000
2022-07-18,43310702,1867.500000
2022-07-19,43310702,1878.300000
2022-07-20,43310702,1895.300000
2022-07-21,43310702,1883.100000
2022-07-22,43310702,1877.800000
2022-07-25,43310702,1861.200000
2022-07-26,43310702,1882.700000
2022-07-27,43310702,1899.900000
2022-07-28,43310702,1906.900000
2022-07-29,43310702,1899.600000
2022-08-01,43310702,1914.800000
2022-08-02,43310702,1856.800000
2022-08-03,43310702,1842.900000
2022-08-04,43310702,1860.000000
2022-08-05,43310702,1879.700000
2022-08-08,43310702,1906.200000
2022-08-09,43310702,1918.800000
2022-08-10,43310702,1921.200000
2022-08-11,43310702,1940.400000
2022-08-12,43310702,1930.600000
2022-08-15,43310702,1946.700000
2022-08-16,43310702,1961.500000
2022-08-17,43310702,1962.800000
2022-08-18,43310702,1968.400000
2022-08-19,43310702,1941.900000
2022-08-22,43310702,1958.400000
2022-08-23,43310702,1968.500000
2022-08-24,43310702,1909.100000
2022-08-25,43310702,1903.400000
2022-08-26,43310702,1894.400000
2022-08-29,43310702,1909.000000
2022-08-30,43310702,1894.600000
2022-08-31,43310702,1836.000000
2022-09-01,43310702,1829.100000
2022-09-02,43310702,1848.600000
2022-09-05,43310702,1856.100000
2022-09-06,43310702,1889.800000
2022-09-07,43310702,1906.000000
2022-09-08,43310702,1889.300000
2022-09-09,43310702,1889.200000
2022-09-13,43310702,1888.600000
2022-09-14,43310702,1869.600000
2022-09-15,43310702,1813.000000
2022-09-16,43310702,1776.100000
2022-09-19,43310702,1760.700000
2022-09-20,43310702,1786.600000
2022-09-21,43310702,1787.600000
2022-09-22,43310702,1788.300000
2022-09-23,43310702,1757.000000
2022-09-26,43310702,1741.700000
2022-09-27,43310702,1771.500000
2022-09-28,43310702,1722.900000
2022-09-29,43310702,1723.500000
2022-09-30,43310702,1697.200000
2022-10-10,43310702,1665.500000
2022-10-11,43310702,1679.800000
2022-10-12,43310702,1721.800000
2022-10-13,43310702,1731.500000
2022-10-14,43310702,1771.400000
2022-10-17,43310702,1785.600000
2022-10-18,43310702,1793.400000
2022-10-19,43310702,1780.400000
2022-10-20,43310702,1771.400000
2022-10-21,43310702,1775.200000
2022-10-24,43310702,1756.000000
2022-10-25,43310702,1753.000000
2022-10-26,43310702,1782.500000
2022-10-27,43310702,1774.100000
2022-10-28,43310702,1717.900000
2022-10-31,43310702,1727.300000
2022-11-01,43310702,1769.600000
2022-11-02,43310702,1794.500000
2022-11-03,43310702,1803.100000
2022-11-04,43310702,1840.900000
2022-11-07,43310702,1848.200000
2022-11-08,43310702,1843.400000
2022-11-09,43310702,1840.200000
2022-11-10,43310702,1825.800000
2022-11-11,43310702,1837.900000
2022-11-14,43310702,1829.600000
2022-11-15,43310702,1863.300000
2022-11-16,43310702,1854.800000
2022-11-17,43310702,1855.300000
2022-11-18,43310702,1844.100000
2022-11-21,43310702,1848.600000
2022-11-22,43310702,1830.000000
2022-11-23,43310702,1828.600000
2022-11-24,43310702,1835.200000
2022-11-25,43310702,1821.300000
2022-11-28,43310702,1814.700000
2022-11-29,43310702,1842.700000
2022-11-30,43310702,1842.800000
2022-12-01,43310702,1858.900000
2022-12-02,43310702,1865.100000
2022-12-05,43310702,1878.100000
2022-12-06,43310702,1875.800000
2022-12-07,43310702,1876.400000
2022-12-08,43310702,1871.700000
2022-12-09,43310702,1871.100000
2022-12-12,43310702,1862.800000
2022-12-13,43310702,1855.500000
2022-12-14,43310702,1851.300000
2022-12-15,43310702,1856.100000
2022-12-16,43310702,1838.400000
2022-12-19,43310702,1806.900000
2022-12-20,43310702,1795.600000
2022-12-21,43310702,1785.700000
2022-12-22,43310702,1767.600000
2022-12-23,43310702,1762.200000
2022-12-26,43310702,1790.600000
2022-12-27,43310702,1805.600000
2022-12-28,43310702,1791.100000
2022-12-29,43310702,1787.100000
2022-12-30,43310702,1793.600000
2023-01-03,43310702,1825.800000
2023-01-04,43310702,1827.000000
2023-01-05,43310702,1843.500000
2023-01-06,43310702,1848.000000
2023-01-09,43310702,1857.800000
2023-01-10,43310702,1859.300000
2023-01-11,43310702,1846.100000
2023-01-12,43310702,1849.500000
2023-01-13,43310702,1856.600000
2023-01-16,43310702,1872.700000
2023-01-17,43310702,1872.600000
2023-01-18,43310702,1877.800000
2023-01-19,43310702,1888.600000
2023-01-20,43310702,1902.500000
2023-01-30,43310702,1919.300000
2023-01-31,43310702,1922.600000
2023-02-01,43310702,1950.000000
2023-02-02,43310702,1954.100000
2023-02-03,43310702,1949.300000
2023-02-06,43310702,1942.200000
2023-02-07,43310702,1951.600000
2023-02-08,43310702,1942.900000
2023-02-09,43310702,1968.900000
2023-02-10,43310702,1963.000000
2023-02-13,43310702,1978.700000
2023-02-14,43310702,1981.300000
2023-02-15,43310702,1983.400000
2023-02-16,43310702,1945.700000
2023-02-17,43310702,1934.300000
2023-02-20,43310702,1960.800000
2023-02-21,43310702,1969.300000
2023-02-22,43310702,1971.300000
2023-02-23,43310702,1967.400000
2023-02-24,43310702,1962.000000
2023-02-27,43310702,1949.900000
2023-02-28,43310702,1965.800000
2023-03-01,43310702,1981.800000
2023-03-02,43310702,1974.800000
2023-03-03,43310702,1973.800000
2023-03-06,43310702,1976.200000
2023-03-07,43310702,1941.200000
2023-03-08,43310702,1952.700000
2023-03-09,43310702,1956.400000
2023-03-10,43310702,1931.300000
2023-03-13,43310702,1940.400000
2023-03-14,43310702,1919.500000
2023-03-15,43310702,1935.100000
2023-03-16,43310702,1903.600000
2023-03-17,43310702,1916.000000
2023-03-20,43310702,1913.200000
2023-03-21,43310702,1941.200000
2023-03-22,43310702,1953.000000
2023-03-23,43310702,1955.100000
2023-03-24,43310702,1957.400000
2023-03-27,43310702,1957.100000
2023-03-28,43310702,1944.300000
2023-03-29,43310702,1940.700000
2023-03-30,43310702,1938.500000
2023-03-31,43310702,1957.500000
2023-04-03,43310702,1974.300000
2023-04-04,43310702,1965.900000
2023-04-06,43310702,1964.700000
2023-04-07,43310702,1981.000000
2023-04-10,43310702,1964.500000
2023-04-11,43310702,1968.200000
2023-04-12,43310702,1981.900000
2023-04-13,43310702,1973.700000
2023-04-14,43310702,1981.600000
2023-04-17,43310702,1985.100000
2023-04-18,43310702,1981.200000
2023-04-19,43310702,1975.600000
2023-04-20,43310702,1972.100000
2023-04-21,43310702,1925.900000
2023-04-24,43310702,1916.400000
2023-04-25,43310702,1885.500000
2023-04-26,43310702,1897.300000
2023-04-27,43310702,1901.800000
2023-04-28,43310702,1930.900000
2023-05-04,43310702,1937.900000
2023-05-05,43310702,1923.200000
2023-05-08,43310702,1934.700000
2023-05-09,43310702,1911.600000
2023-05-10,43310702,1914.700000
2023-05-11,43310702,1920.800000
2023-05-12,43310702,1902.000000
2023-05-15,43310702,1917.400000
2023-05-16,43310702,1902.400000
2023-05-17,43310702,1914.100000
2023-05-18,43310702,1923.800000
2023-05-19,43310702,1922.400000
2023-05-22,43310702,1926.300000
2023-05-23,43310702,1907.700000
2023-05-24,43310702,1902.000000
2023-05-25,43310702,1901.500000
2023-05-26,43310702,1915.600000
2023-05-29,43310702,1909.900000
2023-05-30,43310702,1916.000000
2023-05-31,43310702,1912.800000
2023-06-01,43310702,1918.300000
2023-06-02,43310702,1932.300000
2023-06-05,43310702,1938.700000
2023-06-06,43310702,1903.300000
2023-06-07,43310702,1911.200000
2023-06-08,43310702,1904.400000
2023-06-09,43310702,1916.700000
2023-06-12,43310702,1924.900000
2023-06-13,43310702,1932.400000
2023-06-14,43310702,1935.000000
2023-06-15,43310702,1944.900000
2023-06-16,43310702,1958.100000
2023-06-19,43310702,1957.700000
2023-06-20,43310702,1952.400000
2023-06-21,43310702,1922.900000
2023-06-26,43310702,1888.000000
2023-06-27,43310702,1908.900000
2023-06-28,43310702,1902.400000
2023-06-29,43310702,1917.400000
2023-06-30,43310702,1936.800000
2023-07-03,43310702,1942.300000
2023-07-04,43310702,1952.200000
2023-07-05,43310702,1937.700000
2023-07-06,43310702,1936.100000
2023-07-07,43310702,1926.500000
2023-07-10,43310702,1927.600000
2023-07-11,43310702,1942.500000
2023-07-12,43310702,1919.900000
2023-07-13,43310702,1939.900000
2023-07-14,43310702,1942.400000
2023-07-17,43310702,1939.600000
2023-07-18,43310702,1940.100000
2023-07-19,43310702,1937.000000
2023-07-20,43310702,1914.600000
2023-07-21,43310702,1909.400000
2023-07-24,43310702,1912.300000
2023-07-25,43310702,1938.200000
2023-07-26,43310702,1925.600000
2023-07-27,43310702,1915.000000
2023-07-28,43310702,1930.600000
2023-07-31,43310702,1943.900000
2023-08-01,43310702,1941.300000
2023-08-02,43310702,1939.900000
2023-08-03,43310702,1940.800000
2023-08-04,43310702,1944.700000
2023-08-07,43310702,1932.500000
2023-08-08,43310702,1928.000000
2023-08-09,43310702,1913.600000
2023-08-10,43310702,1918.300000
2023-08-11,43310702,1888.700000
2023-08-14,43310702,1895.500000
2023-08-15,43310702,1886.100000
2023-08-16,43310702,1871.000000
2023-08-17,43310702,1889.800000
2023-08-18,43310702,1863.000000
2023-08-21,43310702,1850.600000
2023-08-22,43310702,1861.300000
2023-08-23,43310702,1832.700000
2023-08-24,43310702,1834.200000
2023-08-25,43310702,1806.900000
2023-08-28,43310702,1824.700000
2023-08-29,43310702,1876.900000
2023-08-30,43310702,1889.400000
2023-08-31,43310702,1878.800000
2023-09-01,43310702,1880.600000
2023-09-04,43310702,1904.500000
2023-09-05,43310702,1896.400000
2023-09-06,43310702,1903.600000
2023-09-07,43310702,1875.600000
2023-09-08,43310702,1878.400000
2023-09-11,43310702,1897.400000
2023-09-12,43310702,1896.600000
2023-09-13,43310702,1875.200000
2023-09-14,43310702,1864.700000
2023-09-15,43310702,1865.600000
2023-09-18,43310702,1876.900000
2023-09-19,43310702,1859.700000
2023-09-20,43310702,1849.300000
2023-09-21,43310702,1839.300000
2023-09-22,43310702,1872.100000
2023-09-25,43310702,1863.800000
2023-09-26,43310702,1858.300000
2023-09-27,43310702,1865.500000
2023-09-28,43310702,1882.500000
2023-10-09,43310702,1874.700000
2023-10-10,43310702,1868.100000
2023-10-11,43310702,1873.500000
2023-10-12,43310702,1882.900000
2023-10-13,43310702,1872.800000
2023-10-16,43310702,1861.000000
2023-10-17,43310702,1860.000000
2023-10-18,43310702,1831.000000
2023-10-19,43310702,1816.600000
2023-10-20,43310702,1799.800000
2023-10-23,43310702,1762.900000
2023-10-24,43310702,1795.900000
2023-10-25,43310702,1815.100000
2023-10-26,43310702,1822.100000
2023-10-27,43310702,1843.300000
2023-10-30,43310702,1862.700000
2023-10-31,43310702,1855.900000
2023-11-01,43310702,1860.300000
2023-11-02,43310702,1845.200000
2023-11-03,43310702,1863.800000
2023-11-06,43310702,1894.800000
2023-11-07,43310702,1903.300000
2023-11-08,43310702,1907.500000
2023-11-09,43310702,1899.800000
2023-11-10,43310702,1898.100000
2023-11-13,43310702,1915.700000
2023-11-14,43310702,1924.200000
2023-11-15,43310702,1933.800000
2023-11-16,43310702,1922.200000
2023-11-17,43310702,1937.400000
2023-11-20,43310702,1953.400000
2023-11-21,43310702,1946.100000
2023-11-22,43310702,1930.400000
2023-11-23,43310702,1949.600000
2023-11-24,43310702,1929.900000
2023-11-27,43310702,1932.200000
2023-11-28,43310702,1946.300000
2023-11-29,43310702,1936.900000
2023-11-30,43310702,1928.400000
2023-12-01,43310702,1941.500000
2023-12-04,43310702,1943.000000
2023-12-05,43310702,1911.200000
2023-12-06,43310702,1922.000000
2023-12-07,43310702,1919.900000
2023-12-08,43310702,1904.100000
2023-12-11,43310702,1923.200000
2023-12-12,43310702,1931.200000
2023-12-13,43310702,1921.700000
2023-12-14,43310702,1918.800000
2023-12-15,43310702,1910.600000
2023-12-18,43310702,1888.700000
2023-12-19,43310702,1891.900000
2023-12-20,43310702,1873.100000
2023-12-21,43310702,1885.100000
2023-12-22,43310702,1860.900000
2023-12-25,43310702,1857.200000
2023-12-26,43310702,1833.200000
2023-12-27,43310702,1848.300000
2023-12-28,43310702,1875.500000
2023-12-29,43310702,1902.700000
2024-01-02,43310702,1906.300000
2024-01-03,43310702,1900.700000
2024-01-04,43310702,1894.800000
2024-01-05,43310702,1867.700000
2024-01-08,43310702,1835.500000
2024-01-09,43310702,1846.100000
2024-01-10,43310702,1831.600000
2024-01-11,43310702,1857.100000
2024-01-12,43310702,1845.700000
2024-01-15,43310702,1844.100000
2024-01-16,43310702,1838.100000
2024-01-17,43310702,1798.000000
2024-01-18,43310702,1787.100000
2024-01-19,43310702,1769.000000
2024-01-22,43310702,1673.200000
2024-01-23,43310702,1680.500000
2024-01-24,43310702,1702.500000
2024-01-25,43310702,1761.900000
2024-01-26,43310702,1758.200000
2024-01-29,43310702,1713.400000
2024-01-30,43310702,1666.800000
2024-01-31,43310702,1599.900000
2024-02-01,43310702,1581.600000
2024-02-02,43310702,1522.600000
2024-02-05,43310702,1415.100000
2024-02-06,43310702,1459.600000
2024-02-07,43310702,1474.900000
2024-02-08,43310702,1537.200000
2024-02-19,43310702,1570.300000
2024-02-20,43310702,1585.500000
2024-02-21,43310702,1604.200000
2024-02-22,43310702,1634.100000
2024-02-23,43310702,1667.800000
2024-02-26,43310702,1685.500000
2024-02-27,43310702,1726.200000
2024-02-28,43310702,1643.600000
2024-02-29,43310702,1695.700000
2024-03-01,43310702,1714.600000
2024-03-04,43310702,1718.500000
2024-03-05,43310702,1700.500000
2024-03-06,43310702,1709.900000
2024-03-07,43310702,1695.900000
2024-03-08,43310702,1713.100000
2024-03-11,43310702,1743.100000
2024-03-12,43310702,1758.700000
2024-03-13,43310702,1763.700000
2024-03-14,43310702,1754.900000
2024-03-15,43310702,1775.000000
2024-03-18,43310702,1804.500000
2024-03-19,43310702,1799.300000
2024-03-20,43310702,1816.900000
2024-03-21,43310702,1818.600000
2024-03-22,43310702,1797.500000
2024-03-25,43310702,1763.200000
2024-03-26,43310702,1763.100000
2024-03-27,43310702,1716.700000
2024-03-28,43310702,1749.700000
2024-03-29,43310702,1771.200000
2024-04-01,43310702,1809.300000
2024-04-02,43310702,1806.100000
2024-04-03,43310702,1797.500000
2024-04-08,43310702,1764.800000
2024-04-09,43310702,1782.700000
2024-04-10,43310702,1752.500000
2024-04-11,43310702,1759.200000
2024-04-12,43310702,1751.400000
2024-04-15,43310702,1718.500000
2024-04-16,43310702,1640.900000
2024-04-17,43310702,1712.700000
2024-04-18,43310702,1713.100000
2024-04-19,43310702,1705.100000
2024-04-22,43310702,1694.500000
2024-04-23,43310702,1695.500000
2024-04-24,43310702,1722.500000
2024-04-25,43310702,1727.900000
2024-04-26,43310702,1752.400000
2024-04-29,43310702,1790.700000
2024-04-30,43310702,1782.700000
2024-05-06,43310702,1814.700000
2024-05-07,43310702,1821.900000
2024-05-08,43310702,1801.000000
2024-05-09,43310702,1823.900000
2024-05-10,43310702,1810.800000
2024-05-13,43310702,1789.800000
2024-05-14,43310702,1802.100000
2024-05-15,43310702,1790.300000
2024-05-16,43310702,1796.000000
2024-05-17,43310702,1816.500000
2024-05-20,43310702,1823.400000
2024-05-21,43310702,1810.000000
2024-05-22,43310702,1814.600000
2024-05-23,43310702,1781.100000
2024-05-24,43310702,1768.500000
2024-05-27,43310702,1782.500000
2024-05-28,43310702,1766.800000
2024-05-29,43310702,1771.000000
2024-05-30,43310702,1763.700000
2024-05-31,43310702,1772.000000
2024-06-03,43310702,1748.100000
2024-06-04,43310702,1744.000000
2024-06-05,43310702,1718.100000
2024-06-06,43310702,1680.300000
2024-06-07,43310702,1700.000000
2024-06-11,43310702,1703.600000
2024-06-12,43310702,1719.300000
2024-06-13,43310702,1709.000000
2024-06-14,43310702,1712.200000
2024-06-17,43310702,1704.500000
2024-06-18,43310702,1723.000000
2024-06-19,43310702,1712.100000
2024-06-20,43310702,1683.700000
2024-06-21,43310702,1683.800000
2024-06-24,43310702,1636.100000
2024-06-25,43310702,1633.300000
2024-06-26,43310702,1672.400000
2024-06-27,43310702,1644.500000
2024-06-28,43310702,1655.000000
2024-07-01,43310702,1670.400000
2024-07-02,43310702,1666.100000
2024-07-03,43310702,1652.900000
2024-07-04,43310702,1620.400000
2024-07-05,43310702,1634.200000
2024-07-08,43310702,1599.200000
2024-07-09,43310702,1628.400000
2024-07-10,43310702,1620.300000
2024-07-11,43310702,1662.900000
2024-07-12,43310702,1659.300000
2024-07-15,43310702,1641.600000
2024-07-16,43310702,1644.000000
2024-07-17,43310702,1628.500000
2024-07-18,43310702,1630.500000
2024-07-19,43310702,1635.500000
2024-07-22,43310702,1635.600000
2024-07-23,43310702,1596.600000
2024-07-24,43310702,1575.900000
2024-07-25,43310702,1575.900000
2024-07-26,43310702,1599.400000
2024-07-29,43310702,1597.800000
2024-07-30,43310702,1600.000000
2024-07-31,43310702,1654.900000
2024-08-01,43310702,1652.400000
2024-08-02,43310702,1631.100000
2024-08-05,43310702,1593.600000
2024-08-06,43310702,1617.600000
2024-08-07,43310702,1619.400000
2024-08-08,43310702,1618.300000
2024-08-09,43310702,1609.300000
2024-08-12,43310702,1603.000000
2024-08-13,43310702,1612.100000
2024-08-14,43310702,1600.800000
2024-08-15,43310702,1614.300000
2024-08-16,43310702,1608.700000
2024-08-19,43310702,1608.900000
2024-08-20,43310702,1583.700000
2024-08-21,43310702,1579.800000
2024-08-22,43310702,1563.300000
2024-08-23,43310702,1561.000000
2024-08-26,43310702,1571.600000
2024-08-27,43310702,1553.300000
2024-08-28,43310702,1556.200000
2024-08-29,43310702,1572.800000
2024-08-30,43310702,1599.600000
2024-09-02,43310702,1571.800000
2024-09-03,43310702,1583.900000
2024-09-04,43310702,1575.500000
2024-09-05,43310702,1587.000000
2024-09-06,43310702,1561.800000
2024-09-09,43310702,1553.600000
2024-09-10,43310702,1561.000000
2024-09-11,43310702,1555.000000
2024-09-12,43310702,1550.300000
2024-09-13,43310702,1533.200000
2024-09-18,43310702,1528.800000
2024-09-19,43310702,1555.900000
2024-09-20,43310702,1552.000000
2024-09-23,43310702,1556.200000
2024-09-24,43310702,1615.000000
2024-09-25,43310702,1633.100000
2024-09-26,43310702,1692.800000
2024-09-27,43310702,1772.600000
2024-09-30,43310702,1942.500000
2024-10-08,43310702,2076.700000
2024-10-09,43310702,1913.800000
2024-10-10,43310702,1921.700000
2024-10-11,43310702,1854.100000
2024-10-14,43310702,1907.300000
2024-10-15,43310702,1872.400000
2024-10-16,43310702,1877.700000
2024-10-17,43310702,1865.800000
2024-10-18,43310702,1926.300000
2024-10-21,43310702,1953.000000
2024-10-22,43310702,1975.500000
2024-10-23,43310702,1980.700000
2024-10-24,43310702,1973.200000
2024-10-25,43310702,2006.000000
2024-10-28,43310702,2042.000000
2024-10-29,43310702,2007.400000
2024-10-30,43310702,2009.000000
2024-10-31,43310702,2033.100000
2024-11-01,43310702,1990.500000
2024-11-04,43310702,2029.800000
2024-11-05,43310702,2085.000000
2024-11-06,43310702,2095.400000
2024-11-07,43310702,2146.900000
2024-11-08,43310702,2145.400000
2024-11-11,43310702,2184.000000
2024-11-12,43310702,2164.400000
2024-11-13,43310702,2171.100000
2024-11-14,43310702,2119.000000
2024-11-15,43310702,2084.700000
2024-11-18,43310702,2051.400000
2024-11-19,43310702,2096.100000
2024-11-20,43310702,2134.400000
2024-11-21,43310702,2139.500000
2024-11-22,43310702,2072.200000
2024-11-25,43310702,2090.900000
2024-11-26,43310702,2080.100000
2024-11-27,43310702,2114.500000
2024-11-28,43310702,2114.000000
2024-11-29,43310702,2144.200000
2024-12-02,43310702,2184.600000
2024-12-03,43310702,2190.900000
2024-12-04,43310702,2167.000000
2024-12-05,43310702,2190.100000
2024-12-06,43310702,2219.600000
2024-12-09,43310702,2216.300000
2024-12-10,43310702,2228.600000
2024-12-11,43310702,2257.900000
2024-12-12,43310702,2280.400000
2024-12-13,43310702,2242.700000
2024-12-16,43310702,2233.500000
2024-12-17,43310702,2179.600000
2024-12-18,43310702,2193.100000
2024-12-19,43310702,2198.500000
2024-12-20,43310702,2214.000000
2024-12-23,43310702,2149.800000
2024-12-24,43310702,2172.600000
2024-12-25,43310702,2145.700000
2024-12-26,43310702,2165.100000
2024-12-27,43310702,2179.700000
2024-12-30,43310702,2171.200000
2024-12-31,43310702,2122.100000
2025-01-02,43310702,2078.800000
2025-01-03,43310702,2019.700000
2025-01-06,43310702,2015.600000
2025-01-07,43310702,2052.400000
2025-01-08,43310702,2050.900000
2025-01-09,43310702,2057.100000
2025-01-10,43310702,2012.700000
2025-01-13,43310702,2017.400000
2025-01-14,43310702,2104.100000
2025-01-15,43310702,2098.400000
2025-01-16,43310702,2110.600000
2025-01-17,43310702,2118.000000
2025-01-20,43310702,2134.700000
2025-01-21,43310702,2134.000000
2025-01-22,43310702,2115.700000
2025-01-23,43310702,2112.900000
2025-01-24,43310702,2139.800000
2025-01-27,43310702,2118.400000
2025-02-05,43310702,2133.600000
2025-02-06,43310702,2180.600000
2025-02-07,43310702,2211.200000
2025-02-10,43310702,2244.100000
2025-02-11,43310702,2237.300000
2025-02-12,43310702,2262.600000
2025-02-13,43310702,2244.200000
2025-02-14,43310702,2254.100000
2025-02-17,43310702,2276.800000
2025-02-18,43310702,2229.900000
2025-02-19,43310702,2272.100000
2025-02-20,43310702,2290.400000
2025-02-21,43310702,2316.300000
2025-02-24,43310702,2323.500000
2025-02-25,43310702,2316.100000
2025-02-26,43310702,2346.100000
2025-02-27,43310702,2338.600000
2025-02-28,43310702,2270.800000
2025-03-03,43310702,2281.200000
2025-03-04,43310702,2310.900000
2025-03-05,43310702,2324.600000
2025-03-06,43310702,2365.300000
2025-03-07,43310702,2359.000000
2025-03-10,43310702,2365.400000
2025-03-11,43310702,2374.500000
2025-03-12,43310702,2387.900000
2025-03-13,43310702,2361.900000
2025-03-14,43310702,2401.800000
2025-03-17,43310702,2409.500000
2025-03-18,43310702,2422.700000
2025-03-19,43310702,2412.700000
2025-03-20,43310702,2411.700000
2025-03-21,43310702,2375.900000
2025-03-24,43310702,2351.700000
2025-03-25,43310702,2346.900000
2025-03-26,43310702,2362.400000
2025-03-27,43310702,2355.500000
2025-03-28,43310702,2333.600000
2025-03-31,43310702,2316.600000
2025-04-01,43310702,2333.200000
2025-04-02,43310702,2340.400000
2025-04-03,43310702,2322.800000
2025-04-07,43310702,2070.300000
2025-04-08,43310702,2070.800000
2025-04-09,43310702,2121.800000
2025-04-10,43310702,2179.200000
2025-04-11,43310702,2204.700000
2025-04-14,43310702,2239.100000
2025-04-15,43310702,2237.300000
2025-04-16,43310702,2205.600000
2025-04-17,43310702,2214.600000
2025-04-18,43310702,2218.900000
2025-04-21,43310702,2265.600000
2025-04-22,43310702,2265.000000
2025-04-23,43310702,2288.800000
2025-04-24,43310702,2270.000000
2025-04-25,43310702,2277.300000
2025-04-28,43310702,2255.700000
2025-04-29,43310702,2272.900000
2025-04-30,43310702,2292.700000
2025-05-06,43310702,2350.600000
2025-05-07,43310702,2360.600000
2025-05-08,43310702,2385.800000
2025-05-09,43310702,2363.000000
2025-05-12,43310702,2392.500000
2025-05-13,43310702,2389.900000
2025-05-14,43310702,2394.100000
2025-05-15,43310702,2371.200000
2025-05-16,43310702,2382.800000
2025-05-19,43310702,2397.900000
2025-05-20,43310702,2418.700000
2025-05-21,43310702,2412.300000
2025-05-22,43310702,2389.900000
2025-05-23,43310702,2368.200000
2025-05-26,43310702,2384.800000
2025-05-27,43310702,2384.400000
2025-05-28,43310702,2380.500000
2025-05-29,43310702,2417.400000
2025-05-30,43310702,2391.300000
2025-06-03,43310702,2409.000000
2025-06-04,43310702,2433.000000
2025-06-05,43310702,2443.500000
2025-06-06,43310702,2446.800000
2025-06-09,43310702,2472.400000
2025-06-10,43310702,2454.600000
2025-06-11,43310702,2468.600000
2025-06-12,43310702,2476.400000
2025-06-13,43310702,2441.000000
2025-06-16,43310702,2461.000000
2025-06-17,43310702,2458.400000
2025-06-18,43310702,2454.500000
2025-06-19,43310702,2420.200000
2025-06-20,43310702,2409.500000
2025-06-23,43310702,2438.300000
2025-06-24,43310702,2485.800000
2025-06-25,43310702,2512.800000
2025-06-26,43310702,2507.700000
2025-06-27,43310702,2520.300000
2025-06-30,43310702,2547.100000
2025-07-01,43310702,2557.700000
2025-07-02,43310702,2547.900000
2025-07-03,43310702,2565.000000
2025-07-04,43310702,2550.800000
2025-07-07,43310702,2561.200000
2025-07-08,43310702,2593.400000
2025-07-09,43310702,2591.300000
2025-07-10,43310702,2601.700000
2025-07-11,43310702,2616.800000
2025-07-14,43310702,2627.700000
2025-07-15,43310702,2616.100000
2025-07-16,43310702,2626.400000
2025-07-17,43310702,2653.300000
2025-07-18,43310702,2660.000000
2025-07-21,43310702,2691.300000
2025-07-22,43310702,2704.000000
2025-07-23,43310702,2693.900000
2025-07-24,43310702,2727.300000
2025-07-25,43310702,2729.700000
2025-07-28,43310702,2742.400000
2025-07-29,43310702,2755.200000
2025-07-30,43310702,2741.500000
2025-07-31,43310702,2713.100000
2025-08-01,43310702,2721.400000
2025-08-04,43310702,2750.800000
2025-08-05,43310702,2774.800000
2025-08-06,43310702,2798.400000
2025-08-07,43310702,2796.300000
2025-08-08,43310702,2795.900000
2025-08-11,43310702,2835.100000
2025-08-12,43310702,2837.300000
2025-08-13,43310702,2867.300000
2025-08-14,43310702,2825.600000
2025-08-15,43310702,2879.600000
2025-08-18,43310702,2922.900000
2025-08-19,43310702,2934.800000
2025-08-20,43310702,2960.600000
2025-08-21,43310702,2949.900000
2025-08-22,43310702,2981.300000
2025-08-25,43310702,3023.000000
2025-08-26,43310702,3028.800000
2025-08-27,43310702,2968.100000
2025-08-28,43310702,3001.300000
2025-08-29,43310702,2995.600000
2025-09-01,43310702,3022.500000
2025-09-02,43310702,2962.800000
2025-09-03,43310702,2920.300000
2025-09-04,43310702,2869.100000
2025-09-05,43310702,2951.900000
2025-09-08,43310702,2983.400000
2025-09-09,43310702,2951.500000
2025-09-10,43310702,2959.400000
2025-09-11,43310702,3023.400000
2025-09-12,43310702,3030.700000
2025-09-15,43310702,3027.900000
2025-09-16,43310702,3059.300000
2025-09-17,43310702,3078.800000
2025-09-18,43310702,3047.300000
2025-09-19,43310702,3033.600000
2025-09-22,43310702,3053.100000
2025-09-23,43310702,3018.600000
2025-09-24,43310702,3073.400000
2025-09-25,43310702,3067.300000
2025-09-26,43310702,3028.800000
2025-09-29,43310702,3066.600000
2025-09-30,43310702,3092.300000
2025-10-09,43310702,3122.000000
2025-10-10,43310702,3088.000000
2025-10-13,43310702,3076.900000
2025-10-14,43310702,3019.200000
2025-10-15,43310702,3075.100000
2025-10-16,43310702,3045.800000
2025-10-17,43310702,2960.800000
2025-10-20,43310702,2994.100000
2025-10-21,43310702,3049.700000
2025-10-22,43310702,3038.500000
2025-10-23,43310702,3036.800000
2025-10-24,43310702,3077.600000
2025-10-27,43310702,3110.700000
2025-10-28,43310702,3109.300000
2025-10-29,43310702,3139.800000
2025-10-30,43310702,3103.900000
2025-10-31,43310702,3110.800000
2025-11-03,43310702,3128.000000
2025-11-04,43310702,3090.800000
2025-11-05,43310702,3113.300000
2025-11-06,43310702,3146.500000
2025-11-07,43310702,3142.100000
2025-11-10,43310702,3152.000000
2025-11-11,43310702,3150.100000
2025-11-12,43310702,3133.600000
2025-11-13,43310702,3177.400000
2025-11-14,43310702,3150.900000
2025-11-17,43310702,3158.600000
2025-11-18,43310702,3122.600000
2025-11-19,43310702,3095.200000
2025-11-20,43310702,3075.200000
2025-11-21,43310702,2955.500000
2025-11-24,43310702,2991.700000
2025-11-25,43310702,3039.200000
2025-11-26,43310702,3036.300000
2025-11-27,43310702,3046.100000
2025-11-28,43310702,3085.500000
2025-12-01,43310702,3104.800000
2025-12-02,43310702,3083.900000
2025-12-03,43310702,3058.400000
2025-12-04,43310702,3046.100000
2025-12-05,43310702,3091.300000
2025-12-08,43310702,3129.400000
2025-12-09,43310702,3112.900000
2025-12-10,43310702,3120.300000
2025-12-11,43310702,3076.000000
2025-12-12,43310702,3095.400000
2025-12-15,43310702,3078.400000
2025-12-16,43310702,3021.900000
2025-12-17,43310702,3072.200000
2025-12-18,43310702,3066.400000
2025-12-19,43310702,3099.800000
2025-12-22,43310702,3131.800000
2025-12-23,43310702,3130.100000
2025-12-24,43310702,3176.500000
2025-12-25,43310702,3207.100000
2025-12-26,43310702,3218.300000
2025-12-29,43310702,3213.400000
2025-12-30,43310702,3212.400000
2025-12-31,43310702,3214.000000
2026-01-05,43310702,3276.300000
2026-01-06,43310702,3324.600000
2026-01-07,43310702,3339.700000
2026-01-08,43310702,3365.200000
2026-01-09,43310702,3422.300000
2026-01-12,43310702,3503.100000
2026-01-13,43310702,3454.500000
2026-01-14,43310702,3484.600000
2026-01-15,43310702,3475.300000
2026-01-16,43310702,3472.500000
2026-01-19,43310702,3498.600000
2026-01-20,43310702,3469.000000
2026-01-21,43310702,3502.500000
2026-01-22,43310702,3537.200000
2026-01-23,43310702,3608.100000
2026-01-26,43310702,3560.300000
2026-01-27,43310702,3568.600000
2026-01-28,43310702,3559.000000
2026-01-29,43310702,3532.300000
2026-01-30,43310702,3512.800000
2026-02-02,43310702,3413.500000
2026-02-03,43310702,3510.100000
2026-02-04,43310702,3516.200000
2026-02-05,43310702,3468.100000
2026-02-06,43310702,3473.300000
2026-02-09,43310702,3546.900000
2026-02-10,43310702,3550.500000
2026-02-11,43310702,3548.400000
2026-02-12,43310702,3571.600000
2026-02-13,43310702,3532.100000
2026-02-24,43310702,3578.600000
2026-02-25,43310702,3626.400000
2026-02-26,43310702,3648.600000
2026-02-27,43310702,3683.600000
2026-03-02,43310702,3644.600000
2026-03-03,43310702,3503.000000
2026-03-04,43310702,3491.200000
2026-03-05,43310702,3532.000000
2026-03-06,43310702,3575.400000
2026-03-09,43310702,3553.600000
2026-03-10,43310702,3619.500000
2026-03-11,43310702,3622.000000
2026-03-12,43310702,3594.300000
2026-03-13,43310702,3547.600000
2026-03-16,43310702,3549.800000
2026-03-17,43310702,3471.400000
2026-03-18,43310702,3517.600000
2026-03-19,43310702,3427.000000
2026-03-20,43310702,3361.300000
2026-03-23,43310702,3211.000000
2026-03-24,43310702,3310.400000
2026-03-25,43310702,3384.500000
2026-03-26,43310702,3330.500000
2026-03-27,43310702,3382.500000
2026-03-30,43310702,3396.700000
2026-03-31,43310702,3339.100000
2026-04-01,43310702,3406.400000
2026-04-02,43310702,3344.800000
2026-04-03,43310702,3293.500000
2026-04-07,43310702,3332.000000
2026-04-08,43310702,3491.200000
2026-04-09,43310702,3467.500000
2026-04-10,43310702,3497.800000
2026-04-13,43310702,3508.500000
2026-04-14,43310702,3556.900000
2026-04-15,43310702,3539.000000
2026-04-16,43310702,3603.700000
2026-04-17,43310702,3627.700000
2026-04-20,43310702,3656.800000
2026-04-21,43310702,3652.200000
2026-04-22,43310702,3698.000000
2026-04-23,43310702,3648.000000
2026-04-24,43310702,3633.100000
2026-04-27,43310702,3663.900000
2026-04-28,43310702,3620.200000
2026-04-29,43310702,3673.900000
2026-04-30,43310702,3692.200000
2026-05-06,43310702,3770.900000
2026-05-07,43310702,3839.700000
2026-05-08,43310702,3861.600000
2026-05-11,43310702,3916.700000
2026-05-12,43310702,3889.600000
2026-05-13,43310702,3948.800000
2026-05-14,43310702,3875.800000
2026-05-15,43310702,3838.500000
2026-05-18,43310702,3858.600000
2026-05-19,43310702,3897.100000
2026-05-20,43310702,3902.900000
2026-05-21,43310702,3773.400000
2026-05-22,43310702,3869.400000
2026-05-25,43310702,3903.700000
2026-05-26,43310702,3855.100000
2026-05-27,43310702,3785.800000
2026-05-28,43310702,3831.900000
2026-05-29,43310702,3718.300000
2026-06-01,43310702,3703.800000
2026-06-02,43310702,3709.800000
2026-06-03,43310702,3729.400000
2026-06-04,43310702,3723.800000
2026-06-05,43310702,3703.100000
2026-06-08,43310702,3574.300000
2026-06-09,43310702,3674.500000
2026-06-10,43310702,3621.800000
2026-06-11,43310702,3605.000000
2026-06-12,43310702,3633.100000
2026-06-15,43310702,3773.100000
2026-06-16,43310702,3840.400000
2026-06-17,43310702,3871.500000
2026-06-18,43310702,3900.000000
2026-06-22,43310702,3950.400000
2026-06-23,43310702,3888.500000
2026-06-24,43310702,3922.300000
2026-06-25,43310702,3921.900000
2026-06-26,43310702,3817.200000
2026-06-29,43310702,3801.500000
2026-06-30,43310702,3897.800000
2026-07-01,43310702,3930.100000
2026-07-02,43310702,3840.100000
2026-07-03,43310702,3852.200000
2026-07-06,43310702,3782.000000
2020-01-02,43494799,1000.000000
2020-01-03,43494799,1015.300000
2020-01-06,43494799,1020.100000
2020-01-07,43494799,1031.700000
2020-01-08,43494799,1020.800000
2020-01-09,43494799,1035.400000
2020-01-10,43494799,1036.000000
2020-01-13,43494799,1046.800000
2020-01-14,43494799,1045.000000
2020-01-15,43494799,1043.300000
2020-01-16,43494799,1041.900000
2020-01-17,43494799,1039.900000
2020-01-20,43494799,1050.100000
2020-01-21,43494799,1038.000000
2020-01-22,43494799,1043.200000
2020-01-23,43494799,1008.400000
2020-02-03,43494799,929.500000
2020-02-04,43494799,941.000000
2020-02-05,43494799,959.100000
2020-02-06,43494799,982.300000
2020-02-07,43494799,989.500000
2020-02-10,43494799,1005.500000
2020-02-11,43494799,1003.600000
2020-02-12,43494799,1019.700000
2020-02-13,43494799,1012.700000
2020-02-14,43494799,1015.100000
2020-02-17,43494799,1046.600000
2020-02-18,43494799,1060.900000
2020-02-19,43494799,1055.300000
2020-02-20,43494799,1074.700000
2020-02-21,43494799,1088.400000
2020-02-24,43494799,1104.000000
2020-02-25,43494799,1108.600000
2020-02-26,43494799,1087.100000
2020-02-27,43494799,1094.400000
2020-02-28,43494799,1041.600000
2020-03-02,43494799,1079.700000
2020-03-03,43494799,1093.000000
2020-03-04,43494799,1099.700000
2020-03-05,43494799,1116.300000
2020-03-06,43494799,1111.300000
2020-03-09,43494799,1070.200000
2020-03-10,43494799,1098.500000
2020-03-11,43494799,1084.100000
2020-03-12,43494799,1065.300000
2020-03-13,43494799,1060.500000
2020-03-16,43494799,1013.000000
2020-03-17,43494799,1015.800000
2020-03-18,43494799,1005.100000
2020-03-19,43494799,1015.900000
2020-03-20,43494799,1024.100000
2020-03-23,43494799,978.300000
2020-03-24,43494799,996.000000
2020-03-25,43494799,1023.600000
2020-03-26,43494799,1013.600000
2020-03-27,43494799,1006.900000
2020-03-30,43494799,985.800000
2020-03-31,43494799,988.200000
2020-04-01,43494799,990.500000
2020-04-02,43494799,1018.500000
2020-04-03,43494799,1012.400000
2020-04-07,43494799,1043.000000
2020-04-08,43494799,1045.200000
2020-04-09,43494799,1053.900000
2020-04-10,43494799,1031.000000
2020-04-13,43494799,1022.400000
2020-04-14,43494799,1044.900000
2020-04-15,43494799,1043.200000
2020-04-16,43494799,1049.400000
2020-04-17,43494799,1052.500000
2020-04-20,43494799,1063.900000
2020-04-21,43494799,1059.000000
2020-04-22,43494799,1069.200000
2020-04-23,43494799,1064.200000
2020-04-24,43494799,1049.300000
2020-04-27,43494799,1049.100000
2020-04-28,43494799,1044.100000
2020-04-29,43494799,1043.200000
2020-04-30,43494799,1064.400000
2020-05-06,43494799,1083.900000
2020-05-07,43494799,1084.500000
2020-05-08,43494799,1096.900000
2020-05-11,43494799,1095.200000
2020-05-12,43494799,1098.500000
2020-05-13,43494799,1105.700000
2020-05-14,43494799,1096.600000
2020-05-15,43494799,1100.000000
2020-05-18,43494799,1097.500000
2020-05-19,43494799,1109.300000
2020-05-20,43494799,1098.900000
2020-05-21,43494799,1087.500000
2020-05-22,43494799,1068.900000
2020-05-25,43494799,1068.500000
2020-05-26,43494799,1090.800000
2020-05-27,43494799,1082.300000
2020-05-28,43494799,1079.900000
2020-05-29,43494799,1090.800000
2020-06-01,43494799,1121.500000
2020-06-02,43494799,1121.000000
2020-06-03,43494799,1122.600000
2020-06-04,43494799,1124.200000
2020-06-05,43494799,1127.000000
2020-06-08,43494799,1125.900000
2020-06-09,43494799,1134.700000
2020-06-10,43494799,1137.900000
2020-06-11,43494799,1134.000000
2020-06-12,43494799,1138.700000
2020-06-15,43494799,1139.000000
2020-06-16,43494799,1160.300000
2020-06-17,43494799,1164.800000
2020-06-18,43494799,1166.300000
2020-06-19,43494799,1177.800000
2020-06-22,43494799,1180.400000
2020-06-23,43494799,1188.000000
2020-06-24,43494799,1187.900000
2020-06-29,43494799,1187.400000
2020-06-30,43494799,1209.300000
2020-07-01,43494799,1215.400000
2020-07-02,43494799,1227.700000
2020-07-03,43494799,1241.300000
2020-07-06,43494799,1281.500000
2020-07-07,43494799,1301.000000
2020-07-08,43494799,1327.400000
2020-07-09,43494799,1364.400000
2020-07-10,43494799,1362.700000
2020-07-13,43494799,1405.500000
2020-07-14,43494799,1395.100000
2020-07-15,43494799,1367.000000
2020-07-16,43494799,1308.200000
2020-07-17,43494799,1313.500000
2020-07-20,43494799,1350.700000
2020-07-21,43494799,1359.600000
2020-07-22,43494799,1371.600000
2020-07-23,43494799,1372.700000
2020-07-24,43494799,1310.800000
2020-07-27,43494799,1314.300000
2020-07-28,43494799,1328.800000
2020-07-29,43494799,1368.900000
2020-07-30,43494799,1364.300000
2020-07-31,43494799,1382.400000
2020-08-03,43494799,1417.000000
2020-08-04,43494799,1409.300000
2020-08-05,43494799,1426.100000
2020-08-06,43494799,1423.800000
2020-08-07,43494799,1395.500000
2020-08-10,43494799,1402.700000
2020-08-11,43494799,1380.700000
2020-08-12,43494799,1361.700000
2020-08-13,43494799,1365.500000
2020-08-14,43494799,1382.100000
2020-08-17,43494799,1408.500000
2020-08-18,43494799,1418.800000
2020-08-19,43494799,1397.600000
2020-08-20,43494799,1382.900000
2020-08-21,43494799,1393.300000
2020-08-24,43494799,1406.900000
2020-08-25,43494799,1403.000000
2020-08-26,43494799,1377.300000
2020-08-27,43494799,1392.700000
2020-08-28,43494799,1418.000000
2020-08-31,43494799,1416.500000
2020-09-01,43494799,1423.900000
2020-09-02,43494799,1425.600000
2020-09-03,43494799,1414.900000
2020-09-04,43494799,1408.900000
2020-09-07,43494799,1378.400000
2020-09-08,43494799,1383.000000
2020-09-09,43494799,1344.300000
2020-09-10,43494799,1322.100000
2020-09-11,43494799,1343.300000
2020-09-14,43494799,1354.800000
2020-09-15,43494799,1365.400000
2020-09-16,43494799,1354.600000
2020-09-17,43494799,1360.800000
2020-09-18,43494799,1381.000000
2020-09-21,43494799,1375.800000
2020-09-22,43494799,1360.300000
2020-09-23,43494799,1371.300000
2020-09-24,43494799,1339.200000
2020-09-25,43494799,1337.600000
2020-09-28,43494799,1326.900000
2020-09-29,43494799,1340.100000
2020-09-30,43494799,1337.700000
2020-10-09,43494799,1374.200000
2020-10-12,43494799,1414.900000
2020-10-13,43494799,1423.200000
2020-10-14,43494799,1417.000000
2020-10-15,43494799,1417.200000
2020-10-16,43494799,1412.500000
2020-10-19,43494799,1398.300000
2020-10-20,43494799,1415.000000
2020-10-21,43494799,1397.300000
2020-10-22,43494799,1391.400000
2020-10-23,43494799,1366.200000
2020-10-26,43494799,1374.500000
2020-10-27,43494799,1382.400000
2020-10-28,43494799,1388.800000
2020-10-29,43494799,1392.100000
2020-10-30,43494799,1361.200000
2020-11-02,43494799,1371.500000
2020-11-03,43494799,1393.200000
2020-11-04,43494799,1392.300000
2020-11-05,43494799,1418.000000
2020-11-06,43494799,1402.900000
2020-11-09,43494799,1432.600000
2020-11-10,43494799,1418.300000
2020-11-11,43494799,1394.400000
2020-11-12,43494799,1399.100000
2020-11-13,43494799,1398.200000
2020-11-16,43494799,1409.900000
2020-11-17,43494799,1396.400000
2020-11-18,43494799,1396.200000
2020-11-19,43494799,1405.300000
2020-11-20,43494799,1415.400000
2020-11-23,43494799,1423.200000
2020-11-24,43494799,1422.500000
2020-11-25,43494799,1396.500000
2020-11-26,43494799,1389.200000
2020-11-27,43494799,1390.900000
2020-11-30,43494799,1385.500000
2020-12-01,43494799,1409.800000
2020-12-02,43494799,1411.900000
2020-12-03,43494799,1409.100000
2020-12-04,43494799,1416.100000
2020-12-07,43494799,1411.600000
2020-12-08,43494799,1412.600000
2020-12-09,43494799,1387.800000
2020-12-10,43494799,1391.000000
2020-12-11,43494799,1371.300000
2020-12-14,43494799,1386.900000
2020-12-15,43494799,1394.400000
2020-12-16,43494799,1388.000000
2020-12-17,43494799,1402.300000
2020-12-18,43494799,1397.200000
2020-12-21,43494799,1418.200000
2020-12-22,43494799,1389.900000
2020-12-23,43494799,1403.700000
2020-12-24,43494799,1389.700000
2020-12-25,43494799,1405.700000
2020-12-28,43494799,1398.900000
2020-12-29,43494799,1393.100000
2020-12-30,43494799,1407.900000
2020-12-31,43494799,1428.100000
2021-01-04,43494799,1455.200000
2021-01-05,43494799,1465.200000
2021-01-06,43494799,1457.400000
2021-01-07,43494799,1452.400000
2021-01-08,43494799,1453.700000
2021-01-11,43494799,1436.600000
2021-01-12,43494799,1457.400000
2021-01-13,43494799,1448.000000
2021-01-14,43494799,1438.400000
2021-01-15,43494799,1442.500000
2021-01-18,43494799,1467.200000
2021-01-19,43494799,1449.800000
2021-01-20,43494799,1466.200000
2021-01-21,43494799,1484.700000
2021-01-22,43494799,1488.600000
2021-01-25,43494799,1490.700000
2021-01-26,43494799,1472.100000
2021-01-27,43494799,1476.200000
2021-01-28,43494799,1444.000000
2021-01-29,43494799,1429.400000
2021-02-01,43494799,1446.800000
2021-02-02,43494799,1466.500000
2021-02-03,43494799,1455.500000
2021-02-04,43494799,1439.400000
2021-02-05,43494799,1421.200000
2021-02-08,43494799,1439.100000
2021-02-09,43494799,1472.100000
2021-02-10,43494799,1486.600000
2021-02-18,43494799,1501.300000
2021-02-19,43494799,1515.700000
2021-02-22,43494799,1504.500000
2021-02-23,43494799,1497.100000
2021-02-24,43494799,1475.200000
2021-02-25,43494799,1470.700000
2021-02-26,43494799,1446.100000
2021-03-01,43494799,1477.400000
2021-03-02,43494799,1465.800000
2021-03-03,43494799,1485.800000
2021-03-04,43494799,1454.100000
2021-03-05,43494799,1456.200000
2021-03-08,43494799,1423.200000
2021-03-09,43494799,1392.400000
2021-03-10,43494799,1389.700000
2021-03-11,43494799,1422.700000
2021-03-12,43494799,1425.000000
2021-03-15,43494799,1409.500000
2021-03-16,43494799,1417.000000
2021-03-17,43494799,1427.200000
2021-03-18,43494799,1436.800000
2021-03-19,43494799,1420.500000
2021-03-22,43494799,1437.800000
2021-03-23,43494799,1418.600000
2021-03-24,43494799,1397.300000
2021-03-25,43494799,1402.400000
2021-03-26,43494799,1428.500000
2021-03-29,43494799,1431.000000
2021-03-30,43494799,1436.400000
2021-03-31,43494799,1432.600000
2021-04-01,43494799,1446.200000
2021-04-02,43494799,1452.500000
2021-04-06,43494799,1457.900000
2021-04-07,43494799,1458.400000
2021-04-08,43494799,1459.600000
2021-04-09,43494799,1454.800000
2021-04-12,43494799,1428.400000
2021-04-13,43494799,1425.600000
2021-04-14,43494799,1442.600000
2021-04-15,43494799,1440.200000
2021-04-16,43494799,1450.300000
2021-04-19,43494799,1473.100000
2021-04-20,43494799,1473.400000
2021-04-21,43494799,1473.400000
2021-04-22,43494799,1479.500000
2021-04-23,43494799,1482.300000
2021-04-26,43494799,1477.800000
2021-04-27,43494799,1477.600000
2021-04-28,43494799,1488.800000
2021-04-29,43494799,1488.500000
2021-04-30,43494799,1484.900000
2021-05-06,43494799,1484.800000
2021-05-07,43494799,1469.200000
2021-05-10,43494799,1473.000000
2021-05-11,43494799,1469.700000
2021-05-12,43494799,1483.900000
2021-05-13,43494799,1464.600000
2021-05-14,43494799,1483.600000
2021-05-17,43494799,1495.400000
2021-05-18,43494799,1500.900000
2021-05-19,43494799,1500.300000
2021-05-20,43494799,1489.900000
2021-05-21,43494799,1487.000000
2021-05-24,43494799,1491.900000
2021-05-25,43494799,1513.300000
2021-05-26,43494799,1516.300000
2021-05-27,43494799,1521.800000
2021-05-28,43494799,1519.400000
2021-05-31,43494799,1537.000000
2021-06-01,43494799,1542.900000
2021-06-02,43494799,1531.000000
2021-06-03,43494799,1527.500000
2021-06-04,43494799,1535.600000
2021-06-07,43494799,1544.000000
2021-06-08,43494799,1533.700000
2021-06-09,43494799,1538.000000
2021-06-10,43494799,1551.400000
2021-06-11,43494799,1545.300000
2021-06-15,43494799,1532.800000
2021-06-16,43494799,1502.900000
2021-06-17,43494799,1521.300000
2021-06-18,43494799,1534.800000
2021-06-21,43494799,1547.800000
2021-06-22,43494799,1556.400000
2021-06-23,43494799,1569.100000
2021-06-24,43494799,1562.500000
2021-06-25,43494799,1576.800000
2021-06-28,43494799,1584.300000
2021-06-29,43494799,1576.800000
2021-06-30,43494799,1589.100000
2021-07-01,43494799,1573.600000
2021-07-02,43494799,1560.400000
2021-07-05,43494799,1577.200000
2021-07-06,43494799,1574.600000
2021-07-07,43494799,1596.000000
2021-07-08,43494799,1592.200000
2021-07-09,43494799,1603.000000
2021-07-12,43494799,1627.000000
2021-07-13,43494799,1636.800000
2021-07-14,43494799,1625.600000
2021-07-15,43494799,1635.400000
2021-07-16,43494799,1635.400000
2021-07-19,43494799,1631.800000
2021-07-20,43494799,1634.800000
2021-07-21,43494799,1658.200000
2021-07-22,43494799,1670.600000
2021-07-23,43494799,1657.700000
2021-07-26,43494799,1636.400000
2021-07-27,43494799,1594.000000
2021-07-28,43494799,1575.300000
2021-07-29,43494799,1616.300000
2021-07-30,43494799,1620.500000
2021-08-02,43494799,1647.100000
2021-08-03,43494799,1631.200000
2021-08-04,43494799,1658.300000
2021-08-05,43494799,1653.800000
2021-08-06,43494799,1661.700000
2021-08-09,43494799,1674.300000
2021-08-10,43494799,1685.800000
2021-08-11,43494799,1698.300000
2021-08-12,43494799,1706.400000
2021-08-13,43494799,1707.800000
2021-08-16,43494799,1699.800000
2021-08-17,43494799,1664.700000
2021-08-18,43494799,1676.300000
2021-08-19,43494799,1678.500000
2021-08-20,43494799,1672.300000
2021-08-23,43494799,1701.200000
2021-08-24,43494799,1719.700000
2021-08-25,43494799,1734.700000
2021-08-26,43494799,1721.800000
2021-08-27,43494799,1731.500000
2021-08-30,43494799,1740.900000
2021-08-31,43494799,1745.000000
2021-09-01,43494799,1729.900000
2021-09-02,43494799,1749.300000
2021-09-03,43494799,1739.200000
2021-09-06,43494799,1758.700000
2021-09-07,43494799,1791.700000
2021-09-08,43494799,1797.100000
2021-09-09,43494799,1807.100000
2021-09-10,43494799,1810.500000
2021-09-13,43494799,1820.000000
2021-09-14,43494799,1808.100000
2021-09-15,43494799,1814.700000
2021-09-16,43494799,1786.300000
2021-09-17,43494799,1783.200000
2021-09-22,43494799,1794.800000
2021-09-23,43494799,1796.900000
2021-09-24,43494799,1770.400000
2021-09-27,43494799,1721.600000
2021-09-28,43494799,1727.000000
2021-09-29,43494799,1675.700000
2021-09-30,43494799,1709.800000
2021-10-08,43494799,1702.000000
2021-10-11,43494799,1694.800000
2021-10-12,43494799,1660.300000
2021-10-13,43494799,1669.400000
2021-10-14,43494799,1679.200000
2021-10-15,43494799,1683.600000
2021-10-18,43494799,1699.800000
2021-10-19,43494799,1713.800000
2021-10-20,43494799,1713.000000
2021-10-21,43494799,1714.200000
2021-10-22,43494799,1695.400000
2021-10-25,43494799,1714.200000
2021-10-26,43494799,1710.200000
2021-10-27,43494799,1698.700000
2021-10-28,43494799,1667.700000
2021-10-29,43494799,1682.300000
2021-11-01,43494799,1690.000000
2021-11-02,43494799,1668.200000
2021-11-03,43494799,1670.900000
2021-11-04,43494799,1683.900000
2021-11-05,43494799,1660.600000
2021-11-08,43494799,1669.100000
2021-11-09,43494799,1683.100000
2021-11-10,43494799,1680.700000
2021-11-11,43494799,1694.300000
2021-11-12,43494799,1706.400000
2021-11-15,43494799,1697.200000
2021-11-16,43494799,1683.800000
2021-11-17,43494799,1704.600000
2021-11-18,43494799,1702.100000
2021-11-19,43494799,1719.200000
2021-11-22,43494799,1742.600000
2021-11-23,43494799,1743.700000
2021-11-24,43494799,1743.600000
2021-11-25,43494799,1738.800000
2021-11-26,43494799,1739.800000
2021-11-29,43494799,1751.000000
2021-11-30,43494799,1755.200000
2021-12-01,43494799,1759.600000
2021-12-02,43494799,1745.800000
2021-12-03,43494799,1759.400000
2021-12-06,43494799,1738.000000
2021-12-07,43494799,1718.200000
2021-12-08,43494799,1744.500000
2021-12-09,43494799,1745.900000
2021-12-10,43494799,1749.900000
2021-12-13,43494799,1757.600000
2021-12-14,43494799,1753.200000
2021-12-15,43494799,1750.600000
2021-12-16,43494799,1762.400000
2021-12-17,43494799,1741.700000
2021-12-20,43494799,1713.200000
2021-12-21,43494799,1731.500000
2021-12-22,43494799,1740.800000
2021-12-23,43494799,1744.900000
2021-12-24,43494799,1721.600000
2021-12-27,43494799,1716.200000
2021-12-28,43494799,1731.500000
2021-12-29,43494799,1729.100000
2021-12-30,43494799,1745.100000
2021-12-31,43494799,1755.500000
2022-01-04,43494799,1749.600000
2022-01-05,43494799,1713.000000
2022-01-06,43494799,1717.800000
2022-01-07,43494799,1696.500000
2022-01-10,43494799,1702.000000
2022-01-11,43494799,1685.900000
2022-01-12,43494799,1707.100000
2022-01-13,43494799,1683.200000
2022-01-14,43494799,1683.600000
2022-01-17,43494799,1707.100000
2022-01-18,43494799,1704.600000
2022-01-19,43494799,1693.100000
2022-01-20,43494799,1671.900000
2022-01-21,43494799,1653.300000
2022-01-24,43494799,1660.400000
2022-01-25,43494799,1607.800000
2022-01-26,43494799,1614.700000
2022-01-27,43494799,1574.700000
2022-01-28,43494799,1569.800000
2022-02-07,43494799,1588.000000
2022-02-08,43494799,1595.100000
2022-02-09,43494799,1619.400000
2022-02-10,43494799,1614.000000
2022-02-11,43494799,1589.800000
2022-02-14,43494799,1582.500000
2022-02-15,43494799,1600.500000
2022-02-16,43494799,1609.800000
2022-02-17,43494799,1613.100000
2022-02-18,43494799,1623.800000
2022-02-21,43494799,1632.700000
2022-02-22,43494799,1616.900000
2022-02-23,43494799,1644.700000
2022-02-24,43494799,1615.000000
2022-02-25,43494799,1630.300000
2022-02-28,43494799,1637.900000
2022-03-01,43494799,1645.200000
2022-03-02,43494799,1644.400000
2022-03-03,43494799,1637.200000
2022-03-04,43494799,1621.700000
2022-03-07,43494799,1590.200000
2022-03-08,43494799,1545.100000
2022-03-09,43494799,1522.800000
2022-03-10,43494799,1555.100000
2022-03-11,43494799,1564.600000
2022-03-14,43494799,1528.700000
2022-03-15,43494799,1457.200000
2022-03-16,43494799,1501.500000
2022-03-17,43494799,1529.600000
2022-03-18,43494799,1545.600000
2022-03-21,43494799,1554.800000
2022-03-22,43494799,1555.300000
2022-03-23,43494799,1564.400000
2022-03-24,43494799,1553.300000
2022-03-25,43494799,1539.300000
2022-03-28,43494799,1536.400000
2022-03-29,43494799,1528.900000
2022-03-30,43494799,1557.700000
2022-03-31,43494799,1546.800000
2022-04-01,43494799,1553.500000
2022-04-06,43494799,1553.500000
2022-04-07,43494799,1525.400000
2022-04-08,43494799,1522.600000
2022-04-11,43494799,1480.200000
2022-04-12,43494799,1501.500000
2022-04-13,43494799,1482.300000
2022-04-14,43494799,1499.000000
2022-04-15,43494799,1487.000000
2022-04-18,43494799,1494.000000
2022-04-19,43494799,1497.400000
2022-04-20,43494799,1470.100000
2022-04-21,43494799,1422.700000
2022-04-22,43494799,1414.500000
2022-04-25,43494799,1326.800000
2022-04-26,43494799,1294.000000
2022-04-27,43494799,1344.300000
2022-04-28,43494799,1339.700000
2022-04-29,43494799,1389.100000
2022-05-05,43494799,1405.400000
2022-05-06,43494799,1382.900000
2022-05-09,43494799,1393.500000
2022-05-10,43494799,1414.600000
2022-05-11,43494799,1429.300000
2022-05-12,43494799,1427.200000
2022-05-13,43494799,1438.100000
2022-05-16,43494799,1437.900000
2022-05-17,43494799,1446.400000
2022-05-18,43494799,1448.200000
2022-05-19,43494799,1458.300000
2022-05-20,43494799,1478.500000
2022-05-23,43494799,1491.100000
2022-05-24,43494799,1441.600000
2022-05-25,43494799,1463.700000
2022-05-26,43494799,1476.100000
2022-05-27,43494799,1475.900000
2022-05-30,43494799,1487.200000
2022-05-31,43494799,1506.100000
2022-06-01,43494799,1509.300000
2022-06-02,43494799,1522.500000
2022-06-06,43494799,1552.300000
2022-06-07,43494799,1552.400000
2022-06-08,43494799,1559.900000
2022-06-09,43494799,1539.000000
2022-06-10,43494799,1568.700000
2022-06-13,43494799,1570.000000
2022-06-14,43494799,1574.100000
2022-06-15,43494799,1574.900000
2022-06-16,43494799,1576.900000
2022-06-17,43494799,1590.700000
2022-06-20,43494799,1597.400000
2022-06-21,43494799,1585.500000
2022-06-22,43494799,1566.500000
2022-06-23,43494799,1597.300000
2022-06-24,43494799,1614.900000
2022-06-27,43494799,1628.800000
2022-06-28,43494799,1651.400000
2022-06-29,43494799,1620.900000
2022-06-30,43494799,1640.000000
2022-07-01,43494799,1640.600000
2022-07-04,43494799,1660.100000
2022-07-05,43494799,1654.600000
2022-07-06,43494799,1633.100000
2022-07-07,43494799,1647.600000
2022-07-08,43494799,1641.100000
2022-07-11,43494799,1618.900000
2022-07-12,43494799,1598.600000
2022-07-13,43494799,1608.900000
2022-07-14,43494799,1620.800000
2022-07-15,43494799,1600.600000
2022-07-18,43494799,1627.900000
2022-07-19,43494799,1637.200000
2022-07-20,43494799,1653.300000
2022-07-21,43494799,1640.600000
2022-07-22,43494799,1632.100000
2022-07-25,43494799,1616.300000
2022-07-26,43494799,1638.000000
2022-07-27,43494799,1650.900000
2022-07-28,43494799,1656.600000
2022-07-29,43494799,1646.400000
2022-08-01,43494799,1659.500000
2022-08-02,43494799,1610.700000
2022-08-03,43494799,1596.000000
2022-08-04,43494799,1608.000000
2022-08-05,43494799,1629.000000
2022-08-08,43494799,1649.700000
2022-08-09,43494799,1659.200000
2022-08-10,43494799,1658.300000
2022-08-11,43494799,1681.600000
2022-08-12,43494799,1677.200000
2022-08-15,43494799,1687.200000
2022-08-16,43494799,1698.700000
2022-08-17,43494799,1703.200000
2022-08-18,43494799,1702.800000
2022-08-19,43494799,1682.000000
2022-08-22,43494799,1698.600000
2022-08-23,43494799,1704.000000
2022-08-24,43494799,1653.600000
2022-08-25,43494799,1654.800000
2022-08-26,43494799,1647.700000
2022-08-29,43494799,1658.000000
2022-08-30,43494799,1646.700000
2022-08-31,43494799,1601.100000
2022-09-01,43494799,1594.700000
2022-09-02,43494799,1607.900000
2022-09-05,43494799,1617.100000
2022-09-06,43494799,1647.400000
2022-09-07,43494799,1655.100000
2022-09-08,43494799,1643.600000
2022-09-09,43494799,1648.600000
2022-09-13,43494799,1647.600000
2022-09-14,43494799,1631.300000
2022-09-15,43494799,1586.700000
2022-09-16,43494799,1549.500000
2022-09-19,43494799,1538.100000
2022-09-20,43494799,1557.300000
2022-09-21,43494799,1561.500000
2022-09-22,43494799,1559.200000
2022-09-23,43494799,1535.700000
2022-09-26,43494799,1518.100000
2022-09-27,43494799,1545.100000
2022-09-28,43494799,1503.700000
2022-09-29,43494799,1503.100000
2022-09-30,43494799,1484.200000
2022-10-10,43494799,1458.900000
2022-10-11,43494799,1470.200000
2022-10-12,43494799,1506.300000
2022-10-13,43494799,1512.500000
2022-10-14,43494799,1549.800000
2022-10-17,43494799,1561.800000
2022-10-18,43494799,1567.100000
2022-10-19,43494799,1553.300000
2022-10-20,43494799,1544.900000
2022-10-21,43494799,1547.500000
2022-10-24,43494799,1525.700000
2022-10-25,43494799,1522.300000
2022-10-26,43494799,1548.800000
2022-10-27,43494799,1544.300000
2022-10-28,43494799,1492.400000
2022-10-31,43494799,1496.900000
2022-11-01,43494799,1534.500000
2022-11-02,43494799,1556.700000
2022-11-03,43494799,1561.000000
2022-11-04,43494799,1597.600000
2022-11-07,43494799,1603.500000
2022-11-08,43494799,1599.100000
2022-11-09,43494799,1596.700000
2022-11-10,43494799,1585.200000
2022-11-11,43494799,1600.400000
2022-11-14,43494799,1593.300000
2022-11-15,43494799,1623.700000
2022-11-16,43494799,1615.500000
2022-11-17,43494799,1615.600000
2022-11-18,43494799,1606.800000
2022-11-21,43494799,1607.200000
2022-11-22,43494799,1592.500000
2022-11-23,43494799,1591.600000
2022-11-24,43494799,1595.700000
2022-11-25,43494799,1588.600000
2022-11-28,43494799,1579.300000
2022-11-29,43494799,1609.900000
2022-11-30,43494799,1609.800000
2022-12-01,43494799,1623.800000
2022-12-02,43494799,1625.100000
2022-12-05,43494799,1642.200000
2022-12-06,43494799,1640.100000
2022-12-07,43494799,1639.000000
2022-12-08,43494799,1635.500000
2022-12-09,43494799,1637.100000
2022-12-12,43494799,1625.600000
2022-12-13,43494799,1620.800000
2022-12-14,43494799,1616.800000
2022-12-15,43494799,1618.300000
2022-12-16,43494799,1607.600000
2022-12-19,43494799,1574.900000
2022-12-20,43494799,1561.000000
2022-12-21,43494799,1553.300000
2022-12-22,43494799,1537.400000
2022-12-23,43494799,1532.300000
2022-12-26,43494799,1555.500000
2022-12-27,43494799,1570.100000
2022-12-28,43494799,1558.600000
2022-12-29,43494799,1553.700000
2022-12-30,43494799,1559.700000
2023-01-03,43494799,1585.300000
2023-01-04,43494799,1585.500000
2023-01-05,43494799,1599.700000
2023-01-06,43494799,1602.800000
2023-01-09,43494799,1610.900000
2023-01-10,43494799,1611.300000
2023-01-11,43494799,1602.000000
2023-01-12,43494799,1602.900000
2023-01-13,43494799,1610.300000
2023-01-16,43494799,1625.800000
2023-01-17,43494799,1626.200000
2023-01-18,43494799,1631.100000
2023-01-19,43494799,1640.800000
2023-01-20,43494799,1653.400000
2023-01-30,43494799,1665.400000
2023-01-31,43494799,1668.400000
2023-02-01,43494799,1689.900000
2023-02-02,43494799,1692.400000
2023-02-03,43494799,1686.600000
2023-02-06,43494799,1678.800000
2023-02-07,43494799,1685.400000
2023-02-08,43494799,1676.700000
2023-02-09,43494799,1698.100000
2023-02-10,43494799,1693.000000
2023-02-13,43494799,1706.400000
2023-02-14,43494799,1709.300000
2023-02-15,43494799,1709.500000
2023-02-16,43494799,1681.500000
2023-02-17,43494799,1671.000000
2023-02-20,43494799,1696.200000
2023-02-21,43494799,1704.400000
2023-02-22,43494799,1704.400000
2023-02-23,43494799,1700.200000
2023-02-24,43494799,1695.400000
2023-02-27,43494799,1685.900000
2023-02-28,43494799,1699.300000
2023-03-01,43494799,1712.900000
2023-03-02,43494799,1708.600000
2023-03-03,43494799,1709.200000
2023-03-06,43494799,1709.600000
2023-03-07,43494799,1682.100000
2023-03-08,43494799,1688.400000
2023-03-09,43494799,1688.200000
2023-03-10,43494799,1665.800000
2023-03-13,43494799,1676.700000
2023-03-14,43494799,1659.600000
2023-03-15,43494799,1671.000000
2023-03-16,43494799,1647.100000
2023-03-17,43494799,1657.700000
2023-03-20,43494799,1654.800000
2023-03-21,43494799,1676.600000
2023-03-22,43494799,1686.900000
2023-03-23,43494799,1691.500000
2023-03-24,43494799,1692.800000
2023-03-27,43494799,1692.000000
2023-03-28,43494799,1682.500000
2023-03-29,43494799,1678.300000
2023-03-30,43494799,1679.600000
2023-03-31,43494799,1695.400000
2023-04-03,43494799,1712.200000
2023-04-04,43494799,1708.200000
2023-04-06,43494799,1706.800000
2023-04-07,43494799,1719.900000
2023-04-10,43494799,1706.600000
2023-04-11,43494799,1710.900000
2023-04-12,43494799,1721.300000
2023-04-13,43494799,1714.000000
2023-04-14,43494799,1720.900000
2023-04-17,43494799,1727.000000
2023-04-18,43494799,1725.100000
2023-04-19,43494799,1719.700000
2023-04-20,43494799,1718.400000
2023-04-21,43494799,1678.300000
2023-04-24,43494799,1670.000000
2023-04-25,43494799,1646.200000
2023-04-26,43494799,1654.500000
2023-04-27,43494799,1659.700000
2023-04-28,43494799,1683.600000
2023-05-04,43494799,1689.200000
2023-05-05,43494799,1675.900000
2023-05-08,43494799,1688.800000
2023-05-09,43494799,1670.600000
2023-05-10,43494799,1669.200000
2023-05-11,43494799,1671.500000
2023-05-12,43494799,1654.900000
2023-05-15,43494799,1668.500000
2023-05-16,43494799,1654.800000
2023-05-17,43494799,1662.100000
2023-05-18,43494799,1670.700000
2023-05-19,43494799,1669.300000
2023-05-22,43494799,1671.400000
2023-05-23,43494799,1653.800000
2023-05-24,43494799,1646.300000
2023-05-25,43494799,1643.600000
2023-05-26,43494799,1656.800000
2023-05-29,43494799,1654.400000
2023-05-30,43494799,1662.100000
2023-05-31,43494799,1658.500000
2023-06-01,43494799,1663.100000
2023-06-02,43494799,1675.900000
2023-06-05,43494799,1679.200000
2023-06-06,43494799,1650.500000
2023-06-07,43494799,1656.100000
2023-06-08,43494799,1651.700000
2023-06-09,43494799,1663.900000
2023-06-12,43494799,1673.400000
2023-06-13,43494799,1679.700000
2023-06-14,43494799,1682.100000
2023-06-15,43494799,1693.600000
2023-06-16,43494799,1706.000000
2023-06-19,43494799,1704.300000
2023-06-20,43494799,1699.800000
2023-06-21,43494799,1672.900000
2023-06-26,43494799,1642.700000
2023-06-27,43494799,1667.000000
2023-06-28,43494799,1663.700000
2023-06-29,43494799,1673.400000
2023-06-30,43494799,1690.200000
2023-07-03,43494799,1699.900000
2023-07-04,43494799,1705.800000
2023-07-05,43494799,1694.400000
2023-07-06,43494799,1689.600000
2023-07-07,43494799,1682.300000
2023-07-10,43494799,1685.100000
2023-07-11,43494799,1698.200000
2023-07-12,43494799,1678.000000
2023-07-13,43494799,1698.900000
2023-07-14,43494799,1700.100000
2023-07-17,43494799,1695.600000
2023-07-18,43494799,1695.100000
2023-07-19,43494799,1692.200000
2023-07-20,43494799,1671.800000
2023-07-21,43494799,1668.500000
2023-07-24,43494799,1669.900000
2023-07-25,43494799,1696.200000
2023-07-26,43494799,1687.000000
2023-07-27,43494799,1678.000000
2023-07-28,43494799,1696.500000
2023-07-31,43494799,1708.500000
2023-08-01,43494799,1707.900000
2023-08-02,43494799,1705.000000
2023-08-03,43494799,1708.400000
2023-08-04,43494799,1713.200000
2023-08-07,43494799,1702.200000
2023-08-08,43494799,1697.700000
2023-08-09,43494799,1685.100000
2023-08-10,43494799,1689.300000
2023-08-11,43494799,1659.700000
2023-08-14,43494799,1663.100000
2023-08-15,43494799,1656.200000
2023-08-16,43494799,1643.800000
2023-08-17,43494799,1658.400000
2023-08-18,43494799,1633.900000
2023-08-21,43494799,1619.300000
2023-08-22,43494799,1629.700000
2023-08-23,43494799,1603.300000
2023-08-24,43494799,1606.700000
2023-08-25,43494799,1585.300000
2023-08-28,43494799,1603.800000
2023-08-29,43494799,1643.300000
2023-08-30,43494799,1649.100000
2023-08-31,43494799,1637.900000
2023-09-01,43494799,1641.800000
2023-09-04,43494799,1665.200000
2023-09-05,43494799,1655.600000
2023-09-06,43494799,1659.400000
2023-09-07,43494799,1633.500000
2023-09-08,43494799,1634.200000
2023-09-11,43494799,1652.400000
2023-09-12,43494799,1651.500000
2023-09-13,43494799,1633.500000
2023-09-14,43494799,1626.900000
2023-09-15,43494799,1626.800000
2023-09-18,43494799,1635.300000
2023-09-19,43494799,1622.900000
2023-09-20,43494799,1613.500000
2023-09-21,43494799,1603.100000
2023-09-22,43494799,1632.400000
2023-09-25,43494799,1623.900000
2023-09-26,43494799,1618.400000
2023-09-27,43494799,1625.300000
2023-09-28,43494799,1636.200000
2023-10-09,43494799,1629.000000
2023-10-10,43494799,1620.400000
2023-10-11,43494799,1623.600000
2023-10-12,43494799,1635.100000
2023-10-13,43494799,1625.100000
2023-10-16,43494799,1613.500000
2023-10-17,43494799,1614.000000
2023-10-18,43494799,1588.900000
2023-10-19,43494799,1572.800000
2023-10-20,43494799,1557.400000
2023-10-23,43494799,1522.600000
2023-10-24,43494799,1549.000000
2023-10-25,43494799,1564.100000
2023-10-26,43494799,1571.100000
2023-10-27,43494799,1593.600000
2023-10-30,43494799,1609.000000
2023-10-31,43494799,1603.300000
2023-11-01,43494799,1604.600000
2023-11-02,43494799,1591.600000
2023-11-03,43494799,1607.000000
2023-11-06,43494799,1634.000000
2023-11-07,43494799,1639.900000
2023-11-08,43494799,1641.600000
2023-11-09,43494799,1635.700000
2023-11-10,43494799,1632.200000
2023-11-13,43494799,1644.700000
2023-11-14,43494799,1651.600000
2023-11-15,43494799,1661.000000
2023-11-16,43494799,1649.400000
2023-11-17,43494799,1659.400000
2023-11-20,43494799,1671.800000
2023-11-21,43494799,1666.900000
2023-11-22,43494799,1651.800000
2023-11-23,43494799,1668.100000
2023-11-24,43494799,1652.400000
2023-11-27,43494799,1651.600000
2023-11-28,43494799,1661.800000
2023-11-29,43494799,1652.600000
2023-11-30,43494799,1647.000000
2023-12-01,43494799,1655.800000
2023-12-04,43494799,1655.500000
2023-12-05,43494799,1627.500000
2023-12-06,43494799,1635.200000
2023-12-07,43494799,1634.100000
2023-12-08,43494799,1625.800000
2023-12-11,43494799,1642.600000
2023-12-12,43494799,1648.400000
2023-12-13,43494799,1636.700000
2023-12-14,43494799,1633.100000
2023-12-15,43494799,1624.900000
2023-12-18,43494799,1607.400000
2023-12-19,43494799,1607.800000
2023-12-20,43494799,1590.900000
2023-12-21,43494799,1600.700000
2023-12-22,43494799,1585.400000
2023-12-25,43494799,1584.500000
2023-12-26,43494799,1566.500000
2023-12-27,43494799,1578.100000
2023-12-28,43494799,1604.700000
2023-12-29,43494799,1624.300000
2024-01-02,43494799,1624.600000
2024-01-03,43494799,1620.900000
2024-01-04,43494799,1612.900000
2024-01-05,43494799,1591.000000
2024-01-08,43494799,1561.000000
2024-01-09,43494799,1568.900000
2024-01-10,43494799,1558.800000
2024-01-11,43494799,1578.100000
2024-01-12,43494799,1570.500000
2024-01-15,43494799,1568.900000
2024-01-16,43494799,1565.500000
2024-01-17,43494799,1531.400000
2024-01-18,43494799,1522.600000
2024-01-19,43494799,1511.600000
2024-01-22,43494799,1439.800000
2024-01-23,43494799,1447.400000
2024-01-24,43494799,1467.400000
2024-01-25,43494799,1514.700000
2024-01-26,43494799,1512.100000
2024-01-29,43494799,1478.300000
2024-01-30,43494799,1440.500000
2024-01-31,43494799,1390.100000
2024-02-01,43494799,1375.900000
2024-02-02,43494799,1331.700000
2024-02-05,43494799,1266.600000
2024-02-06,43494799,1318.800000
2024-02-07,43494799,1346.700000
2024-02-08,43494799,1380.800000
2024-02-19,43494799,1397.100000
2024-02-20,43494799,1407.000000
2024-02-21,43494799,1421.000000
2024-02-22,43494799,1442.000000
2024-02-23,43494799,1464.100000
2024-02-26,43494799,1470.900000
2024-02-27,43494799,1502.400000
2024-02-28,43494799,1445.300000
2024-02-29,43494799,1489.000000
2024-03-01,43494799,1501.900000
2024-03-04,43494799,1504.500000
2024-03-05,43494799,1493.500000
2024-03-06,43494799,1499.000000
2024-03-07,43494799,1485.800000
2024-03-08,43494799,1500.200000
2024-03-11,43494799,1522.900000
2024-03-12,43494799,1529.800000
2024-03-13,43494799,1530.800000
2024-03-14,43494799,1526.400000
2024-03-15,43494799,1541.100000
2024-03-18,43494799,1562.500000
2024-03-19,43494799,1555.000000
2024-03-20,43494799,1566.000000
2024-03-21,43494799,1566.900000
2024-03-22,43494799,1547.700000
2024-03-25,43494799,1524.100000
2024-03-26,43494799,1524.100000
2024-03-27,43494799,1488.400000
2024-03-28,43494799,1514.100000
2024-03-29,43494799,1532.300000
2024-04-01,43494799,1562.000000
2024-04-02,43494799,1560.100000
2024-04-03,43494799,1556.700000
2024-04-08,43494799,1534.900000
2024-04-09,43494799,1546.900000
2024-04-10,43494799,1525.500000
2024-04-11,43494799,1531.800000
2024-04-12,43494799,1525.700000
2024-04-15,43494799,1516.200000
2024-04-16,43494799,1461.900000
2024-04-17,43494799,1514.900000
2024-04-18,43494799,1516.300000
2024-04-19,43494799,1510.300000
2024-04-22,43494799,1499.700000
2024-04-23,43494799,1495.000000
2024-04-24,43494799,1515.700000
2024-04-25,43494799,1519.700000
2024-04-26,43494799,1540.700000
2024-04-29,43494799,1568.000000
2024-04-30,43494799,1561.400000
2024-05-06,43494799,1586.700000
2024-05-07,43494799,1591.100000
2024-05-08,43494799,1574.500000
2024-05-09,43494799,1594.100000
2024-05-10,43494799,1587.000000
2024-05-13,43494799,1574.400000
2024-05-14,43494799,1581.500000
2024-05-15,43494799,1570.800000
2024-05-16,43494799,1572.800000
2024-05-17,43494799,1590.000000
2024-05-20,43494799,1597.900000
2024-05-21,43494799,1587.600000
2024-05-22,43494799,1587.300000
2024-05-23,43494799,1560.800000
2024-05-24,43494799,1551.100000
2024-05-27,43494799,1564.600000
2024-05-28,43494799,1551.400000
2024-05-29,43494799,1554.300000
2024-05-30,43494799,1548.300000
2024-05-31,43494799,1552.700000
2024-06-03,43494799,1536.900000
2024-06-04,43494799,1540.800000
2024-06-05,43494799,1522.600000
2024-06-06,43494799,1502.000000
2024-06-07,43494799,1512.200000
2024-06-11,43494799,1511.600000
2024-06-12,43494799,1521.800000
2024-06-13,43494799,1512.900000
2024-06-14,43494799,1516.400000
2024-06-17,43494799,1510.900000
2024-06-18,43494799,1522.800000
2024-06-19,43494799,1513.700000
2024-06-20,43494799,1494.000000
2024-06-21,43494799,1494.500000
2024-06-24,43494799,1462.900000
2024-06-25,43494799,1459.800000
2024-06-26,43494799,1487.100000
2024-06-27,43494799,1465.000000
2024-06-28,43494799,1473.900000
2024-07-01,43494799,1488.700000
2024-07-02,43494799,1482.200000
2024-07-03,43494799,1471.300000
2024-07-04,43494799,1449.300000
2024-07-05,43494799,1459.300000
2024-07-08,43494799,1434.400000
2024-07-09,43494799,1457.300000
2024-07-10,43494799,1448.900000
2024-07-11,43494799,1481.000000
2024-07-12,43494799,1477.200000
2024-07-15,43494799,1466.400000
2024-07-16,43494799,1469.000000
2024-07-17,43494799,1457.300000
2024-07-18,43494799,1461.300000
2024-07-19,43494799,1463.200000
2024-07-22,43494799,1461.500000
2024-07-23,43494799,1427.600000
2024-07-24,43494799,1412.700000
2024-07-25,43494799,1411.100000
2024-07-26,43494799,1430.300000
2024-07-29,43494799,1428.100000
2024-07-30,43494799,1427.300000
2024-07-31,43494799,1473.200000
2024-08-01,43494799,1468.900000
2024-08-02,43494799,1451.800000
2024-08-05,43494799,1422.400000
2024-08-06,43494799,1439.100000
2024-08-07,43494799,1440.700000
2024-08-08,43494799,1439.900000
2024-08-09,43494799,1431.800000
2024-08-12,43494799,1428.400000
2024-08-13,43494799,1435.300000
2024-08-14,43494799,1423.400000
2024-08-15,43494799,1435.300000
2024-08-16,43494799,1430.700000
2024-08-19,43494799,1433.800000
2024-08-20,43494799,1412.400000
2024-08-21,43494799,1408.900000
2024-08-22,43494799,1396.200000
2024-08-23,43494799,1395.800000
2024-08-26,43494799,1401.800000
2024-08-27,43494799,1387.100000
2024-08-28,43494799,1387.600000
2024-08-29,43494799,1398.700000
2024-08-30,43494799,1420.000000
2024-09-02,43494799,1395.400000
2024-09-03,43494799,1405.800000
2024-09-04,43494799,1399.200000
2024-09-05,43494799,1406.400000
2024-09-06,43494799,1387.000000
2024-09-09,43494799,1378.700000
2024-09-10,43494799,1382.200000
2024-09-11,43494799,1377.900000
2024-09-12,43494799,1373.700000
2024-09-13,43494799,1361.600000
2024-09-18,43494799,1361.600000
2024-09-19,43494799,1381.900000
2024-09-20,43494799,1379.200000
2024-09-23,43494799,1383.200000
2024-09-24,43494799,1436.400000
2024-09-25,43494799,1452.300000
2024-09-26,43494799,1505.400000
2024-09-27,43494799,1573.500000
2024-09-30,43494799,1717.800000
2024-10-08,43494799,1822.800000
2024-10-09,43494799,1695.800000
2024-10-10,43494799,1704.600000
2024-10-11,43494799,1647.200000
2024-10-14,43494799,1689.100000
2024-10-15,43494799,1655.300000
2024-10-16,43494799,1656.300000
2024-10-17,43494799,1644.700000
2024-10-18,43494799,1698.400000
2024-10-21,43494799,1716.400000
2024-10-22,43494799,1734.600000
2024-10-23,43494799,1740.800000
2024-10-24,43494799,1731.500000
2024-10-25,43494799,1755.300000
2024-10-28,43494799,1781.100000
2024-10-29,43494799,1757.500000
2024-10-30,43494799,1758.400000
2024-10-31,43494799,1774.400000
2024-11-01,43494799,1751.000000
2024-11-04,43494799,1781.000000
2024-11-05,43494799,1828.700000
2024-11-06,43494799,1835.000000
2024-11-07,43494799,1876.800000
2024-11-08,43494799,1873.000000
2024-11-11,43494799,1900.000000
2024-11-12,43494799,1881.400000
2024-11-13,43494799,1887.700000
2024-11-14,43494799,1843.800000
2024-11-15,43494799,1812.300000
2024-11-18,43494799,1789.600000
2024-11-19,43494799,1822.300000
2024-11-20,43494799,1845.900000
2024-11-21,43494799,1847.300000
2024-11-22,43494799,1786.700000
2024-11-25,43494799,1794.400000
2024-11-26,43494799,1785.600000
2024-11-27,43494799,1818.000000
2024-11-28,43494799,1811.800000
2024-11-29,43494799,1838.000000
2024-12-02,43494799,1870.600000
2024-12-03,43494799,1873.900000
2024-12-04,43494799,1855.700000
2024-12-05,43494799,1870.200000
2024-12-06,43494799,1894.700000
2024-12-09,43494799,1890.600000
2024-12-10,43494799,1901.000000
2024-12-11,43494799,1922.800000
2024-12-12,43494799,1941.700000
2024-12-13,43494799,1907.100000
2024-12-16,43494799,1895.700000
2024-12-17,43494799,1863.900000
2024-12-18,43494799,1875.300000
2024-12-19,43494799,1879.500000
2024-12-20,43494799,1887.100000
2024-12-23,43494799,1847.000000
2024-12-24,43494799,1869.200000
2024-12-25,43494799,1851.500000
2024-12-26,43494799,1863.700000
2024-12-27,43494799,1873.500000
2024-12-30,43494799,1869.900000
2024-12-31,43494799,1826.000000
2025-01-02,43494799,1782.200000
2025-01-03,43494799,1737.300000
2025-01-06,43494799,1734.900000
2025-01-07,43494799,1760.800000
2025-01-08,43494799,1758.400000
2025-01-09,43494799,1760.500000
2025-01-10,43494799,1727.600000
2025-01-13,43494799,1730.400000
2025-01-14,43494799,1797.500000
2025-01-15,43494799,1789.600000
2025-01-16,43494799,1799.400000
2025-01-17,43494799,1807.300000
2025-01-20,43494799,1819.600000
2025-01-21,43494799,1820.000000
2025-01-22,43494799,1805.900000
2025-01-23,43494799,1805.300000
2025-01-24,43494799,1826.600000
2025-01-27,43494799,1812.200000
2025-02-05,43494799,1818.700000
2025-02-06,43494799,1855.900000
2025-02-07,43494799,1883.000000
2025-02-10,43494799,1904.500000
2025-02-11,43494799,1898.400000
2025-02-12,43494799,1918.700000
2025-02-13,43494799,1903.800000
2025-02-14,43494799,1915.400000
2025-02-17,43494799,1930.100000
2025-02-18,43494799,1894.500000
2025-02-19,43494799,1925.900000
2025-02-20,43494799,1936.400000
2025-02-21,43494799,1959.400000
2025-02-24,43494799,1962.800000
2025-02-25,43494799,1951.600000
2025-02-26,43494799,1976.000000
2025-02-27,43494799,1971.000000
2025-02-28,43494799,1916.900000
2025-03-03,43494799,1925.600000
2025-03-04,43494799,1946.900000
2025-03-05,43494799,1957.300000
2025-03-06,43494799,1989.800000
2025-03-07,43494799,1984.900000
2025-03-10,43494799,1986.600000
2025-03-11,43494799,1994.300000
2025-03-12,43494799,2001.300000
2025-03-13,43494799,1983.600000
2025-03-14,43494799,2017.500000
2025-03-17,43494799,2022.600000
2025-03-18,43494799,2033.200000
2025-03-19,43494799,2026.800000
2025-03-20,43494799,2022.500000
2025-03-21,43494799,1994.800000
2025-03-24,43494799,1983.600000
2025-03-25,43494799,1980.500000
2025-03-26,43494799,1988.000000
2025-03-27,43494799,1985.400000
2025-03-28,43494799,1969.400000
2025-03-31,43494799,1954.500000
2025-04-01,43494799,1967.000000
2025-04-02,43494799,1971.900000
2025-04-03,43494799,1956.300000
2025-04-07,43494799,1761.600000
2025-04-08,43494799,1769.400000
2025-04-09,43494799,1808.100000
2025-04-10,43494799,1850.800000
2025-04-11,43494799,1868.400000
2025-04-14,43494799,1891.400000
2025-04-15,43494799,1889.000000
2025-04-16,43494799,1868.200000
2025-04-17,43494799,1873.100000
2025-04-18,43494799,1877.900000
2025-04-21,43494799,1911.100000
2025-04-22,43494799,1908.400000
2025-04-23,43494799,1923.800000
2025-04-24,43494799,1911.900000
2025-04-25,43494799,1919.200000
2025-04-28,43494799,1905.600000
2025-04-29,43494799,1913.100000
2025-04-30,43494799,1924.800000
2025-05-06,43494799,1966.200000
2025-05-07,43494799,1973.600000
2025-05-08,43494799,1989.700000
2025-05-09,43494799,1973.600000
2025-05-12,43494799,1997.700000
2025-05-13,43494799,1996.100000
2025-05-14,43494799,2004.100000
2025-05-15,43494799,1984.200000
2025-05-16,43494799,1989.500000
2025-05-19,43494799,1997.700000
2025-05-20,43494799,2012.000000
2025-05-21,43494799,2011.100000
2025-05-22,43494799,1997.300000
2025-05-23,43494799,1980.000000
2025-05-26,43494799,1989.200000
2025-05-27,43494799,1986.600000
2025-05-28,43494799,1984.500000
2025-05-29,43494799,2010.500000
2025-05-30,43494799,1993.200000
2025-06-03,43494799,2004.100000
2025-06-04,43494799,2021.400000
2025-06-05,43494799,2028.900000
2025-06-06,43494799,2031.300000
2025-06-09,43494799,2047.400000
2025-06-10,43494799,2034.000000
2025-06-11,43494799,2048.000000
2025-06-12,43494799,2053.900000
2025-06-13,43494799,2030.700000
2025-06-16,43494799,2043.500000
2025-06-17,43494799,2041.600000
2025-06-18,43494799,2039.500000
2025-06-19,43494799,2013.700000
2025-06-20,43494799,2007.400000
2025-06-23,43494799,2026.200000
2025-06-24,43494799,2061.500000
2025-06-25,43494799,2087.500000
2025-06-26,43494799,2081.800000
2025-06-27,43494799,2088.600000
2025-06-30,43494799,2107.600000
2025-07-01,43494799,2116.400000
2025-07-02,43494799,2108.700000
2025-07-03,43494799,2122.000000
2025-07-04,43494799,2115.000000
2025-07-07,43494799,2119.600000
2025-07-08,43494799,2146.000000
2025-07-09,43494799,2142.900000
2025-07-10,43494799,2154.300000
2025-07-11,43494799,2165.700000
2025-07-14,43494799,2173.900000
2025-07-15,43494799,2167.800000
2025-07-16,43494799,2171.900000
2025-07-17,43494799,2194.200000
2025-07-18,43494799,2200.600000
2025-07-21,43494799,2226.700000
2025-07-22,43494799,2241.400000
2025-07-23,43494799,2234.500000
2025-07-24,43494799,2261.700000
2025-07-25,43494799,2261.600000
2025-07-28,43494799,2272.300000
2025-07-29,43494799,2283.300000
2025-07-30,43494799,2274.700000
2025-07-31,43494799,2245.300000
2025-08-01,43494799,2247.400000
2025-08-04,43494799,2265.500000
2025-08-05,43494799,2284.400000
2025-08-06,43494799,2300.700000
2025-08-07,43494799,2298.300000
2025-08-08,43494799,2300.300000
2025-08-11,43494799,2326.500000
2025-08-12,43494799,2331.100000
2025-08-13,43494799,2356.000000
2025-08-14,43494799,2324.900000
2025-08-15,43494799,2366.000000
2025-08-18,43494799,2396.000000
2025-08-19,43494799,2397.400000
2025-08-20,43494799,2422.900000
2025-08-21,43494799,2417.500000
2025-08-22,43494799,2448.300000
2025-08-25,43494799,2485.500000
2025-08-26,43494799,2489.500000
2025-08-27,43494799,2443.300000
2025-08-28,43494799,2478.200000
2025-08-29,43494799,2482.900000
2025-09-01,43494799,2502.300000
2025-09-02,43494799,2458.400000
2025-09-03,43494799,2426.000000
2025-09-04,43494799,2379.500000
2025-09-05,43494799,2447.800000
2025-09-08,43494799,2469.300000
2025-09-09,43494799,2446.300000
2025-09-10,43494799,2453.500000
2025-09-11,43494799,2512.900000
2025-09-12,43494799,2517.000000
2025-09-15,43494799,2514.600000
2025-09-16,43494799,2535.600000
2025-09-17,43494799,2553.500000
2025-09-18,43494799,2528.400000
2025-09-19,43494799,2521.600000
2025-09-22,43494799,2538.100000
2025-09-23,43494799,2516.300000
2025-09-24,43494799,2558.400000
2025-09-25,43494799,2560.200000
2025-09-26,43494799,2528.800000
2025-09-29,43494799,2564.700000
2025-09-30,43494799,2583.700000
2025-10-09,43494799,2618.600000
2025-10-10,43494799,2584.600000
2025-10-13,43494799,2573.200000
2025-10-14,43494799,2523.300000
2025-10-15,43494799,2569.100000
2025-10-16,43494799,2552.100000
2025-10-17,43494799,2481.500000
2025-10-20,43494799,2507.500000
2025-10-21,43494799,2556.200000
2025-10-22,43494799,2544.500000
2025-10-23,43494799,2546.500000
2025-10-24,43494799,2581.100000
2025-10-27,43494799,2613.900000
2025-10-28,43494799,2608.600000
2025-10-29,43494799,2642.600000
2025-10-30,43494799,2614.700000
2025-10-31,43494799,2604.000000
2025-11-03,43494799,2616.700000
2025-11-04,43494799,2585.000000
2025-11-05,43494799,2601.300000
2025-11-06,43494799,2634.700000
2025-11-07,43494799,2630.900000
2025-11-10,43494799,2639.600000
2025-11-11,43494799,2631.000000
2025-11-12,43494799,2619.500000
2025-11-13,43494799,2657.200000
2025-11-14,43494799,2627.800000
2025-11-17,43494799,2629.700000
2025-11-18,43494799,2600.900000
2025-11-19,43494799,2586.600000
2025-11-20,43494799,2569.300000
2025-11-21,43494799,2473.500000
2025-11-24,43494799,2492.900000
2025-11-25,43494799,2532.100000
2025-11-26,43494799,2533.500000
2025-11-27,43494799,2538.400000
2025-11-28,43494799,2569.200000
2025-12-01,43494799,2589.000000
2025-12-02,43494799,2572.600000
2025-12-03,43494799,2554.400000
2025-12-04,43494799,2548.200000
2025-12-05,43494799,2581.700000
2025-12-08,43494799,2613.100000
2025-12-09,43494799,2598.900000
2025-12-10,43494799,2606.000000
2025-12-11,43494799,2574.100000
2025-12-12,43494799,2592.500000
2025-12-15,43494799,2577.100000
2025-12-16,43494799,2534.100000
2025-12-17,43494799,2582.700000
2025-12-18,43494799,2575.100000
2025-12-19,43494799,2597.900000
2025-12-22,43494799,2626.100000
2025-12-23,43494799,2629.200000
2025-12-24,43494799,2662.100000
2025-12-25,43494799,2681.200000
2025-12-26,43494799,2693.500000
2025-12-29,43494799,2685.700000
2025-12-30,43494799,2687.600000
2025-12-31,43494799,2688.400000
2026-01-05,43494799,2740.200000
2026-01-06,43494799,2785.800000
2026-01-07,43494799,2797.300000
2026-01-08,43494799,2803.600000
2026-01-09,43494799,2846.600000
2026-01-12,43494799,2903.000000
2026-01-13,43494799,2868.400000
2026-01-14,43494799,2890.100000
2026-01-15,43494799,2889.700000
2026-01-16,43494799,2888.400000
2026-01-19,43494799,2908.300000
2026-01-20,43494799,2888.800000
2026-01-21,43494799,2916.100000
2026-01-22,43494799,2940.200000
2026-01-23,43494799,2997.100000
2026-01-26,43494799,2964.500000
2026-01-27,43494799,2973.600000
2026-01-28,43494799,2974.600000
2026-01-29,43494799,2954.000000
2026-01-30,43494799,2930.800000
2026-02-02,43494799,2841.700000
2026-02-03,43494799,2922.900000
2026-02-04,43494799,2930.700000
2026-02-05,43494799,2889.300000
2026-02-06,43494799,2891.800000
2026-02-09,43494799,2950.600000
2026-02-10,43494799,2950.900000
2026-02-11,43494799,2953.000000
2026-02-12,43494799,2976.200000
2026-02-13,43494799,2937.000000
2026-02-24,43494799,2979.300000
2026-02-25,43494799,3020.800000
2026-02-26,43494799,3035.100000
2026-02-27,43494799,3061.400000
2026-03-02,43494799,3050.400000
2026-03-03,43494799,2936.300000
2026-03-04,43494799,2927.500000
2026-03-05,43494799,2958.100000
2026-03-06,43494799,2982.300000
2026-03-09,43494799,2959.800000
2026-03-10,43494799,3011.700000
2026-03-11,43494799,3015.500000
2026-03-12,43494799,2994.600000
2026-03-13,43494799,2958.300000
2026-03-16,43494799,2950.500000
2026-03-17,43494799,2889.400000
2026-03-18,43494799,2922.900000
2026-03-19,43494799,2845.700000
2026-03-20,43494799,2802.500000
2026-03-23,43494799,2677.400000
2026-03-24,43494799,2748.800000
2026-03-25,43494799,2811.100000
2026-03-26,43494799,2769.500000
2026-03-27,43494799,2806.800000
2026-03-30,43494799,2817.200000
2026-03-31,43494799,2770.300000
2026-04-01,43494799,2824.200000
2026-04-02,43494799,2775.300000
2026-04-03,43494799,2739.200000
2026-04-07,43494799,2764.500000
2026-04-08,43494799,2892.400000
2026-04-09,43494799,2874.800000
2026-04-10,43494799,2900.700000
2026-04-13,43494799,2907.500000
2026-04-14,43494799,2946.800000
2026-04-15,43494799,2930.300000
2026-04-16,43494799,2981.000000
2026-04-17,43494799,2995.400000
2026-04-20,43494799,3021.300000
2026-04-21,43494799,3019.700000
2026-04-22,43494799,3057.100000
2026-04-23,43494799,3023.100000
2026-04-24,43494799,3014.800000
2026-04-27,43494799,3035.500000
2026-04-28,43494799,3005.300000
2026-04-29,43494799,3052.600000
2026-04-30,43494799,3059.500000
2026-05-06,43494799,3131.100000
2026-05-07,43494799,3179.400000
2026-05-08,43494799,3190.800000
2026-05-11,43494799,3238.300000
2026-05-12,43494799,3218.100000
2026-05-13,43494799,3265.700000
2026-05-14,43494799,3195.200000
2026-05-15,43494799,3153.300000
2026-05-18,43494799,3164.400000
2026-05-19,43494799,3190.400000
2026-05-20,43494799,3200.600000
2026-05-21,43494799,3105.400000
2026-05-22,43494799,3181.400000
2026-05-25,43494799,3214.300000
2026-05-26,43494799,3190.500000
2026-05-27,43494799,3138.500000
2026-05-28,43494799,3171.000000
2026-05-29,43494799,3089.100000
2026-06-01,43494799,3065.200000
2026-06-02,43494799,3081.500000
2026-06-03,43494799,3103.000000
2026-06-04,43494799,3103.200000
2026-06-05,43494799,3069.000000
2026-06-08,43494799,2960.800000
2026-06-09,43494799,3048.800000
2026-06-10,43494799,3004.900000
2026-06-11,43494799,2995.700000
2026-06-12,43494799,3020.800000
2026-06-15,43494799,3137.100000
2026-06-16,43494799,3187.300000
2026-06-17,43494799,3226.300000
2026-06-18,43494799,3246.800000
2026-06-22,43494799,3309.200000
2026-06-23,43494799,3246.400000
2026-06-24,43494799,3288.800000
2026-06-25,43494799,3307.400000
2026-06-26,43494799,3216.800000
2026-06-29,43494799,3215.900000
2026-06-30,43494799,3293.200000
2026-07-01,43494799,3300.800000
2026-07-02,43494799,3208.700000
2026-07-03,43494799,3221.300000
2026-07-06,43494799,3174.000000
2020-12-31,44238744,1000.000000
2021-01-04,44238744,1020.000000
2021-01-05,44238744,1030.100000
2021-01-06,44238744,1034.000000
2021-01-07,44238744,1040.800000
2021-01-08,44238744,1039.500000
2021-01-11,44238744,1030.800000
2021-01-12,44238744,1040.300000
2021-01-13,44238744,1041.100000
2021-01-14,44238744,1033.700000
2021-01-15,44238744,1032.600000
2021-01-18,44238744,1044.600000
2021-01-19,44238744,1042.700000
2021-01-20,44238744,1050.800000
2021-01-21,44238744,1060.500000
2021-01-22,44238744,1061.200000
2021-01-25,44238744,1067.500000
2021-01-26,44238744,1054.300000
2021-01-27,44238744,1054.200000
2021-01-28,44238744,1032.600000
2021-01-29,44238744,1027.900000
2021-02-01,44238744,1036.900000
2021-02-02,44238744,1049.700000
2021-02-03,44238744,1047.500000
2021-02-04,44238744,1041.300000
2021-02-05,44238744,1039.300000
2021-02-08,44238744,1047.500000
2021-02-09,44238744,1061.800000
2021-02-10,44238744,1069.700000
2021-02-18,44238744,1075.200000
2021-02-19,44238744,1082.300000
2021-02-22,44238744,1077.900000
2021-02-23,44238744,1077.200000
2021-02-24,44238744,1061.400000
2021-02-25,44238744,1069.300000
2021-02-26,44238744,1053.100000
2021-03-01,44238744,1064.900000
2021-03-02,44238744,1058.600000
2021-03-03,44238744,1067.000000
2021-03-04,44238744,1047.900000
2021-03-05,44238744,1045.600000
2021-03-08,44238744,1031.600000
2021-03-09,44238744,1021.700000
2021-03-10,44238744,1022.200000
2021-03-11,44238744,1034.500000
2021-03-12,44238744,1036.100000
2021-03-15,44238744,1029.000000
2021-03-16,44238744,1035.600000
2021-03-17,44238744,1037.100000
2021-03-18,44238744,1041.500000
2021-03-19,44238744,1030.900000
2021-03-22,44238744,1034.000000
2021-03-23,44238744,1027.300000
2021-03-24,44238744,1018.700000
2021-03-25,44238744,1019.800000
2021-03-26,44238744,1030.000000
2021-03-29,44238744,1031.600000
2021-03-30,44238744,1035.600000
2021-03-31,44238744,1032.100000
2021-04-01,44238744,1036.800000
2021-04-02,44238744,1038.700000
2021-04-06,44238744,1040.400000
2021-04-07,44238744,1039.100000
2021-04-08,44238744,1038.200000
2021-04-09,44238744,1035.400000
2021-04-12,44238744,1025.400000
2021-04-13,44238744,1025.700000
2021-04-14,44238744,1031.300000
2021-04-15,44238744,1030.200000
2021-04-16,44238744,1036.200000
2021-04-19,44238744,1044.800000
2021-04-20,44238744,1045.500000
2021-04-21,44238744,1046.300000
2021-04-22,44238744,1050.100000
2021-04-23,44238744,1052.800000
2021-04-26,44238744,1052.000000
2021-04-27,44238744,1053.200000
2021-04-28,44238744,1054.100000
2021-04-29,44238744,1056.600000
2021-04-30,44238744,1055.000000
2021-05-06,44238744,1059.400000
2021-05-07,44238744,1058.000000
2021-05-10,44238744,1065.000000
2021-05-11,44238744,1062.700000
2021-05-12,44238744,1069.300000
2021-05-13,44238744,1062.000000
2021-05-14,44238744,1062.900000
2021-05-17,44238744,1069.100000
2021-05-18,44238744,1071.800000
2021-05-19,44238744,1069.700000
2021-05-20,44238744,1063.800000
2021-05-21,44238744,1061.800000
2021-05-24,44238744,1061.000000
2021-05-25,44238744,1070.500000
2021-05-26,44238744,1070.900000
2021-05-27,44238744,1073.900000
2021-05-28,44238744,1078.700000
2021-05-31,44238744,1085.900000
2021-06-01,44238744,1090.800000
2021-06-02,44238744,1085.800000
2021-06-03,44238744,1084.700000
2021-06-04,44238744,1081.600000
2021-06-07,44238744,1082.000000
2021-06-08,44238744,1077.600000
2021-06-09,44238744,1078.400000
2021-06-10,44238744,1081.600000
2021-06-11,44238744,1080.800000
2021-06-15,44238744,1073.700000
2021-06-16,44238744,1063.000000
2021-06-17,44238744,1066.500000
2021-06-18,44238744,1068.600000
2021-06-21,44238744,1068.200000
2021-06-22,44238744,1070.500000
2021-06-23,44238744,1076.000000
2021-06-24,44238744,1076.000000
2021-06-25,44238744,1083.600000
2021-06-28,44238744,1087.800000
2021-06-29,44238744,1083.600000
2021-06-30,44238744,1086.100000
2021-07-01,44238744,1083.400000
2021-07-02,44238744,1075.400000
2021-07-05,44238744,1078.900000
2021-07-06,44238744,1077.500000
2021-07-07,44238744,1083.500000
2021-07-08,44238744,1083.800000
2021-07-09,44238744,1085.300000
2021-07-12,44238744,1099.300000
2021-07-13,44238744,1102.500000
2021-07-14,44238744,1098.800000
2021-07-15,44238744,1099.900000
2021-07-16,44238744,1098.500000
2021-07-19,44238744,1097.800000
2021-07-20,44238744,1096.700000
2021-07-21,44238744,1105.100000
2021-07-22,44238744,1106.200000
2021-07-23,44238744,1102.900000
2021-07-26,44238744,1094.200000
2021-07-27,44238744,1079.400000
2021-07-28,44238744,1074.400000
2021-07-29,44238744,1092.400000
2021-07-30,44238744,1092.400000
2021-08-02,44238744,1098.700000
2021-08-03,44238744,1089.500000
2021-08-04,44238744,1101.000000
2021-08-05,44238744,1101.900000
2021-08-06,44238744,1102.900000
2021-08-09,44238744,1103.700000
2021-08-10,44238744,1109.200000
2021-08-11,44238744,1112.400000
2021-08-12,44238744,1112.300000
2021-08-13,44238744,1109.800000
2021-08-16,44238744,1107.700000
2021-08-17,44238744,1098.100000
2021-08-18,44238744,1102.200000
2021-08-19,44238744,1101.600000
2021-08-20,44238744,1093.400000
2021-08-23,44238744,1105.500000
2021-08-24,44238744,1111.800000
2021-08-25,44238744,1118.300000
2021-08-26,44238744,1111.100000
2021-08-27,44238744,1110.800000
2021-08-30,44238744,1116.000000
2021-08-31,44238744,1119.200000
2021-09-01,44238744,1120.700000
2021-09-02,44238744,1129.600000
2021-09-03,44238744,1124.600000
2021-09-06,44238744,1135.100000
2021-09-07,44238744,1145.100000
2021-09-08,44238744,1144.300000
2021-09-09,44238744,1144.700000
2021-09-10,44238744,1148.000000
2021-09-13,44238744,1143.300000
2021-09-14,44238744,1133.600000
2021-09-15,44238744,1128.400000
2021-09-16,44238744,1119.500000
2021-09-17,44238744,1120.700000
2021-09-22,44238744,1118.500000
2021-09-23,44238744,1125.200000
2021-09-24,44238744,1121.200000
2021-09-27,44238744,1115.200000
2021-09-28,44238744,1116.500000
2021-09-29,44238744,1106.500000
2021-09-30,44238744,1120.500000
2021-10-08,44238744,1127.800000
2021-10-11,44238744,1130.600000
2021-10-12,44238744,1121.500000
2021-10-13,44238744,1125.600000
2021-10-14,44238744,1123.500000
2021-10-15,44238744,1126.400000
2021-10-18,44238744,1130.500000
2021-10-19,44238744,1138.300000
2021-10-20,44238744,1135.300000
2021-10-21,44238744,1135.100000
2021-10-22,44238744,1130.800000
2021-10-25,44238744,1133.800000
2021-10-26,44238744,1131.000000
2021-10-27,44238744,1123.200000
2021-10-28,44238744,1114.700000
2021-10-29,44238744,1120.900000
2021-11-01,44238744,1124.700000
2021-11-02,44238744,1119.000000
2021-11-03,44238744,1119.600000
2021-11-04,44238744,1127.200000
2021-11-05,44238744,1119.200000
2021-11-08,44238744,1118.700000
2021-11-09,44238744,1122.400000
2021-11-10,44238744,1123.600000
2021-11-11,44238744,1127.500000
2021-11-12,44238744,1131.500000
2021-11-15,44238744,1129.500000
2021-11-16,44238744,1128.800000
2021-11-17,44238744,1134.300000
2021-11-18,44238744,1132.100000
2021-11-19,44238744,1134.800000
2021-11-22,44238744,1143.200000
2021-11-23,44238744,1140.000000
2021-11-24,44238744,1139.900000
2021-11-25,44238744,1140.400000
2021-11-26,44238744,1138.500000
2021-11-29,44238744,1141.900000
2021-11-30,44238744,1140.900000
2021-12-01,44238744,1139.900000
2021-12-02,44238744,1135.700000
2021-12-03,44238744,1140.100000
2021-12-06,44238744,1132.800000
2021-12-07,44238744,1128.600000
2021-12-08,44238744,1139.000000
2021-12-09,44238744,1143.800000
2021-12-10,44238744,1144.200000
2021-12-13,44238744,1145.100000
2021-12-14,44238744,1138.900000
2021-12-15,44238744,1134.400000
2021-12-16,44238744,1137.300000
2021-12-17,44238744,1127.600000
2021-12-20,44238744,1114.100000
2021-12-21,44238744,1119.500000
2021-12-22,44238744,1123.600000
2021-12-23,44238744,1126.700000
2021-12-24,44238744,1122.300000
2021-12-27,44238744,1121.100000
2021-12-28,44238744,1126.100000
2021-12-29,44238744,1120.700000
2021-12-30,44238744,1125.200000
2021-12-31,44238744,1131.700000
2022-01-04,44238744,1127.500000
2022-01-05,44238744,1116.600000
2022-01-06,44238744,1112.500000
2022-01-07,44238744,1108.400000
2022-01-10,44238744,1112.900000
2022-01-11,44238744,1108.700000
2022-01-12,44238744,1118.100000
2022-01-13,44238744,1110.500000
2022-01-14,44238744,1108.100000
2022-01-17,44238744,1110.500000
2022-01-18,44238744,1112.300000
2022-01-19,44238744,1112.800000
2022-01-20,44238744,1114.900000
2022-01-21,44238744,1113.300000
2022-01-24,44238744,1114.400000
2022-01-25,44238744,1096.500000
2022-01-26,44238744,1099.100000
2022-01-27,44238744,1090.400000
2022-01-28,44238744,1090.000000
2022-02-07,44238744,1103.000000
2022-02-08,44238744,1100.500000
2022-02-09,44238744,1103.400000
2022-02-10,44238744,1104.900000
2022-02-11,44238744,1098.200000
2022-02-14,44238744,1090.600000
2022-02-15,44238744,1093.200000
2022-02-16,44238744,1095.000000
2022-02-17,44238744,1098.400000
2022-02-18,44238744,1099.900000
2022-02-21,44238744,1099.100000
2022-02-22,44238744,1095.300000
2022-02-23,44238744,1104.200000
2022-02-24,44238744,1098.700000
2022-02-25,44238744,1102.800000
2022-02-28,44238744,1096.600000
2022-03-01,44238744,1101.400000
2022-03-02,44238744,1101.000000
2022-03-03,44238744,1098.400000
2022-03-04,44238744,1090.900000
2022-03-07,44238744,1084.800000
2022-03-08,44238744,1075.600000
2022-03-09,44238744,1075.700000
2022-03-10,44238744,1078.400000
2022-03-11,44238744,1076.700000
2022-03-14,44238744,1059.500000
2022-03-15,44238744,1037.600000
2022-03-16,44238744,1050.700000
2022-03-17,44238744,1061.100000
2022-03-18,44238744,1064.400000
2022-03-21,44238744,1066.600000
2022-03-22,44238744,1066.600000
2022-03-23,44238744,1068.400000
2022-03-24,44238744,1066.500000
2022-03-25,44238744,1059.700000
2022-03-28,44238744,1055.200000
2022-03-29,44238744,1053.400000
2022-03-30,44238744,1061.100000
2022-03-31,44238744,1058.500000
2022-04-01,44238744,1061.200000
2022-04-06,44238744,1059.100000
2022-04-07,44238744,1051.700000
2022-04-08,44238744,1049.400000
2022-04-11,44238744,1036.300000
2022-04-12,44238744,1041.600000
2022-04-13,44238744,1039.900000
2022-04-14,44238744,1045.700000
2022-04-15,44238744,1046.700000
2022-04-18,44238744,1050.300000
2022-04-19,44238744,1051.800000
2022-04-20,44238744,1043.400000
2022-04-21,44238744,1032.500000
2022-04-22,44238744,1030.200000
2022-04-25,44238744,1007.600000
2022-04-26,44238744,1000.700000
2022-04-27,44238744,1015.900000
2022-04-28,44238744,1019.900000
2022-04-29,44238744,1037.300000
2022-05-05,44238744,1039.100000
2022-05-06,44238744,1029.400000
2022-05-09,44238744,1030.900000
2022-05-10,44238744,1035.600000
2022-05-11,44238744,1038.700000
2022-05-12,44238744,1041.700000
2022-05-13,44238744,1047.900000
2022-05-16,44238744,1046.800000
2022-05-17,44238744,1050.500000
2022-05-18,44238744,1051.600000
2022-05-19,44238744,1052.400000
2022-05-20,44238744,1057.700000
2022-05-23,44238744,1059.800000
2022-05-24,44238744,1044.800000
2022-05-25,44238744,1050.900000
2022-05-26,44238744,1051.900000
2022-05-27,44238744,1054.400000
2022-05-30,44238744,1058.100000
2022-05-31,44238744,1064.600000
2022-06-01,44238744,1063.900000
2022-06-02,44238744,1067.000000
2022-06-06,44238744,1080.600000
2022-06-07,44238744,1082.000000
2022-06-08,44238744,1088.800000
2022-06-09,44238744,1082.300000
2022-06-10,44238744,1088.200000
2022-06-13,44238744,1084.600000
2022-06-14,44238744,1083.500000
2022-06-15,44238744,1083.800000
2022-06-16,44238744,1083.300000
2022-06-17,44238744,1089.900000
2022-06-20,44238744,1094.600000
2022-06-21,44238744,1092.800000
2022-06-22,44238744,1085.100000
2022-06-23,44238744,1092.800000
2022-06-24,44238744,1101.200000
2022-06-27,44238744,1109.700000
2022-06-28,44238744,1115.400000
2022-06-29,44238744,1102.300000
2022-06-30,44238744,1110.100000
2022-07-01,44238744,1110.100000
2022-07-04,44238744,1116.000000
2022-07-05,44238744,1114.100000
2022-07-06,44238744,1111.200000
2022-07-07,44238744,1113.600000
2022-07-08,44238744,1111.600000
2022-07-11,44238744,1101.500000
2022-07-12,44238744,1094.800000
2022-07-13,44238744,1099.000000
2022-07-14,44238744,1103.000000
2022-07-15,44238744,1096.700000
2022-07-18,44238744,1102.400000
2022-07-19,44238744,1100.300000
2022-07-20,44238744,1103.800000
2022-07-21,44238744,1101.000000
2022-07-22,44238744,1099.800000
2022-07-25,44238744,1093.600000
2022-07-26,44238744,1097.000000
2022-07-27,44238744,1095.700000
2022-07-28,44238744,1093.800000
2022-07-29,44238744,1087.900000
2022-08-01,44238744,1092.700000
2022-08-02,44238744,1081.300000
2022-08-03,44238744,1076.300000
2022-08-04,44238744,1080.600000
2022-08-05,44238744,1086.500000
2022-08-08,44238744,1092.600000
2022-08-09,44238744,1093.200000
2022-08-10,44238744,1090.700000
2022-08-11,44238744,1098.300000
2022-08-12,44238744,1097.500000
2022-08-15,44238744,1100.700000
2022-08-16,44238744,1101.800000
2022-08-17,44238744,1101.900000
2022-08-18,44238744,1099.900000
2022-08-19,44238744,1093.000000
2022-08-22,44238744,1098.300000
2022-08-23,44238744,1099.800000
2022-08-24,44238744,1087.000000
2022-08-25,44238744,1087.400000
2022-08-26,44238744,1084.700000
2022-08-29,44238744,1085.600000
2022-08-30,44238744,1081.800000
2022-08-31,44238744,1072.200000
2022-09-01,44238744,1071.100000
2022-09-02,44238744,1069.000000
2022-09-05,44238744,1068.100000
2022-09-06,44238744,1074.700000
2022-09-07,44238744,1074.800000
2022-09-08,44238744,1069.800000
2022-09-09,44238744,1071.800000
2022-09-13,44238744,1077.000000
2022-09-14,44238744,1071.800000
2022-09-15,44238744,1059.400000
2022-09-16,44238744,1049.200000
2022-09-19,44238744,1045.300000
2022-09-20,44238744,1050.300000
2022-09-21,44238744,1047.400000
2022-09-22,44238744,1047.100000
2022-09-23,44238744,1040.000000
2022-09-26,44238744,1036.600000
2022-09-27,44238744,1045.500000
2022-09-28,44238744,1034.100000
2022-09-29,44238744,1033.600000
2022-09-30,44238744,1028.900000
2022-10-10,44238744,1019.100000
2022-10-11,44238744,1019.300000
2022-10-12,44238744,1027.900000
2022-10-13,44238744,1028.600000
2022-10-14,44238744,1041.200000
2022-10-17,44238744,1043.100000
2022-10-18,44238744,1045.800000
2022-10-19,44238744,1039.100000
2022-10-20,44238744,1036.600000
2022-10-21,44238744,1037.500000
2022-10-24,44238744,1028.700000
2022-10-25,44238744,1028.700000
2022-10-26,44238744,1037.200000
2022-10-27,44238744,1034.500000
2022-10-28,44238744,1020.600000
2022-10-31,44238744,1023.800000
2022-11-01,44238744,1036.900000
2022-11-02,44238744,1044.600000
2022-11-03,44238744,1045.600000
2022-11-04,44238744,1059.200000
2022-11-07,44238744,1062.100000
2022-11-08,44238744,1058.900000
2022-11-09,44238744,1056.000000
2022-11-10,44238744,1049.600000
2022-11-11,44238744,1056.900000
2022-11-14,44238744,1056.600000
2022-11-15,44238744,1069.000000
2022-11-16,44238744,1063.200000
2022-11-17,44238744,1060.200000
2022-11-18,44238744,1057.600000
2022-11-21,44238744,1053.800000
2022-11-22,44238744,1046.800000
2022-11-23,44238744,1045.800000
2022-11-24,44238744,1049.700000
2022-11-25,44238744,1046.000000
2022-11-28,44238744,1041.700000
2022-11-29,44238744,1053.800000
2022-11-30,44238744,1055.500000
2022-12-01,44238744,1062.500000
2022-12-02,44238744,1062.000000
2022-12-05,44238744,1071.300000
2022-12-06,44238744,1068.900000
2022-12-07,44238744,1067.100000
2022-12-08,44238744,1069.600000
2022-12-09,44238744,1077.600000
2022-12-12,44238744,1072.300000
2022-12-13,44238744,1066.700000
2022-12-14,44238744,1065.900000
2022-12-15,44238744,1065.900000
2022-12-16,44238744,1062.600000
2022-12-19,44238744,1049.500000
2022-12-20,44238744,1042.900000
2022-12-21,44238744,1041.500000
2022-12-22,44238744,1040.700000
2022-12-23,44238744,1036.500000
2022-12-26,44238744,1045.100000
2022-12-27,44238744,1051.800000
2022-12-28,44238744,1049.000000
2022-12-29,44238744,1047.600000
2022-12-30,44238744,1050.600000
2023-01-03,44238744,1056.900000
2023-01-04,44238744,1056.700000
2023-01-05,44238744,1061.300000
2023-01-06,44238744,1064.300000
2023-01-09,44238744,1069.800000
2023-01-10,44238744,1066.600000
2023-01-11,44238744,1063.300000
2023-01-12,44238744,1064.200000
2023-01-13,44238744,1069.800000
2023-01-16,44238744,1076.200000
2023-01-17,44238744,1077.600000
2023-01-18,44238744,1081.200000
2023-01-19,44238744,1086.000000
2023-01-20,44238744,1092.300000
2023-01-30,44238744,1098.300000
2023-01-31,44238744,1097.400000
2023-02-01,44238744,1106.200000
2023-02-02,44238744,1104.600000
2023-02-03,44238744,1098.500000
2023-02-06,44238744,1089.600000
2023-02-07,44238744,1089.900000
2023-02-08,44238744,1086.000000
2023-02-09,44238744,1094.400000
2023-02-10,44238744,1089.300000
2023-02-13,44238744,1092.400000
2023-02-14,44238744,1092.200000
2023-02-15,44238744,1090.000000
2023-02-16,44238744,1078.500000
2023-02-17,44238744,1073.600000
2023-02-20,44238744,1080.600000
2023-02-21,44238744,1080.600000
2023-02-22,44238744,1079.400000
2023-02-23,44238744,1079.400000
2023-02-24,44238744,1075.400000
2023-02-27,44238744,1073.400000
2023-02-28,44238744,1074.100000
2023-03-01,44238744,1076.800000
2023-03-02,44238744,1073.700000
2023-03-03,44238744,1076.300000
2023-03-06,44238744,1077.100000
2023-03-07,44238744,1068.700000
2023-03-08,44238744,1070.600000
2023-03-09,44238744,1069.100000
2023-03-10,44238744,1063.600000
2023-03-13,44238744,1065.100000
2023-03-14,44238744,1061.100000
2023-03-15,44238744,1064.300000
2023-03-16,44238744,1054.900000
2023-03-17,44238744,1056.500000
2023-03-20,44238744,1054.100000
2023-03-21,44238744,1061.800000
2023-03-22,44238744,1064.100000
2023-03-23,44238744,1067.300000
2023-03-24,44238744,1066.200000
2023-03-27,44238744,1066.500000
2023-03-28,44238744,1058.800000
2023-03-29,44238744,1058.600000
2023-03-30,44238744,1062.000000
2023-03-31,44238744,1066.500000
2023-04-03,44238744,1074.700000
2023-04-04,44238744,1070.200000
2023-04-06,44238744,1071.900000
2023-04-07,44238744,1075.900000
2023-04-10,44238744,1070.000000
2023-04-11,44238744,1072.500000
2023-04-12,44238744,1073.400000
2023-04-13,44238744,1067.400000
2023-04-14,44238744,1071.600000
2023-04-17,44238744,1073.800000
2023-04-18,44238744,1072.700000
2023-04-19,44238744,1070.700000
2023-04-20,44238744,1065.300000
2023-04-21,44238744,1051.700000
2023-04-24,44238744,1046.900000
2023-04-25,44238744,1039.500000
2023-04-26,44238744,1048.000000
2023-04-27,44238744,1047.500000
2023-04-28,44238744,1052.600000
2023-05-04,44238744,1056.000000
2023-05-05,44238744,1050.900000
2023-05-08,44238744,1053.400000
2023-05-09,44238744,1044.300000
2023-05-10,44238744,1045.300000
2023-05-11,44238744,1044.700000
2023-05-12,44238744,1035.400000
2023-05-15,44238744,1043.800000
2023-05-16,44238744,1042.200000
2023-05-17,44238744,1041.200000
2023-05-18,44238744,1041.800000
2023-05-19,44238744,1041.700000
2023-05-22,44238744,1047.600000
2023-05-23,44238744,1043.600000
2023-05-24,44238744,1044.400000
2023-05-25,44238744,1044.500000
2023-05-26,44238744,1043.400000
2023-05-29,44238744,1037.900000
2023-05-30,44238744,1038.300000
2023-05-31,44238744,1033.900000
2023-06-01,44238744,1035.100000
2023-06-02,44238744,1041.700000
2023-06-05,44238744,1040.300000
2023-06-06,44238744,1037.700000
2023-06-07,44238744,1037.400000
2023-06-08,44238744,1036.300000
2023-06-09,44238744,1043.100000
2023-06-12,44238744,1046.200000
2023-06-13,44238744,1048.800000
2023-06-14,44238744,1050.500000
2023-06-15,44238744,1061.000000
2023-06-16,44238744,1069.300000
2023-06-19,44238744,1067.500000
2023-06-20,44238744,1065.100000
2023-06-21,44238744,1054.900000
2023-06-26,44238744,1045.200000
2023-06-27,44238744,1053.800000
2023-06-28,44238744,1050.400000
2023-06-29,44238744,1050.700000
2023-06-30,44238744,1057.900000
2023-07-03,44238744,1064.700000
2023-07-04,44238744,1066.700000
2023-07-05,44238744,1061.800000
2023-07-06,44238744,1061.400000
2023-07-07,44238744,1056.700000
2023-07-10,44238744,1059.700000
2023-07-11,44238744,1065.100000
2023-07-12,44238744,1062.800000
2023-07-13,44238744,1070.900000
2023-07-14,44238744,1070.800000
2023-07-17,44238744,1068.600000
2023-07-18,44238744,1069.200000
2023-07-19,44238744,1068.400000
2023-07-20,44238744,1065.800000
2023-07-21,44238744,1062.900000
2023-07-24,44238744,1060.100000
2023-07-25,44238744,1070.200000
2023-07-26,44238744,1070.900000
2023-07-27,44238744,1071.100000
2023-07-28,44238744,1075.700000
2023-07-31,44238744,1078.700000
2023-08-01,44238744,1076.800000
2023-08-02,44238744,1075.600000
2023-08-03,44238744,1074.900000
2023-08-04,44238744,1078.300000
2023-08-07,44238744,1072.500000
2023-08-08,44238744,1068.100000
2023-08-09,44238744,1063.900000
2023-08-10,44238744,1067.500000
2023-08-11,44238744,1056.600000
2023-08-14,44238744,1053.000000
2023-08-15,44238744,1050.700000
2023-08-16,44238744,1046.100000
2023-08-17,44238744,1050.700000
2023-08-18,44238744,1043.900000
2023-08-21,44238744,1038.300000
2023-08-22,44238744,1039.700000
2023-08-23,44238744,1031.000000
2023-08-24,44238744,1037.100000
2023-08-25,44238744,1029.700000
2023-08-28,44238744,1033.800000
2023-08-29,44238744,1050.500000
2023-08-30,44238744,1054.300000
2023-08-31,44238744,1052.000000
2023-09-01,44238744,1052.400000
2023-09-04,44238744,1060.700000
2023-09-05,44238744,1059.000000
2023-09-06,44238744,1062.800000
2023-09-07,44238744,1049.300000
2023-09-08,44238744,1046.700000
2023-09-11,44238744,1053.600000
2023-09-12,44238744,1054.100000
2023-09-13,44238744,1047.900000
2023-09-14,44238744,1047.000000
2023-09-15,44238744,1049.000000
2023-09-18,44238744,1047.200000
2023-09-19,44238744,1041.800000
2023-09-20,44238744,1038.200000
2023-09-21,44238744,1034.200000
2023-09-22,44238744,1044.500000
2023-09-25,44238744,1041.600000
2023-09-26,44238744,1038.700000
2023-09-27,44238744,1045.400000
2023-09-28,44238744,1047.400000
2023-10-09,44238744,1042.300000
2023-10-10,44238744,1037.300000
2023-10-11,44238744,1037.900000
2023-10-12,44238744,1044.600000
2023-10-13,44238744,1037.600000
2023-10-16,44238744,1032.400000
2023-10-17,44238744,1032.200000
2023-10-18,44238744,1023.900000
2023-10-19,44238744,1015.800000
2023-10-20,44238744,1012.100000
2023-10-23,44238744,1001.200000
2023-10-24,44238744,1006.000000
2023-10-25,44238744,1009.300000
2023-10-26,44238744,1008.600000
2023-10-27,44238744,1020.500000
2023-10-30,44238744,1029.500000
2023-10-31,44238744,1024.000000
2023-11-01,44238744,1023.100000
2023-11-02,44238744,1016.600000
2023-11-03,44238744,1025.700000
2023-11-06,44238744,1041.800000
2023-11-07,44238744,1042.300000
2023-11-08,44238744,1044.900000
2023-11-09,44238744,1042.000000
2023-11-10,44238744,1039.500000
2023-11-13,44238744,1043.000000
2023-11-14,44238744,1044.300000
2023-11-15,44238744,1052.500000
2023-11-16,44238744,1045.100000
2023-11-17,44238744,1048.100000
2023-11-20,44238744,1054.200000
2023-11-21,44238744,1053.200000
2023-11-22,44238744,1049.600000
2023-11-23,44238744,1054.300000
2023-11-24,44238744,1045.800000
2023-11-27,44238744,1047.000000
2023-11-28,44238744,1049.800000
2023-11-29,44238744,1046.400000
2023-11-30,44238744,1044.200000
2023-12-01,44238744,1046.700000
2023-12-04,44238744,1044.400000
2023-12-05,44238744,1032.700000
2023-12-06,44238744,1035.300000
2023-12-07,44238744,1033.000000
2023-12-08,44238744,1026.300000
2023-12-11,44238744,1026.500000
2023-12-12,44238744,1027.100000
2023-12-13,44238744,1021.100000
2023-12-14,44238744,1019.700000
2023-12-15,44238744,1019.700000
2023-12-18,44238744,1011.600000
2023-12-19,44238744,1012.400000
2023-12-20,44238744,1008.300000
2023-12-21,44238744,1016.100000
2023-12-22,44238744,1013.400000
2023-12-25,44238744,1013.100000
2023-12-26,44238744,1006.300000
2023-12-27,44238744,1009.600000
2023-12-28,44238744,1028.800000
2023-12-29,44238744,1033.400000
2024-01-02,44238744,1030.900000
2024-01-03,44238744,1030.100000
2024-01-04,44238744,1024.800000
2024-01-05,44238744,1020.100000
2024-01-08,44238744,1013.800000
2024-01-09,44238744,1017.100000
2024-01-10,44238744,1014.000000
2024-01-11,44238744,1020.100000
2024-01-12,44238744,1016.300000
2024-01-15,44238744,1018.000000
2024-01-16,44238744,1017.200000
2024-01-17,44238744,1005.500000
2024-01-18,44238744,1006.300000
2024-01-19,44238744,1001.500000
2024-01-22,44238744,985.400000
2024-01-23,44238744,989.400000
2024-01-24,44238744,994.900000
2024-01-25,44238744,1008.700000
2024-01-26,44238744,1006.900000
2024-01-29,44238744,998.800000
2024-01-30,44238744,987.400000
2024-01-31,44238744,974.800000
2024-02-01,44238744,971.100000
2024-02-02,44238744,956.600000
2024-02-05,44238744,939.900000
2024-02-06,44238744,953.000000
2024-02-07,44238744,954.700000
2024-02-08,44238744,963.000000
2024-02-19,44238744,972.600000
2024-02-20,44238744,977.800000
2024-02-21,44238744,983.100000
2024-02-22,44238744,989.900000
2024-02-23,44238744,994.300000
2024-02-26,44238744,996.000000
2024-02-27,44238744,1002.100000
2024-02-28,44238744,989.600000
2024-02-29,44238744,999.600000
2024-03-01,44238744,1001.600000
2024-03-04,44238744,1004.900000
2024-03-05,44238744,1001.900000
2024-03-06,44238744,1006.600000
2024-03-07,44238744,1003.300000
2024-03-08,44238744,1009.100000
2024-03-11,44238744,1015.100000
2024-03-12,44238744,1019.500000
2024-03-13,44238744,1019.100000
2024-03-14,44238744,1018.700000
2024-03-15,44238744,1023.600000
2024-03-18,44238744,1030.100000
2024-03-19,44238744,1026.100000
2024-03-20,44238744,1030.100000
2024-03-21,44238744,1035.100000
2024-03-22,44238744,1027.100000
2024-03-25,44238744,1020.300000
2024-03-26,44238744,1022.200000
2024-03-27,44238744,1013.600000
2024-03-28,44238744,1019.700000
2024-03-29,44238744,1025.600000
2024-04-01,44238744,1035.600000
2024-04-02,44238744,1034.600000
2024-04-03,44238744,1033.800000
2024-04-08,44238744,1031.000000
2024-04-09,44238744,1035.200000
2024-04-10,44238744,1032.000000
2024-04-11,44238744,1031.700000
2024-04-12,44238744,1031.200000
2024-04-15,44238744,1029.500000
2024-04-16,44238744,1011.700000
2024-04-17,44238744,1021.900000
2024-04-18,44238744,1021.500000
2024-04-19,44238744,1020.600000
2024-04-22,44238744,1017.300000
2024-04-23,44238744,1013.500000
2024-04-24,44238744,1016.600000
2024-04-25,44238744,1017.200000
2024-04-26,44238744,1021.900000
2024-04-29,44238744,1028.900000
2024-04-30,44238744,1027.900000
2024-05-06,44238744,1037.300000
2024-05-07,44238744,1041.500000
2024-05-08,44238744,1036.500000
2024-05-09,44238744,1041.200000
2024-05-10,44238744,1040.700000
2024-05-13,44238744,1040.300000
2024-05-14,44238744,1041.700000
2024-05-15,44238744,1038.500000
2024-05-16,44238744,1041.300000
2024-05-17,44238744,1047.600000
2024-05-20,44238744,1055.700000
2024-05-21,44238744,1050.300000
2024-05-22,44238744,1051.200000
2024-05-23,44238744,1041.000000
2024-05-24,44238744,1035.600000
2024-05-27,44238744,1039.900000
2024-05-28,44238744,1039.000000
2024-05-29,44238744,1036.200000
2024-05-30,44238744,1032.100000
2024-05-31,44238744,1029.600000
2024-06-03,44238744,1027.700000
2024-06-04,44238744,1026.500000
2024-06-05,44238744,1022.300000
2024-06-06,44238744,1022.100000
2024-06-07,44238744,1025.700000
2024-06-11,44238744,1019.100000
2024-06-12,44238744,1020.900000
2024-06-13,44238744,1020.600000
2024-06-14,44238744,1019.200000
2024-06-17,44238744,1016.800000
2024-06-18,44238744,1018.300000
2024-06-19,44238744,1020.000000
2024-06-20,44238744,1017.700000
2024-06-21,44238744,1016.800000
2024-06-24,44238744,1012.000000
2024-06-25,44238744,1013.800000
2024-06-26,44238744,1017.300000
2024-06-27,44238744,1012.200000
2024-06-28,44238744,1016.000000
2024-07-01,44238744,1015.500000
2024-07-02,44238744,1015.400000
2024-07-03,44238744,1014.700000
2024-07-04,44238744,1012.500000
2024-07-05,44238744,1012.400000
2024-07-08,44238744,1006.900000
2024-07-09,44238744,1012.500000
2024-07-10,44238744,1010.500000
2024-07-11,44238744,1017.800000
2024-07-12,44238744,1018.800000
2024-07-15,44238744,1015.800000
2024-07-16,44238744,1017.500000
2024-07-17,44238744,1016.000000
2024-07-18,44238744,1016.100000
2024-07-19,44238744,1012.900000
2024-07-22,44238744,1010.600000
2024-07-23,44238744,1006.500000
2024-07-24,44238744,1005.700000
2024-07-25,44238744,1002.900000
2024-07-26,44238744,1002.700000
2024-07-29,44238744,1006.800000
2024-07-30,44238744,1007.500000
2024-07-31,44238744,1014.800000
2024-08-01,44238744,1012.800000
2024-08-02,44238744,1008.500000
2024-08-05,44238744,999.500000
2024-08-06,44238744,999.600000
2024-08-07,44238744,1002.200000
2024-08-08,44238744,1001.000000
2024-08-09,44238744,1001.600000
2024-08-12,44238744,1000.400000
2024-08-13,44238744,1004.800000
2024-08-14,44238744,1006.300000
2024-08-15,44238744,1008.400000
2024-08-16,44238744,1009.800000
2024-08-19,44238744,1013.300000
2024-08-20,44238744,1010.300000
2024-08-21,44238744,1006.800000
2024-08-22,44238744,1006.000000
2024-08-23,44238744,1006.800000
2024-08-26,44238744,1009.300000
2024-08-27,44238744,1004.500000
2024-08-28,44238744,1003.800000
2024-08-29,44238744,1003.900000
2024-08-30,44238744,1007.100000
2024-09-02,44238744,1002.100000
2024-09-03,44238744,1006.300000
2024-09-04,44238744,1003.900000
2024-09-05,44238744,1007.000000
2024-09-06,44238744,1005.400000
2024-09-09,44238744,1002.200000
2024-09-10,44238744,1003.100000
2024-09-11,44238744,1003.700000
2024-09-12,44238744,1002.100000
2024-09-13,44238744,1002.800000
2024-09-18,44238744,1007.800000
2024-09-19,44238744,1010.600000
2024-09-20,44238744,1011.900000
2024-09-23,44238744,1013.600000
2024-09-24,44238744,1023.400000
2024-09-25,44238744,1029.500000
2024-09-26,44238744,1046.100000
2024-09-27,44238744,1065.000000
2024-09-30,44238744,1100.400000
2024-10-08,44238744,1124.400000
2024-10-09,44238744,1093.600000
2024-10-10,44238744,1096.600000
2024-10-11,44238744,1084.900000
2024-10-14,44238744,1093.400000
2024-10-15,44238744,1081.500000
2024-10-16,44238744,1081.700000
2024-10-17,44238744,1079.000000
2024-10-18,44238744,1092.400000
2024-10-21,44238744,1094.500000
2024-10-22,44238744,1098.900000
2024-10-23,44238744,1102.600000
2024-10-24,44238744,1097.400000
2024-10-25,44238744,1104.400000
2024-10-28,44238744,1108.800000
2024-10-29,44238744,1103.400000
2024-10-30,44238744,1104.000000
2024-10-31,44238744,1107.600000
2024-11-01,44238744,1100.200000
2024-11-04,44238744,1108.400000
2024-11-05,44238744,1121.200000
2024-11-06,44238744,1119.800000
2024-11-07,44238744,1129.300000
2024-11-08,44238744,1131.800000
2024-11-11,44238744,1140.500000
2024-11-12,44238744,1132.600000
2024-11-13,44238744,1129.600000
2024-11-14,44238744,1118.300000
2024-11-15,44238744,1112.400000
2024-11-18,44238744,1107.100000
2024-11-19,44238744,1116.000000
2024-11-20,44238744,1123.100000
2024-11-21,44238744,1124.300000
2024-11-22,44238744,1111.600000
2024-11-25,44238744,1114.900000
2024-11-26,44238744,1109.400000
2024-11-27,44238744,1117.200000
2024-11-28,44238744,1115.200000
2024-11-29,44238744,1122.800000
2024-12-02,44238744,1133.900000
2024-12-03,44238744,1134.000000
2024-12-04,44238744,1134.200000
2024-12-05,44238744,1135.500000
2024-12-06,44238744,1139.300000
2024-12-09,44238744,1140.500000
2024-12-10,44238744,1145.500000
2024-12-11,44238744,1148.900000
2024-12-12,44238744,1155.000000
2024-12-13,44238744,1146.000000
2024-12-16,44238744,1141.800000
2024-12-17,44238744,1135.000000
2024-12-18,44238744,1137.300000
2024-12-19,44238744,1134.800000
2024-12-20,44238744,1136.100000
2024-12-23,44238744,1131.900000
2024-12-24,44238744,1136.700000
2024-12-25,44238744,1133.800000
2024-12-26,44238744,1136.500000
2024-12-27,44238744,1139.800000
2024-12-30,44238744,1138.100000
2024-12-31,44238744,1132.000000
2025-01-02,44238744,1124.000000
2025-01-03,44238744,1118.500000
2025-01-06,44238744,1116.200000
2025-01-07,44238744,1118.800000
2025-01-08,44238744,1118.400000
2025-01-09,44238744,1118.000000
2025-01-10,44238744,1111.000000
2025-01-13,44238744,1109.400000
2025-01-14,44238744,1124.700000
2025-01-15,44238744,1122.900000
2025-01-16,44238744,1126.100000
2025-01-17,44238744,1129.600000
2025-01-20,44238744,1133.100000
2025-01-21,44238744,1136.500000
2025-01-22,44238744,1133.200000
2025-01-23,44238744,1130.400000
2025-01-24,44238744,1139.000000
2025-01-27,44238744,1137.000000
2025-02-05,44238744,1149.900000
2025-02-06,44238744,1163.000000
2025-02-07,44238744,1169.400000
2025-02-10,44238744,1176.300000
2025-02-11,44238744,1174.700000
2025-02-12,44238744,1180.200000
2025-02-13,44238744,1175.500000
2025-02-14,44238744,1186.900000
2025-02-17,44238744,1188.600000
2025-02-18,44238744,1182.500000
2025-02-19,44238744,1194.300000
2025-02-20,44238744,1194.300000
2025-02-21,44238744,1209.100000
2025-02-24,44238744,1204.300000
2025-02-25,44238744,1197.400000
2025-02-26,44238744,1204.900000
2025-02-27,44238744,1202.100000
2025-02-28,44238744,1184.400000
2025-03-03,44238744,1184.300000
2025-03-04,44238744,1188.900000
2025-03-05,44238744,1195.700000
2025-03-06,44238744,1211.300000
2025-03-07,44238744,1207.600000
2025-03-10,44238744,1205.000000
2025-03-11,44238744,1204.800000
2025-03-12,44238744,1207.000000
2025-03-13,44238744,1201.600000
2025-03-14,44238744,1219.000000
2025-03-17,44238744,1221.100000
2025-03-18,44238744,1228.000000
2025-03-19,44238744,1227.900000
2025-03-20,44238744,1222.400000
2025-03-21,44238744,1210.800000
2025-03-24,44238744,1206.800000
2025-03-25,44238744,1202.000000
2025-03-26,44238744,1208.200000
2025-03-27,44238744,1208.300000
2025-03-28,44238744,1207.000000
2025-03-31,44238744,1203.500000
2025-04-01,44238744,1208.100000
2025-04-02,44238744,1210.500000
2025-04-03,44238744,1207.700000
2025-04-07,44238744,1155.600000
2025-04-08,44238744,1160.800000
2025-04-09,44238744,1172.400000
2025-04-10,44238744,1185.700000
2025-04-11,44238744,1194.900000
2025-04-14,44238744,1203.100000
2025-04-15,44238744,1202.400000
2025-04-16,44238744,1201.000000
2025-04-17,44238744,1206.300000
2025-04-18,44238744,1205.800000
2025-04-21,44238744,1213.100000
2025-04-22,44238744,1220.600000
2025-04-23,44238744,1222.100000
2025-04-24,44238744,1216.500000
2025-04-25,44238744,1217.900000
2025-04-28,44238744,1213.100000
2025-04-29,44238744,1218.000000
2025-04-30,44238744,1221.500000
2025-05-06,44238744,1235.400000
2025-05-07,44238744,1235.400000
2025-05-08,44238744,1241.100000
2025-05-09,44238744,1236.400000
2025-05-12,44238744,1241.000000
2025-05-13,44238744,1236.200000
2025-05-14,44238744,1240.700000
2025-05-15,44238744,1232.300000
2025-05-16,44238744,1233.000000
2025-05-19,44238744,1233.300000
2025-05-20,44238744,1238.300000
2025-05-21,44238744,1241.100000
2025-05-22,44238744,1235.800000
2025-05-23,44238744,1233.100000
2025-05-26,44238744,1230.200000
2025-05-27,44238744,1231.700000
2025-05-28,44238744,1230.600000
2025-05-29,44238744,1240.900000
2025-05-30,44238744,1234.800000
2025-06-03,44238744,1240.000000
2025-06-04,44238744,1243.000000
2025-06-05,44238744,1246.200000
2025-06-06,44238744,1244.700000
2025-06-09,44238744,1250.300000
2025-06-10,44238744,1248.400000
2025-06-11,44238744,1252.900000
2025-06-12,44238744,1254.600000
2025-06-13,44238744,1250.500000
2025-06-16,44238744,1254.000000
2025-06-17,44238744,1250.400000
2025-06-18,44238744,1248.600000
2025-06-19,44238744,1239.200000
2025-06-20,44238744,1236.700000
2025-06-23,44238744,1241.600000
2025-06-24,44238744,1248.800000
2025-06-25,44238744,1256.800000
2025-06-26,44238744,1254.800000
2025-06-27,44238744,1255.400000
2025-06-30,44238744,1256.800000
2025-07-01,44238744,1259.600000
2025-07-02,44238744,1260.800000
2025-07-03,44238744,1265.000000
2025-07-04,44238744,1263.200000
2025-07-07,44238744,1260.500000
2025-07-08,44238744,1266.200000
2025-07-09,44238744,1262.600000
2025-07-10,44238744,1264.000000
2025-07-11,44238744,1267.500000
2025-07-14,44238744,1270.600000
2025-07-15,44238744,1271.100000
2025-07-16,44238744,1274.700000
2025-07-17,44238744,1281.200000
2025-07-18,44238744,1287.900000
2025-07-21,44238744,1295.800000
2025-07-22,44238744,1301.200000
2025-07-23,44238744,1304.300000
2025-07-24,44238744,1309.000000
2025-07-25,44238744,1308.000000
2025-07-28,44238744,1307.400000
2025-07-29,44238744,1307.500000
2025-07-30,44238744,1305.600000
2025-07-31,44238744,1294.800000
2025-08-01,44238744,1291.900000
2025-08-04,44238744,1298.300000
2025-08-05,44238744,1304.500000
2025-08-06,44238744,1306.600000
2025-08-07,44238744,1306.200000
2025-08-08,44238744,1307.100000
2025-08-11,44238744,1310.900000
2025-08-12,44238744,1310.300000
2025-08-13,44238744,1319.400000
2025-08-14,44238744,1314.100000
2025-08-15,44238744,1320.800000
2025-08-18,44238744,1328.900000
2025-08-19,44238744,1328.500000
2025-08-20,44238744,1331.200000
2025-08-21,44238744,1332.900000
2025-08-22,44238744,1340.900000
2025-08-25,44238744,1353.100000
2025-08-26,44238744,1352.700000
2025-08-27,44238744,1337.700000
2025-08-28,44238744,1339.200000
2025-08-29,44238744,1343.600000
2025-09-01,44238744,1353.000000
2025-09-02,44238744,1345.700000
2025-09-03,44238744,1341.800000
2025-09-04,44238744,1331.200000
2025-09-05,44238744,1345.100000
2025-09-08,44238744,1352.800000
2025-09-09,44238744,1350.400000
2025-09-10,44238744,1349.600000
2025-09-11,44238744,1358.500000
2025-09-12,44238744,1360.100000
2025-09-15,44238744,1358.900000
2025-09-16,44238744,1360.900000
2025-09-17,44238744,1366.200000
2025-09-18,44238744,1356.300000
2025-09-19,44238744,1352.500000
2025-09-22,44238744,1359.600000
2025-09-23,44238744,1358.600000
2025-09-24,44238744,1365.700000
2025-09-25,44238744,1367.400000
2025-09-26,44238744,1360.600000
2025-09-29,44238744,1371.800000
2025-09-30,44238744,1381.200000
2025-10-09,44238744,1401.200000
2025-10-10,44238744,1384.300000
2025-10-13,44238744,1376.900000
2025-10-14,44238744,1369.700000
2025-10-15,44238744,1382.100000
2025-10-16,44238744,1381.900000
2025-10-17,44238744,1369.500000
2025-10-20,44238744,1371.000000
2025-10-21,44238744,1382.700000
2025-10-22,44238744,1372.000000
2025-10-23,44238744,1369.800000
2025-10-24,44238744,1382.000000
2025-10-27,44238744,1392.400000
2025-10-28,44238744,1387.400000
2025-10-29,44238744,1393.700000
2025-10-30,44238744,1389.600000
2025-10-31,44238744,1386.100000
2025-11-03,44238744,1387.600000
2025-11-04,44238744,1377.300000
2025-11-05,44238744,1378.400000
2025-11-06,44238744,1388.300000
2025-11-07,44238744,1384.200000
2025-11-10,44238744,1390.100000
2025-11-11,44238744,1391.300000
2025-11-12,44238744,1390.600000
2025-11-13,44238744,1399.600000
2025-11-14,44238744,1392.000000
2025-11-17,44238744,1384.600000
2025-11-18,44238744,1376.900000
2025-11-19,44238744,1376.500000
2025-11-20,44238744,1375.300000
2025-11-21,44238744,1355.600000
2025-11-24,44238744,1361.200000
2025-11-25,44238744,1367.200000
2025-11-26,44238744,1366.700000
2025-11-27,44238744,1363.700000
2025-11-28,44238744,1368.900000
2025-12-01,44238744,1377.500000
2025-12-02,44238744,1373.600000
2025-12-03,44238744,1369.600000
2025-12-04,44238744,1368.300000
2025-12-05,44238744,1378.000000
2025-12-08,44238744,1386.300000
2025-12-09,44238744,1379.500000
2025-12-10,44238744,1380.600000
2025-12-11,44238744,1374.900000
2025-12-12,44238744,1384.300000
2025-12-15,44238744,1376.900000
2025-12-16,44238744,1364.500000
2025-12-17,44238744,1377.400000
2025-12-18,44238744,1375.000000
2025-12-19,44238744,1382.600000
2025-12-22,44238744,1391.700000
2025-12-23,44238744,1396.200000
2025-12-24,44238744,1403.600000
2025-12-25,44238744,1408.100000
2025-12-26,44238744,1413.100000
2025-12-29,44238744,1405.500000
2025-12-30,44238744,1401.600000
2025-12-31,44238744,1398.000000
2026-01-05,44238744,1418.800000
2026-01-06,44238744,1434.800000
2026-01-07,44238744,1438.400000
2026-01-08,44238744,1432.500000
2026-01-09,44238744,1441.600000
2026-01-12,44238744,1464.000000
2026-01-13,44238744,1459.800000
2026-01-14,44238744,1475.700000
2026-01-15,44238744,1475.800000
2026-01-16,44238744,1473.400000
2026-01-19,44238744,1476.300000
2026-01-20,44238744,1476.100000
2026-01-21,44238744,1490.000000
2026-01-22,44238744,1496.000000
2026-01-23,44238744,1511.100000
2026-01-26,44238744,1518.700000
2026-01-27,44238744,1523.400000
2026-01-28,44238744,1531.000000
2026-01-29,44238744,1545.900000
2026-01-30,44238744,1526.800000
2026-02-02,44238744,1466.600000
2026-02-03,44238744,1482.400000
2026-02-04,44238744,1493.500000
2026-02-05,44238744,1480.300000
2026-02-06,44238744,1472.100000
2026-02-09,44238744,1490.700000
2026-02-10,44238744,1492.500000
2026-02-11,44238744,1496.700000
2026-02-12,44238744,1504.200000
2026-02-13,44238744,1486.000000
2026-02-24,44238744,1500.300000
2026-02-25,44238744,1507.400000
2026-02-26,44238744,1507.200000
2026-02-27,44238744,1513.000000
2026-03-02,44238744,1514.300000
2026-03-03,44238744,1488.200000
2026-03-04,44238744,1478.700000
2026-03-05,44238744,1484.500000
2026-03-06,44238744,1489.400000
2026-03-09,44238744,1478.900000
2026-03-10,44238744,1490.800000
2026-03-11,44238744,1492.500000
2026-03-12,44238744,1490.900000
2026-03-13,44238744,1484.000000
2026-03-16,44238744,1479.100000
2026-03-17,44238744,1467.200000
2026-03-18,44238744,1471.000000
2026-03-19,44238744,1451.000000
2026-03-20,44238744,1435.900000
2026-03-23,44238744,1411.600000
2026-03-24,44238744,1424.100000
2026-03-25,44238744,1431.600000
2026-03-26,44238744,1423.300000
2026-03-27,44238744,1430.600000
2026-03-30,44238744,1433.600000
2026-03-31,44238744,1423.400000
2026-04-01,44238744,1432.100000
2026-04-02,44238744,1422.600000
2026-04-03,44238744,1418.300000
2026-04-07,44238744,1424.300000
2026-04-08,44238744,1444.200000
2026-04-09,44238744,1437.500000
2026-04-10,44238744,1445.200000
2026-04-13,44238744,1443.500000
2026-04-14,44238744,1452.100000
2026-04-15,44238744,1454.700000
2026-04-16,44238744,1466.900000
2026-04-17,44238744,1466.800000
2026-04-20,44238744,1471.200000
2026-04-21,44238744,1470.200000
2026-04-22,44238744,1475.700000
2026-04-23,44238744,1470.100000
2026-04-24,44238744,1469.200000
2026-04-27,44238744,1469.100000
2026-04-28,44238744,1464.500000
2026-04-29,44238744,1473.500000
2026-04-30,44238744,1473.200000
2026-05-06,44238744,1488.700000
2026-05-07,44238744,1494.300000
2026-05-08,44238744,1492.200000
2026-05-11,44238744,1502.400000
2026-05-12,44238744,1503.000000
2026-05-13,44238744,1511.800000
2026-05-14,44238744,1497.900000
2026-05-15,44238744,1479.400000
2026-05-18,44238744,1475.300000
2026-05-19,44238744,1482.100000
2026-05-20,44238744,1482.900000
2026-05-21,44238744,1465.500000
2026-05-22,44238744,1475.800000
2026-05-25,44238744,1481.800000
2026-05-26,44238744,1474.900000
2026-05-27,44238744,1466.200000
2026-05-28,44238744,1466.800000
2026-05-29,44238744,1459.600000
2026-06-01,44238744,1458.900000
2026-06-02,44238744,1465.500000
2026-06-03,44238744,1466.600000
2026-06-04,44238744,1463.000000
2026-06-05,44238744,1452.200000
2026-06-08,44238744,1432.100000
2026-06-09,44238744,1440.700000
2026-06-10,44238744,1428.600000
2026-06-11,44238744,1423.800000
2026-06-12,44238744,1429.800000
2026-06-15,44238744,1444.800000
2026-06-16,44238744,1448.300000
2026-06-17,44238744,1452.100000
2026-06-18,44238744,1452.400000
2026-06-22,44238744,1459.800000
2026-06-23,44238744,1442.200000
2026-06-24,44238744,1445.600000
2026-06-25,44238744,1447.400000
2026-06-26,44238744,1434.100000
2026-06-29,44238744,1441.400000
2026-06-30,44238744,1448.700000
2026-07-01,44238744,1447.500000
2026-07-02,44238744,1431.600000
2026-07-03,44238744,1435.400000
2026-07-06,44238744,1433.300000
2018-01-02,46800542,4959.103400
2018-01-03,46800542,4995.413100
2018-01-04,46800542,5013.848200
2018-01-05,46800542,5020.489700
2018-01-08,46800542,5038.762600
2018-01-09,46800542,5054.532000
2018-01-10,46800542,5049.199000
2018-01-11,46800542,5058.450400
2018-01-12,46800542,5057.908500
2018-01-15,46800542,4996.063800
2018-01-16,46800542,5030.060600
2018-01-17,46800542,5016.003000
2018-01-18,46800542,5035.335700
2018-01-19,46800542,5036.990500
2018-01-22,46800542,5091.001900
2018-01-23,46800542,5121.189600
2018-01-24,46800542,5139.490200
2018-01-25,46800542,5120.394000
2018-01-26,46800542,5126.611600
2018-01-29,46800542,5048.667500
2018-01-30,46800542,5017.204900
2018-01-31,46800542,4974.345300
2018-02-01,46800542,4864.457000
2018-02-02,46800542,4874.809700
2018-02-05,46800542,4868.812700
2018-02-06,46800542,4680.828700
2018-02-07,46800542,4627.095300
2018-02-08,46800542,4629.539700
2018-02-09,46800542,4457.455900
2018-02-12,46800542,4540.006000
2018-02-13,46800542,4574.791000
2018-02-14,46800542,4600.607500
2018-02-22,46800542,4692.032800
2018-02-23,46800542,4709.726600
2018-02-26,46800542,4787.195200
2018-02-27,46800542,4752.894400
2018-02-28,46800542,4739.074100
2018-03-01,46800542,4782.653400
2018-03-02,46800542,4751.941800
2018-03-05,46800542,4761.894800
2018-03-06,46800542,4816.918000
2018-03-07,46800542,4781.962600
2018-03-08,46800542,4822.682900
2018-03-09,46800542,4876.459900
2018-03-12,46800542,4923.429800
2018-03-13,46800542,4889.924600
2018-03-14,46800542,4854.001500
2018-03-15,46800542,4860.068000
2018-03-16,46800542,4828.502100
2018-03-19,46800542,4843.587000
2018-03-20,46800542,4851.732000
2018-03-21,46800542,4825.002900
2018-03-22,46800542,4796.095200
2018-03-23,46800542,4604.898000
2018-03-26,46800542,4627.558300
2018-03-27,46800542,4703.100600
2018-03-28,46800542,4643.248000
2018-03-29,46800542,4693.302100
2018-03-30,46800542,4731.030100
2018-04-02,46800542,4732.829400
2018-04-03,46800542,4695.684900
2018-04-04,46800542,4676.613200
2018-04-09,46800542,4677.968200
2018-04-10,46800542,4728.029700
2018-04-11,46800542,4747.468400
2018-04-12,46800542,4711.480500
2018-04-13,46800542,4688.622700
2018-04-16,46800542,4643.919300
2018-04-17,46800542,4558.222600
2018-04-18,46800542,4598.060200
2018-04-19,46800542,4634.659300
2018-04-20,46800542,4556.710900
2018-04-23,46800542,4537.200300
2018-04-24,46800542,4632.398700
2018-04-25,46800542,4630.343100
2018-04-26,46800542,4543.782400
2018-04-27,46800542,4548.421600
2018-05-02,46800542,4546.119200
2018-05-03,46800542,4584.598200
2018-05-04,46800542,4571.396800
2018-05-07,46800542,4647.060600
2018-05-08,46800542,4685.094200
2018-05-09,46800542,4679.337300
2018-05-10,46800542,4701.328200
2018-05-11,46800542,4666.496500
2018-05-14,46800542,4675.590300
2018-05-15,46800542,4707.890800
2018-05-16,46800542,4681.094700
2018-05-17,46800542,4653.771100
2018-05-18,46800542,4685.899300
2018-05-21,46800542,4726.073600
2018-05-22,46800542,4727.236300
2018-05-23,46800542,4670.015200
2018-05-24,46800542,4646.787000
2018-05-25,46800542,4614.473800
2018-05-28,46800542,4609.739800
2018-05-29,46800542,4572.152500
2018-05-30,46800542,4454.458900
2018-05-31,46800542,4533.672900
2018-06-01,46800542,4488.922600
2018-06-04,46800542,4505.853900
2018-06-05,46800542,4564.617200
2018-06-06,46800542,4562.441500
2018-06-07,46800542,4542.529400
2018-06-08,46800542,4486.633500
2018-06-11,46800542,4468.835500
2018-06-12,46800542,4515.124300
2018-06-13,46800542,4457.358200
2018-06-14,46800542,4439.194700
2018-06-15,46800542,4380.660300
2018-06-19,46800542,4161.511200
2018-06-20,46800542,4192.048300
2018-06-21,46800542,4120.402100
2018-06-22,46800542,4157.464700
2018-06-25,46800542,4118.834100
2018-06-26,46800542,4117.621800
2018-06-27,46800542,4059.234600
2018-06-28,46800542,4016.751700
2018-06-29,46800542,4127.947300
2018-07-02,46800542,4039.638900
2018-07-03,46800542,4064.365700
2018-07-04,46800542,4002.473200
2018-07-05,46800542,3936.304300
2018-07-06,46800542,3956.616700
2018-07-09,46800542,4054.384700
2018-07-10,46800542,4073.248800
2018-07-11,46800542,3994.516100
2018-07-12,46800542,4089.319800
2018-07-13,46800542,4105.060000
2018-07-16,46800542,4092.132400
2018-07-17,46800542,4081.079900
2018-07-18,46800542,4058.649400
2018-07-19,46800542,4036.144200
2018-07-20,46800542,4096.519000
2018-07-23,46800542,4130.116500
2018-07-24,46800542,4196.101300
2018-07-25,46800542,4196.986600
2018-07-26,46800542,4164.487600
2018-07-27,46800542,4144.356700
2018-07-30,46800542,4112.020200
2018-07-31,46800542,4114.430400
2018-08-01,46800542,4041.437600
2018-08-02,46800542,3950.318900
2018-08-03,46800542,3892.884700
2018-08-06,46800542,3828.141900
2018-08-07,46800542,3933.118900
2018-08-08,46800542,3871.354900
2018-08-09,46800542,3963.803400
2018-08-10,46800542,3979.613000
2018-08-13,46800542,3978.557200
2018-08-14,46800542,3962.882300
2018-08-15,46800542,3876.455700
2018-08-16,46800542,3846.746500
2018-08-17,46800542,3785.012500
2018-08-20,46800542,3814.697700
2018-08-21,46800542,3870.747300
2018-08-22,46800542,3838.794000
2018-08-23,46800542,3856.647200
2018-08-24,46800542,3854.986100
2018-08-27,46800542,3942.599300
2018-08-28,46800542,3941.585900
2018-08-29,46800542,3922.184500
2018-08-30,46800542,3871.935900
2018-08-31,46800542,3842.138000
2018-09-03,46800542,3836.321900
2018-09-04,46800542,3881.623400
2018-09-05,46800542,3814.906300
2018-09-06,46800542,3786.487300
2018-09-07,46800542,3798.582200
2018-09-10,46800542,3736.497500
2018-09-11,46800542,3734.408600
2018-09-12,46800542,3719.207200
2018-09-13,46800542,3752.722100
2018-09-14,46800542,3737.701300
2018-09-17,46800542,3688.771600
2018-09-18,46800542,3757.593400
2018-09-19,46800542,3803.232600
2018-09-20,46800542,3797.688400
2018-09-21,46800542,3880.923500
2018-09-25,46800542,3858.001500
2018-09-26,46800542,3888.686200
2018-09-27,46800542,3854.203900
2018-09-28,46800542,3890.828800
2018-10-08,46800542,3743.299000
2018-10-09,46800542,3742.429800
2018-10-10,46800542,3739.299600
2018-10-11,46800542,3519.583100
2018-10-12,46800542,3536.765000
2018-10-15,46800542,3485.709300
2018-10-16,46800542,3434.871200
2018-10-17,46800542,3457.699700
2018-10-18,46800542,3365.192900
2018-10-19,46800542,3454.343100
2018-10-22,46800542,3612.094600
2018-10-23,46800542,3534.325200
2018-10-24,46800542,3536.824800
2018-10-25,46800542,3531.767900
2018-10-26,46800542,3523.351100
2018-10-29,46800542,3441.131800
2018-10-30,46800542,3476.457700
2018-10-31,46800542,3527.417000
2018-11-01,46800542,3550.300800
2018-11-02,46800542,3666.590300
2018-11-05,46800542,3659.792100
2018-11-06,46800542,3647.730300
2018-11-07,46800542,3629.485400
2018-11-08,46800542,3617.044600
2018-11-09,46800542,3584.880200
2018-11-12,46800542,3654.317400
2018-11-13,46800542,3706.817900
2018-11-14,46800542,3685.255700
2018-11-15,46800542,3737.164400
2018-11-16,46800542,3763.271400
2018-11-19,46800542,3790.919400
2018-11-20,46800542,3695.866200
2018-11-21,46800542,3712.113900
2018-11-22,46800542,3705.259800
2018-11-23,46800542,3589.671600
2018-11-26,46800542,3584.875300
2018-11-27,46800542,3593.595500
2018-11-28,46800542,3638.573600
2018-11-29,46800542,3574.193300
2018-11-30,46800542,3606.101700
2018-12-03,46800542,3713.230800
2018-12-04,46800542,3730.490800
2018-12-05,46800542,3709.250200
2018-12-06,46800542,3634.913800
2018-12-07,46800542,3634.569400
2018-12-10,46800542,3592.659300
2018-12-11,46800542,3615.976300
2018-12-12,46800542,3622.323300
2018-12-13,46800542,3667.964900
2018-12-14,46800542,3592.524000
2018-12-17,46800542,3587.441300
2018-12-18,46800542,3558.054500
2018-12-19,46800542,3513.791400
2018-12-20,46800542,3507.110200
2018-12-21,46800542,3472.688300
2018-12-24,46800542,3493.415100
2018-12-25,46800542,3462.991000
2018-12-26,46800542,3449.184800
2018-12-27,46800542,3418.064400
2018-12-28,46800542,3432.384700
2019-01-02,46800542,3399.401500
2019-01-03,46800542,3387.132700
2019-01-04,46800542,3470.282900
2019-01-07,46800542,3515.168600
2019-01-08,46800542,3508.522800
2019-01-09,46800542,3531.769000
2019-01-10,46800542,3524.878400
2019-01-11,46800542,3551.331800
2019-01-14,46800542,3526.085100
2019-01-15,46800542,3581.502300
2019-01-16,46800542,3578.336700
2019-01-17,46800542,3552.915400
2019-01-18,46800542,3598.429000
2019-01-21,46800542,3618.472600
2019-01-22,46800542,3573.468500
2019-01-23,46800542,3575.288800
2019-01-24,46800542,3594.081800
2019-01-25,46800542,3598.602200
2019-01-28,46800542,3587.450300
2019-01-29,46800542,3565.380800
2019-01-30,46800542,3527.593300
2019-01-31,46800542,3523.618800
2019-02-01,46800542,3596.022100
2019-02-11,46800542,3676.884700
2019-02-12,46800542,3712.627100
2019-02-13,46800542,3782.005500
2019-02-14,46800542,3793.496200
2019-02-15,46800542,3752.465100
2019-02-18,46800542,3877.186700
2019-02-19,46800542,3880.090700
2019-02-20,46800542,3890.475600
2019-02-21,46800542,3880.611700
2019-02-22,46800542,3968.879600
2019-02-25,46800542,4190.941600
2019-02-26,46800542,4163.034100
2019-02-27,46800542,4153.492700
2019-02-28,46800542,4153.511000
2019-03-01,46800542,4215.702600
2019-03-04,46800542,4283.160600
2019-03-05,46800542,4355.333900
2019-03-06,46800542,4418.612800
2019-03-07,46800542,4429.100600
2019-03-08,46800542,4249.732300
2019-03-11,46800542,4378.606100
2019-03-12,46800542,4439.947400
2019-03-13,46800542,4371.187100
2019-03-14,46800542,4293.603400
2019-03-15,46800542,4351.431600
2019-03-18,46800542,4466.546400
2019-03-19,46800542,4465.179000
2019-03-20,46800542,4463.550600
2019-03-21,46800542,4491.138300
2019-03-22,46800542,4499.541300
2019-03-25,46800542,4424.288700
2019-03-26,46800542,4338.564600
2019-03-27,46800542,4379.489800
2019-03-28,46800542,4340.159900
2019-03-29,46800542,4487.715700
2019-04-01,46800542,4630.368200
2019-04-02,46800542,4640.311700
2019-04-03,46800542,4693.086800
2019-04-04,46800542,4727.665800
2019-04-08,46800542,4715.082800
2019-04-09,46800542,4732.119500
2019-04-10,46800542,4735.919600
2019-04-11,46800542,4639.402600
2019-04-12,46800542,4632.009500
2019-04-15,46800542,4603.317100
2019-04-16,46800542,4713.150600
2019-04-17,46800542,4733.719900
2019-04-18,46800542,4711.322600
2019-04-19,46800542,4756.541500
2019-04-22,46800542,4674.145200
2019-04-23,46800542,4630.581100
2019-04-24,46800542,4661.452000
2019-04-25,46800542,4518.357800
2019-04-26,46800542,4460.678200
2019-04-29,46800542,4393.831000
2019-04-30,46800542,4422.488800
2019-05-06,46800542,4127.646900
2019-05-07,46800542,4175.395500
2019-05-08,46800542,4135.553100
2019-05-09,46800542,4076.631200
2019-05-10,46800542,4226.023600
2019-05-13,46800542,4173.602400
2019-05-14,46800542,4144.958800
2019-05-15,46800542,4238.461300
2019-05-16,46800542,4261.682600
2019-05-17,46800542,4134.630400
2019-05-20,46800542,4108.348900
2019-05-21,46800542,4173.076800
2019-05-22,46800542,4152.645700
2019-05-23,46800542,4068.805300
2019-05-24,46800542,4056.537100
2019-05-27,46800542,4136.645600
2019-05-28,46800542,4159.750300
2019-05-29,46800542,4159.968000
2019-05-30,46800542,4133.989700
2019-05-31,46800542,4123.512600
2019-06-03,46800542,4097.772100
2019-06-04,46800542,4048.273900
2019-06-05,46800542,4046.655200
2019-06-06,46800542,3980.937500
2019-06-10,46800542,4029.532300
2019-06-11,46800542,4163.947100
2019-06-12,46800542,4137.196500
2019-06-13,46800542,4144.815600
2019-06-14,46800542,4086.127200
2019-06-17,46800542,4086.035400
2019-06-18,46800542,4091.929800
2019-06-19,46800542,4146.928000
2019-06-20,46800542,4246.828000
2019-06-21,46800542,4282.068300
2019-06-24,46800542,4286.136600
2019-06-25,46800542,4242.498500
2019-06-26,46800542,4235.800800
2019-06-27,46800542,4275.796400
2019-06-28,46800542,4244.083700
2019-07-01,46800542,4367.708000
2019-07-02,46800542,4366.224100
2019-07-03,46800542,4320.956800
2019-07-04,46800542,4300.961400
2019-07-05,46800542,4319.951900
2019-07-08,46800542,4198.237800
2019-07-09,46800542,4198.807100
2019-07-10,46800542,4180.303800
2019-07-11,46800542,4178.877500
2019-07-12,46800542,4198.080500
2019-07-15,46800542,4228.491700
2019-07-16,46800542,4222.117000
2019-07-17,46800542,4221.560300
2019-07-18,46800542,4165.073600
2019-07-19,46800542,4199.316200
2019-07-22,46800542,4133.446900
2019-07-23,46800542,4159.726300
2019-07-24,46800542,4199.816200
2019-07-25,46800542,4224.529900
2019-07-26,46800542,4231.389500
2019-07-29,46800542,4228.459700
2019-07-30,46800542,4247.247000
2019-07-31,46800542,4214.718600
2019-08-01,46800542,4186.129200
2019-08-02,46800542,4124.285000
2019-08-05,46800542,4059.752100
2019-08-06,46800542,3988.351100
2019-08-07,46800542,3972.809700
2019-08-08,46800542,4013.866100
2019-08-09,46800542,3971.527800
2019-08-12,46800542,4042.231400
2019-08-13,46800542,4012.557800
2019-08-14,46800542,4033.876100
2019-08-15,46800542,4049.170000
2019-08-16,46800542,4068.248700
2019-08-19,46800542,4174.705000
2019-08-20,46800542,4175.612900
2019-08-21,46800542,4174.076000
2019-08-22,46800542,4187.496600
2019-08-23,46800542,4201.724200
2019-08-26,46800542,4156.743200
2019-08-27,46800542,4221.434500
2019-08-28,46800542,4210.112100
2019-08-29,46800542,4204.128100
2019-08-30,46800542,4184.784300
2019-09-02,46800542,4261.569300
2019-09-03,46800542,4278.917700
2019-09-04,46800542,4314.095200
2019-09-05,46800542,4355.553400
2019-09-06,46800542,4376.662100
2019-09-09,46800542,4436.613400
2019-09-10,46800542,4429.086800
2019-09-11,46800542,4398.023800
2019-09-12,46800542,4433.933300
2019-09-16,46800542,4433.122800
2019-09-17,46800542,4346.208500
2019-09-18,46800542,4358.247500
2019-09-19,46800542,4388.883800
2019-09-20,46800542,4398.236800
2019-09-23,46800542,4354.397900
2019-09-24,46800542,4366.947500
2019-09-25,46800542,4311.006000
2019-09-26,46800542,4236.995300
2019-09-27,46800542,4259.778500
2019-09-30,46800542,4214.395800
2019-10-08,46800542,4229.687100
2019-10-09,46800542,4250.476200
2019-10-10,46800542,4296.682100
2019-10-11,46800542,4322.160400
2019-10-14,46800542,4376.853900
2019-10-15,46800542,4340.138500
2019-10-16,46800542,4321.700200
2019-10-17,46800542,4320.671600
2019-10-18,46800542,4261.829300
2019-10-21,46800542,4260.578000
2019-10-22,46800542,4292.534000
2019-10-23,46800542,4263.301900
2019-10-24,46800542,4259.941900
2019-10-25,46800542,4289.741500
2019-10-28,46800542,4346.557800
2019-10-29,46800542,4309.469600
2019-10-30,46800542,4275.876700
2019-10-31,46800542,4253.924600
2019-11-01,46800542,4311.052900
2019-11-04,46800542,4336.188100
2019-11-05,46800542,4358.004600
2019-11-06,46800542,4328.754300
2019-11-07,46800542,4346.054100
2019-11-08,46800542,4329.009900
2019-11-11,46800542,4239.607000
2019-11-12,46800542,4244.050400
2019-11-13,46800542,4237.775300
2019-11-14,46800542,4254.662900
2019-11-15,46800542,4216.292400
2019-11-18,46800542,4246.915900
2019-11-19,46800542,4304.117500
2019-11-20,46800542,4269.601000
2019-11-21,46800542,4257.108600
2019-11-22,46800542,4212.931700
2019-11-25,46800542,4222.530800
2019-11-26,46800542,4226.887700
2019-11-27,46800542,4219.444300
2019-11-28,46800542,4205.781600
2019-11-29,46800542,4186.179400
2019-12-02,46800542,4194.202200
2019-12-03,46800542,4213.991900
2019-12-04,46800542,4214.516900
2019-12-05,46800542,4252.457200
2019-12-06,46800542,4280.513200
2019-12-09,46800542,4282.458400
2019-12-10,46800542,4296.032400
2019-12-11,46800542,4290.453600
2019-12-12,46800542,4280.611800
2019-12-13,46800542,4350.470400
2019-12-16,46800542,4396.999300
2019-12-17,46800542,4454.792100
2019-12-18,46800542,4450.001900
2019-12-19,46800542,4454.779500
2019-12-20,46800542,4426.582800
2019-12-23,46800542,4353.553000
2019-12-24,46800542,4402.063000
2019-12-25,46800542,4410.823000
2019-12-26,46800542,4446.553000
2019-12-27,46800542,4428.684600
2019-12-30,46800542,4480.349500
2019-12-31,46800542,4500.125800
2020-01-02,46800542,4571.722200
2020-01-03,46800542,4576.544800
2020-01-06,46800542,4585.950700
2020-01-07,46800542,4633.317300
2020-01-08,46800542,4575.360000
2020-01-09,46800542,4639.859300
2020-01-10,46800542,4633.424200
2020-01-13,46800542,4685.457600
2020-01-14,46800542,4672.652800
2020-01-15,46800542,4654.923500
2020-01-16,46800542,4641.216000
2020-01-17,46800542,4637.269200
2020-01-20,46800542,4684.629200
2020-01-21,46800542,4619.532500
2020-01-22,46800542,4641.994900
2020-01-23,46800542,4488.966900
2020-02-03,46800542,4121.601700
2020-02-04,46800542,4192.971900
2020-02-05,46800542,4273.038600
2020-02-06,46800542,4376.693100
2020-02-07,46800542,4397.210800
2020-02-10,46800542,4434.627800
2020-02-11,46800542,4442.575400
2020-02-12,46800542,4502.190500
2020-02-13,46800542,4468.198100
2020-02-14,46800542,4487.780600
2020-02-17,46800542,4612.980800
2020-02-18,46800542,4640.623600
2020-02-19,46800542,4618.011700
2020-02-20,46800542,4716.298500
2020-02-21,46800542,4751.460000
2020-02-24,46800542,4780.259700
2020-02-25,46800542,4784.122400
2020-02-26,46800542,4694.394500
2020-02-27,46800542,4704.975200
2020-02-28,46800542,4492.997900
2020-03-02,46800542,4655.569100
2020-03-03,46800542,4696.985900
2020-03-04,46800542,4721.661900
2020-03-05,46800542,4812.547600
2020-03-06,46800542,4764.239700
2020-03-09,46800542,4592.977700
2020-03-10,46800542,4698.095000
2020-03-11,46800542,4637.044700
2020-03-12,46800542,4547.238600
2020-03-13,46800542,4494.550000
2020-03-16,46800542,4296.901700
2020-03-17,46800542,4283.765600
2020-03-18,46800542,4206.621700
2020-03-19,46800542,4195.450400
2020-03-20,46800542,4257.000700
2020-03-23,46800542,4095.335600
2020-03-24,46800542,4189.860400
2020-03-25,46800542,4297.525300
2020-03-26,46800542,4263.539000
2020-03-27,46800542,4257.797000
2020-03-30,46800542,4190.858600
2020-03-31,46800542,4202.254600
2020-04-01,46800542,4185.806300
2020-04-02,46800542,4269.752000
2020-04-03,46800542,4244.738900
2020-04-07,46800542,4362.258800
2020-04-08,46800542,4357.025600
2020-04-09,46800542,4385.678800
2020-04-10,46800542,4319.355500
2020-04-13,46800542,4290.773900
2020-04-14,46800542,4378.073200
2020-04-15,46800542,4350.687400
2020-04-16,46800542,4368.838200
2020-04-17,46800542,4391.603700
2020-04-20,46800542,4427.693600
2020-04-21,46800542,4388.306400
2020-04-22,46800542,4426.654900
2020-04-23,46800542,4409.329400
2020-04-24,46800542,4351.551000
2020-04-27,46800542,4357.504900
2020-04-28,46800542,4346.084900
2020-04-29,46800542,4352.453500
2020-04-30,46800542,4426.343500
2020-05-06,46800542,4480.644300
2020-05-07,46800542,4471.042900
2020-05-08,46800542,4517.681900
2020-05-11,46800542,4511.050200
2020-05-12,46800542,4516.082500
2020-05-13,46800542,4533.770100
2020-05-14,46800542,4489.018300
2020-05-15,46800542,4491.429700
2020-05-18,46800542,4486.845700
2020-05-19,46800542,4533.771600
2020-05-20,46800542,4499.909900
2020-05-21,46800542,4462.154400
2020-05-22,46800542,4370.150500
2020-05-25,46800542,4371.641000
2020-05-26,46800542,4443.227500
2020-05-27,46800542,4413.321300
2020-05-28,46800542,4413.910400
2020-05-29,46800542,4439.088300
2020-06-01,46800542,4564.245500
2020-06-02,46800542,4574.126000
2020-06-03,46800542,4574.876400
2020-06-04,46800542,4578.898900
2020-06-05,46800542,4591.964700
2020-06-08,46800542,4598.691500
2020-06-09,46800542,4627.436300
2020-06-10,46800542,4624.666900
2020-06-11,46800542,4592.138000
2020-06-12,46800542,4596.964900
2020-06-15,46800542,4566.518100
2020-06-16,46800542,4643.215800
2020-06-17,46800542,4655.927900
2020-06-18,46800542,4667.584400
2020-06-19,46800542,4717.905000
2020-06-22,46800542,4725.937700
2020-06-23,46800542,4743.451500
2020-06-24,46800542,4748.334100
2020-06-29,46800542,4721.121000
2020-06-30,46800542,4792.710600
2020-07-01,46800542,4849.456000
2020-07-02,46800542,4931.095800
2020-07-03,46800542,5008.349700
2020-07-06,46800542,5249.302000
2020-07-07,46800542,5301.940200
2020-07-08,46800542,5403.747200
2020-07-09,46800542,5513.897900
2020-07-10,46800542,5452.848700
2020-07-13,46800542,5604.007200
2020-07-14,46800542,5550.204800
2020-07-15,46800542,5445.828200
2020-07-16,46800542,5178.850100
2020-07-17,46800542,5202.815500
2020-07-20,46800542,5362.662900
2020-07-21,46800542,5385.974600
2020-07-22,46800542,5420.105100
2020-07-23,46800542,5417.923600
2020-07-24,46800542,5169.074400
2020-07-27,46800542,5183.815400
2020-07-28,46800542,5235.675400
2020-07-29,46800542,5369.998000
2020-07-30,46800542,5351.832000
2020-07-31,46800542,5409.455800
2020-08-03,46800542,5529.011900
2020-08-04,46800542,5512.565800
2020-08-05,46800542,5544.963700
2020-08-06,46800542,5535.707400
2020-08-07,46800542,5469.814400
2020-08-10,46800542,5491.629200
2020-08-11,46800542,5414.821100
2020-08-12,46800542,5363.444400
2020-08-13,46800542,5366.552500
2020-08-14,46800542,5431.544200
2020-08-17,46800542,5547.475600
2020-08-18,46800542,5568.386300
2020-08-19,46800542,5474.658600
2020-08-20,46800542,5405.448300
2020-08-21,46800542,5447.716700
2020-08-24,46800542,5490.775000
2020-08-25,46800542,5482.936400
2020-08-26,46800542,5393.722700
2020-08-27,46800542,5438.760100
2020-08-28,46800542,5541.348100
2020-08-31,46800542,5525.214600
2020-09-01,46800542,5556.500800
2020-09-02,46800542,5564.691600
2020-09-03,46800542,5522.084900
2020-09-04,46800542,5485.275100
2020-09-07,46800542,5375.865700
2020-09-08,46800542,5408.829800
2020-09-09,46800542,5268.441900
2020-09-10,46800542,5193.202800
2020-09-11,46800542,5256.623400
2020-09-14,46800542,5302.573800
2020-09-15,46800542,5337.348500
2020-09-16,46800542,5297.792800
2020-09-17,46800542,5287.869700
2020-09-18,46800542,5387.110500
2020-09-21,46800542,5354.670900
2020-09-22,46800542,5286.987800
2020-09-23,46800542,5311.654100
2020-09-24,46800542,5192.708800
2020-09-25,46800542,5187.291200
2020-09-28,46800542,5165.060400
2020-09-29,46800542,5195.956200
2020-09-30,46800542,5189.357400
2020-10-09,46800542,5319.448900
2020-10-12,46800542,5481.951400
2020-10-13,46800542,5499.699800
2020-10-14,46800542,5462.871600
2020-10-15,46800542,5436.290700
2020-10-16,46800542,5424.604900
2020-10-19,46800542,5383.360600
2020-10-20,46800542,5432.817100
2020-10-21,46800542,5395.781800
2020-10-22,46800542,5374.549600
2020-10-23,46800542,5295.617200
2020-10-26,46800542,5284.849800
2020-10-27,46800542,5297.003700
2020-10-28,46800542,5326.009200
2020-10-29,46800542,5346.899400
2020-10-30,46800542,5241.174700
2020-11-02,46800542,5266.934800
2020-11-03,46800542,5343.795400
2020-11-04,46800542,5361.251600
2020-11-05,46800542,5448.955400
2020-11-06,46800542,5423.963100
2020-11-09,46800542,5536.094500
2020-11-10,46800542,5494.104200
2020-11-11,46800542,5425.801700
2020-11-12,46800542,5435.137900
2020-11-13,46800542,5402.770200
2020-11-16,46800542,5456.726400
2020-11-17,46800542,5428.076500
2020-11-18,46800542,5426.942700
2020-11-19,46800542,5459.526000
2020-11-20,46800542,5488.772600
2020-11-23,46800542,5539.284800
2020-11-24,46800542,5521.103000
2020-11-25,46800542,5438.561100
2020-11-26,46800542,5432.549200
2020-11-27,46800542,5470.481200
2020-11-30,46800542,5450.503900
2020-12-01,46800542,5550.587600
2020-12-02,46800542,5555.820600
2020-12-03,46800542,5548.024000
2020-12-04,46800542,5564.927700
2020-12-07,46800542,5531.960500
2020-12-08,46800542,5525.283600
2020-12-09,46800542,5439.050700
2020-12-10,46800542,5440.795400
2020-12-11,46800542,5371.694000
2020-12-14,46800542,5421.857400
2020-12-15,46800542,5434.038800
2020-12-16,46800542,5422.461500
2020-12-17,46800542,5483.716300
2020-12-18,46800542,5465.581400
2020-12-21,46800542,5538.333200
2020-12-22,46800542,5435.088100
2020-12-23,46800542,5480.678600
2020-12-24,46800542,5434.988200
2020-12-25,46800542,5485.716500
2020-12-28,46800542,5483.807900
2020-12-29,46800542,5454.426900
2020-12-30,46800542,5524.239700
2020-12-31,46800542,5621.728800
2021-01-04,46800542,5712.184100
2021-01-05,46800542,5780.668700
2021-01-06,46800542,5791.312000
2021-01-07,46800542,5819.752000
2021-01-08,46800542,5804.600700
2021-01-11,46800542,5726.658300
2021-01-12,46800542,5851.008800
2021-01-13,46800542,5812.274200
2021-01-14,46800542,5735.211000
2021-01-15,46800542,5740.281800
2021-01-18,46800542,5817.520700
2021-01-19,46800542,5755.583500
2021-01-20,46800542,5804.386200
2021-01-21,46800542,5884.724900
2021-01-22,46800542,5885.345900
2021-01-25,46800542,5902.034900
2021-01-26,46800542,5791.259300
2021-01-27,46800542,5805.755900
2021-01-28,46800542,5665.264000
2021-01-29,46800542,5615.574500
2021-02-01,46800542,5667.786900
2021-02-02,46800542,5742.196700
2021-02-03,46800542,5706.482700
2021-02-04,46800542,5660.392000
2021-02-05,46800542,5628.428400
2021-02-08,46800542,5702.533200
2021-02-09,46800542,5826.276300
2021-02-10,46800542,5918.592200
2021-02-18,46800542,5930.610600
2021-02-19,46800542,5977.422600
2021-02-22,46800542,5863.744100
2021-02-23,46800542,5839.895400
2021-02-24,46800542,5727.232700
2021-02-25,46800542,5729.913100
2021-02-26,46800542,5617.669400
2021-03-01,46800542,5723.758800
2021-03-02,46800542,5665.895000
2021-03-03,46800542,5759.449400
2021-03-04,46800542,5611.593700
2021-03-05,46800542,5607.550900
2021-03-08,46800542,5446.469000
2021-03-09,46800542,5317.149500
2021-03-10,46800542,5321.871500
2021-03-11,46800542,5452.284800
2021-03-12,46800542,5469.162500
2021-03-15,46800542,5382.109200
2021-03-16,46800542,5430.035400
2021-03-17,46800542,5457.858400
2021-03-18,46800542,5493.351600
2021-03-19,46800542,5389.634000
2021-03-22,46800542,5456.400800
2021-03-23,46800542,5397.609900
2021-03-24,46800542,5318.972300
2021-03-25,46800542,5318.058200
2021-03-26,46800542,5425.754300
2021-03-29,46800542,5436.151500
2021-03-30,46800542,5463.429900
2021-03-31,46800542,5433.697700
2021-04-01,46800542,5487.698100
2021-04-02,46800542,5524.692000
2021-04-06,46800542,5527.487200
2021-04-07,46800542,5509.274800
2021-04-08,46800542,5509.024100
2021-04-09,46800542,5457.593400
2021-04-12,46800542,5365.054500
2021-04-13,46800542,5350.871900
2021-04-14,46800542,5408.433200
2021-04-15,46800542,5382.619900
2021-04-16,46800542,5420.676000
2021-04-19,46800542,5533.776000
2021-04-20,46800542,5526.531600
2021-04-21,46800542,5532.139000
2021-04-22,46800542,5536.279400
2021-04-23,46800542,5560.172600
2021-04-26,46800542,5512.836200
2021-04-27,46800542,5515.480700
2021-04-28,46800542,5548.491500
2021-04-29,46800542,5572.664500
2021-04-30,46800542,5544.255800
2021-05-06,46800542,5510.008800
2021-05-07,46800542,5445.091300
2021-05-10,46800542,5454.538600
2021-05-11,46800542,5473.072200
2021-05-12,46800542,5511.470200
2021-05-13,46800542,5460.080500
2021-05-14,46800542,5562.159200
2021-05-17,46800542,5611.832000
2021-05-18,46800542,5622.273700
2021-05-19,46800542,5612.195100
2021-05-20,46800542,5614.162600
2021-05-21,46800542,5582.605900
2021-05-24,46800542,5611.116600
2021-05-25,46800542,5736.130400
2021-05-26,46800542,5744.160300
2021-05-27,46800542,5776.207300
2021-05-28,46800542,5764.998300
2021-05-31,46800542,5809.367600
2021-06-01,46800542,5825.594600
2021-06-02,46800542,5767.111100
2021-06-03,46800542,5740.729200
2021-06-04,46800542,5768.971000
2021-06-07,46800542,5780.222000
2021-06-08,46800542,5739.391100
2021-06-09,46800542,5747.457100
2021-06-10,46800542,5797.185500
2021-06-11,46800542,5755.732800
2021-06-15,46800542,5699.546200
2021-06-16,46800542,5598.977900
2021-06-17,46800542,5643.380000
2021-06-18,46800542,5669.448800
2021-06-21,46800542,5690.648800
2021-06-22,46800542,5725.300500
2021-06-23,46800542,5760.176900
2021-06-24,46800542,5745.756800
2021-06-25,46800542,5812.083500
2021-06-28,46800542,5839.272200
2021-06-29,46800542,5785.499700
2021-06-30,46800542,5834.187900
2021-07-01,46800542,5801.888000
2021-07-02,46800542,5687.291000
2021-07-05,46800542,5720.739300
2021-07-06,46800542,5710.237700
2021-07-07,46800542,5781.476500
2021-07-08,46800542,5748.975300
2021-07-09,46800542,5752.113000
2021-07-12,46800542,5839.895900
2021-07-13,46800542,5861.072700
2021-07-14,46800542,5798.980100
2021-07-15,46800542,5845.145900
2021-07-16,46800542,5795.531300
2021-07-19,46800542,5798.306900
2021-07-20,46800542,5805.929700
2021-07-21,46800542,5875.677500
2021-07-22,46800542,5898.526500
2021-07-23,46800542,5833.644900
2021-07-26,46800542,5694.919800
2021-07-27,46800542,5517.648100
2021-07-28,46800542,5481.894500
2021-07-29,46800542,5618.942400
2021-07-30,46800542,5607.747600
2021-08-02,46800542,5727.720000
2021-08-03,46800542,5699.808400
2021-08-04,46800542,5780.615800
2021-08-05,46800542,5748.754100
2021-08-06,46800542,5738.196900
2021-08-09,46800542,5785.829800
2021-08-10,46800542,5837.258400
2021-08-11,46800542,5841.804900
2021-08-12,46800542,5824.175400
2021-08-13,46800542,5804.732400
2021-08-16,46800542,5779.825200
2021-08-17,46800542,5646.550000
2021-08-18,46800542,5703.628100
2021-08-19,46800542,5694.725000
2021-08-20,46800542,5626.240300
2021-08-23,46800542,5730.804900
2021-08-24,46800542,5786.153100
2021-08-25,46800542,5816.813100
2021-08-26,46800542,5733.415700
2021-08-27,46800542,5757.146200
2021-08-30,46800542,5762.842900
2021-08-31,46800542,5759.256400
2021-09-01,46800542,5761.869300
2021-09-02,46800542,5798.484300
2021-09-03,46800542,5767.876000
2021-09-06,46800542,5861.813400
2021-09-07,46800542,5943.952000
2021-09-08,46800542,5943.755400
2021-09-09,46800542,5954.415300
2021-09-10,46800542,5980.358400
2021-09-13,46800542,5981.762300
2021-09-14,46800542,5920.574100
2021-09-15,46800542,5910.009300
2021-09-16,46800542,5807.101300
2021-09-17,46800542,5827.809600
2021-09-22,46800542,5824.665400
2021-09-23,46800542,5854.076800
2021-09-24,46800542,5807.964200
2021-09-27,46800542,5743.795400
2021-09-28,46800542,5752.746600
2021-09-29,46800542,5639.467500
2021-09-30,46800542,5723.458600
2021-10-08,46800542,5769.293600
2021-10-11,46800542,5757.893500
2021-10-12,46800542,5668.452600
2021-10-13,46800542,5723.249800
2021-10-14,46800542,5725.211900
2021-10-15,46800542,5740.987900
2021-10-18,46800542,5736.726700
2021-10-19,46800542,5785.588000
2021-10-20,46800542,5779.108600
2021-10-21,46800542,5782.981500
2021-10-22,46800542,5775.438700
2021-10-25,46800542,5820.162100
2021-10-26,46800542,5801.982800
2021-10-27,46800542,5739.809400
2021-10-28,46800542,5668.068300
2021-10-29,46800542,5740.294000
2021-11-01,46800542,5752.862000
2021-11-02,46800542,5694.336500
2021-11-03,46800542,5688.080600
2021-11-04,46800542,5749.673700
2021-11-05,46800542,5702.480700
2021-11-08,46800542,5724.718500
2021-11-09,46800542,5755.412800
2021-11-10,46800542,5736.364500
2021-11-11,46800542,5806.487400
2021-11-12,46800542,5821.336400
2021-11-15,46800542,5806.094000
2021-11-16,46800542,5781.857300
2021-11-17,46800542,5825.656100
2021-11-18,46800542,5787.900800
2021-11-19,46800542,5853.569700
2021-11-22,46800542,5914.581700
2021-11-23,46800542,5913.534700
2021-11-24,46800542,5911.978000
2021-11-25,46800542,5897.333600
2021-11-26,46800542,5876.017100
2021-11-29,46800542,5887.002600
2021-11-30,46800542,5891.447900
2021-12-01,46800542,5906.549200
2021-12-02,46800542,5887.001000
2021-12-03,46800542,5935.401200
2021-12-06,46800542,5887.769900
2021-12-07,46800542,5869.693100
2021-12-08,46800542,5960.454000
2021-12-09,46800542,6015.090000
2021-12-10,46800542,6008.621000
2021-12-13,46800542,6043.278900
2021-12-14,46800542,6021.937500
2021-12-15,46800542,5992.046900
2021-12-16,46800542,6031.251300
2021-12-17,46800542,5951.286000
2021-12-20,46800542,5860.266900
2021-12-21,46800542,5918.819200
2021-12-22,46800542,5937.929700
2021-12-23,46800542,5959.157400
2021-12-24,46800542,5896.638500
2021-12-27,46800542,5897.157900
2021-12-28,46800542,5939.415300
2021-12-29,46800542,5885.307300
2021-12-30,46800542,5935.271900
2021-12-31,46800542,5969.800100
2022-01-04,46800542,5958.742400
2022-01-05,46800542,5868.577300
2022-01-06,46800542,5855.532200
2022-01-07,46800542,5811.612700
2022-01-10,46800542,5839.636200
2022-01-11,46800542,5787.492200
2022-01-12,46800542,5857.306500
2022-01-13,46800542,5768.851000
2022-01-14,46800542,5746.226100
2022-01-17,46800542,5814.105900
2022-01-18,46800542,5823.329000
2022-01-19,46800542,5784.115600
2022-01-20,46800542,5756.515900
2022-01-21,46800542,5695.017200
2022-01-24,46800542,5704.388700
2022-01-25,46800542,5531.875100
2022-01-26,46800542,5568.443000
2022-01-27,46800542,5433.241800
2022-01-28,46800542,5405.907100
2022-02-07,46800542,5484.439700
2022-02-08,46800542,5490.479500
2022-02-09,46800542,5560.685800
2022-02-10,46800542,5544.288100
2022-02-11,46800542,5471.568800
2022-02-14,46800542,5432.638200
2022-02-15,46800542,5490.888600
2022-02-16,46800542,5522.110600
2022-02-17,46800542,5532.485500
2022-02-18,46800542,5564.381200
2022-02-21,46800542,5582.134600
2022-02-22,46800542,5518.634800
2022-02-23,46800542,5601.320900
2022-02-24,46800542,5483.349300
2022-02-25,46800542,5536.746500
2022-02-28,46800542,5554.676200
2022-03-01,46800542,5588.582700
2022-03-02,46800542,5564.602100
2022-03-03,46800542,5532.532300
2022-03-04,46800542,5464.865400
2022-03-07,46800542,5323.146900
2022-03-08,46800542,5184.960600
2022-03-09,46800542,5128.012700
2022-03-10,46800542,5220.495100
2022-03-11,46800542,5248.107000
2022-03-14,46800542,5098.411500
2022-03-15,46800542,4854.046500
2022-03-16,46800542,5040.985000
2022-03-17,46800542,5135.633400
2022-03-18,46800542,5179.139700
2022-03-21,46800542,5200.595000
2022-03-22,46800542,5191.666100
2022-03-23,46800542,5216.866600
2022-03-24,46800542,5174.914300
2022-03-25,46800542,5103.068100
2022-03-28,46800542,5078.442700
2022-03-29,46800542,5053.112400
2022-03-30,46800542,5174.746000
2022-03-31,46800542,5134.616600
2022-04-01,46800542,5170.979000
2022-04-06,46800542,5167.554300
2022-04-07,46800542,5076.520600
2022-04-08,46800542,5077.997000
2022-04-11,46800542,4916.168200
2022-04-12,46800542,5001.971000
2022-04-13,46800542,4933.021500
2022-04-14,46800542,4993.448200
2022-04-15,46800542,4957.719500
2022-04-18,46800542,4957.229000
2022-04-19,46800542,4947.547200
2022-04-20,46800542,4867.241500
2022-04-21,46800542,4731.334400
2022-04-22,46800542,4718.911000
2022-04-25,46800542,4432.892700
2022-04-26,46800542,4351.270000
2022-04-27,46800542,4503.945900
2022-04-28,46800542,4501.363200
2022-04-29,46800542,4647.022700
2022-05-05,46800542,4676.846800
2022-05-06,46800542,4580.553700
2022-05-09,46800542,4587.441300
2022-05-10,46800542,4651.718700
2022-05-11,46800542,4703.868800
2022-05-12,46800542,4704.515800
2022-05-13,46800542,4739.192500
2022-05-16,46800542,4721.801100
2022-05-17,46800542,4759.935000
2022-05-18,46800542,4755.462500
2022-05-19,46800542,4778.543500
2022-05-20,46800542,4857.258700
2022-05-23,46800542,4868.523700
2022-05-24,46800542,4714.133100
2022-05-25,46800542,4769.135800
2022-05-26,46800542,4792.157700
2022-05-27,46800542,4795.292400
2022-05-30,46800542,4834.668600
2022-05-31,46800542,4901.994600
2022-06-01,46800542,4904.742900
2022-06-02,46800542,4931.208400
2022-06-06,46800542,5027.547300
2022-06-07,46800542,5031.342300
2022-06-08,46800542,5061.659600
2022-06-09,46800542,4994.073900
2022-06-10,46800542,5079.694200
2022-06-13,46800542,5058.043500
2022-06-14,46800542,5084.089700
2022-06-15,46800542,5111.964300
2022-06-16,46800542,5107.800000
2022-06-17,46800542,5165.785800
2022-06-20,46800542,5200.678900
2022-06-21,46800542,5177.676000
2022-06-22,46800542,5111.057700
2022-06-23,46800542,5208.368300
2022-06-24,46800542,5269.808700
2022-06-27,46800542,5322.663600
2022-06-28,46800542,5386.110600
2022-06-29,46800542,5281.528400
2022-06-30,46800542,5350.829400
2022-07-01,46800542,5336.141000
2022-07-04,46800542,5381.562400
2022-07-05,46800542,5364.211000
2022-07-06,46800542,5293.900700
2022-07-07,46800542,5329.087900
2022-07-08,46800542,5308.524100
2022-07-11,46800542,5231.286700
2022-07-12,46800542,5167.806300
2022-07-13,46800542,5194.874100
2022-07-14,46800542,5215.732100
2022-07-15,46800542,5133.315200
2022-07-18,46800542,5210.416900
2022-07-19,46800542,5214.090300
2022-07-20,46800542,5252.887800
2022-07-21,46800542,5206.879500
2022-07-22,46800542,5194.894400
2022-07-25,46800542,5151.873300
2022-07-26,46800542,5201.610500
2022-07-27,46800542,5209.350200
2022-07-28,46800542,5224.378900
2022-07-29,46800542,5174.975200
2022-08-01,46800542,5206.499600
2022-08-02,46800542,5069.120700
2022-08-03,46800542,5026.748300
2022-08-04,46800542,5069.673400
2022-08-05,46800542,5142.267500
2022-08-08,46800542,5169.238400
2022-08-09,46800542,5184.384900
2022-08-10,46800542,5158.404600
2022-08-11,46800542,5245.262200
2022-08-12,46800542,5228.892300
2022-08-15,46800542,5241.728100
2022-08-16,46800542,5254.106100
2022-08-17,46800542,5284.557300
2022-08-18,46800542,5265.718800
2022-08-19,46800542,5209.724700
2022-08-22,46800542,5250.740900
2022-08-23,46800542,5245.846800
2022-08-24,46800542,5110.525700
2022-08-25,46800542,5127.568700
2022-08-26,46800542,5109.444900
2022-08-29,46800542,5112.721800
2022-08-30,46800542,5089.097800
2022-08-31,46800542,5017.150400
2022-09-01,46800542,4983.700300
2022-09-02,46800542,4994.809400
2022-09-05,46800542,4999.178200
2022-09-06,46800542,5066.941000
2022-09-07,46800542,5080.882500
2022-09-08,46800542,5048.675900
2022-09-09,46800542,5087.469600
2022-09-13,46800542,5097.077200
2022-09-14,46800542,5044.053000
2022-09-15,46800542,4951.871500
2022-09-16,46800542,4836.373900
2022-09-19,46800542,4808.790300
2022-09-20,46800542,4842.246100
2022-09-21,46800542,4828.519000
2022-09-22,46800542,4803.128100
2022-09-23,46800542,4750.708200
2022-09-26,46800542,4705.371900
2022-09-27,46800542,4788.620400
2022-09-28,46800542,4680.736500
2022-09-29,46800542,4676.932600
2022-09-30,46800542,4631.676200
2022-10-10,46800542,4537.690600
2022-10-11,46800542,4559.230800
2022-10-12,46800542,4655.917000
2022-10-13,46800542,4651.481800
2022-10-14,46800542,4762.017700
2022-10-17,46800542,4790.524300
2022-10-18,46800542,4795.513900
2022-10-19,46800542,4736.702500
2022-10-20,46800542,4711.961000
2022-10-21,46800542,4706.906700
2022-10-24,46800542,4613.739800
2022-10-25,46800542,4603.813100
2022-10-26,46800542,4666.426900
2022-10-27,46800542,4640.716700
2022-10-28,46800542,4503.143100
2022-10-31,46800542,4500.128700
2022-11-01,46800542,4634.422900
2022-11-02,46800542,4692.071300
2022-11-03,46800542,4683.030800
2022-11-04,46800542,4808.232300
2022-11-07,46800542,4820.802000
2022-11-08,46800542,4800.065200
2022-11-09,46800542,4774.904400
2022-11-10,46800542,4740.968100
2022-11-11,46800542,4817.242000
2022-11-14,46800542,4810.847700
2022-11-15,46800542,4905.335500
2022-11-16,46800542,4872.571500
2022-11-17,46800542,4869.627400
2022-11-18,46800542,4842.806400
2022-11-21,46800542,4831.028900
2022-11-22,46800542,4798.728200
2022-11-23,46800542,4792.966800
2022-11-24,46800542,4789.022600
2022-11-25,46800542,4777.881400
2022-11-28,46800542,4743.220400
2022-11-29,46800542,4855.436900
2022-11-30,46800542,4857.835100
2022-12-01,46800542,4902.414600
2022-12-02,46800542,4893.819100
2022-12-05,46800542,4956.843900
2022-12-06,46800542,4963.624100
2022-12-07,46800542,4957.984900
2022-12-08,46800542,4947.629600
2022-12-09,46800542,4973.348100
2022-12-12,46800542,4936.632800
2022-12-13,46800542,4917.092100
2022-12-14,46800542,4913.737600
2022-12-15,46800542,4919.807600
2022-12-16,46800542,4897.950000
2022-12-19,46800542,4806.915800
2022-12-20,46800542,4749.947100
2022-12-21,46800542,4733.768400
2022-12-22,46800542,4703.350500
2022-12-23,46800542,4689.820400
2022-12-26,46800542,4739.469300
2022-12-27,46800542,4782.138300
2022-12-28,46800542,4751.536400
2022-12-29,46800542,4737.124200
2022-12-30,46800542,4756.623600
2023-01-03,46800542,4815.917300
2023-01-04,46800542,4821.470000
2023-01-05,46800542,4887.535300
2023-01-06,46800542,4895.239800
2023-01-09,46800542,4928.504200
2023-01-10,46800542,4932.202800
2023-01-11,46800542,4909.221100
2023-01-12,46800542,4914.204500
2023-01-13,46800542,4959.144400
2023-01-16,46800542,5023.429200
2023-01-17,46800542,5022.049300
2023-01-18,46800542,5025.945000
2023-01-19,46800542,5059.344000
2023-01-20,46800542,5096.780400
2023-01-30,46800542,5132.828700
2023-01-31,46800542,5112.413400
2023-02-01,46800542,5175.546100
2023-02-02,46800542,5172.521000
2023-02-03,46800542,5143.681400
2023-02-06,46800542,5100.222900
2023-02-07,46800542,5117.060800
2023-02-08,46800542,5089.436100
2023-02-09,46800542,5160.817100
2023-02-10,46800542,5139.429600
2023-02-13,46800542,5188.132600
2023-02-14,46800542,5192.172200
2023-02-15,46800542,5180.856600
2023-02-16,46800542,5109.810100
2023-02-17,46800542,5054.773200
2023-02-20,46800542,5151.997800
2023-02-21,46800542,5171.261400
2023-02-22,46800542,5149.377500
2023-02-23,46800542,5139.313800
2023-02-24,46800542,5105.595000
2023-02-27,46800542,5076.598700
2023-02-28,46800542,5115.271100
2023-03-01,46800542,5169.949100
2023-03-02,46800542,5154.211200
2023-03-03,46800542,5161.792500
2023-03-06,46800542,5154.655200
2023-03-07,46800542,5066.120500
2023-03-08,46800542,5071.465600
2023-03-09,46800542,5061.656700
2023-03-10,46800542,4993.512600
2023-03-13,46800542,5031.027500
2023-03-14,46800542,4989.801800
2023-03-15,46800542,5007.392200
2023-03-16,46800542,4937.714600
2023-03-17,46800542,4967.677900
2023-03-20,46800542,4948.418400
2023-03-21,46800542,5009.767900
2023-03-22,46800542,5034.076500
2023-03-23,46800542,5065.676600
2023-03-24,46800542,5060.337000
2023-03-27,46800542,5055.617200
2023-03-28,46800542,5027.025200
2023-03-29,46800542,5021.841500
2023-03-30,46800542,5040.629500
2023-03-31,46800542,5074.026000
2023-04-03,46800542,5128.982300
2023-04-04,46800542,5125.264000
2023-04-06,46800542,5123.781900
2023-04-07,46800542,5162.809500
2023-04-10,46800542,5121.361100
2023-04-11,46800542,5124.767600
2023-04-12,46800542,5139.647400
2023-04-13,46800542,5105.746000
2023-04-14,46800542,5131.816000
2023-04-17,46800542,5168.219600
2023-04-18,46800542,5167.223200
2023-04-19,46800542,5134.096600
2023-04-20,46800542,5123.425600
2023-04-21,46800542,5003.547500
2023-04-24,46800542,4959.068500
2023-04-25,46800542,4902.101900
2023-04-26,46800542,4915.129100
2023-04-27,46800542,4932.273100
2023-04-28,46800542,4998.805200
2023-05-04,46800542,5010.523500
2023-05-05,46800542,4976.582600
2023-05-08,46800542,5021.696700
2023-05-09,46800542,4965.361500
2023-05-10,46800542,4951.691100
2023-05-11,46800542,4950.447200
2023-05-12,46800542,4888.843900
2023-05-15,46800542,4948.328800
2023-05-16,46800542,4913.198900
2023-05-17,46800542,4916.855500
2023-05-18,46800542,4924.355700
2023-05-19,46800542,4916.976900
2023-05-22,46800542,4934.467900
2023-05-23,46800542,4873.944400
2023-05-24,46800542,4833.620500
2023-05-25,46800542,4824.009400
2023-05-26,46800542,4841.934700
2023-05-29,46800542,4824.920400
2023-05-30,46800542,4841.236500
2023-05-31,46800542,4814.794800
2023-06-01,46800542,4825.014200
2023-06-02,46800542,4877.553600
2023-06-05,46800542,4871.864200
2023-06-06,46800542,4799.345300
2023-06-07,46800542,4794.769200
2023-06-08,46800542,4799.242800
2023-06-09,46800542,4827.002500
2023-06-12,46800542,4844.857600
2023-06-13,46800542,4866.304000
2023-06-14,46800542,4870.508200
2023-06-15,46800542,4921.720800
2023-06-16,46800542,4965.483500
2023-06-19,46800542,4949.892000
2023-06-20,46800542,4941.418700
2023-06-21,46800542,4853.023300
2023-06-26,46800542,4770.775700
2023-06-27,46800542,4828.321200
2023-06-28,46800542,4815.628400
2023-06-29,46800542,4818.682500
2023-06-30,46800542,4859.892400
2023-07-03,46800542,4900.644900
2023-07-04,46800542,4914.688600
2023-07-05,46800542,4877.957500
2023-07-06,46800542,4856.979500
2023-07-07,46800542,4831.169500
2023-07-10,46800542,4845.358700
2023-07-11,46800542,4879.534000
2023-07-12,46800542,4830.430500
2023-07-13,46800542,4891.432500
2023-07-14,46800542,4889.744200
2023-07-17,46800542,4862.880700
2023-07-18,46800542,4851.570100
2023-07-19,46800542,4844.294000
2023-07-20,46800542,4796.905100
2023-07-21,46800542,4791.523000
2023-07-24,46800542,4779.823100
2023-07-25,46800542,4885.713900
2023-07-26,46800542,4867.532200
2023-07-27,46800542,4847.073700
2023-07-28,46800542,4924.518600
2023-07-31,46800542,4959.944700
2023-08-01,46800542,4948.378900
2023-08-02,46800542,4926.306400
2023-08-03,46800542,4948.635000
2023-08-04,46800542,4967.311800
2023-08-07,46800542,4934.831000
2023-08-08,46800542,4918.197400
2023-08-09,46800542,4889.408900
2023-08-10,46800542,4898.824100
2023-08-11,46800542,4798.582700
2023-08-14,46800542,4789.015200
2023-08-15,46800542,4764.969600
2023-08-16,46800542,4722.818100
2023-08-17,46800542,4755.590500
2023-08-18,46800542,4683.686800
2023-08-21,46800542,4630.062200
2023-08-22,46800542,4661.397500
2023-08-23,46800542,4579.470800
2023-08-24,46800542,4600.321800
2023-08-25,46800542,4550.016700
2023-08-28,46800542,4598.055000
2023-08-29,46800542,4690.314300
2023-08-30,46800542,4700.676200
2023-08-31,46800542,4672.311400
2023-09-01,46800542,4690.292300
2023-09-04,46800542,4759.875100
2023-09-05,46800542,4729.155000
2023-09-06,46800542,4732.815600
2023-09-07,46800542,4660.306000
2023-09-08,46800542,4654.746100
2023-09-11,46800542,4698.910100
2023-09-12,46800542,4693.456300
2023-09-13,46800542,4651.333000
2023-09-14,46800542,4636.860500
2023-09-15,46800542,4625.134800
2023-09-18,46800542,4644.678200
2023-09-19,46800542,4619.894600
2023-09-20,46800542,4593.030100
2023-09-21,46800542,4557.437400
2023-09-22,46800542,4639.856800
2023-09-25,46800542,4615.130900
2023-09-26,46800542,4592.603200
2023-09-27,46800542,4608.982400
2023-09-28,46800542,4621.410800
2023-10-09,46800542,4609.569200
2023-10-10,46800542,4587.267600
2023-10-11,46800542,4597.759000
2023-10-12,46800542,4634.924100
2023-10-13,46800542,4600.130300
2023-10-16,46800542,4560.091800
2023-10-17,46800542,4566.251600
2023-10-18,46800542,4511.901700
2023-10-19,46800542,4439.925100
2023-10-20,46800542,4402.693100
2023-10-23,46800542,4327.126800
2023-10-24,46800542,4373.521700
2023-10-25,46800542,4409.521300
2023-10-26,46800542,4426.100800
2023-10-27,46800542,4490.099600
2023-10-30,46800542,4533.613800
2023-10-31,46800542,4515.146400
2023-11-01,46800542,4512.999100
2023-11-02,46800542,4477.812900
2023-11-03,46800542,4523.668100
2023-11-06,46800542,4601.007500
2023-11-07,46800542,4603.614100
2023-11-08,46800542,4604.263800
2023-11-09,46800542,4590.525000
2023-11-10,46800542,4567.886400
2023-11-13,46800542,4585.238800
2023-11-14,46800542,4601.287200
2023-11-15,46800542,4629.331600
2023-11-16,46800542,4587.865000
2023-11-17,46800542,4602.608100
2023-11-20,46800542,4627.675500
2023-11-21,46800542,4617.594300
2023-11-22,46800542,4567.244800
2023-11-23,46800542,4600.499700
2023-11-24,46800542,4558.180700
2023-11-27,46800542,4541.559400
2023-11-28,46800542,4559.442700
2023-11-29,46800542,4527.062300
2023-11-30,46800542,4522.111800
2023-12-01,46800542,4531.143100
2023-12-04,46800542,4516.040600
2023-12-05,46800542,4431.263900
2023-12-06,46800542,4445.606700
2023-12-07,46800542,4437.885200
2023-12-08,46800542,4433.674000
2023-12-11,46800542,4473.181200
2023-12-12,46800542,4483.391600
2023-12-13,46800542,4429.423400
2023-12-14,46800542,4410.014500
2023-12-15,46800542,4390.010600
2023-12-18,46800542,4350.375700
2023-12-19,46800542,4354.540300
2023-12-20,46800542,4300.243800
2023-12-21,46800542,4334.646700
2023-12-22,46800542,4310.390200
2023-12-25,46800542,4314.538500
2023-12-26,46800542,4270.444800
2023-12-27,46800542,4292.672600
2023-12-28,46800542,4379.772200
2023-12-29,46800542,4421.956900
2024-01-02,46800542,4390.832500
2024-01-03,46800542,4376.824900
2024-01-04,46800542,4344.002000
2024-01-05,46800542,4292.787600
2024-01-08,46800542,4219.121200
2024-01-09,46800542,4231.057200
2024-01-10,46800542,4204.004700
2024-01-11,46800542,4252.172200
2024-01-12,46800542,4230.085100
2024-01-15,46800542,4223.359700
2024-01-16,46800542,4228.419200
2024-01-17,46800542,4127.422600
2024-01-18,46800542,4147.006000
2024-01-19,46800542,4117.721400
2024-01-22,46800542,3966.837500
2024-01-23,46800542,3997.055000
2024-01-24,46800542,4052.887300
2024-01-25,46800542,4161.783800
2024-01-26,46800542,4142.726900
2024-01-29,46800542,4065.921500
2024-01-30,46800542,3971.529900
2024-01-31,46800542,3874.617700
2024-02-01,46800542,3856.962800
2024-02-02,46800542,3765.660200
2024-02-05,46800542,3666.367500
2024-02-06,46800542,3827.763400
2024-02-07,46800542,3895.004300
2024-02-08,46800542,3985.396300
2024-02-19,46800542,4041.508100
2024-02-20,46800542,4057.936600
2024-02-21,46800542,4100.098800
2024-02-22,46800542,4150.667700
2024-02-23,46800542,4187.609700
2024-02-26,46800542,4182.325500
2024-02-27,46800542,4262.193700
2024-02-28,46800542,4136.209700
2024-02-29,46800542,4251.406800
2024-03-01,46800542,4286.503800
2024-03-04,46800542,4296.900800
2024-03-05,46800542,4286.674500
2024-03-06,46800542,4288.036000
2024-03-07,46800542,4249.460100
2024-03-08,46800542,4285.619300
2024-03-11,46800542,4352.156700
2024-03-12,46800542,4368.387700
2024-03-13,46800542,4358.346400
2024-03-14,46800542,4339.605200
2024-03-15,46800542,4372.024900
2024-03-18,46800542,4430.662400
2024-03-19,46800542,4401.299300
2024-03-20,46800542,4424.512000
2024-03-21,46800542,4420.656700
2024-03-22,46800542,4370.847100
2024-03-25,46800542,4309.052400
2024-03-26,46800542,4313.996600
2024-03-27,46800542,4221.590800
2024-03-28,46800542,4275.620000
2024-03-29,46800542,4310.669700
2024-04-01,46800542,4392.633100
2024-04-02,46800542,4374.777700
2024-04-03,46800542,4353.738900
2024-04-08,46800542,4293.420900
2024-04-09,46800542,4315.467200
2024-04-10,46800542,4258.492000
2024-04-11,46800542,4265.379500
2024-04-12,46800542,4235.377200
2024-04-15,46800542,4249.406400
2024-04-16,46800542,4126.447300
2024-04-17,46800542,4251.511500
2024-04-18,46800542,4253.329800
2024-04-19,46800542,4226.218900
2024-04-22,46800542,4204.402600
2024-04-23,46800542,4183.695400
2024-04-24,46800542,4226.650700
2024-04-25,46800542,4234.660700
2024-04-26,46800542,4305.348700
2024-04-29,46800542,4380.749600
2024-04-30,46800542,4353.881600
2024-05-06,46800542,4428.171000
2024-05-07,46800542,4435.577900
2024-05-08,46800542,4387.869800
2024-05-09,46800542,4441.633100
2024-05-10,46800542,4425.056100
2024-05-13,46800542,4400.233900
2024-05-14,46800542,4405.656300
2024-05-15,46800542,4366.645200
2024-05-16,46800542,4375.149300
2024-05-17,46800542,4424.812900
2024-05-20,46800542,4444.135000
2024-05-21,46800542,4414.557200
2024-05-22,46800542,4420.674200
2024-05-23,46800542,4348.249700
2024-05-24,46800542,4302.132800
2024-05-27,46800542,4343.259600
2024-05-28,46800542,4305.386300
2024-05-29,46800542,4311.225300
2024-05-30,46800542,4288.475900
2024-05-31,46800542,4288.110300
2024-06-03,46800542,4264.534900
2024-06-04,46800542,4285.909400
2024-06-05,46800542,4240.089300
2024-06-06,46800542,4190.204400
2024-06-07,46800542,4192.824400
2024-06-11,46800542,4184.721900
2024-06-12,46800542,4201.179600
2024-06-13,46800542,4176.729200
2024-06-14,46800542,4188.782400
2024-06-17,46800542,4182.152200
2024-06-18,46800542,4207.645100
2024-06-19,46800542,4177.566200
2024-06-20,46800542,4124.003400
2024-06-21,46800542,4119.172000
2024-06-24,46800542,4045.244900
2024-06-25,46800542,4022.645600
2024-06-26,46800542,4081.936500
2024-06-27,46800542,4024.878200
2024-06-28,46800542,4039.967500
2024-07-01,46800542,4070.436800
2024-07-02,46800542,4055.667700
2024-07-03,46800542,4032.855900
2024-07-04,46800542,3979.918600
2024-07-05,46800542,3989.444600
2024-07-08,46800542,3928.149800
2024-07-09,46800542,3989.074100
2024-07-10,46800542,3969.787700
2024-07-11,46800542,4041.787700
2024-07-12,46800542,4036.836800
2024-07-15,46800542,4016.264700
2024-07-16,46800542,4033.053700
2024-07-17,46800542,4013.716500
2024-07-18,46800542,4028.922600
2024-07-19,46800542,4042.730100
2024-07-22,46800542,4032.859300
2024-07-23,46800542,3939.505100
2024-07-24,46800542,3899.945400
2024-07-25,46800542,3891.103200
2024-07-26,46800542,3927.624400
2024-07-29,46800542,3914.437400
2024-07-30,46800542,3906.451300
2024-07-31,46800542,4020.582600
2024-08-01,46800542,4003.235100
2024-08-02,46800542,3956.115300
2024-08-05,46800542,3883.968800
2024-08-06,46800542,3912.689600
2024-08-07,46800542,3912.140200
2024-08-08,46800542,3909.423600
2024-08-09,46800542,3888.775200
2024-08-12,46800542,3875.282700
2024-08-13,46800542,3890.663200
2024-08-14,46800542,3858.533000
2024-08-15,46800542,3894.406700
2024-08-16,46800542,3886.640400
2024-08-19,46800542,3892.436400
2024-08-20,46800542,3845.222700
2024-08-21,46800542,3831.518600
2024-08-22,46800542,3800.868200
2024-08-23,46800542,3806.925700
2024-08-26,46800542,3814.969700
2024-08-27,46800542,3778.922600
2024-08-28,46800542,3772.001200
2024-08-29,46800542,3793.003000
2024-08-30,46800542,3854.744400
2024-09-02,46800542,3785.998900
2024-09-03,46800542,3809.496600
2024-09-04,46800542,3787.362800
2024-09-05,46800542,3804.183100
2024-09-06,46800542,3758.184000
2024-09-09,46800542,3725.794200
2024-09-10,46800542,3732.967900
2024-09-11,46800542,3723.934400
2024-09-12,46800542,3710.268400
2024-09-13,46800542,3681.438600
2024-09-18,46800542,3684.161800
2024-09-19,46800542,3731.523200
2024-09-20,46800542,3727.811400
2024-09-23,46800542,3736.571100
2024-09-24,46800542,3888.195100
2024-09-25,46800542,3937.567000
2024-09-26,46800542,4096.243200
2024-09-27,46800542,4293.110200
2024-09-30,46800542,4706.772900
2024-10-08,46800542,5037.011400
2024-10-09,46800542,4661.709700
2024-10-10,46800542,4670.359300
2024-10-11,46800542,4514.193500
2024-10-14,46800542,4629.507100
2024-10-15,46800542,4524.674200
2024-10-16,46800542,4515.434100
2024-10-17,46800542,4480.872500
2024-10-18,46800542,4647.296500
2024-10-21,46800542,4696.800600
2024-10-22,46800542,4728.437400
2024-10-23,46800542,4744.798500
2024-10-24,46800542,4705.980200
2024-10-25,46800542,4767.434900
2024-10-28,46800542,4822.486000
2024-10-29,46800542,4763.810100
2024-10-30,46800542,4755.968600
2024-10-31,46800542,4794.141000
2024-11-01,46800542,4723.339300
2024-11-04,46800542,4803.008400
2024-11-05,46800542,4943.214500
2024-11-06,46800542,4946.634700
2024-11-07,46800542,5071.738900
2024-11-08,46800542,5049.447200
2024-11-11,46800542,5118.283100
2024-11-12,46800542,5059.108400
2024-11-13,46800542,5072.357500
2024-11-14,46800542,4949.251400
2024-11-15,46800542,4847.628800
2024-11-18,46800542,4780.663200
2024-11-19,46800542,4854.398700
2024-11-20,46800542,4906.804900
2024-11-21,46800542,4912.670100
2024-11-22,46800542,4746.370200
2024-11-25,46800542,4749.138400
2024-11-26,46800542,4718.853500
2024-11-27,46800542,4806.633500
2024-11-28,46800542,4778.965300
2024-11-29,46800542,4845.898500
2024-12-02,46800542,4917.306700
2024-12-03,46800542,4921.122500
2024-12-04,46800542,4875.106000
2024-12-05,46800542,4898.182800
2024-12-06,46800542,4956.569000
2024-12-09,46800542,4940.243400
2024-12-10,46800542,4977.827300
2024-12-11,46800542,5006.703800
2024-12-12,46800542,5053.030100
2024-12-13,46800542,4947.391600
2024-12-16,46800542,4908.613100
2024-12-17,46800542,4845.440600
2024-12-18,46800542,4875.990300
2024-12-19,46800542,4880.266200
2024-12-20,46800542,4891.543700
2024-12-23,46800542,4812.500800
2024-12-24,46800542,4867.726900
2024-12-25,46800542,4829.758500
2024-12-26,46800542,4857.744500
2024-12-27,46800542,4864.181300
2024-12-30,46800542,4859.790900
2024-12-31,46800542,4750.673500
2025-01-02,46800542,4625.111800
2025-01-03,46800542,4523.123500
2025-01-06,46800542,4509.931000
2025-01-07,46800542,4567.609300
2025-01-08,46800542,4559.035800
2025-01-09,46800542,4558.511700
2025-01-10,46800542,4475.612600
2025-01-13,46800542,4472.602000
2025-01-14,46800542,4632.229500
2025-01-15,46800542,4604.124700
2025-01-16,46800542,4620.340000
2025-01-17,46800542,4636.072600
2025-01-20,46800542,4663.534400
2025-01-21,46800542,4671.056900
2025-01-22,46800542,4627.975400
2025-01-23,46800542,4623.634300
2025-01-24,46800542,4674.225200
2025-01-27,46800542,4632.666800
2025-02-05,46800542,4639.204200
2025-02-06,46800542,4728.577400
2025-02-07,46800542,4796.035600
2025-02-10,46800542,4839.787000
2025-02-11,46800542,4819.451000
2025-02-12,46800542,4876.283100
2025-02-13,46800542,4844.654100
2025-02-14,46800542,4875.066700
2025-02-17,46800542,4899.830600
2025-02-18,46800542,4820.193500
2025-02-19,46800542,4893.412600
2025-02-20,46800542,4905.706500
2025-02-21,46800542,4973.113600
2025-02-24,46800542,4971.261400
2025-02-25,46800542,4930.295800
2025-02-26,46800542,4986.890200
2025-02-27,46800542,4983.160600
2025-02-28,46800542,4847.406800
2025-03-03,46800542,4853.195600
2025-03-04,46800542,4882.448300
2025-03-05,46800542,4905.025100
2025-03-06,46800542,4985.968500
2025-03-07,46800542,4964.774000
2025-03-10,46800542,4961.577200
2025-03-11,46800542,4980.133300
2025-03-12,46800542,4979.870300
2025-03-13,46800542,4935.967300
2025-03-14,46800542,5037.247200
2025-03-17,46800542,5042.838600
2025-03-18,46800542,5060.937100
2025-03-19,46800542,5045.478500
2025-03-20,46800542,5015.242300
2025-03-21,46800542,4931.815400
2025-03-24,46800542,4918.635500
2025-03-25,46800542,4899.424300
2025-03-26,46800542,4905.468300
2025-03-27,46800542,4906.853000
2025-03-28,46800542,4868.745600
2025-03-31,46800542,4826.864000
2025-04-01,46800542,4844.532300
2025-04-02,46800542,4847.564800
2025-04-03,46800542,4809.733500
2025-04-07,46800542,4365.177200
2025-04-08,46800542,4409.979600
2025-04-09,46800542,4486.473400
2025-04-10,46800542,4571.474900
2025-04-11,46800542,4603.032400
2025-04-14,46800542,4643.072800
2025-04-15,46800542,4637.012700
2025-04-16,46800542,4612.715100
2025-04-17,46800542,4617.881800
2025-04-18,46800542,4616.837600
2025-04-21,46800542,4668.911500
2025-04-22,46800542,4665.272400
2025-04-23,46800542,4681.083600
2025-04-24,46800542,4658.579600
2025-04-25,46800542,4667.557400
2025-04-28,46800542,4639.902600
2025-04-29,46800542,4649.035400
2025-04-30,46800542,4666.796000
2025-05-06,46800542,4751.802300
2025-05-07,46800542,4775.752500
2025-05-08,46800542,4807.386100
2025-05-09,46800542,4773.333500
2025-05-12,46800542,4834.218000
2025-05-13,46800542,4831.237500
2025-05-14,46800542,4864.484800
2025-05-15,46800542,4807.403700
2025-05-16,46800542,4805.367800
2025-05-19,46800542,4812.050500
2025-05-20,46800542,4843.568200
2025-05-21,46800542,4846.772000
2025-05-22,46800542,4816.977700
2025-05-23,46800542,4771.624200
2025-05-26,46800542,4776.176900
2025-05-27,46800542,4761.065100
2025-05-28,46800542,4751.011600
2025-05-29,46800542,4805.662200
2025-05-30,46800542,4764.604100
2025-06-03,46800542,4788.373600
2025-06-04,46800542,4821.112500
2025-06-05,46800542,4840.078400
2025-06-06,46800542,4834.862500
2025-06-09,46800542,4870.427600
2025-06-10,46800542,4836.667300
2025-06-11,46800542,4866.330000
2025-06-12,46800542,4868.915600
2025-06-13,46800542,4813.197300
2025-06-16,46800542,4838.226400
2025-06-17,46800542,4832.052000
2025-06-18,46800542,4830.925300
2025-06-19,46800542,4772.143500
2025-06-20,46800542,4754.827300
2025-06-23,46800542,4794.140600
2025-06-24,46800542,4868.080600
2025-06-25,46800542,4933.594100
2025-06-26,46800542,4916.563100
2025-06-27,46800542,4913.664000
2025-06-30,46800542,4954.229800
2025-07-01,46800542,4966.816400
2025-07-02,46800542,4947.136400
2025-07-03,46800542,4976.656700
2025-07-04,46800542,4969.213500
2025-07-07,46800542,4966.096400
2025-07-08,46800542,5018.794300
2025-07-09,46800542,5008.498000
2025-07-10,46800542,5026.490700
2025-07-11,46800542,5045.764900
2025-07-14,46800542,5052.934200
2025-07-15,46800542,5042.652400
2025-07-16,46800542,5044.126200
2025-07-17,46800542,5090.817900
2025-07-18,46800542,5110.453300
2025-07-21,46800542,5156.724900
2025-07-22,46800542,5188.265300
2025-07-23,46800542,5173.466200
2025-07-24,46800542,5229.104500
2025-07-25,46800542,5220.950100
2025-07-28,46800542,5238.801900
2025-07-29,46800542,5262.319200
2025-07-30,46800542,5241.329100
2025-07-31,46800542,5168.748700
2025-08-01,46800542,5161.093200
2025-08-04,46800542,5199.566000
2025-08-05,46800542,5239.873000
2025-08-06,46800542,5272.077200
2025-08-07,46800542,5271.108200
2025-08-08,46800542,5258.782900
2025-08-11,46800542,5310.512400
2025-08-12,46800542,5328.396300
2025-08-13,46800542,5382.349100
2025-08-14,46800542,5336.832800
2025-08-15,46800542,5412.018100
2025-08-18,46800542,5486.565800
2025-08-19,46800542,5483.451900
2025-08-20,46800542,5536.442200
2025-08-21,46800542,5529.210700
2025-08-22,46800542,5620.425100
2025-08-25,46800542,5722.075100
2025-08-26,46800542,5715.789500
2025-08-27,46800542,5615.157900
2025-08-28,46800542,5703.546800
2025-08-29,46800542,5723.951300
2025-09-01,46800542,5769.450500
2025-09-02,46800542,5684.000800
2025-09-03,46800542,5615.639300
2025-09-04,46800542,5502.109600
2025-09-05,46800542,5642.593900
2025-09-08,46800542,5681.226300
2025-09-09,46800542,5629.751400
2025-09-10,46800542,5641.205500
2025-09-11,46800542,5769.357000
2025-09-12,46800542,5759.286400
2025-09-15,46800542,5764.161500
2025-09-16,46800542,5790.933600
2025-09-17,46800542,5829.842300
2025-09-18,46800542,5766.715800
2025-09-19,46800542,5749.102800
2025-09-22,46800542,5778.259800
2025-09-23,46800542,5742.373600
2025-09-24,46800542,5821.912000
2025-09-25,46800542,5831.145300
2025-09-26,46800542,5760.897800
2025-09-29,46800542,5840.449800
2025-09-30,46800542,5875.460700
2025-10-09,46800542,5952.851900
2025-10-10,46800542,5855.648700
2025-10-13,46800542,5833.957200
2025-10-14,46800542,5741.331700
2025-10-15,46800542,5826.486800
2025-10-16,46800542,5800.591000
2025-10-17,46800542,5652.462700
2025-10-20,46800542,5697.159600
2025-10-21,46800542,5788.832800
2025-10-22,46800542,5764.928500
2025-10-23,46800542,5772.782200
2025-10-24,46800542,5842.572900
2025-10-27,46800542,5913.071700
2025-10-28,46800542,5893.136900
2025-10-29,46800542,5961.193900
2025-10-30,46800542,5898.903900
2025-10-31,46800542,5866.647700
2025-11-03,46800542,5888.679100
2025-11-04,46800542,5827.927700
2025-11-05,46800542,5847.928100
2025-11-06,46800542,5918.754000
2025-11-07,46800542,5903.578400
2025-11-10,46800542,5926.660400
2025-11-11,46800542,5895.644800
2025-11-12,46800542,5871.625400
2025-11-13,46800542,5948.001800
2025-11-14,46800542,5872.126600
2025-11-17,46800542,5864.125900
2025-11-18,46800542,5809.597400
2025-11-19,46800542,5793.288200
2025-11-20,46800542,5755.786100
2025-11-21,46800542,5575.476300
2025-11-24,46800542,5608.685200
2025-11-25,46800542,5676.325800
2025-11-26,46800542,5690.080700
2025-11-27,46800542,5690.012100
2025-11-28,46800542,5732.770500
2025-12-01,46800542,5787.177100
2025-12-02,46800542,5750.403200
2025-12-03,46800542,5710.576100
2025-12-04,46800542,5711.800400
2025-12-05,46800542,5776.830900
2025-12-08,46800542,5835.551800
2025-12-09,46800542,5802.845400
2025-12-10,46800542,5809.353800
2025-12-11,46800542,5745.069300
2025-12-12,46800542,5787.863800
2025-12-15,46800542,5751.553500
2025-12-16,46800542,5668.201000
2025-12-17,46800542,5756.231100
2025-12-18,46800542,5733.550300
2025-12-19,46800542,5777.537900
2025-12-22,46800542,5835.535500
2025-12-23,46800542,5831.467600
2025-12-24,46800542,5883.662700
2025-12-25,46800542,5918.574900
2025-12-26,46800542,5938.294300
2025-12-29,46800542,5921.115300
2025-12-30,46800542,5928.958900
2025-12-31,46800542,5919.115300
2026-01-05,46800542,6035.983700
2026-01-06,46800542,6131.693700
2026-01-07,46800542,6142.565600
2026-01-08,46800542,6145.539900
2026-01-09,46800542,6217.681000
2026-01-12,46800542,6325.636400
2026-01-13,46800542,6251.438500
2026-01-14,46800542,6270.406800
2026-01-15,46800542,6259.821300
2026-01-16,46800542,6246.920000
2026-01-19,46800542,6272.451400
2026-01-20,46800542,6235.573000
2026-01-21,46800542,6270.260600
2026-01-22,46800542,6298.060500
2026-01-23,46800542,6356.819800
2026-01-26,46800542,6314.821600
2026-01-27,46800542,6323.776100
2026-01-28,46800542,6331.485300
2026-01-29,46800542,6319.773100
2026-01-30,46800542,6259.181900
2026-02-02,46800542,6088.277300
2026-02-03,46800542,6217.127600
2026-02-04,46800542,6245.435200
2026-02-05,46800542,6176.130600
2026-02-06,46800542,6161.613000
2026-02-09,46800542,6279.136800
2026-02-10,46800542,6283.259500
2026-02-11,46800542,6272.716400
2026-02-12,46800542,6299.895300
2026-02-13,46800542,6227.543800
2026-02-24,46800542,6295.279800
2026-02-25,46800542,6360.543600
2026-02-26,46800542,6373.708800
2026-02-27,46800542,6398.458300
2026-03-02,46800542,6375.691000
2026-03-03,46800542,6188.094400
2026-03-04,46800542,6143.188200
2026-03-05,46800542,6208.810600
2026-03-06,46800542,6252.376900
2026-03-09,46800542,6199.425900
2026-03-10,46800542,6296.203900
2026-03-11,46800542,6313.024700
2026-03-12,46800542,6279.675700
2026-03-13,46800542,6220.655100
2026-03-16,46800542,6217.067500
2026-03-17,46800542,6120.173600
2026-03-18,46800542,6169.420500
2026-03-19,46800542,6039.183300
2026-03-20,46800542,5965.889300
2026-03-23,46800542,5723.412600
2026-03-24,46800542,5843.725700
2026-03-25,46800542,5948.598700
2026-03-26,46800542,5861.892800
2026-03-27,46800542,5922.208100
2026-03-30,46800542,5925.213500
2026-03-31,46800542,5842.342000
2026-04-01,46800542,5946.580300
2026-04-02,46800542,5860.441200
2026-04-03,46800542,5791.488000
2026-04-07,46800542,5822.745400
2026-04-08,46800542,6059.747300
2026-04-09,46800542,6020.053000
2026-04-10,46800542,6090.061900
2026-04-13,46800542,6103.842400
2026-04-14,46800542,6181.433000
2026-04-15,46800542,6153.959000
2026-04-16,46800542,6239.485300
2026-04-17,46800542,6254.113700
2026-04-20,46800542,6300.214100
2026-04-21,46800542,6297.913600
2026-04-22,46800542,6357.096300
2026-04-23,46800542,6303.104200
2026-04-24,46800542,6271.173600
2026-04-27,46800542,6296.446900
2026-04-28,46800542,6246.707000
2026-04-29,46800542,6328.363600
2026-04-30,46800542,6342.263600
2026-05-06,46800542,6465.598300
2026-05-07,46800542,6533.326100
2026-05-08,46800542,6532.344200
2026-05-11,46800542,6633.482600
2026-05-12,46800542,6605.722200
2026-05-13,46800542,6686.865000
2026-05-14,46800542,6552.945300
2026-05-15,46800542,6481.337600
2026-05-18,46800542,6477.211500
2026-05-19,46800542,6526.025800
2026-05-20,46800542,6525.058300
2026-05-21,46800542,6368.441400
2026-05-22,46800542,6479.370200
2026-05-25,46800542,6559.839000
2026-05-26,46800542,6532.438600
2026-05-27,46800542,6443.844300
2026-05-28,46800542,6480.467600
2026-05-29,46800542,6368.835700
2026-06-01,46800542,6321.105400
2026-06-02,46800542,6368.511800
2026-06-03,46800542,6395.883500
2026-06-04,46800542,6368.336000
2026-06-05,46800542,6292.191500
2026-06-08,46800542,6119.244500
2026-06-09,46800542,6254.744200
2026-06-10,46800542,6173.627800
2026-06-11,46800542,6140.749800
2026-06-12,46800542,6196.258300
2026-06-15,46800542,6380.161800
2026-06-16,46800542,6421.240100
2026-06-17,46800542,6477.070400
2026-06-18,46800542,6499.334600
2026-06-22,46800542,6624.009900
2026-06-23,46800542,6483.566100
2026-06-24,46800542,6531.251600
2026-06-25,46800542,6586.230500
2026-06-26,46800542,6401.006000
2026-06-29,46800542,6443.300500
2026-06-30,46800542,6551.616600
2026-07-01,46800542,6563.164700
2026-07-02,46800542,6376.360700
2026-07-03,46800542,6404.396700
2026-07-06,46800542,6350.894600
2026-07-07,46800542,6246.027900
2026-07-08,46800542,6157.072900
2026-07-09,46800542,6304.426200
2026-07-10,46800542,6215.113800
2018-01-02,47299187,177.848900
2018-01-03,47299187,177.879400
2018-01-04,47299187,177.842800
2018-01-05,47299187,177.969600
2018-01-08,47299187,178.102500
2018-01-09,47299187,178.162500
2018-01-10,47299187,178.057400
2018-01-11,47299187,177.966400
2018-01-12,47299187,178.007300
2018-01-15,47299187,177.964000
2018-01-16,47299187,177.985500
2018-01-17,47299187,177.949500
2018-01-18,47299187,177.878200
2018-01-19,47299187,177.913900
2018-01-22,47299187,178.001900
2018-01-23,47299187,178.047100
2018-01-24,47299187,178.093100
2018-01-25,47299187,178.130500
2018-01-26,47299187,178.167800
2018-01-29,47299187,178.240900
2018-01-30,47299187,178.246900
2018-01-31,47299187,178.336100
2018-02-01,47299187,178.410700
2018-02-02,47299187,178.455100
2018-02-05,47299187,178.490300
2018-02-06,47299187,178.680500
2018-02-07,47299187,178.751700
2018-02-08,47299187,178.775400
2018-02-09,47299187,178.807200
2018-02-12,47299187,178.918600
2018-02-13,47299187,178.956600
2018-02-14,47299187,178.995800
2018-02-22,47299187,179.159500
2018-02-23,47299187,179.218000
2018-02-26,47299187,179.517100
2018-02-27,47299187,179.650800
2018-02-28,47299187,179.741900
2018-03-01,47299187,179.775600
2018-03-02,47299187,179.754000
2018-03-05,47299187,179.753900
2018-03-06,47299187,179.790100
2018-03-07,47299187,179.862900
2018-03-08,47299187,179.914400
2018-03-09,47299187,179.953900
2018-03-12,47299187,180.039900
2018-03-13,47299187,180.004500
2018-03-14,47299187,180.016500
2018-03-15,47299187,180.050300
2018-03-16,47299187,180.110500
2018-03-19,47299187,180.155800
2018-03-20,47299187,180.256300
2018-03-21,47299187,180.352900
2018-03-22,47299187,180.506300
2018-03-23,47299187,180.894300
2018-03-26,47299187,180.993100
2018-03-27,47299187,180.933800
2018-03-28,47299187,180.998700
2018-03-29,47299187,181.013700
2018-03-30,47299187,181.095700
2018-04-02,47299187,181.228300
2018-04-03,47299187,181.317900
2018-04-04,47299187,181.457100
2018-04-09,47299187,181.870500
2018-04-10,47299187,181.888100
2018-04-11,47299187,181.970100
2018-04-12,47299187,182.036300
2018-04-13,47299187,182.124200
2018-04-16,47299187,182.350100
2018-04-17,47299187,182.469100
2018-04-18,47299187,183.651300
2018-04-19,47299187,183.537300
2018-04-20,47299187,183.561600
2018-04-23,47299187,183.387100
2018-04-24,47299187,183.439200
2018-04-25,47299187,183.378000
2018-04-26,47299187,183.277300
2018-04-27,47299187,183.200900
2018-05-02,47299187,183.139800
2018-05-03,47299187,183.208500
2018-05-04,47299187,183.306100
2018-05-07,47299187,183.291900
2018-05-08,47299187,183.157900
2018-05-09,47299187,183.026300
2018-05-10,47299187,183.042300
2018-05-11,47299187,183.078700
2018-05-14,47299187,183.093200
2018-05-15,47299187,182.994500
2018-05-16,47299187,182.953400
2018-05-17,47299187,182.907000
2018-05-18,47299187,182.935700
2018-05-21,47299187,183.048500
2018-05-22,47299187,183.164800
2018-05-23,47299187,183.281800
2018-05-24,47299187,183.342800
2018-05-25,47299187,183.492800
2018-05-28,47299187,183.555800
2018-05-29,47299187,183.553900
2018-05-30,47299187,183.604000
2018-05-31,47299187,183.500200
2018-06-01,47299187,183.461700
2018-06-04,47299187,183.393100
2018-06-05,47299187,183.335400
2018-06-06,47299187,183.315200
2018-06-07,47299187,183.290400
2018-06-08,47299187,183.400500
2018-06-11,47299187,183.408200
2018-06-12,47299187,183.308800
2018-06-13,47299187,183.385000
2018-06-14,47299187,183.487200
2018-06-15,47299187,183.605000
2018-06-19,47299187,183.832300
2018-06-20,47299187,183.777200
2018-06-21,47299187,183.884400
2018-06-22,47299187,183.961400
2018-06-25,47299187,183.993200
2018-06-26,47299187,184.031800
2018-06-27,47299187,184.096700
2018-06-28,47299187,184.300100
2018-06-29,47299187,184.632800
2018-07-02,47299187,184.850300
2018-07-03,47299187,184.956600
2018-07-04,47299187,184.992300
2018-07-05,47299187,185.159300
2018-07-06,47299187,185.183500
2018-07-09,47299187,185.200000
2018-07-10,47299187,185.191400
2018-07-11,47299187,185.296500
2018-07-12,47299187,185.327000
2018-07-13,47299187,185.473500
2018-07-16,47299187,185.649700
2018-07-17,47299187,185.669000
2018-07-18,47299187,185.774400
2018-07-19,47299187,185.994000
2018-07-20,47299187,186.004800
2018-07-23,47299187,186.084200
2018-07-24,47299187,185.952100
2018-07-25,47299187,185.961200
2018-07-26,47299187,186.092000
2018-07-27,47299187,186.232600
2018-07-30,47299187,186.395500
2018-07-31,47299187,186.659800
2018-08-01,47299187,186.814600
2018-08-02,47299187,186.938900
2018-08-03,47299187,187.129700
2018-08-06,47299187,187.340000
2018-08-07,47299187,187.476500
2018-08-08,47299187,187.315200
2018-08-09,47299187,186.990700
2018-08-10,47299187,186.883200
2018-08-13,47299187,186.643600
2018-08-14,47299187,186.724400
2018-08-15,47299187,186.718400
2018-08-16,47299187,186.597900
2018-08-17,47299187,186.293400
2018-08-20,47299187,186.258000
2018-08-21,47299187,186.146800
2018-08-22,47299187,186.283200
2018-08-23,47299187,186.481400
2018-08-24,47299187,186.530600
2018-08-27,47299187,186.514100
2018-08-28,47299187,186.513400
2018-08-29,47299187,186.537300
2018-08-30,47299187,186.667300
2018-08-31,47299187,186.761700
2018-09-03,47299187,186.708300
2018-09-04,47299187,186.673400
2018-09-05,47299187,186.694400
2018-09-06,47299187,186.696700
2018-09-07,47299187,186.680200
2018-09-10,47299187,186.596400
2018-09-11,47299187,186.509800
2018-09-12,47299187,186.588500
2018-09-13,47299187,186.666200
2018-09-14,47299187,186.752300
2018-09-17,47299187,186.874800
2018-09-18,47299187,186.912100
2018-09-19,47299187,186.898500
2018-09-20,47299187,186.837900
2018-09-21,47299187,186.921300
2018-09-25,47299187,187.017500
2018-09-26,47299187,187.106600
2018-09-27,47299187,187.228200
2018-09-28,47299187,187.313600
2018-10-08,47299187,187.554600
2018-10-09,47299187,187.599700
2018-10-10,47299187,187.677100
2018-10-11,47299187,187.888600
2018-10-12,47299187,187.975800
2018-10-15,47299187,188.041600
2018-10-16,47299187,188.097400
2018-10-17,47299187,188.138300
2018-10-18,47299187,188.284500
2018-10-19,47299187,188.336700
2018-10-22,47299187,188.351500
2018-10-23,47299187,188.411000
2018-10-24,47299187,188.542800
2018-10-25,47299187,188.645000
2018-10-26,47299187,188.699900
2018-10-29,47299187,188.930400
2018-10-30,47299187,189.017900
2018-10-31,47299187,189.032900
2018-11-01,47299187,189.120300
2018-11-02,47299187,189.024800
2018-11-05,47299187,189.105000
2018-11-06,47299187,189.218400
2018-11-07,47299187,189.375300
2018-11-08,47299187,189.450600
2018-11-09,47299187,189.508900
2018-11-12,47299187,189.585500
2018-11-13,47299187,189.666800
2018-11-14,47299187,189.988500
2018-11-15,47299187,190.140500
2018-11-16,47299187,190.402200
2018-11-19,47299187,190.535400
2018-11-20,47299187,190.522500
2018-11-21,47299187,190.591500
2018-11-22,47299187,190.565600
2018-11-23,47299187,190.548100
2018-11-26,47299187,190.579300
2018-11-27,47299187,190.587300
2018-11-28,47299187,190.658200
2018-11-29,47299187,190.794300
2018-11-30,47299187,190.841700
2018-12-03,47299187,190.920500
2018-12-04,47299187,191.142600
2018-12-05,47299187,191.309400
2018-12-06,47299187,191.415500
2018-12-07,47299187,191.503500
2018-12-10,47299187,191.672700
2018-12-11,47299187,191.734300
2018-12-12,47299187,191.770700
2018-12-13,47299187,191.530800
2018-12-14,47299187,191.476600
2018-12-17,47299187,191.386600
2018-12-18,47299187,191.390800
2018-12-19,47299187,191.442800
2018-12-20,47299187,191.643400
2018-12-21,47299187,191.687900
2018-12-24,47299187,191.696600
2018-12-25,47299187,191.734900
2018-12-26,47299187,191.789600
2018-12-27,47299187,191.936300
2018-12-28,47299187,192.276200
2019-01-02,47299187,192.680500
2019-01-03,47299187,192.874600
2019-01-04,47299187,192.983300
2019-01-07,47299187,193.144200
2019-01-08,47299187,193.454700
2019-01-09,47299187,193.515800
2019-01-10,47299187,193.554500
2019-01-11,47299187,193.585600
2019-01-14,47299187,193.570900
2019-01-15,47299187,193.543300
2019-01-16,47299187,193.810200
2019-01-17,47299187,193.892800
2019-01-18,47299187,193.836400
2019-01-21,47299187,193.815500
2019-01-22,47299187,193.778900
2019-01-23,47299187,193.768700
2019-01-24,47299187,193.719600
2019-01-25,47299187,193.613600
2019-01-28,47299187,193.611000
2019-01-29,47299187,193.724600
2019-01-30,47299187,193.833800
2019-01-31,47299187,193.919400
2019-02-01,47299187,193.968400
2019-02-11,47299187,194.273300
2019-02-12,47299187,194.328500
2019-02-13,47299187,194.353100
2019-02-14,47299187,194.340900
2019-02-15,47299187,194.365200
2019-02-18,47299187,194.313400
2019-02-19,47299187,194.306500
2019-02-20,47299187,194.355000
2019-02-21,47299187,194.333500
2019-02-22,47299187,194.330800
2019-02-25,47299187,194.180100
2019-02-26,47299187,194.002700
2019-02-27,47299187,194.075000
2019-02-28,47299187,194.043800
2019-03-01,47299187,193.949500
2019-03-04,47299187,193.918900
2019-03-05,47299187,193.856600
2019-03-06,47299187,193.837900
2019-03-07,47299187,193.990200
2019-03-08,47299187,194.105400
2019-03-11,47299187,194.156300
2019-03-12,47299187,194.122200
2019-03-13,47299187,194.115400
2019-03-14,47299187,194.066500
2019-03-15,47299187,194.092900
2019-03-18,47299187,194.116100
2019-03-19,47299187,194.119800
2019-03-20,47299187,194.118100
2019-03-21,47299187,194.171500
2019-03-22,47299187,194.255600
2019-03-25,47299187,194.426700
2019-03-26,47299187,194.500600
2019-03-27,47299187,194.486400
2019-03-28,47299187,194.551900
2019-03-29,47299187,194.600700
2019-04-01,47299187,194.388700
2019-04-02,47299187,194.279000
2019-04-03,47299187,193.986600
2019-04-04,47299187,193.868700
2019-04-08,47299187,193.930200
2019-04-09,47299187,193.738300
2019-04-10,47299187,193.723600
2019-04-11,47299187,193.799200
2019-04-12,47299187,193.720400
2019-04-15,47299187,193.437700
2019-04-16,47299187,193.282100
2019-04-17,47299187,193.270000
2019-04-18,47299187,193.403900
2019-04-19,47299187,193.429900
2019-04-22,47299187,193.360000
2019-04-23,47299187,193.311900
2019-04-24,47299187,193.194800
2019-04-25,47299187,193.263900
2019-04-26,47299187,193.338400
2019-04-29,47299187,193.364400
2019-04-30,47299187,193.472200
2019-05-06,47299187,193.840600
2019-05-07,47299187,193.869600
2019-05-08,47299187,194.002600
2019-05-09,47299187,194.197500
2019-05-10,47299187,194.234700
2019-05-13,47299187,194.446100
2019-05-14,47299187,194.421400
2019-05-15,47299187,194.476600
2019-05-16,47299187,194.575600
2019-05-17,47299187,194.578700
2019-05-20,47299187,194.631100
2019-05-21,47299187,194.581100
2019-05-22,47299187,194.518900
2019-05-23,47299187,194.584300
2019-05-24,47299187,194.618600
2019-05-27,47299187,194.500400
2019-05-28,47299187,194.589700
2019-05-29,47299187,194.758300
2019-05-30,47299187,194.816700
2019-05-31,47299187,194.832300
2019-06-03,47299187,195.007400
2019-06-04,47299187,195.144500
2019-06-05,47299187,195.200400
2019-06-06,47299187,195.262600
2019-06-10,47299187,195.295000
2019-06-11,47299187,195.168000
2019-06-12,47299187,195.201600
2019-06-13,47299187,195.257000
2019-06-14,47299187,195.329400
2019-06-17,47299187,195.436900
2019-06-18,47299187,195.465900
2019-06-19,47299187,195.466800
2019-06-20,47299187,195.557400
2019-06-21,47299187,195.615300
2019-06-24,47299187,195.647100
2019-06-25,47299187,195.713800
2019-06-26,47299187,195.739400
2019-06-27,47299187,195.760900
2019-06-28,47299187,195.864100
2019-07-01,47299187,195.970700
2019-07-02,47299187,196.238300
2019-07-03,47299187,196.396300
2019-07-04,47299187,196.463400
2019-07-05,47299187,196.442800
2019-07-08,47299187,196.445200
2019-07-09,47299187,196.478400
2019-07-10,47299187,196.495400
2019-07-11,47299187,196.544800
2019-07-12,47299187,196.613600
2019-07-15,47299187,196.631400
2019-07-16,47299187,196.645500
2019-07-17,47299187,196.638800
2019-07-18,47299187,196.696600
2019-07-19,47299187,196.713700
2019-07-22,47299187,196.819400
2019-07-23,47299187,196.883100
2019-07-24,47299187,196.886200
2019-07-25,47299187,196.915000
2019-07-26,47299187,196.935500
2019-07-29,47299187,196.960800
2019-07-30,47299187,196.974800
2019-07-31,47299187,197.074200
2019-08-01,47299187,197.116100
2019-08-02,47299187,197.365700
2019-08-05,47299187,197.610300
2019-08-06,47299187,197.650200
2019-08-07,47299187,197.749500
2019-08-08,47299187,197.797000
2019-08-09,47299187,197.911300
2019-08-12,47299187,197.946900
2019-08-13,47299187,198.093800
2019-08-14,47299187,198.151200
2019-08-15,47299187,198.228000
2019-08-16,47299187,198.209900
2019-08-19,47299187,198.299800
2019-08-20,47299187,198.287800
2019-08-21,47299187,198.228000
2019-08-22,47299187,198.228700
2019-08-23,47299187,198.206700
2019-08-26,47299187,198.326600
2019-08-27,47299187,198.310900
2019-08-28,47299187,198.311000
2019-08-29,47299187,198.356100
2019-08-30,47299187,198.280500
2019-09-02,47299187,198.267000
2019-09-03,47299187,198.269300
2019-09-04,47299187,198.342900
2019-09-05,47299187,198.560300
2019-09-06,47299187,198.617800
2019-09-09,47299187,198.670700
2019-09-10,47299187,198.645100
2019-09-11,47299187,198.642800
2019-09-12,47299187,198.562600
2019-09-16,47299187,198.616900
2019-09-17,47299187,198.611300
2019-09-18,47299187,198.535600
2019-09-19,47299187,198.573900
2019-09-20,47299187,198.592000
2019-09-23,47299187,198.641200
2019-09-24,47299187,198.606300
2019-09-25,47299187,198.622300
2019-09-26,47299187,198.545600
2019-09-27,47299187,198.540700
2019-09-30,47299187,198.601800
2019-10-08,47299187,198.854100
2019-10-09,47299187,198.911000
2019-10-10,47299187,198.883200
2019-10-11,47299187,198.819500
2019-10-14,47299187,198.810900
2019-10-15,47299187,198.799800
2019-10-16,47299187,198.817200
2019-10-17,47299187,198.858700
2019-10-18,47299187,198.812300
2019-10-21,47299187,198.717500
2019-10-22,47299187,198.695200
2019-10-23,47299187,198.712500
2019-10-24,47299187,198.697500
2019-10-25,47299187,198.664400
2019-10-28,47299187,198.514900
2019-10-29,47299187,198.461900
2019-10-30,47299187,198.292500
2019-10-31,47299187,198.380100
2019-11-01,47299187,198.468300
2019-11-04,47299187,198.430200
2019-11-05,47299187,198.618200
2019-11-06,47299187,198.690500
2019-11-07,47299187,198.705400
2019-11-08,47299187,198.734300
2019-11-11,47299187,198.891500
2019-11-12,47299187,198.938800
2019-11-13,47299187,199.012800
2019-11-14,47299187,199.017200
2019-11-15,47299187,199.120500
2019-11-18,47299187,199.388800
2019-11-19,47299187,199.558600
2019-11-20,47299187,199.609000
2019-11-21,47299187,199.703200
2019-11-22,47299187,199.744600
2019-11-25,47299187,199.681400
2019-11-26,47299187,199.739300
2019-11-27,47299187,199.753600
2019-11-28,47299187,199.803100
2019-11-29,47299187,199.856500
2019-12-02,47299187,199.817200
2019-12-03,47299187,199.875800
2019-12-04,47299187,199.963500
2019-12-05,47299187,199.995300
2019-12-06,47299187,200.031800
2019-12-09,47299187,200.068700
2019-12-10,47299187,200.106400
2019-12-11,47299187,200.189100
2019-12-12,47299187,200.251300
2019-12-13,47299187,200.252800
2019-12-16,47299187,200.309000
2019-12-17,47299187,200.237400
2019-12-18,47299187,200.232500
2019-12-19,47299187,200.285800
2019-12-20,47299187,200.471000
2019-12-23,47299187,200.669000
2019-12-24,47299187,200.790600
2019-12-25,47299187,200.879800
2019-12-26,47299187,201.045500
2019-12-27,47299187,201.066500
2019-12-30,47299187,201.122100
2019-12-31,47299187,201.190200
2020-01-02,47299187,201.163800
2020-01-03,47299187,201.184100
2020-01-06,47299187,201.335200
2020-01-07,47299187,201.373400
2020-01-08,47299187,201.468700
2020-01-09,47299187,201.531000
2020-01-10,47299187,201.690900
2020-01-13,47299187,201.773400
2020-01-14,47299187,201.711700
2020-01-15,47299187,201.687900
2020-01-16,47299187,201.709700
2020-01-17,47299187,201.768200
2020-01-20,47299187,201.939900
2020-01-21,47299187,202.108000
2020-01-22,47299187,202.186200
2020-01-23,47299187,202.404300
2020-02-03,47299187,203.781000
2020-02-04,47299187,203.725000
2020-02-05,47299187,203.735200
2020-02-06,47299187,203.774400
2020-02-07,47299187,203.986700
2020-02-10,47299187,204.186700
2020-02-11,47299187,204.140900
2020-02-12,47299187,204.159800
2020-02-13,47299187,204.219100
2020-02-14,47299187,204.206900
2020-02-17,47299187,204.138300
2020-02-18,47299187,204.209000
2020-02-19,47299187,204.236500
2020-02-20,47299187,204.190100
2020-02-21,47299187,204.294200
2020-02-24,47299187,204.460200
2020-02-25,47299187,204.491100
2020-02-26,47299187,204.578700
2020-02-27,47299187,204.724000
2020-02-28,47299187,204.908200
2020-03-02,47299187,204.936100
2020-03-03,47299187,204.907000
2020-03-04,47299187,205.121400
2020-03-05,47299187,205.137300
2020-03-06,47299187,205.370900
2020-03-09,47299187,206.107900
2020-03-10,47299187,205.830700
2020-03-11,47299187,205.810800
2020-03-12,47299187,205.759800
2020-03-13,47299187,205.542100
2020-03-16,47299187,205.588100
2020-03-17,47299187,205.396100
2020-03-18,47299187,205.411100
2020-03-19,47299187,205.367900
2020-03-20,47299187,205.457400
2020-03-23,47299187,205.678300
2020-03-24,47299187,205.808000
2020-03-25,47299187,205.889300
2020-03-26,47299187,206.123300
2020-03-27,47299187,206.156700
2020-03-30,47299187,206.209800
2020-03-31,47299187,206.372200
2020-04-01,47299187,206.634100
2020-04-02,47299187,206.665500
2020-04-03,47299187,206.695800
2020-04-07,47299187,207.673400
2020-04-08,47299187,208.137000
2020-04-09,47299187,208.208300
2020-04-10,47299187,208.120400
2020-04-13,47299187,208.122100
2020-04-14,47299187,208.210800
2020-04-15,47299187,208.323600
2020-04-16,47299187,208.466700
2020-04-17,47299187,208.455500
2020-04-20,47299187,208.395000
2020-04-21,47299187,208.492900
2020-04-22,47299187,208.668800
2020-04-23,47299187,208.914100
2020-04-24,47299187,209.011700
2020-04-27,47299187,209.004100
2020-04-28,47299187,209.049300
2020-04-29,47299187,209.212100
2020-04-30,47299187,209.127000
2020-05-06,47299187,209.067300
2020-05-07,47299187,208.740900
2020-05-08,47299187,208.636200
2020-05-11,47299187,208.171000
2020-05-12,47299187,208.139200
2020-05-13,47299187,208.064600
2020-05-14,47299187,208.072400
2020-05-15,47299187,208.176200
2020-05-18,47299187,207.974500
2020-05-19,47299187,207.882300
2020-05-20,47299187,207.872700
2020-05-21,47299187,207.886400
2020-05-22,47299187,208.168500
2020-05-25,47299187,207.904600
2020-05-26,47299187,207.508000
2020-05-27,47299187,207.228500
2020-05-28,47299187,207.286800
2020-05-29,47299187,207.325100
2020-06-01,47299187,207.275600
2020-06-02,47299187,206.655000
2020-06-03,47299187,206.180800
2020-06-04,47299187,205.852500
2020-06-05,47299187,205.545400
2020-06-08,47299187,205.618300
2020-06-09,47299187,205.677200
2020-06-10,47299187,205.691700
2020-06-11,47299187,205.884100
2020-06-12,47299187,206.096100
2020-06-15,47299187,206.134100
2020-06-16,47299187,205.732900
2020-06-17,47299187,205.537800
2020-06-18,47299187,205.659900
2020-06-19,47299187,205.568100
2020-06-22,47299187,205.363100
2020-06-23,47299187,205.237200
2020-06-24,47299187,205.555100
2020-06-29,47299187,205.758100
2020-06-30,47299187,205.909100
2020-07-01,47299187,205.945100
2020-07-02,47299187,206.002600
2020-07-03,47299187,205.882400
2020-07-06,47299187,205.163900
2020-07-07,47299187,204.900600
2020-07-08,47299187,204.626600
2020-07-09,47299187,204.225000
2020-07-10,47299187,204.348200
2020-07-13,47299187,204.119500
2020-07-14,47299187,204.189800
2020-07-15,47299187,204.332200
2020-07-16,47299187,204.520800
2020-07-17,47299187,204.598700
2020-07-20,47299187,204.761600
2020-07-21,47299187,205.121300
2020-07-22,47299187,205.310700
2020-07-23,47299187,205.319300
2020-07-24,47299187,205.600500
2020-07-27,47299187,205.648200
2020-07-28,47299187,205.440700
2020-07-29,47299187,205.318900
2020-07-30,47299187,205.301200
2020-07-31,47299187,205.173000
2020-08-03,47299187,205.230700
2020-08-04,47299187,205.224500
2020-08-05,47299187,205.206700
2020-08-06,47299187,205.114500
2020-08-07,47299187,205.041200
2020-08-10,47299187,205.210500
2020-08-11,47299187,205.219500
2020-08-12,47299187,205.180900
2020-08-13,47299187,205.207500
2020-08-14,47299187,205.308600
2020-08-17,47299187,205.405900
2020-08-18,47299187,205.315000
2020-08-19,47299187,205.172500
2020-08-20,47299187,205.029500
2020-08-21,47299187,205.076000
2020-08-24,47299187,205.023600
2020-08-25,47299187,204.787800
2020-08-26,47299187,204.732500
2020-08-27,47299187,204.612800
2020-08-28,47299187,204.528200
2020-08-31,47299187,204.703800
2020-09-01,47299187,204.643400
2020-09-02,47299187,204.461900
2020-09-03,47299187,204.396400
2020-09-04,47299187,204.326600
2020-09-07,47299187,204.245300
2020-09-08,47299187,204.301600
2020-09-09,47299187,204.528000
2020-09-10,47299187,204.586300
2020-09-11,47299187,204.438900
2020-09-14,47299187,204.398700
2020-09-15,47299187,204.479800
2020-09-16,47299187,204.529300
2020-09-17,47299187,204.511500
2020-09-18,47299187,204.536900
2020-09-21,47299187,204.706300
2020-09-22,47299187,204.794200
2020-09-23,47299187,204.788500
2020-09-24,47299187,204.825700
2020-09-25,47299187,204.696100
2020-09-28,47299187,204.735600
2020-09-29,47299187,204.703800
2020-09-30,47299187,204.614100
2020-10-09,47299187,204.568500
2020-10-12,47299187,204.597100
2020-10-13,47299187,204.595000
2020-10-14,47299187,204.565700
2020-10-15,47299187,204.554600
2020-10-16,47299187,204.552000
2020-10-19,47299187,204.728000
2020-10-20,47299187,204.797700
2020-10-21,47299187,204.931300
2020-10-22,47299187,205.097000
2020-10-23,47299187,205.099200
2020-10-26,47299187,205.146000
2020-10-27,47299187,205.245800
2020-10-28,47299187,205.232700
2020-10-29,47299187,205.275300
2020-10-30,47299187,205.308800
2020-11-02,47299187,205.425500
2020-11-03,47299187,205.530200
2020-11-04,47299187,205.619400
2020-11-05,47299187,205.623000
2020-11-06,47299187,205.583100
2020-11-09,47299187,205.522000
2020-11-10,47299187,205.520700
2020-11-11,47299187,205.525900
2020-11-12,47299187,205.417900
2020-11-13,47299187,205.276200
2020-11-16,47299187,205.313100
2020-11-17,47299187,205.261500
2020-11-18,47299187,205.127300
2020-11-19,47299187,204.990200
2020-11-20,47299187,204.960600
2020-11-23,47299187,205.179800
2020-11-24,47299187,205.182500
2020-11-25,47299187,205.301400
2020-11-26,47299187,205.328900
2020-11-27,47299187,205.320500
2020-11-30,47299187,205.662900
2020-12-01,47299187,205.665500
2020-12-02,47299187,205.602600
2020-12-03,47299187,205.613600
2020-12-04,47299187,205.691100
2020-12-07,47299187,205.760000
2020-12-08,47299187,205.875400
2020-12-09,47299187,205.901400
2020-12-10,47299187,205.982000
2020-12-11,47299187,205.873100
2020-12-14,47299187,205.942700
2020-12-15,47299187,206.043000
2020-12-16,47299187,206.138100
2020-12-17,47299187,206.157200
2020-12-18,47299187,206.204700
2020-12-21,47299187,206.397700
2020-12-22,47299187,206.621000
2020-12-23,47299187,206.693400
2020-12-24,47299187,206.644400
2020-12-25,47299187,206.778500
2020-12-28,47299187,206.916900
2020-12-29,47299187,206.980600
2020-12-30,47299187,207.154200
2020-12-31,47299187,207.188300
2021-01-04,47299187,207.134200
2021-01-05,47299187,207.277900
2021-01-06,47299187,207.430900
2021-01-07,47299187,207.577200
2021-01-08,47299187,207.623100
2021-01-11,47299187,207.664400
2021-01-12,47299187,207.785500
2021-01-13,47299187,207.966600
2021-01-14,47299187,208.085800
2021-01-15,47299187,207.934400
2021-01-18,47299187,207.813400
2021-01-19,47299187,207.818400
2021-01-20,47299187,207.879200
2021-01-21,47299187,208.024600
2021-01-22,47299187,208.078600
2021-01-25,47299187,208.128400
2021-01-26,47299187,207.927900
2021-01-27,47299187,207.898000
2021-01-28,47299187,207.693900
2021-01-29,47299187,207.666200
2021-02-01,47299187,207.809100
2021-02-02,47299187,207.854000
2021-02-03,47299187,207.701800
2021-02-04,47299187,207.607000
2021-02-05,47299187,207.604600
2021-02-08,47299187,207.584300
2021-02-09,47299187,207.675300
2021-02-10,47299187,207.635600
2021-02-18,47299187,207.542800
2021-02-19,47299187,207.674800
2021-02-22,47299187,207.725100
2021-02-23,47299187,207.778800
2021-02-24,47299187,207.861100
2021-02-25,47299187,207.844500
2021-02-26,47299187,207.814500
2021-03-01,47299187,207.981600
2021-03-02,47299187,208.026100
2021-03-03,47299187,208.019600
2021-03-04,47299187,208.013300
2021-03-05,47299187,208.108100
2021-03-08,47299187,208.198300
2021-03-09,47299187,208.204500
2021-03-10,47299187,208.282100
2021-03-11,47299187,208.310600
2021-03-12,47299187,208.296800
2021-03-15,47299187,208.311100
2021-03-16,47299187,208.353200
2021-03-17,47299187,208.425800
2021-03-18,47299187,208.451000
2021-03-19,47299187,208.540200
2021-03-22,47299187,208.658000
2021-03-23,47299187,208.730000
2021-03-24,47299187,208.879800
2021-03-25,47299187,208.917200
2021-03-26,47299187,208.915800
2021-03-29,47299187,208.972500
2021-03-30,47299187,208.977100
2021-03-31,47299187,209.044900
2021-04-01,47299187,209.070200
2021-04-02,47299187,209.136500
2021-04-06,47299187,209.192100
2021-04-07,47299187,209.180700
2021-04-08,47299187,209.185900
2021-04-09,47299187,209.244300
2021-04-12,47299187,209.379000
2021-04-13,47299187,209.594400
2021-04-14,47299187,209.654800
2021-04-15,47299187,209.736500
2021-04-16,47299187,209.783600
2021-04-19,47299187,209.896900
2021-04-20,47299187,209.986500
2021-04-21,47299187,210.069400
2021-04-22,47299187,210.086100
2021-04-23,47299187,210.057800
2021-04-26,47299187,209.939400
2021-04-27,47299187,209.900600
2021-04-28,47299187,209.897300
2021-04-29,47299187,209.952200
2021-04-30,47299187,210.031400
2021-05-06,47299187,210.227100
2021-05-07,47299187,210.319100
2021-05-10,47299187,210.384100
2021-05-11,47299187,210.489500
2021-05-12,47299187,210.564400
2021-05-13,47299187,210.540000
2021-05-14,47299187,210.576900
2021-05-17,47299187,210.587600
2021-05-18,47299187,210.621300
2021-05-19,47299187,210.740900
2021-05-20,47299187,210.895800
2021-05-21,47299187,211.058500
2021-05-24,47299187,211.117900
2021-05-25,47299187,211.123900
2021-05-26,47299187,211.207000
2021-05-27,47299187,211.182000
2021-05-28,47299187,211.135200
2021-05-31,47299187,211.200600
2021-06-01,47299187,211.259700
2021-06-02,47299187,211.219700
2021-06-03,47299187,211.280600
2021-06-04,47299187,211.171200
2021-06-07,47299187,211.056400
2021-06-08,47299187,211.075400
2021-06-09,47299187,211.076500
2021-06-10,47299187,211.133600
2021-06-11,47299187,211.062900
2021-06-15,47299187,211.110200
2021-06-16,47299187,211.077900
2021-06-17,47299187,210.975500
2021-06-18,47299187,211.002600
2021-06-21,47299187,211.176500
2021-06-22,47299187,211.206700
2021-06-23,47299187,211.280300
2021-06-24,47299187,211.356200
2021-06-25,47299187,211.411000
2021-06-28,47299187,211.490700
2021-06-29,47299187,211.545100
2021-06-30,47299187,211.619300
2021-07-01,47299187,211.653400
2021-07-02,47299187,211.703900
2021-07-05,47299187,211.838800
2021-07-06,47299187,211.869400
2021-07-07,47299187,212.028900
2021-07-08,47299187,212.537400
2021-07-09,47299187,212.526600
2021-07-12,47299187,212.895000
2021-07-13,47299187,213.058200
2021-07-14,47299187,213.174500
2021-07-15,47299187,213.095800
2021-07-16,47299187,213.163100
2021-07-19,47299187,213.255300
2021-07-20,47299187,213.409400
2021-07-21,47299187,213.549100
2021-07-22,47299187,213.608700
2021-07-23,47299187,213.749900
2021-07-26,47299187,214.021400
2021-07-27,47299187,213.960900
2021-07-28,47299187,213.877300
2021-07-29,47299187,214.019300
2021-07-30,47299187,214.312700
2021-08-02,47299187,214.623100
2021-08-03,47299187,214.581100
2021-08-04,47299187,214.532900
2021-08-05,47299187,214.703900
2021-08-06,47299187,214.695800
2021-08-09,47299187,214.487300
2021-08-10,47299187,214.427900
2021-08-11,47299187,214.402600
2021-08-12,47299187,214.518600
2021-08-13,47299187,214.472600
2021-08-16,47299187,214.494100
2021-08-17,47299187,214.530600
2021-08-18,47299187,214.700700
2021-08-19,47299187,214.817600
2021-08-20,47299187,214.829300
2021-08-23,47299187,214.818900
2021-08-24,47299187,214.856800
2021-08-25,47299187,214.913600
2021-08-26,47299187,214.767300
2021-08-27,47299187,214.800700
2021-08-30,47299187,214.905500
2021-08-31,47299187,214.960700
2021-09-01,47299187,215.076500
2021-09-02,47299187,215.094500
2021-09-03,47299187,215.090700
2021-09-06,47299187,215.145300
2021-09-07,47299187,215.090200
2021-09-08,47299187,215.051600
2021-09-09,47299187,215.013400
2021-09-10,47299187,215.001200
2021-09-13,47299187,214.999400
2021-09-14,47299187,214.926400
2021-09-15,47299187,214.927400
2021-09-16,47299187,214.894500
2021-09-17,47299187,214.967400
2021-09-22,47299187,215.111400
2021-09-23,47299187,215.133400
2021-09-24,47299187,215.102300
2021-09-27,47299187,215.096000
2021-09-28,47299187,215.023300
2021-09-29,47299187,215.070600
2021-09-30,47299187,215.115700
2021-10-08,47299187,215.128700
2021-10-11,47299187,214.911300
2021-10-12,47299187,214.847600
2021-10-13,47299187,214.811500
2021-10-14,47299187,214.824400
2021-10-15,47299187,214.759100
2021-10-18,47299187,214.381300
2021-10-19,47299187,214.437200
2021-10-20,47299187,214.539400
2021-10-21,47299187,214.657900
2021-10-22,47299187,214.687900
2021-10-25,47299187,214.739600
2021-10-26,47299187,214.822600
2021-10-27,47299187,214.869700
2021-10-28,47299187,214.956300
2021-10-29,47299187,215.017600
2021-11-01,47299187,215.180300
2021-11-02,47299187,215.363000
2021-11-03,47299187,215.434100
2021-11-04,47299187,215.498800
2021-11-05,47299187,215.770800
2021-11-08,47299187,215.817800
2021-11-09,47299187,215.775500
2021-11-10,47299187,215.792900
2021-11-11,47299187,215.715900
2021-11-12,47299187,215.740500
2021-11-15,47299187,215.863600
2021-11-16,47299187,215.902100
2021-11-17,47299187,215.920500
2021-11-18,47299187,215.971000
2021-11-19,47299187,215.976100
2021-11-22,47299187,216.090100
2021-11-23,47299187,216.122500
2021-11-24,47299187,216.261300
2021-11-25,47299187,216.336200
2021-11-26,47299187,216.479900
2021-11-29,47299187,216.536800
2021-11-30,47299187,216.533800
2021-12-01,47299187,216.526900
2021-12-02,47299187,216.491800
2021-12-03,47299187,216.465700
2021-12-06,47299187,216.840400
2021-12-07,47299187,216.806500
2021-12-08,47299187,216.746100
2021-12-09,47299187,216.726300
2021-12-10,47299187,216.797100
2021-12-13,47299187,216.824800
2021-12-14,47299187,216.900600
2021-12-15,47299187,216.935600
2021-12-16,47299187,216.951300
2021-12-17,47299187,216.987700
2021-12-20,47299187,217.004500
2021-12-21,47299187,216.971700
2021-12-22,47299187,217.019200
2021-12-23,47299187,217.140700
2021-12-24,47299187,217.198400
2021-12-27,47299187,217.320100
2021-12-28,47299187,217.388900
2021-12-29,47299187,217.508500
2021-12-30,47299187,217.686400
2021-12-31,47299187,217.741800
2022-01-04,47299187,217.833500
2022-01-05,47299187,217.893000
2022-01-06,47299187,217.846700
2022-01-07,47299187,217.854400
2022-01-10,47299187,218.008900
2022-01-11,47299187,218.107400
2022-01-12,47299187,218.241600
2022-01-13,47299187,218.297300
2022-01-14,47299187,218.375500
2022-01-17,47299187,218.545200
2022-01-18,47299187,218.844000
2022-01-19,47299187,219.177700
2022-01-20,47299187,219.243800
2022-01-21,47299187,219.413800
2022-01-24,47299187,219.721600
2022-01-25,47299187,219.723700
2022-01-26,47299187,219.569700
2022-01-27,47299187,219.500900
2022-01-28,47299187,219.619400
2022-02-07,47299187,219.827300
2022-02-08,47299187,219.854200
2022-02-09,47299187,219.826000
2022-02-10,47299187,219.843300
2022-02-11,47299187,219.369500
2022-02-14,47299187,219.329900
2022-02-15,47299187,219.329600
2022-02-16,47299187,219.330600
2022-02-17,47299187,219.418400
2022-02-18,47299187,219.393800
2022-02-21,47299187,219.190800
2022-02-22,47299187,219.042800
2022-02-23,47299187,219.080500
2022-02-24,47299187,219.125500
2022-02-25,47299187,219.145800
2022-02-28,47299187,219.243600
2022-03-01,47299187,219.165900
2022-03-02,47299187,219.050000
2022-03-03,47299187,218.860500
2022-03-04,47299187,218.855800
2022-03-07,47299187,218.920800
2022-03-08,47299187,218.977400
2022-03-09,47299187,218.849700
2022-03-10,47299187,218.804600
2022-03-11,47299187,218.974100
2022-03-14,47299187,219.322700
2022-03-15,47299187,219.047500
2022-03-16,47299187,218.983000
2022-03-17,47299187,218.983600
2022-03-18,47299187,219.077900
2022-03-21,47299187,219.102700
2022-03-22,47299187,218.993400
2022-03-23,47299187,219.026200
2022-03-24,47299187,219.074700
2022-03-25,47299187,219.147700
2022-03-28,47299187,219.252900
2022-03-29,47299187,219.260700
2022-03-30,47299187,219.381900
2022-03-31,47299187,219.416400
2022-04-01,47299187,219.544700
2022-04-06,47299187,219.835000
2022-04-07,47299187,220.014400
2022-04-08,47299187,220.089500
2022-04-11,47299187,220.106900
2022-04-12,47299187,220.119900
2022-04-13,47299187,220.187500
2022-04-14,47299187,220.320100
2022-04-15,47299187,220.379200
2022-04-18,47299187,220.245400
2022-04-19,47299187,220.246400
2022-04-20,47299187,220.210300
2022-04-21,47299187,220.260700
2022-04-22,47299187,220.272500
2022-04-25,47299187,220.404700
2022-04-26,47299187,220.440500
2022-04-27,47299187,220.424800
2022-04-28,47299187,220.362700
2022-04-29,47299187,220.448400
2022-05-05,47299187,220.607700
2022-05-06,47299187,220.638100
2022-05-09,47299187,220.762000
2022-05-10,47299187,220.887700
2022-05-11,47299187,220.911100
2022-05-12,47299187,220.983400
2022-05-13,47299187,221.051200
2022-05-16,47299187,221.103400
2022-05-17,47299187,221.201100
2022-05-18,47299187,221.308300
2022-05-19,47299187,221.370300
2022-05-20,47299187,221.373400
2022-05-23,47299187,221.538900
2022-05-24,47299187,221.589800
2022-05-25,47299187,221.651900
2022-05-26,47299187,221.901100
2022-05-27,47299187,221.962000
2022-05-30,47299187,221.917200
2022-05-31,47299187,221.738500
2022-06-01,47299187,221.693300
2022-06-02,47299187,221.640000
2022-06-06,47299187,221.562600
2022-06-07,47299187,221.533600
2022-06-08,47299187,221.558200
2022-06-09,47299187,221.628900
2022-06-10,47299187,221.666000
2022-06-13,47299187,221.692800
2022-06-14,47299187,221.686800
2022-06-15,47299187,221.672600
2022-06-16,47299187,221.705500
2022-06-17,47299187,221.760400
2022-06-20,47299187,221.738600
2022-06-21,47299187,221.741100
2022-06-22,47299187,221.776800
2022-06-23,47299187,221.819700
2022-06-24,47299187,221.779200
2022-06-27,47299187,221.671400
2022-06-28,47299187,221.611300
2022-06-29,47299187,221.641400
2022-06-30,47299187,221.725400
2022-07-01,47299187,221.793200
2022-07-04,47299187,221.746500
2022-07-05,47299187,221.704300
2022-07-06,47299187,221.767000
2022-07-07,47299187,221.789500
2022-07-08,47299187,221.800700
2022-07-11,47299187,221.928200
2022-07-12,47299187,222.063700
2022-07-13,47299187,222.161100
2022-07-14,47299187,222.288100
2022-07-15,47299187,222.387800
2022-07-18,47299187,222.521900
2022-07-19,47299187,222.562800
2022-07-20,47299187,222.666400
2022-07-21,47299187,222.792600
2022-07-22,47299187,222.797000
2022-07-25,47299187,222.902800
2022-07-26,47299187,223.019200
2022-07-27,47299187,223.097900
2022-07-28,47299187,223.073100
2022-07-29,47299187,223.264300
2022-08-01,47299187,223.526800
2022-08-02,47299187,223.669500
2022-08-03,47299187,223.774700
2022-08-04,47299187,223.929400
2022-08-05,47299187,223.881100
2022-08-08,47299187,223.894800
2022-08-09,47299187,223.822900
2022-08-10,47299187,223.837800
2022-08-11,47299187,223.832900
2022-08-12,47299187,223.852300
2022-08-15,47299187,224.379900
2022-08-16,47299187,224.644600
2022-08-17,47299187,224.674400
2022-08-18,47299187,224.850200
2022-08-19,47299187,224.958700
2022-08-22,47299187,225.030200
2022-08-23,47299187,224.953500
2022-08-24,47299187,224.945700
2022-08-25,47299187,224.776100
2022-08-26,47299187,224.726100
2022-08-29,47299187,224.857200
2022-08-30,47299187,224.968500
2022-08-31,47299187,224.985600
2022-09-01,47299187,225.100500
2022-09-02,47299187,225.146800
2022-09-05,47299187,225.301100
2022-09-06,47299187,225.397800
2022-09-07,47299187,225.401100
2022-09-08,47299187,225.399100
2022-09-09,47299187,225.374300
2022-09-13,47299187,225.397600
2022-09-14,47299187,225.344200
2022-09-15,47299187,225.376800
2022-09-16,47299187,225.310600
2022-09-19,47299187,225.353800
2022-09-20,47299187,225.421100
2022-09-21,47299187,225.503400
2022-09-22,47299187,225.527700
2022-09-23,47299187,225.492100
2022-09-26,47299187,225.344900
2022-09-27,47299187,225.316000
2022-09-28,47299187,225.205000
2022-09-29,47299187,225.113800
2022-09-30,47299187,224.990000
2022-10-10,47299187,225.297100
2022-10-11,47299187,225.388100
2022-10-12,47299187,225.406800
2022-10-13,47299187,225.495400
2022-10-14,47299187,225.661800
2022-10-17,47299187,225.763100
2022-10-18,47299187,225.800200
2022-10-19,47299187,225.840500
2022-10-20,47299187,225.802100
2022-10-21,47299187,225.803100
2022-10-24,47299187,225.897000
2022-10-25,47299187,225.861700
2022-10-26,47299187,225.914400
2022-10-27,47299187,226.018000
2022-10-28,47299187,226.109700
2022-10-31,47299187,226.279000
2022-11-01,47299187,226.172800
2022-11-02,47299187,226.086200
2022-11-03,47299187,226.114800
2022-11-04,47299187,226.006100
2022-11-07,47299187,226.037300
2022-11-08,47299187,225.984600
2022-11-09,47299187,225.960000
2022-11-10,47299187,225.911800
2022-11-11,47299187,225.686800
2022-11-14,47299187,224.753200
2022-11-15,47299187,224.674300
2022-11-16,47299187,224.450100
2022-11-17,47299187,224.507200
2022-11-18,47299187,224.552300
2022-11-21,47299187,224.735900
2022-11-22,47299187,224.736200
2022-11-23,47299187,224.910800
2022-11-24,47299187,225.147100
2022-11-25,47299187,224.998400
2022-11-28,47299187,224.884900
2022-11-29,47299187,224.518800
2022-11-30,47299187,224.443200
2022-12-01,47299187,224.472000
2022-12-02,47299187,224.522000
2022-12-05,47299187,224.497500
2022-12-06,47299187,224.330700
2022-12-07,47299187,224.245900
2022-12-08,47299187,224.299700
2022-12-09,47299187,224.204700
2022-12-12,47299187,224.177100
2022-12-13,47299187,223.939600
2022-12-14,47299187,224.100200
2022-12-15,47299187,224.112500
2022-12-16,47299187,224.087800
2022-12-19,47299187,224.296100
2022-12-20,47299187,224.320400
2022-12-21,47299187,224.310900
2022-12-22,47299187,224.432400
2022-12-23,47299187,224.606900
2022-12-26,47299187,224.658600
2022-12-27,47299187,224.607200
2022-12-28,47299187,224.622200
2022-12-29,47299187,224.808900
2022-12-30,47299187,224.912700
2023-01-03,47299187,225.132400
2023-01-04,47299187,225.339600
2023-01-05,47299187,225.448000
2023-01-06,47299187,225.399400
2023-01-09,47299187,225.441800
2023-01-10,47299187,225.280900
2023-01-11,47299187,225.239200
2023-01-12,47299187,225.299500
2023-01-13,47299187,225.231700
2023-01-16,47299187,225.097800
2023-01-17,47299187,225.090900
2023-01-18,47299187,225.027700
2023-01-19,47299187,225.056000
2023-01-20,47299187,225.012900
2023-01-30,47299187,225.260200
2023-01-31,47299187,225.331800
2023-02-01,47299187,225.323600
2023-02-02,47299187,225.323100
2023-02-03,47299187,225.414000
2023-02-06,47299187,225.459600
2023-02-07,47299187,225.488400
2023-02-08,47299187,225.523300
2023-02-09,47299187,225.572000
2023-02-10,47299187,225.617400
2023-02-13,47299187,225.702900
2023-02-14,47299187,225.744100
2023-02-15,47299187,225.773400
2023-02-16,47299187,225.832000
2023-02-17,47299187,225.860300
2023-02-20,47299187,225.828700
2023-02-21,47299187,225.776500
2023-02-22,47299187,225.811000
2023-02-23,47299187,225.798900
2023-02-24,47299187,225.807500
2023-02-27,47299187,225.846400
2023-02-28,47299187,225.848000
2023-03-01,47299187,225.881400
2023-03-02,47299187,225.893100
2023-03-03,47299187,225.885500
2023-03-06,47299187,226.105700
2023-03-07,47299187,226.153800
2023-03-08,47299187,226.214200
2023-03-09,47299187,226.269200
2023-03-10,47299187,226.343700
2023-03-13,47299187,226.402200
2023-03-14,47299187,226.447600
2023-03-15,47299187,226.469900
2023-03-16,47299187,226.553100
2023-03-17,47299187,226.630700
2023-03-20,47299187,226.787100
2023-03-21,47299187,226.821800
2023-03-22,47299187,226.830700
2023-03-23,47299187,226.846700
2023-03-24,47299187,226.827400
2023-03-27,47299187,226.930900
2023-03-28,47299187,226.959200
2023-03-29,47299187,226.987200
2023-03-30,47299187,227.015900
2023-03-31,47299187,227.067300
2023-04-03,47299187,227.131400
2023-04-04,47299187,227.145000
2023-04-06,47299187,227.182100
2023-04-07,47299187,227.215700
2023-04-10,47299187,227.330000
2023-04-11,47299187,227.463800
2023-04-12,47299187,227.572300
2023-04-13,47299187,227.592200
2023-04-14,47299187,227.611400
2023-04-17,47299187,227.638300
2023-04-18,47299187,227.709900
2023-04-19,47299187,227.796100
2023-04-20,47299187,227.849100
2023-04-21,47299187,227.909200
2023-04-24,47299187,228.074800
2023-04-25,47299187,228.108300
2023-04-26,47299187,228.169500
2023-04-27,47299187,228.370600
2023-04-28,47299187,228.418700
2023-05-04,47299187,228.713400
2023-05-05,47299187,228.926400
2023-05-08,47299187,228.980800
2023-05-09,47299187,229.032000
2023-05-10,47299187,229.201300
2023-05-11,47299187,229.417100
2023-05-12,47299187,229.409000
2023-05-15,47299187,229.434000
2023-05-16,47299187,229.424100
2023-05-17,47299187,229.408000
2023-05-18,47299187,229.374100
2023-05-19,47299187,229.435600
2023-05-22,47299187,229.546500
2023-05-23,47299187,229.699200
2023-05-24,47299187,229.738100
2023-05-25,47299187,229.735700
2023-05-26,47299187,229.706400
2023-05-29,47299187,229.765500
2023-05-30,47299187,229.831400
2023-05-31,47299187,229.894000
2023-06-01,47299187,229.997500
2023-06-02,47299187,229.955400
2023-06-05,47299187,230.031700
2023-06-06,47299187,230.129800
2023-06-07,47299187,230.216700
2023-06-08,47299187,230.246000
2023-06-09,47299187,230.360200
2023-06-12,47299187,230.486600
2023-06-13,47299187,230.735800
2023-06-14,47299187,230.880800
2023-06-15,47299187,230.764500
2023-06-16,47299187,230.584200
2023-06-19,47299187,230.470200
2023-06-20,47299187,230.478800
2023-06-21,47299187,230.557900
2023-06-26,47299187,230.692500
2023-06-27,47299187,230.643200
2023-06-28,47299187,230.684600
2023-06-29,47299187,230.747800
2023-06-30,47299187,230.870100
2023-07-03,47299187,230.953500
2023-07-04,47299187,230.998700
2023-07-05,47299187,231.041600
2023-07-06,47299187,231.101100
2023-07-07,47299187,231.146900
2023-07-10,47299187,231.237900
2023-07-11,47299187,231.326700
2023-07-12,47299187,231.367700
2023-07-13,47299187,231.392300
2023-07-14,47299187,231.374600
2023-07-17,47299187,231.478500
2023-07-18,47299187,231.569500
2023-07-19,47299187,231.636300
2023-07-20,47299187,231.674800
2023-07-21,47299187,231.783600
2023-07-24,47299187,231.935900
2023-07-25,47299187,231.653400
2023-07-26,47299187,231.667900
2023-07-27,47299187,231.798700
2023-07-28,47299187,231.815200
2023-07-31,47299187,231.768900
2023-08-01,47299187,231.834300
2023-08-02,47299187,231.908500
2023-08-03,47299187,232.017300
2023-08-04,47299187,232.050800
2023-08-07,47299187,232.141600
2023-08-08,47299187,232.180600
2023-08-09,47299187,232.216600
2023-08-10,47299187,232.218400
2023-08-11,47299187,232.276800
2023-08-14,47299187,232.454900
2023-08-15,47299187,232.782800
2023-08-16,47299187,232.931800
2023-08-17,47299187,232.984000
2023-08-18,47299187,233.069000
2023-08-21,47299187,233.330000
2023-08-22,47299187,233.361300
2023-08-23,47299187,233.390800
2023-08-24,47299187,233.421100
2023-08-25,47299187,233.378100
2023-08-28,47299187,233.273600
2023-08-29,47299187,233.217100
2023-08-30,47299187,233.226100
2023-08-31,47299187,233.284300
2023-09-01,47299187,233.178300
2023-09-04,47299187,232.909800
2023-09-05,47299187,232.870900
2023-09-06,47299187,232.695700
2023-09-07,47299187,232.525800
2023-09-08,47299187,232.450200
2023-09-11,47299187,232.389900
2023-09-12,47299187,232.462400
2023-09-13,47299187,232.557100
2023-09-14,47299187,232.659300
2023-09-15,47299187,232.599400
2023-09-18,47299187,232.502100
2023-09-19,47299187,232.468300
2023-09-20,47299187,232.458500
2023-09-21,47299187,232.511600
2023-09-22,47299187,232.475900
2023-09-25,47299187,232.401400
2023-09-26,47299187,232.288900
2023-09-27,47299187,232.293900
2023-09-28,47299187,232.433300
2023-10-09,47299187,232.669200
2023-10-10,47299187,232.555600
2023-10-11,47299187,232.385200
2023-10-12,47299187,232.317300
2023-10-13,47299187,232.426600
2023-10-16,47299187,232.483500
2023-10-17,47299187,232.411500
2023-10-18,47299187,232.324600
2023-10-19,47299187,232.139200
2023-10-20,47299187,232.115400
2023-10-23,47299187,232.217900
2023-10-24,47299187,232.109600
2023-10-25,47299187,232.176100
2023-10-26,47299187,232.234700
2023-10-27,47299187,232.223000
2023-10-30,47299187,232.312600
2023-10-31,47299187,232.395900
2023-11-01,47299187,232.432100
2023-11-02,47299187,232.580400
2023-11-03,47299187,232.593900
2023-11-06,47299187,232.669900
2023-11-07,47299187,232.673100
2023-11-08,47299187,232.685500
2023-11-09,47299187,232.742200
2023-11-10,47299187,232.815700
2023-11-13,47299187,232.941100
2023-11-14,47299187,232.980000
2023-11-15,47299187,233.026400
2023-11-16,47299187,233.175200
2023-11-17,47299187,233.279600
2023-11-20,47299187,233.353100
2023-11-21,47299187,233.389300
2023-11-22,47299187,233.346100
2023-11-23,47299187,233.217000
2023-11-24,47299187,233.205900
2023-11-27,47299187,233.162500
2023-11-28,47299187,233.213100
2023-11-29,47299187,233.228100
2023-11-30,47299187,233.328100
2023-12-01,47299187,233.332600
2023-12-04,47299187,233.349900
2023-12-05,47299187,233.340000
2023-12-06,47299187,233.317300
2023-12-07,47299187,233.357400
2023-12-08,47299187,233.412400
2023-12-11,47299187,233.581000
2023-12-12,47299187,233.622500
2023-12-13,47299187,233.809600
2023-12-14,47299187,233.922700
2023-12-15,47299187,234.127200
2023-12-18,47299187,234.333600
2023-12-19,47299187,234.424300
2023-12-20,47299187,234.527700
2023-12-21,47299187,234.699200
2023-12-22,47299187,234.915800
2023-12-25,47299187,235.163000
2023-12-26,47299187,235.305500
2023-12-27,47299187,235.439300
2023-12-28,47299187,235.557300
2023-12-29,47299187,235.629000
2024-01-02,47299187,235.672600
2024-01-03,47299187,235.621200
2024-01-04,47299187,235.718700
2024-01-05,47299187,235.884900
2024-01-08,47299187,235.981100
2024-01-09,47299187,236.218100
2024-01-10,47299187,236.243600
2024-01-11,47299187,236.261800
2024-01-12,47299187,236.232100
2024-01-15,47299187,236.287600
2024-01-16,47299187,236.298800
2024-01-17,47299187,236.379100
2024-01-18,47299187,236.533800
2024-01-19,47299187,236.642900
2024-01-22,47299187,236.914200
2024-01-23,47299187,236.972600
2024-01-24,47299187,237.041500
2024-01-25,47299187,237.183600
2024-01-26,47299187,237.237700
2024-01-29,47299187,237.376300
2024-01-30,47299187,237.795800
2024-01-31,47299187,238.186000
2024-02-01,47299187,238.246300
2024-02-02,47299187,238.242700
2024-02-05,47299187,238.507600
2024-02-06,47299187,238.269600
2024-02-07,47299187,238.337100
2024-02-08,47299187,238.317900
2024-02-19,47299187,238.573900
2024-02-20,47299187,238.721500
2024-02-21,47299187,238.782200
2024-02-22,47299187,238.886200
2024-02-23,47299187,239.069800
2024-02-26,47299187,239.243900
2024-02-27,47299187,239.459600
2024-02-28,47299187,239.620000
2024-02-29,47299187,239.943600
2024-03-01,47299187,239.666600
2024-03-04,47299187,239.795100
2024-03-05,47299187,239.860100
2024-03-06,47299187,240.243500
2024-03-07,47299187,240.387200
2024-03-08,47299187,240.381800
2024-03-11,47299187,240.245500
2024-03-12,47299187,239.808800
2024-03-13,47299187,239.699100
2024-03-14,47299187,239.620600
2024-03-15,47299187,239.724500
2024-03-18,47299187,239.936100
2024-03-19,47299187,240.130000
2024-03-20,47299187,240.106600
2024-03-21,47299187,240.132100
2024-03-22,47299187,240.130300
2024-03-25,47299187,240.048900
2024-03-26,47299187,240.034600
2024-03-27,47299187,240.169000
2024-03-28,47299187,240.262500
2024-03-29,47299187,240.371900
2024-04-01,47299187,240.300700
2024-04-02,47299187,240.429100
2024-04-03,47299187,240.604400
2024-04-08,47299187,240.789300
2024-04-09,47299187,240.914900
2024-04-10,47299187,240.894100
2024-04-11,47299187,240.939900
2024-04-12,47299187,241.168200
2024-04-15,47299187,241.306200
2024-04-16,47299187,241.358900
2024-04-17,47299187,241.486900
2024-04-18,47299187,241.725900
2024-04-19,47299187,241.938800
2024-04-22,47299187,242.238600
2024-04-23,47299187,242.545700
2024-04-24,47299187,242.187200
2024-04-25,47299187,242.037900
2024-04-26,47299187,241.685700
2024-04-29,47299187,241.016300
2024-04-30,47299187,241.330300
2024-05-06,47299187,241.440500
2024-05-07,47299187,241.682100
2024-05-08,47299187,241.763200
2024-05-09,47299187,241.656900
2024-05-10,47299187,241.605800
2024-05-13,47299187,241.778000
2024-05-14,47299187,241.957200
2024-05-15,47299187,241.972100
2024-05-16,47299187,241.872200
2024-05-17,47299187,241.790000
2024-05-20,47299187,241.915800
2024-05-21,47299187,241.918600
2024-05-22,47299187,241.988600
2024-05-23,47299187,242.140100
2024-05-24,47299187,242.154300
2024-05-27,47299187,242.187400
2024-05-28,47299187,242.324200
2024-05-29,47299187,242.503600
2024-05-30,47299187,242.564800
2024-05-31,47299187,242.457700
2024-06-03,47299187,242.630000
2024-06-04,47299187,242.727800
2024-06-05,47299187,242.886800
2024-06-06,47299187,243.005000
2024-06-07,47299187,243.078800
2024-06-11,47299187,243.249300
2024-06-12,47299187,243.281900
2024-06-13,47299187,243.377500
2024-06-14,47299187,243.535200
2024-06-17,47299187,243.632500
2024-06-18,47299187,243.780100
2024-06-19,47299187,243.889200
2024-06-20,47299187,244.009600
2024-06-21,47299187,243.901200
2024-06-24,47299187,244.013700
2024-06-25,47299187,244.179600
2024-06-26,47299187,244.255000
2024-06-27,47299187,244.423500
2024-06-28,47299187,244.555700
2024-07-01,47299187,244.310200
2024-07-02,47299187,244.422300
2024-07-03,47299187,244.592900
2024-07-04,47299187,244.620600
2024-07-05,47299187,244.444900
2024-07-08,47299187,244.197500
2024-07-09,47299187,244.394900
2024-07-10,47299187,244.437800
2024-07-11,47299187,244.499100
2024-07-12,47299187,244.631200
2024-07-15,47299187,244.787600
2024-07-16,47299187,244.815200
2024-07-17,47299187,244.837500
2024-07-18,47299187,244.792700
2024-07-19,47299187,244.827700
2024-07-22,47299187,245.138900
2024-07-23,47299187,245.347600
2024-07-24,47299187,245.436200
2024-07-25,47299187,245.651900
2024-07-26,47299187,245.826400
2024-07-29,47299187,246.083000
2024-07-30,47299187,246.296100
2024-07-31,47299187,246.432500
2024-08-01,47299187,246.640300
2024-08-02,47299187,246.824500
2024-08-05,47299187,247.054100
2024-08-06,47299187,246.908200
2024-08-07,47299187,247.078000
2024-08-08,47299187,246.857800
2024-08-09,47299187,246.571000
2024-08-12,47299187,245.961300
2024-08-13,47299187,246.137000
2024-08-14,47299187,246.559300
2024-08-15,47299187,246.399000
2024-08-16,47299187,246.422100
2024-08-19,47299187,246.540700
2024-08-20,47299187,246.618800
2024-08-21,47299187,246.533500
2024-08-22,47299187,246.665300
2024-08-23,47299187,246.692800
2024-08-26,47299187,246.727800
2024-08-27,47299187,246.474100
2024-08-28,47299187,246.557300
2024-08-29,47299187,246.571800
2024-08-30,47299187,246.544300
2024-09-02,47299187,246.879900
2024-09-03,47299187,247.003800
2024-09-04,47299187,247.173900
2024-09-05,47299187,247.380700
2024-09-06,47299187,247.440500
2024-09-09,47299187,247.640900
2024-09-10,47299187,247.819100
2024-09-11,47299187,247.998400
2024-09-12,47299187,248.104200
2024-09-13,47299187,248.292200
2024-09-18,47299187,248.762500
2024-09-19,47299187,248.747200
2024-09-20,47299187,248.724000
2024-09-23,47299187,248.828600
2024-09-24,47299187,248.590800
2024-09-25,47299187,248.787200
2024-09-26,47299187,248.596400
2024-09-27,47299187,247.383600
2024-09-30,47299187,246.746900
2024-10-08,47299187,246.544500
2024-10-09,47299187,246.533800
2024-10-10,47299187,247.081900
2024-10-11,47299187,247.370100
2024-10-14,47299187,247.490300
2024-10-15,47299187,247.540900
2024-10-16,47299187,247.569500
2024-10-17,47299187,247.762500
2024-10-18,47299187,247.769600
2024-10-21,47299187,247.740900
2024-10-22,47299187,247.533200
2024-10-23,47299187,247.279700
2024-10-24,47299187,247.294100
2024-10-25,47299187,247.175600
2024-10-28,47299187,247.038700
2024-10-29,47299187,247.094600
2024-10-30,47299187,247.128500
2024-10-31,47299187,247.212800
2024-11-01,47299187,247.453000
2024-11-04,47299187,247.611000
2024-11-05,47299187,247.714600
2024-11-06,47299187,247.791300
2024-11-07,47299187,247.915500
2024-11-08,47299187,248.021400
2024-11-11,47299187,248.138700
2024-11-12,47299187,248.310400
2024-11-13,47299187,248.318500
2024-11-14,47299187,248.308900
2024-11-15,47299187,248.305900
2024-11-18,47299187,248.142200
2024-11-19,47299187,248.178300
2024-11-20,47299187,248.177200
2024-11-21,47299187,248.307000
2024-11-22,47299187,248.402500
2024-11-25,47299187,248.689900
2024-11-26,47299187,248.836000
2024-11-27,47299187,248.945300
2024-11-28,47299187,249.151100
2024-11-29,47299187,249.412000
2024-12-02,47299187,250.068200
2024-12-03,47299187,250.085600
2024-12-04,47299187,250.413600
2024-12-05,47299187,250.538500
2024-12-06,47299187,250.545000
2024-12-09,47299187,250.744400
2024-12-10,47299187,251.591800
2024-12-11,47299187,251.680700
2024-12-12,47299187,251.873500
2024-12-13,47299187,252.470300
2024-12-16,47299187,253.055900
2024-12-17,47299187,252.902900
2024-12-18,47299187,252.615000
2024-12-19,47299187,252.470500
2024-12-20,47299187,253.003800
2024-12-23,47299187,253.198300
2024-12-24,47299187,252.953000
2024-12-25,47299187,252.773700
2024-12-26,47299187,252.811000
2024-12-27,47299187,253.256500
2024-12-30,47299187,253.229500
2024-12-31,47299187,253.625000
2025-01-02,47299187,254.434300
2025-01-03,47299187,254.756000
2025-01-06,47299187,254.838900
2025-01-07,47299187,254.617900
2025-01-08,47299187,254.546200
2025-01-09,47299187,254.192500
2025-01-10,47299187,254.219800
2025-01-13,47299187,254.033300
2025-01-14,47299187,254.211500
2025-01-15,47299187,254.392800
2025-01-16,47299187,254.284500
2025-01-17,47299187,254.189200
2025-01-20,47299187,254.072600
2025-01-21,47299187,254.226800
2025-01-22,47299187,254.304900
2025-01-23,47299187,254.188100
2025-01-24,47299187,254.080200
2025-01-27,47299187,254.544100
2025-02-05,47299187,254.835300
2025-02-06,47299187,255.117400
2025-02-07,47299187,255.169600
2025-02-10,47299187,254.967700
2025-02-11,47299187,254.982700
2025-02-12,47299187,254.990700
2025-02-13,47299187,254.969300
2025-02-14,47299187,254.723000
2025-02-17,47299187,254.350400
2025-02-18,47299187,254.086600
2025-02-19,47299187,254.136800
2025-02-20,47299187,253.866700
2025-02-21,47299187,253.438700
2025-02-24,47299187,252.830600
2025-02-25,47299187,252.786900
2025-02-26,47299187,252.837100
2025-02-27,47299187,252.533700
2025-02-28,47299187,252.617900
2025-03-03,47299187,252.867200
2025-03-04,47299187,252.901300
2025-03-05,47299187,252.947200
2025-03-06,47299187,252.652100
2025-03-07,47299187,251.967700
2025-03-10,47299187,251.798000
2025-03-11,47299187,251.088900
2025-03-12,47299187,251.348400
2025-03-13,47299187,251.399800
2025-03-14,47299187,251.426800
2025-03-17,47299187,250.761400
2025-03-18,47299187,250.805700
2025-03-19,47299187,250.879600
2025-03-20,47299187,251.407600
2025-03-21,47299187,251.444500
2025-03-24,47299187,251.463900
2025-03-25,47299187,251.763900
2025-03-26,47299187,251.932500
2025-03-27,47299187,251.999500
2025-03-28,47299187,251.988700
2025-03-31,47299187,252.068800
2025-04-01,47299187,252.166900
2025-04-02,47299187,252.527200
2025-04-03,47299187,253.593200
2025-04-07,47299187,254.709600
2025-04-08,47299187,254.247000
2025-04-09,47299187,254.320400
2025-04-10,47299187,254.249200
2025-04-11,47299187,254.316800
2025-04-14,47299187,254.288200
2025-04-15,47299187,254.323400
2025-04-16,47299187,254.448000
2025-04-17,47299187,254.345000
2025-04-18,47299187,254.320700
2025-04-21,47299187,254.243200
2025-04-22,47299187,254.347400
2025-04-23,47299187,254.207500
2025-04-24,47299187,254.227900
2025-04-25,47299187,254.281400
2025-04-28,47299187,254.490500
2025-04-29,47299187,254.794000
2025-04-30,47299187,254.938500
2025-05-06,47299187,255.097000
2025-05-07,47299187,254.993500
2025-05-08,47299187,255.199600
2025-05-09,47299187,255.301900
2025-05-12,47299187,254.822700
2025-05-13,47299187,254.945500
2025-05-14,47299187,254.924900
2025-05-15,47299187,254.903800
2025-05-16,47299187,254.799500
2025-05-19,47299187,254.969400
2025-05-20,47299187,255.027600
2025-05-21,47299187,255.000900
2025-05-22,47299187,255.036000
2025-05-23,47299187,255.017700
2025-05-26,47299187,255.120300
2025-05-27,47299187,255.073700
2025-05-28,47299187,255.010900
2025-05-29,47299187,254.778400
2025-05-30,47299187,255.012300
2025-06-03,47299187,255.068900
2025-06-04,47299187,255.113900
2025-06-05,47299187,255.173000
2025-06-06,47299187,255.346600
2025-06-09,47299187,255.498800
2025-06-10,47299187,255.552700
2025-06-11,47299187,255.725400
2025-06-12,47299187,255.786600
2025-06-13,47299187,255.808400
2025-06-16,47299187,255.898000
2025-06-17,47299187,256.036900
2025-06-18,47299187,256.141000
2025-06-19,47299187,256.327400
2025-06-20,47299187,256.450800
2025-06-23,47299187,256.520300
2025-06-24,47299187,256.386600
2025-06-25,47299187,256.266400
2025-06-26,47299187,256.263500
2025-06-27,47299187,256.331600
2025-06-30,47299187,256.287300
2025-07-01,47299187,256.408100
2025-07-02,47299187,256.637500
2025-07-03,47299187,256.689000
2025-07-04,47299187,256.755900
2025-07-07,47299187,256.838700
2025-07-08,47299187,256.758900
2025-07-09,47299187,256.755300
2025-07-10,47299187,256.608700
2025-07-11,47299187,256.542700
2025-07-14,47299187,256.453200
2025-07-15,47299187,256.688200
2025-07-16,47299187,256.735900
2025-07-17,47299187,256.772400
2025-07-18,47299187,256.752900
2025-07-21,47299187,256.591900
2025-07-22,47299187,256.445700
2025-07-23,47299187,256.220500
2025-07-24,47299187,255.801300
2025-07-25,47299187,255.760300
2025-07-28,47299187,256.014700
2025-07-29,47299187,255.581000
2025-07-30,47299187,255.769700
2025-07-31,47299187,256.092600
2025-08-01,47299187,256.132900
2025-08-04,47299187,256.226500
2025-08-05,47299187,256.218700
2025-08-06,47299187,256.262300
2025-08-07,47299187,256.336800
2025-08-08,47299187,256.337300
2025-08-11,47299187,256.065700
2025-08-12,47299187,255.816600
2025-08-13,47299187,255.785200
2025-08-14,47299187,255.659400
2025-08-15,47299187,255.497200
2025-08-18,47299187,254.778700
2025-08-19,47299187,254.826000
2025-08-20,47299187,254.725000
2025-08-21,47299187,254.754000
2025-08-22,47299187,254.715700
2025-08-25,47299187,254.928000
2025-08-26,47299187,255.088400
2025-08-27,47299187,255.145500
2025-08-28,47299187,254.917100
2025-08-29,47299187,254.957800
2025-09-01,47299187,255.063300
2025-09-02,47299187,255.139900
2025-09-03,47299187,255.352200
2025-09-04,47299187,255.452500
2025-09-05,47299187,255.202500
2025-09-08,47299187,254.945400
2025-09-09,47299187,254.744700
2025-09-10,47299187,254.375800
2025-09-11,47299187,254.320400
2025-09-12,47299187,254.415300
2025-09-15,47299187,254.503900
2025-09-16,47299187,254.564100
2025-09-17,47299187,254.729400
2025-09-18,47299187,254.645400
2025-09-19,47299187,254.421800
2025-09-22,47299187,254.473000
2025-09-23,47299187,254.248700
2025-09-24,47299187,253.904000
2025-09-25,47299187,253.773500
2025-09-26,47299187,253.812800
2025-09-29,47299187,253.771300
2025-09-30,47299187,253.900200
2025-10-09,47299187,254.172700
2025-10-10,47299187,254.138000
2025-10-13,47299187,254.397500
2025-10-14,47299187,254.372900
2025-10-15,47299187,254.351200
2025-10-16,47299187,254.471100
2025-10-17,47299187,254.754000
2025-10-20,47299187,254.663000
2025-10-21,47299187,254.727200
2025-10-22,47299187,254.775100
2025-10-23,47299187,254.763100
2025-10-24,47299187,254.686600
2025-10-27,47299187,254.759900
2025-10-28,47299187,255.131300
2025-10-29,47299187,255.187800
2025-10-30,47299187,255.297500
2025-10-31,47299187,255.538300
2025-11-03,47299187,255.617400
2025-11-04,47299187,255.625600
2025-11-05,47299187,255.718800
2025-11-06,47299187,255.594500
2025-11-07,47299187,255.542400
2025-11-10,47299187,255.600700
2025-11-11,47299187,255.643800
2025-11-12,47299187,255.732400
2025-11-13,47299187,255.703800
2025-11-14,47299187,255.712800
2025-11-17,47299187,255.814700
2025-11-18,47299187,255.858600
2025-11-19,47299187,255.823300
2025-11-20,47299187,255.837800
2025-11-21,47299187,255.799600
2025-11-24,47299187,255.824600
2025-11-25,47299187,255.713400
2025-11-26,47299187,255.442100
2025-11-27,47299187,255.297400
2025-11-28,47299187,255.325000
2025-12-01,47299187,255.368800
2025-12-02,47299187,255.241400
2025-12-03,47299187,255.091600
2025-12-04,47299187,254.716300
2025-12-05,47299187,254.779500
2025-12-08,47299187,254.758500
2025-12-09,47299187,254.903500
2025-12-10,47299187,254.989900
2025-12-11,47299187,255.183500
2025-12-12,47299187,255.108000
2025-12-15,47299187,254.907700
2025-12-16,47299187,254.889200
2025-12-17,47299187,255.082900
2025-12-18,47299187,255.138100
2025-12-19,47299187,255.249000
2025-12-22,47299187,255.226900
2025-12-23,47299187,255.376200
2025-12-24,47299187,255.466000
2025-12-25,47299187,255.505000
2025-12-26,47299187,255.594600
2025-12-29,47299187,255.307800
2025-12-30,47299187,255.282000
2025-12-31,47299187,255.267700
2026-01-05,47299187,255.191000
2026-01-06,47299187,254.989200
2026-01-07,47299187,254.837600
2026-01-08,47299187,254.956400
2026-01-09,47299187,255.048400
2026-01-12,47299187,255.197700
2026-01-13,47299187,255.288600
2026-01-14,47299187,255.329200
2026-01-15,47299187,255.430800
2026-01-16,47299187,255.508400
2026-01-19,47299187,255.587300
2026-01-20,47299187,255.761600
2026-01-21,47299187,255.977800
2026-01-22,47299187,256.038000
2026-01-23,47299187,256.171700
2026-01-26,47299187,256.259200
2026-01-27,47299187,256.195000
2026-01-28,47299187,256.258400
2026-01-29,47299187,256.298100
2026-01-30,47299187,256.271900
2026-02-02,47299187,256.310700
2026-02-03,47299187,256.256200
2026-02-04,47299187,256.242200
2026-02-05,47299187,256.304100
2026-02-06,47299187,256.476300
2026-02-09,47299187,256.613100
2026-02-10,47299187,256.647600
2026-02-11,47299187,256.716100
2026-02-12,47299187,256.790100
2026-02-13,47299187,256.819400
2026-02-24,47299187,257.013300
2026-02-25,47299187,256.916200
2026-02-26,47299187,256.686100
2026-02-27,47299187,256.708700
2026-03-02,47299187,256.910600
2026-03-03,47299187,256.947900
2026-03-04,47299187,257.010000
2026-03-05,47299187,257.050000
2026-03-06,47299187,257.067300
2026-03-09,47299187,256.800000
2026-03-10,47299187,256.820000
2026-03-11,47299187,256.780000
2026-03-12,47299187,256.830000
2026-03-13,47299187,256.828100
2026-03-16,47299187,256.679900
2026-03-17,47299187,256.726100
2026-03-18,47299187,256.848600
2026-03-19,47299187,256.878000
2026-03-20,47299187,256.876200
2026-03-23,47299187,256.887300
2026-03-24,47299187,256.982200
2026-03-25,47299187,257.040600
2026-03-26,47299187,257.121600
2026-03-27,47299187,257.143800
2026-03-30,47299187,257.324800
2026-03-31,47299187,257.375200
2026-04-01,47299187,257.331100
2026-04-02,47299187,257.336200
2026-04-03,47299187,257.440000
2026-04-07,47299187,257.624900
2026-04-08,47299187,257.765900
2026-04-09,47299187,257.803500
2026-04-10,47299187,257.940000
2026-04-13,47299187,258.132900
2026-04-14,47299187,258.235600
2026-04-15,47299187,258.291600
2026-04-16,47299187,258.314900
2026-04-17,47299187,258.510000
2026-04-20,47299187,258.639600
2026-04-21,47299187,258.790600
2026-04-22,47299187,258.953100
2026-04-23,47299187,258.855000
2026-04-24,47299187,258.730400
2026-04-27,47299187,258.581800
2026-04-28,47299187,258.636600
2026-04-29,47299187,258.757500
2026-04-30,47299187,258.695400
2026-05-06,47299187,258.570700
2026-05-07,47299187,258.601300
2026-05-08,47299187,258.670900
2026-05-11,47299187,258.795200
2026-05-12,47299187,258.920900
2026-05-13,47299187,259.027600
2026-05-14,47299187,259.031300
2026-05-15,47299187,259.040000
2026-05-18,47299187,259.149900
2026-05-19,47299187,259.341600
2026-05-20,47299187,259.388700
2026-05-21,47299187,259.400900
2026-05-22,47299187,259.399200
2026-05-25,47299187,259.491700
2026-05-26,47299187,259.620300
2026-05-27,47299187,259.788100
2026-05-28,47299187,259.945000
2026-05-29,47299187,260.039600
2026-06-01,47299187,260.228500
2026-06-02,47299187,260.275400
2026-06-03,47299187,260.261300
2026-06-04,47299187,260.327700
2026-06-05,47299187,260.290000
2026-06-08,47299187,260.224000
2026-06-09,47299187,260.102200
2026-06-10,47299187,259.942600
2026-06-11,47299187,259.772900
2026-06-12,47299187,259.790000
2026-06-15,47299187,259.853000
2026-06-16,47299187,259.966300
2026-06-17,47299187,260.086000
2026-06-18,47299187,260.159600
2026-06-22,47299187,260.233000
2026-06-23,47299187,260.171000
2026-06-24,47299187,260.148000
2026-06-25,47299187,260.276800
2026-06-26,47299187,260.338100
2026-06-29,47299187,260.510000
2026-06-30,47299187,260.443200
2026-07-01,47299187,260.268300
2026-07-02,47299187,260.285800
2026-07-03,47299187,260.280000
2026-07-06,47299187,260.420200
2026-07-07,47299187,260.468100
2026-07-08,47299187,260.550900
2026-07-09,47299187,260.619700
2026-07-10,47299187,260.650000
2020-12-31,48333548,1000.000000
2021-01-04,48333548,1011.500000
2021-01-05,48333548,1023.100000
2021-01-06,48333548,1028.500000
2021-01-07,48333548,1039.500000
2021-01-08,48333548,1039.700000
2021-01-11,48333548,1033.400000
2021-01-12,48333548,1053.000000
2021-01-13,48333548,1048.400000
2021-01-14,48333548,1035.900000
2021-01-15,48333548,1036.200000
2021-01-18,48333548,1045.900000
2021-01-19,48333548,1034.300000
2021-01-20,48333548,1042.300000
2021-01-21,48333548,1055.600000
2021-01-22,48333548,1058.200000
2021-01-25,48333548,1066.600000
2021-01-26,48333548,1052.900000
2021-01-27,48333548,1054.600000
2021-01-28,48333548,1034.800000
2021-01-29,48333548,1030.300000
2021-02-01,48333548,1041.600000
2021-02-02,48333548,1055.500000
2021-02-03,48333548,1053.400000
2021-02-04,48333548,1050.300000
2021-02-05,48333548,1049.700000
2021-02-08,48333548,1062.500000
2021-02-09,48333548,1081.300000
2021-02-10,48333548,1097.100000
2021-02-18,48333548,1091.800000
2021-02-19,48333548,1092.600000
2021-02-22,48333548,1072.100000
2021-02-23,48333548,1069.000000
2021-02-24,48333548,1048.000000
2021-02-25,48333548,1050.300000
2021-02-26,48333548,1031.500000
2021-03-01,48333548,1044.600000
2021-03-02,48333548,1032.800000
2021-03-03,48333548,1048.700000
2021-03-04,48333548,1023.300000
2021-03-05,48333548,1021.600000
2021-03-08,48333548,993.000000
2021-03-09,48333548,976.800000
2021-03-10,48333548,985.400000
2021-03-11,48333548,1005.400000
2021-03-12,48333548,1009.600000
2021-03-15,48333548,993.400000
2021-03-16,48333548,998.600000
2021-03-17,48333548,1002.300000
2021-03-18,48333548,1009.800000
2021-03-19,48333548,989.000000
2021-03-22,48333548,996.200000
2021-03-23,48333548,986.400000
2021-03-24,48333548,970.700000
2021-03-25,48333548,973.900000
2021-03-26,48333548,993.200000
2021-03-29,48333548,995.100000
2021-03-30,48333548,1002.200000
2021-03-31,48333548,997.400000
2021-04-01,48333548,1006.200000
2021-04-02,48333548,1011.900000
2021-04-06,48333548,1009.900000
2021-04-07,48333548,1005.500000
2021-04-08,48333548,1007.400000
2021-04-09,48333548,998.400000
2021-04-12,48333548,986.900000
2021-04-13,48333548,984.700000
2021-04-14,48333548,993.900000
2021-04-15,48333548,989.300000
2021-04-16,48333548,990.900000
2021-04-19,48333548,1008.200000
2021-04-20,48333548,1008.200000
2021-04-21,48333548,1011.500000
2021-04-22,48333548,1012.700000
2021-04-23,48333548,1019.500000
2021-04-26,48333548,1012.200000
2021-04-27,48333548,1014.100000
2021-04-28,48333548,1020.100000
2021-04-29,48333548,1028.700000
2021-04-30,48333548,1023.900000
2021-05-06,48333548,1016.500000
2021-05-07,48333548,1008.400000
2021-05-10,48333548,1012.100000
2021-05-11,48333548,1015.500000
2021-05-12,48333548,1020.200000
2021-05-13,48333548,1012.400000
2021-05-14,48333548,1028.900000
2021-05-17,48333548,1039.800000
2021-05-18,48333548,1042.300000
2021-05-19,48333548,1040.800000
2021-05-20,48333548,1042.100000
2021-05-21,48333548,1039.100000
2021-05-24,48333548,1042.100000
2021-05-25,48333548,1065.500000
2021-05-26,48333548,1067.200000
2021-05-27,48333548,1069.800000
2021-05-28,48333548,1070.300000
2021-05-31,48333548,1076.000000
2021-06-01,48333548,1076.400000
2021-06-02,48333548,1070.200000
2021-06-03,48333548,1067.300000
2021-06-04,48333548,1073.600000
2021-06-07,48333548,1073.600000
2021-06-08,48333548,1066.500000
2021-06-09,48333548,1067.200000
2021-06-10,48333548,1076.600000
2021-06-11,48333548,1074.000000
2021-06-15,48333548,1067.700000
2021-06-16,48333548,1050.100000
2021-06-17,48333548,1057.500000
2021-06-18,48333548,1061.100000
2021-06-21,48333548,1061.100000
2021-06-22,48333548,1068.100000
2021-06-23,48333548,1076.300000
2021-06-24,48333548,1074.800000
2021-06-25,48333548,1086.000000
2021-06-28,48333548,1091.400000
2021-06-29,48333548,1085.200000
2021-06-30,48333548,1093.200000
2021-07-01,48333548,1091.600000
2021-07-02,48333548,1070.100000
2021-07-05,48333548,1076.000000
2021-07-06,48333548,1068.200000
2021-07-07,48333548,1088.400000
2021-07-08,48333548,1082.300000
2021-07-09,48333548,1085.300000
2021-07-12,48333548,1104.300000
2021-07-13,48333548,1108.200000
2021-07-14,48333548,1097.100000
2021-07-15,48333548,1108.500000
2021-07-16,48333548,1096.500000
2021-07-19,48333548,1093.300000
2021-07-20,48333548,1093.100000
2021-07-21,48333548,1110.900000
2021-07-22,48333548,1113.200000
2021-07-23,48333548,1097.100000
2021-07-26,48333548,1071.500000
2021-07-27,48333548,1034.000000
2021-07-28,48333548,1038.300000
2021-07-29,48333548,1072.300000
2021-07-30,48333548,1066.200000
2021-08-02,48333548,1085.100000
2021-08-03,48333548,1075.700000
2021-08-04,48333548,1099.100000
2021-08-05,48333548,1094.300000
2021-08-06,48333548,1090.400000
2021-08-09,48333548,1092.500000
2021-08-10,48333548,1102.600000
2021-08-11,48333548,1103.800000
2021-08-12,48333548,1101.500000
2021-08-13,48333548,1095.400000
2021-08-16,48333548,1084.900000
2021-08-17,48333548,1060.400000
2021-08-18,48333548,1065.700000
2021-08-19,48333548,1067.300000
2021-08-20,48333548,1054.200000
2021-08-23,48333548,1076.900000
2021-08-24,48333548,1093.400000
2021-08-25,48333548,1098.100000
2021-08-26,48333548,1084.500000
2021-08-27,48333548,1087.700000
2021-08-30,48333548,1095.300000
2021-08-31,48333548,1096.800000
2021-09-01,48333548,1093.100000
2021-09-02,48333548,1100.200000
2021-09-03,48333548,1091.700000
2021-09-06,48333548,1104.800000
2021-09-07,48333548,1117.000000
2021-09-08,48333548,1109.900000
2021-09-09,48333548,1107.500000
2021-09-10,48333548,1113.700000
2021-09-13,48333548,1107.700000
2021-09-14,48333548,1101.800000
2021-09-15,48333548,1098.900000
2021-09-16,48333548,1080.600000
2021-09-17,48333548,1089.100000
2021-09-22,48333548,1084.200000
2021-09-23,48333548,1085.100000
2021-09-24,48333548,1080.500000
2021-09-27,48333548,1072.100000
2021-09-28,48333548,1073.100000
2021-09-29,48333548,1056.200000
2021-09-30,48333548,1070.700000
2021-10-08,48333548,1067.800000
2021-10-11,48333548,1071.500000
2021-10-12,48333548,1055.200000
2021-10-13,48333548,1065.300000
2021-10-14,48333548,1065.900000
2021-10-15,48333548,1074.200000
2021-10-18,48333548,1076.100000
2021-10-19,48333548,1084.200000
2021-10-20,48333548,1086.700000
2021-10-21,48333548,1085.000000
2021-10-22,48333548,1085.100000
2021-10-25,48333548,1097.400000
2021-10-26,48333548,1095.400000
2021-10-27,48333548,1090.000000
2021-10-28,48333548,1082.800000
2021-10-29,48333548,1093.200000
2021-11-01,48333548,1091.400000
2021-11-02,48333548,1088.300000
2021-11-03,48333548,1082.800000
2021-11-04,48333548,1094.200000
2021-11-05,48333548,1084.700000
2021-11-08,48333548,1086.700000
2021-11-09,48333548,1091.700000
2021-11-10,48333548,1088.500000
2021-11-11,48333548,1097.200000
2021-11-12,48333548,1102.600000
2021-11-15,48333548,1097.500000
2021-11-16,48333548,1096.900000
2021-11-17,48333548,1103.200000
2021-11-18,48333548,1098.000000
2021-11-19,48333548,1104.900000
2021-11-22,48333548,1116.200000
2021-11-23,48333548,1109.000000
2021-11-24,48333548,1104.900000
2021-11-25,48333548,1102.300000
2021-11-26,48333548,1098.400000
2021-11-29,48333548,1105.900000
2021-11-30,48333548,1105.300000
2021-12-01,48333548,1101.100000
2021-12-02,48333548,1099.400000
2021-12-03,48333548,1105.200000
2021-12-06,48333548,1092.200000
2021-12-07,48333548,1089.600000
2021-12-08,48333548,1106.000000
2021-12-09,48333548,1114.300000
2021-12-10,48333548,1112.800000
2021-12-13,48333548,1116.200000
2021-12-14,48333548,1111.800000
2021-12-15,48333548,1104.300000
2021-12-16,48333548,1108.800000
2021-12-17,48333548,1092.600000
2021-12-20,48333548,1073.700000
2021-12-21,48333548,1081.600000
2021-12-22,48333548,1087.200000
2021-12-23,48333548,1093.500000
2021-12-24,48333548,1084.400000
2021-12-27,48333548,1081.000000
2021-12-28,48333548,1085.000000
2021-12-29,48333548,1074.100000
2021-12-30,48333548,1081.600000
2021-12-31,48333548,1089.200000
2022-01-04,48333548,1078.700000
2022-01-05,48333548,1061.500000
2022-01-06,48333548,1055.700000
2022-01-07,48333548,1050.700000
2022-01-10,48333548,1054.700000
2022-01-11,48333548,1045.800000
2022-01-12,48333548,1060.100000
2022-01-13,48333548,1045.800000
2022-01-14,48333548,1043.600000
2022-01-17,48333548,1051.600000
2022-01-18,48333548,1057.600000
2022-01-19,48333548,1049.600000
2022-01-20,48333548,1052.500000
2022-01-21,48333548,1046.500000
2022-01-24,48333548,1051.600000
2022-01-25,48333548,1028.200000
2022-01-26,48333548,1034.000000
2022-01-27,48333548,1013.900000
2022-01-28,48333548,1002.900000
2022-02-07,48333548,1016.200000
2022-02-08,48333548,1009.600000
2022-02-09,48333548,1022.400000
2022-02-10,48333548,1019.000000
2022-02-11,48333548,1010.600000
2022-02-14,48333548,1002.800000
2022-02-15,48333548,1018.100000
2022-02-16,48333548,1023.300000
2022-02-17,48333548,1026.900000
2022-02-18,48333548,1030.400000
2022-02-21,48333548,1028.900000
2022-02-22,48333548,1017.700000
2022-02-23,48333548,1031.700000
2022-02-24,48333548,1011.200000
2022-02-25,48333548,1022.000000
2022-02-28,48333548,1023.700000
2022-03-01,48333548,1031.000000
2022-03-02,48333548,1022.900000
2022-03-03,48333548,1015.000000
2022-03-04,48333548,1002.700000
2022-03-07,48333548,973.800000
2022-03-08,48333548,953.200000
2022-03-09,48333548,944.400000
2022-03-10,48333548,962.900000
2022-03-11,48333548,964.900000
2022-03-14,48333548,933.500000
2022-03-15,48333548,891.500000
2022-03-16,48333548,931.000000
2022-03-17,48333548,953.300000
2022-03-18,48333548,959.600000
2022-03-21,48333548,960.100000
2022-03-22,48333548,961.800000
2022-03-23,48333548,968.600000
2022-03-24,48333548,962.000000
2022-03-25,48333548,945.300000
2022-03-28,48333548,938.800000
2022-03-29,48333548,935.500000
2022-03-30,48333548,960.200000
2022-03-31,48333548,952.000000
2022-04-01,48333548,963.000000
2022-04-06,48333548,959.200000
2022-04-07,48333548,947.200000
2022-04-08,48333548,947.700000
2022-04-11,48333548,917.800000
2022-04-12,48333548,932.600000
2022-04-13,48333548,924.300000
2022-04-14,48333548,936.300000
2022-04-15,48333548,934.000000
2022-04-18,48333548,936.200000
2022-04-19,48333548,931.300000
2022-04-20,48333548,916.500000
2022-04-21,48333548,896.500000
2022-04-22,48333548,894.500000
2022-04-25,48333548,848.100000
2022-04-26,48333548,838.700000
2022-04-27,48333548,867.100000
2022-04-28,48333548,871.800000
2022-04-29,48333548,896.800000
2022-05-05,48333548,897.600000
2022-05-06,48333548,878.400000
2022-05-09,48333548,876.700000
2022-05-10,48333548,887.800000
2022-05-11,48333548,899.800000
2022-05-12,48333548,897.500000
2022-05-13,48333548,905.500000
2022-05-16,48333548,901.300000
2022-05-17,48333548,911.900000
2022-05-18,48333548,911.800000
2022-05-19,48333548,914.200000
2022-05-20,48333548,929.700000
2022-05-23,48333548,928.600000
2022-05-24,48333548,904.100000
2022-05-25,48333548,910.900000
2022-05-26,48333548,914.300000
2022-05-27,48333548,916.500000
2022-05-30,48333548,925.700000
2022-05-31,48333548,940.000000
2022-06-01,48333548,940.100000
2022-06-02,48333548,943.600000
2022-06-06,48333548,961.200000
2022-06-07,48333548,965.200000
2022-06-08,48333548,975.600000
2022-06-09,48333548,964.500000
2022-06-10,48333548,978.400000
2022-06-13,48333548,970.100000
2022-06-14,48333548,976.700000
2022-06-15,48333548,985.100000
2022-06-16,48333548,983.300000
2022-06-17,48333548,993.700000
2022-06-20,48333548,999.800000
2022-06-21,48333548,999.600000
2022-06-22,48333548,987.900000
2022-06-23,48333548,1003.300000
2022-06-24,48333548,1015.800000
2022-06-27,48333548,1025.400000
2022-06-28,48333548,1035.000000
2022-06-29,48333548,1022.500000
2022-06-30,48333548,1037.100000
2022-07-01,48333548,1033.900000
2022-07-04,48333548,1042.200000
2022-07-05,48333548,1041.400000
2022-07-06,48333548,1028.800000
2022-07-07,48333548,1035.100000
2022-07-08,48333548,1032.000000
2022-07-11,48333548,1015.300000
2022-07-12,48333548,1005.700000
2022-07-13,48333548,1009.000000
2022-07-14,48333548,1013.400000
2022-07-15,48333548,1002.800000
2022-07-18,48333548,1011.600000
2022-07-19,48333548,1009.000000
2022-07-20,48333548,1014.100000
2022-07-21,48333548,1004.700000
2022-07-22,48333548,1004.200000
2022-07-25,48333548,997.000000
2022-07-26,48333548,1006.300000
2022-07-27,48333548,1006.400000
2022-07-28,48333548,1007.100000
2022-07-29,48333548,997.400000
2022-08-01,48333548,1003.700000
2022-08-02,48333548,985.400000
2022-08-03,48333548,974.600000
2022-08-04,48333548,982.600000
2022-08-05,48333548,993.300000
2022-08-08,48333548,996.700000
2022-08-09,48333548,999.400000
2022-08-10,48333548,992.600000
2022-08-11,48333548,1008.500000
2022-08-12,48333548,1007.200000
2022-08-15,48333548,1008.900000
2022-08-16,48333548,1010.200000
2022-08-17,48333548,1016.500000
2022-08-18,48333548,1012.900000
2022-08-19,48333548,1003.600000
2022-08-22,48333548,1011.000000
2022-08-23,48333548,1009.600000
2022-08-24,48333548,987.900000
2022-08-25,48333548,994.100000
2022-08-26,48333548,991.600000
2022-08-29,48333548,991.500000
2022-08-30,48333548,986.600000
2022-08-31,48333548,976.800000
2022-09-01,48333548,971.300000
2022-09-02,48333548,971.100000
2022-09-05,48333548,972.600000
2022-09-06,48333548,984.100000
2022-09-07,48333548,987.700000
2022-09-08,48333548,982.800000
2022-09-09,48333548,990.600000
2022-09-13,48333548,992.000000
2022-09-14,48333548,982.900000
2022-09-15,48333548,966.900000
2022-09-16,48333548,949.800000
2022-09-19,48333548,947.700000
2022-09-20,48333548,952.300000
2022-09-21,48333548,947.000000
2022-09-22,48333548,942.500000
2022-09-23,48333548,934.800000
2022-09-26,48333548,932.500000
2022-09-27,48333548,944.300000
2022-09-28,48333548,927.700000
2022-09-29,48333548,928.200000
2022-09-30,48333548,919.200000
2022-10-10,48333548,900.400000
2022-10-11,48333548,902.200000
2022-10-12,48333548,915.400000
2022-10-13,48333548,911.700000
2022-10-14,48333548,931.200000
2022-10-17,48333548,932.800000
2022-10-18,48333548,933.700000
2022-10-19,48333548,922.700000
2022-10-20,48333548,918.100000
2022-10-21,48333548,917.800000
2022-10-24,48333548,896.400000
2022-10-25,48333548,894.900000
2022-10-26,48333548,903.200000
2022-10-27,48333548,896.600000
2022-10-28,48333548,875.000000
2022-10-31,48333548,868.700000
2022-11-01,48333548,894.700000
2022-11-02,48333548,907.700000
2022-11-03,48333548,904.300000
2022-11-04,48333548,930.800000
2022-11-07,48333548,932.900000
2022-11-08,48333548,927.500000
2022-11-09,48333548,920.900000
2022-11-10,48333548,914.200000
2022-11-11,48333548,935.000000
2022-11-14,48333548,933.700000
2022-11-15,48333548,950.400000
2022-11-16,48333548,944.200000
2022-11-17,48333548,940.200000
2022-11-18,48333548,936.500000
2022-11-21,48333548,930.600000
2022-11-22,48333548,929.400000
2022-11-23,48333548,930.200000
2022-11-24,48333548,928.600000
2022-11-25,48333548,929.400000
2022-11-28,48333548,920.800000
2022-11-29,48333548,943.300000
2022-11-30,48333548,945.200000
2022-12-01,48333548,953.000000
2022-12-02,48333548,948.400000
2022-12-05,48333548,964.400000
2022-12-06,48333548,968.400000
2022-12-07,48333548,965.000000
2022-12-08,48333548,968.700000
2022-12-09,48333548,975.800000
2022-12-12,48333548,966.400000
2022-12-13,48333548,964.000000
2022-12-14,48333548,966.100000
2022-12-15,48333548,965.400000
2022-12-16,48333548,964.100000
2022-12-19,48333548,950.500000
2022-12-20,48333548,936.700000
2022-12-21,48333548,936.800000
2022-12-22,48333548,938.400000
2022-12-23,48333548,937.000000
2022-12-26,48333548,943.000000
2022-12-27,48333548,952.500000
2022-12-28,48333548,949.100000
2022-12-29,48333548,946.000000
2022-12-30,48333548,949.200000
2023-01-03,48333548,955.500000
2023-01-04,48333548,957.900000
2023-01-05,48333548,971.200000
2023-01-06,48333548,975.200000
2023-01-09,48333548,980.700000
2023-01-10,48333548,980.200000
2023-01-11,48333548,979.000000
2023-01-12,48333548,979.300000
2023-01-13,48333548,987.900000
2023-01-16,48333548,996.400000
2023-01-17,48333548,995.600000
2023-01-18,48333548,994.900000
2023-01-19,48333548,1000.100000
2023-01-20,48333548,1007.700000
2023-01-30,48333548,1010.400000
2023-01-31,48333548,1004.000000
2023-02-01,48333548,1012.800000
2023-02-02,48333548,1011.000000
2023-02-03,48333548,1003.700000
2023-02-06,48333548,993.000000
2023-02-07,48333548,996.100000
2023-02-08,48333548,991.200000
2023-02-09,48333548,1003.500000
2023-02-10,48333548,998.200000
2023-02-13,48333548,1004.900000
2023-02-14,48333548,1005.000000
2023-02-15,48333548,1000.700000
2023-02-16,48333548,993.200000
2023-02-17,48333548,983.300000
2023-02-20,48333548,1002.600000
2023-02-21,48333548,1004.200000
2023-02-22,48333548,999.000000
2023-02-23,48333548,998.800000
2023-02-24,48333548,990.600000
2023-02-27,48333548,988.800000
2023-02-28,48333548,993.100000
2023-03-01,48333548,1005.400000
2023-03-02,48333548,1002.500000
2023-03-03,48333548,1006.300000
2023-03-06,48333548,1003.600000
2023-03-07,48333548,991.900000
2023-03-08,48333548,988.700000
2023-03-09,48333548,986.500000
2023-03-10,48333548,974.400000
2023-03-13,48333548,984.000000
2023-03-14,48333548,975.900000
2023-03-15,48333548,979.600000
2023-03-16,48333548,968.700000
2023-03-17,48333548,973.900000
2023-03-20,48333548,969.800000
2023-03-21,48333548,978.900000
2023-03-22,48333548,983.000000
2023-03-23,48333548,989.900000
2023-03-24,48333548,986.300000
2023-03-27,48333548,984.200000
2023-03-28,48333548,982.400000
2023-03-29,48333548,983.200000
2023-03-30,48333548,989.100000
2023-03-31,48333548,993.000000
2023-04-03,48333548,1000.800000
2023-04-04,48333548,1005.400000
2023-04-06,48333548,1004.800000
2023-04-07,48333548,1009.800000
2023-04-10,48333548,1007.100000
2023-04-11,48333548,1008.700000
2023-04-12,48333548,1009.400000
2023-04-13,48333548,1006.100000
2023-04-14,48333548,1010.700000
2023-04-17,48333548,1021.800000
2023-04-18,48333548,1023.900000
2023-04-19,48333548,1017.400000
2023-04-20,48333548,1016.300000
2023-04-21,48333548,999.200000
2023-04-24,48333548,991.800000
2023-04-25,48333548,986.300000
2023-04-26,48333548,987.900000
2023-04-27,48333548,993.700000
2023-04-28,48333548,1002.100000
2023-05-04,48333548,1004.600000
2023-05-05,48333548,1002.400000
2023-05-08,48333548,1012.600000
2023-05-09,48333548,1003.500000
2023-05-10,48333548,996.300000
2023-05-11,48333548,994.700000
2023-05-12,48333548,981.900000
2023-05-15,48333548,993.400000
2023-05-16,48333548,986.600000
2023-05-17,48333548,983.000000
2023-05-18,48333548,986.400000
2023-05-19,48333548,982.400000
2023-05-22,48333548,986.200000
2023-05-23,48333548,973.800000
2023-05-24,48333548,963.800000
2023-05-25,48333548,962.200000
2023-05-26,48333548,965.500000
2023-05-29,48333548,963.700000
2023-05-30,48333548,965.700000
2023-05-31,48333548,959.100000
2023-06-01,48333548,960.300000
2023-06-02,48333548,971.600000
2023-06-05,48333548,969.800000
2023-06-06,48333548,961.700000
2023-06-07,48333548,961.900000
2023-06-08,48333548,966.700000
2023-06-09,48333548,972.100000
2023-06-12,48333548,974.200000
2023-06-13,48333548,978.400000
2023-06-14,48333548,979.400000
2023-06-15,48333548,990.300000
2023-06-16,48333548,998.500000
2023-06-19,48333548,993.600000
2023-06-20,48333548,989.800000
2023-06-21,48333548,976.100000
2023-06-26,48333548,961.700000
2023-06-27,48333548,973.600000
2023-06-28,48333548,972.200000
2023-06-29,48333548,970.100000
2023-06-30,48333548,976.800000
2023-07-03,48333548,988.800000
2023-07-04,48333548,989.700000
2023-07-05,48333548,981.900000
2023-07-06,48333548,977.700000
2023-07-07,48333548,974.700000
2023-07-10,48333548,978.600000
2023-07-11,48333548,984.000000
2023-07-12,48333548,975.800000
2023-07-13,48333548,991.100000
2023-07-14,48333548,993.400000
2023-07-17,48333548,988.700000
2023-07-18,48333548,987.000000
2023-07-19,48333548,987.000000
2023-07-20,48333548,976.700000
2023-07-21,48333548,976.400000
2023-07-24,48333548,974.800000
2023-07-25,48333548,998.400000
2023-07-26,48333548,994.100000
2023-07-27,48333548,992.400000
2023-07-28,48333548,1013.000000
2023-07-31,48333548,1019.600000
2023-08-01,48333548,1016.800000
2023-08-02,48333548,1011.900000
2023-08-03,48333548,1019.000000
2023-08-04,48333548,1022.900000
2023-08-07,48333548,1015.400000
2023-08-08,48333548,1012.600000
2023-08-09,48333548,1008.800000
2023-08-10,48333548,1010.900000
2023-08-11,48333548,990.300000
2023-08-14,48333548,986.600000
2023-08-15,48333548,985.700000
2023-08-16,48333548,979.200000
2023-08-17,48333548,983.500000
2023-08-18,48333548,970.700000
2023-08-21,48333548,958.900000
2023-08-22,48333548,968.200000
2023-08-23,48333548,952.500000
2023-08-24,48333548,956.400000
2023-08-25,48333548,951.600000
2023-08-28,48333548,963.200000
2023-08-29,48333548,974.300000
2023-08-30,48333548,973.000000
2023-08-31,48333548,965.900000
2023-09-01,48333548,972.000000
2023-09-04,48333548,986.000000
2023-09-05,48333548,977.800000
2023-09-06,48333548,976.200000
2023-09-07,48333548,963.800000
2023-09-08,48333548,960.000000
2023-09-11,48333548,969.000000
2023-09-12,48333548,967.700000
2023-09-13,48333548,961.000000
2023-09-14,48333548,960.200000
2023-09-15,48333548,954.800000
2023-09-18,48333548,958.600000
2023-09-19,48333548,955.800000
2023-09-20,48333548,952.000000
2023-09-21,48333548,944.800000
2023-09-22,48333548,962.100000
2023-09-25,48333548,956.200000
2023-09-26,48333548,952.600000
2023-09-27,48333548,954.800000
2023-09-28,48333548,953.700000
2023-10-09,48333548,950.900000
2023-10-10,48333548,943.200000
2023-10-11,48333548,945.800000
2023-10-12,48333548,954.000000
2023-10-13,48333548,946.300000
2023-10-16,48333548,939.100000
2023-10-17,48333548,941.100000
2023-10-18,48333548,932.700000
2023-10-19,48333548,915.900000
2023-10-20,48333548,909.100000
2023-10-23,48333548,898.000000
2023-10-24,48333548,902.600000
2023-10-25,48333548,908.500000
2023-10-26,48333548,911.800000
2023-10-27,48333548,922.400000
2023-10-30,48333548,925.700000
2023-10-31,48333548,922.300000
2023-11-01,48333548,921.800000
2023-11-02,48333548,917.600000
2023-11-03,48333548,924.800000
2023-11-06,48333548,937.500000
2023-11-07,48333548,937.200000
2023-11-08,48333548,936.100000
2023-11-09,48333548,936.200000
2023-11-10,48333548,931.600000
2023-11-13,48333548,933.800000
2023-11-14,48333548,936.000000
2023-11-15,48333548,942.700000
2023-11-16,48333548,935.100000
2023-11-17,48333548,935.400000
2023-11-20,48333548,940.100000
2023-11-21,48333548,940.000000
2023-11-22,48333548,931.600000
2023-11-23,48333548,938.300000
2023-11-24,48333548,931.100000
2023-11-27,48333548,927.400000
2023-11-28,48333548,930.500000
2023-11-29,48333548,923.500000
2023-11-30,48333548,924.800000
2023-12-01,48333548,923.900000
2023-12-04,48333548,919.700000
2023-12-05,48333548,904.100000
2023-12-06,48333548,906.400000
2023-12-07,48333548,905.100000
2023-12-08,48333548,903.500000
2023-12-11,48333548,908.900000
2023-12-12,48333548,913.200000
2023-12-13,48333548,901.100000
2023-12-14,48333548,897.600000
2023-12-15,48333548,895.500000
2023-12-18,48333548,890.200000
2023-12-19,48333548,890.700000
2023-12-20,48333548,882.900000
2023-12-21,48333548,889.400000
2023-12-22,48333548,885.700000
2023-12-25,48333548,887.400000
2023-12-26,48333548,881.400000
2023-12-27,48333548,885.800000
2023-12-28,48333548,902.600000
2023-12-29,48333548,908.400000
2024-01-02,48333548,902.000000
2024-01-03,48333548,901.400000
2024-01-04,48333548,895.500000
2024-01-05,48333548,889.000000
2024-01-08,48333548,877.000000
2024-01-09,48333548,879.400000
2024-01-10,48333548,874.700000
2024-01-11,48333548,881.200000
2024-01-12,48333548,878.700000
2024-01-15,48333548,877.900000
2024-01-16,48333548,881.100000
2024-01-17,48333548,861.200000
2024-01-18,48333548,865.300000
2024-01-19,48333548,863.200000
2024-01-22,48333548,840.600000
2024-01-23,48333548,846.100000
2024-01-24,48333548,859.800000
2024-01-25,48333548,882.700000
2024-01-26,48333548,882.200000
2024-01-29,48333548,874.100000
2024-01-30,48333548,857.200000
2024-01-31,48333548,842.100000
2024-02-01,48333548,840.200000
2024-02-02,48333548,824.400000
2024-02-05,48333548,812.200000
2024-02-06,48333548,844.700000
2024-02-07,48333548,850.700000
2024-02-08,48333548,865.000000
2024-02-19,48333548,879.200000
2024-02-20,48333548,885.000000
2024-02-21,48333548,899.600000
2024-02-22,48333548,910.000000
2024-02-23,48333548,916.300000
2024-02-26,48333548,909.400000
2024-02-27,48333548,920.700000
2024-02-28,48333548,903.700000
2024-02-29,48333548,920.400000
2024-03-01,48333548,926.300000
2024-03-04,48333548,925.900000
2024-03-05,48333548,928.700000
2024-03-06,48333548,927.900000
2024-03-07,48333548,923.200000
2024-03-08,48333548,927.600000
2024-03-11,48333548,938.700000
2024-03-12,48333548,943.500000
2024-03-13,48333548,939.100000
2024-03-14,48333548,937.200000
2024-03-15,48333548,940.000000
2024-03-18,48333548,948.300000
2024-03-19,48333548,942.800000
2024-03-20,48333548,946.100000
2024-03-21,48333548,946.000000
2024-03-22,48333548,935.500000
2024-03-25,48333548,930.300000
2024-03-26,48333548,934.400000
2024-03-27,48333548,923.200000
2024-03-28,48333548,929.600000
2024-03-29,48333548,935.400000
2024-04-01,48333548,950.600000
2024-04-02,48333548,948.700000
2024-04-03,48333548,946.500000
2024-04-08,48333548,938.800000
2024-04-09,48333548,938.700000
2024-04-10,48333548,931.000000
2024-04-11,48333548,932.100000
2024-04-12,48333548,925.700000
2024-04-15,48333548,938.800000
2024-04-16,48333548,925.700000
2024-04-17,48333548,944.200000
2024-04-18,48333548,946.700000
2024-04-19,48333548,941.500000
2024-04-22,48333548,939.000000
2024-04-23,48333548,934.300000
2024-04-24,48333548,940.900000
2024-04-25,48333548,943.200000
2024-04-26,48333548,956.000000
2024-04-29,48333548,966.300000
2024-04-30,48333548,962.100000
2024-05-06,48333548,976.300000
2024-05-07,48333548,977.400000
2024-05-08,48333548,969.400000
2024-05-09,48333548,978.900000
2024-05-10,48333548,979.900000
2024-05-13,48333548,978.600000
2024-05-14,48333548,978.600000
2024-05-15,48333548,973.000000
2024-05-16,48333548,977.400000
2024-05-17,48333548,987.800000
2024-05-20,48333548,991.200000
2024-05-21,48333548,987.400000
2024-05-22,48333548,989.200000
2024-05-23,48333548,977.300000
2024-05-24,48333548,969.100000
2024-05-27,48333548,977.700000
2024-05-28,48333548,971.200000
2024-05-29,48333548,971.200000
2024-05-30,48333548,965.400000
2024-05-31,48333548,963.000000
2024-06-03,48333548,961.700000
2024-06-04,48333548,968.000000
2024-06-05,48333548,961.000000
2024-06-06,48333548,958.200000
2024-06-07,48333548,957.600000
2024-06-11,48333548,949.900000
2024-06-12,48333548,952.300000
2024-06-13,48333548,946.700000
2024-06-14,48333548,951.900000
2024-06-17,48333548,948.600000
2024-06-18,48333548,952.500000
2024-06-19,48333548,950.800000
2024-06-20,48333548,943.700000
2024-06-21,48333548,941.800000
2024-06-24,48333548,934.000000
2024-06-25,48333548,930.400000
2024-06-26,48333548,939.000000
2024-06-27,48333548,931.200000
2024-06-28,48333548,935.200000
2024-07-01,48333548,941.700000
2024-07-02,48333548,940.600000
2024-07-03,48333548,937.400000
2024-07-04,48333548,930.300000
2024-07-05,48333548,927.200000
2024-07-08,48333548,918.400000
2024-07-09,48333548,929.400000
2024-07-10,48333548,926.900000
2024-07-11,48333548,941.800000
2024-07-12,48333548,944.100000
2024-07-15,48333548,942.800000
2024-07-16,48333548,947.600000
2024-07-17,48333548,947.900000
2024-07-18,48333548,952.500000
2024-07-19,48333548,956.400000
2024-07-22,48333548,950.000000
2024-07-23,48333548,931.600000
2024-07-24,48333548,923.800000
2024-07-25,48333548,919.500000
2024-07-26,48333548,924.900000
2024-07-29,48333548,922.600000
2024-07-30,48333548,916.900000
2024-07-31,48333548,940.000000
2024-08-01,48333548,934.800000
2024-08-02,48333548,924.700000
2024-08-05,48333548,911.200000
2024-08-06,48333548,913.200000
2024-08-07,48333548,914.400000
2024-08-08,48333548,915.100000
2024-08-09,48333548,912.100000
2024-08-12,48333548,910.700000
2024-08-13,48333548,913.200000
2024-08-14,48333548,906.900000
2024-08-15,48333548,915.400000
2024-08-16,48333548,916.500000
2024-08-19,48333548,920.500000
2024-08-20,48333548,911.600000
2024-08-21,48333548,909.200000
2024-08-22,48333548,906.600000
2024-08-23,48333548,910.100000
2024-08-26,48333548,909.800000
2024-08-27,48333548,904.700000
2024-08-28,48333548,899.800000
2024-08-29,48333548,897.300000
2024-08-30,48333548,908.100000
2024-09-02,48333548,893.800000
2024-09-03,48333548,896.100000
2024-09-04,48333548,890.600000
2024-09-05,48333548,892.900000
2024-09-06,48333548,885.200000
2024-09-09,48333548,875.800000
2024-09-10,48333548,877.700000
2024-09-11,48333548,873.600000
2024-09-12,48333548,871.000000
2024-09-13,48333548,867.000000
2024-09-18,48333548,870.900000
2024-09-19,48333548,878.600000
2024-09-20,48333548,879.500000
2024-09-23,48333548,883.800000
2024-09-24,48333548,918.300000
2024-09-25,48333548,930.000000
2024-09-26,48333548,966.600000
2024-09-27,48333548,1005.900000
2024-09-30,48333548,1083.700000
2024-10-08,48333548,1134.700000
2024-10-09,48333548,1059.700000
2024-10-10,48333548,1077.700000
2024-10-11,48333548,1050.100000
2024-10-14,48333548,1071.200000
2024-10-15,48333548,1044.800000
2024-10-16,48333548,1041.100000
2024-10-17,48333548,1029.600000
2024-10-18,48333548,1066.300000
2024-10-21,48333548,1067.700000
2024-10-22,48333548,1076.600000
2024-10-23,48333548,1081.800000
2024-10-24,48333548,1072.200000
2024-10-25,48333548,1079.500000
2024-10-28,48333548,1085.600000
2024-10-29,48333548,1075.000000
2024-10-30,48333548,1067.200000
2024-10-31,48333548,1069.000000
2024-11-01,48333548,1068.200000
2024-11-04,48333548,1082.600000
2024-11-05,48333548,1110.000000
2024-11-06,48333548,1107.300000
2024-11-07,48333548,1140.400000
2024-11-08,48333548,1131.600000
2024-11-11,48333548,1137.700000
2024-11-12,48333548,1125.500000
2024-11-13,48333548,1132.800000
2024-11-14,48333548,1113.000000
2024-11-15,48333548,1095.200000
2024-11-18,48333548,1090.900000
2024-11-19,48333548,1100.300000
2024-11-20,48333548,1107.100000
2024-11-21,48333548,1107.100000
2024-11-22,48333548,1073.600000
2024-11-25,48333548,1070.200000
2024-11-26,48333548,1069.200000
2024-11-27,48333548,1087.500000
2024-11-28,48333548,1080.000000
2024-11-29,48333548,1093.000000
2024-12-02,48333548,1104.100000
2024-12-03,48333548,1107.900000
2024-12-04,48333548,1101.300000
2024-12-05,48333548,1100.900000
2024-12-06,48333548,1116.400000
2024-12-09,48333548,1116.200000
2024-12-10,48333548,1124.000000
2024-12-11,48333548,1125.500000
2024-12-12,48333548,1137.400000
2024-12-13,48333548,1113.000000
2024-12-16,48333548,1107.700000
2024-12-17,48333548,1104.700000
2024-12-18,48333548,1110.700000
2024-12-19,48333548,1109.800000
2024-12-20,48333548,1106.800000
2024-12-23,48333548,1103.900000
2024-12-24,48333548,1118.400000
2024-12-25,48333548,1117.300000
2024-12-26,48333548,1118.300000
2024-12-27,48333548,1118.700000
2024-12-30,48333548,1123.000000
2024-12-31,48333548,1104.500000
2025-01-02,48333548,1073.700000
2025-01-03,48333548,1057.400000
2025-01-06,48333548,1055.400000
2025-01-07,48333548,1063.500000
2025-01-08,48333548,1064.200000
2025-01-09,48333548,1062.200000
2025-01-10,48333548,1048.300000
2025-01-13,48333548,1044.200000
2025-01-14,48333548,1073.000000
2025-01-15,48333548,1068.100000
2025-01-16,48333548,1071.400000
2025-01-17,48333548,1074.900000
2025-01-20,48333548,1079.100000
2025-01-21,48333548,1079.100000
2025-01-22,48333548,1069.700000
2025-01-23,48333548,1072.700000
2025-01-24,48333548,1082.000000
2025-01-27,48333548,1078.100000
2025-02-05,48333548,1070.800000
2025-02-06,48333548,1085.200000
2025-02-07,48333548,1099.400000
2025-02-10,48333548,1104.300000
2025-02-11,48333548,1100.300000
2025-02-12,48333548,1109.900000
2025-02-13,48333548,1106.100000
2025-02-14,48333548,1115.400000
2025-02-17,48333548,1119.000000
2025-02-18,48333548,1108.000000
2025-02-19,48333548,1116.500000
2025-02-20,48333548,1115.100000
2025-02-21,48333548,1127.800000
2025-02-24,48333548,1125.900000
2025-02-25,48333548,1115.300000
2025-02-26,48333548,1124.800000
2025-02-27,48333548,1125.200000
2025-02-28,48333548,1105.000000
2025-03-03,48333548,1104.800000
2025-03-04,48333548,1106.400000
2025-03-05,48333548,1113.400000
2025-03-06,48333548,1128.600000
2025-03-07,48333548,1125.800000
2025-03-10,48333548,1122.100000
2025-03-11,48333548,1125.200000
2025-03-12,48333548,1124.400000
2025-03-13,48333548,1120.300000
2025-03-14,48333548,1142.800000
2025-03-17,48333548,1141.900000
2025-03-18,48333548,1144.600000
2025-03-19,48333548,1146.300000
2025-03-20,48333548,1139.200000
2025-03-21,48333548,1124.600000
2025-03-24,48333548,1128.700000
2025-03-25,48333548,1128.500000
2025-03-26,48333548,1126.000000
2025-03-27,48333548,1127.800000
2025-03-28,48333548,1123.400000
2025-03-31,48333548,1118.000000
2025-04-01,48333548,1119.200000
2025-04-02,48333548,1119.400000
2025-04-03,48333548,1113.000000
2025-04-07,48333548,1028.500000
2025-04-08,48333548,1043.200000
2025-04-09,48333548,1055.200000
2025-04-10,48333548,1072.800000
2025-04-11,48333548,1079.500000
2025-04-14,48333548,1086.900000
2025-04-15,48333548,1087.700000
2025-04-16,48333548,1084.600000
2025-04-17,48333548,1086.000000
2025-04-18,48333548,1088.800000
2025-04-21,48333548,1097.100000
2025-04-22,48333548,1097.400000
2025-04-23,48333548,1102.300000
2025-04-24,48333548,1100.900000
2025-04-25,48333548,1102.400000
2025-04-28,48333548,1099.900000
2025-04-29,48333548,1099.600000
2025-04-30,48333548,1099.400000
2025-05-06,48333548,1113.500000
2025-05-07,48333548,1119.400000
2025-05-08,48333548,1125.800000
2025-05-09,48333548,1123.400000
2025-05-12,48333548,1136.200000
2025-05-13,48333548,1137.700000
2025-05-14,48333548,1148.400000
2025-05-15,48333548,1139.500000
2025-05-16,48333548,1136.100000
2025-05-19,48333548,1135.100000
2025-05-20,48333548,1140.900000
2025-05-21,48333548,1145.500000
2025-05-22,48333548,1143.400000
2025-05-23,48333548,1134.600000
2025-05-26,48333548,1131.400000
2025-05-27,48333548,1127.700000
2025-05-28,48333548,1127.900000
2025-05-29,48333548,1134.500000
2025-05-30,48333548,1129.000000
2025-06-03,48333548,1132.100000
2025-06-04,48333548,1137.200000
2025-06-05,48333548,1139.000000
2025-06-06,48333548,1139.300000
2025-06-09,48333548,1144.300000
2025-06-10,48333548,1140.100000
2025-06-11,48333548,1148.800000
2025-06-12,48333548,1151.200000
2025-06-13,48333548,1143.100000
2025-06-16,48333548,1146.800000
2025-06-17,48333548,1146.400000
2025-06-18,48333548,1146.400000
2025-06-19,48333548,1135.700000
2025-06-20,48333548,1137.400000
2025-06-23,48333548,1142.600000
2025-06-24,48333548,1155.900000
2025-06-25,48333548,1170.000000
2025-06-26,48333548,1167.400000
2025-06-27,48333548,1163.000000
2025-06-30,48333548,1168.000000
2025-07-01,48333548,1171.300000
2025-07-02,48333548,1171.700000
2025-07-03,48333548,1178.200000
2025-07-04,48333548,1180.700000
2025-07-07,48333548,1178.600000
2025-07-08,48333548,1189.000000
2025-07-09,48333548,1187.800000
2025-07-10,48333548,1194.600000
2025-07-11,48333548,1198.200000
2025-07-14,48333548,1200.600000
2025-07-15,48333548,1199.100000
2025-07-16,48333548,1197.300000
2025-07-17,48333548,1206.300000
2025-07-18,48333548,1212.900000
2025-07-21,48333548,1223.200000
2025-07-22,48333548,1232.300000
2025-07-23,48333548,1232.700000
2025-07-24,48333548,1241.900000
2025-07-25,48333548,1237.400000
2025-07-28,48333548,1240.900000
2025-07-29,48333548,1244.800000
2025-07-30,48333548,1244.600000
2025-07-31,48333548,1224.700000
2025-08-01,48333548,1220.600000
2025-08-04,48333548,1226.400000
2025-08-05,48333548,1236.200000
2025-08-06,48333548,1240.800000
2025-08-07,48333548,1240.700000
2025-08-08,48333548,1241.200000
2025-08-11,48333548,1247.700000
2025-08-12,48333548,1251.900000
2025-08-13,48333548,1262.100000
2025-08-14,48333548,1255.900000
2025-08-15,48333548,1269.000000
2025-08-18,48333548,1280.300000
2025-08-19,48333548,1276.600000
2025-08-20,48333548,1290.000000
2025-08-21,48333548,1292.500000
2025-08-22,48333548,1311.800000
2025-08-25,48333548,1334.400000
2025-08-26,48333548,1333.100000
2025-08-27,48333548,1311.500000
2025-08-28,48333548,1328.400000
2025-08-29,48333548,1335.600000
2025-09-01,48333548,1341.400000
2025-09-02,48333548,1329.800000
2025-09-03,48333548,1319.100000
2025-09-04,48333548,1295.400000
2025-09-05,48333548,1324.400000
2025-09-08,48333548,1329.500000
2025-09-09,48333548,1321.700000
2025-09-10,48333548,1325.600000
2025-09-11,48333548,1354.500000
2025-09-12,48333548,1350.400000
2025-09-15,48333548,1352.000000
2025-09-16,48333548,1354.300000
2025-09-17,48333548,1362.600000
2025-09-18,48333548,1349.200000
2025-09-19,48333548,1348.800000
2025-09-22,48333548,1355.000000
2025-09-23,48333548,1351.000000
2025-09-24,48333548,1366.200000
2025-09-25,48333548,1371.200000
2025-09-26,48333548,1359.400000
2025-09-29,48333548,1377.700000
2025-09-30,48333548,1384.800000
2025-10-09,48333548,1402.900000
2025-10-10,48333548,1384.600000
2025-10-13,48333548,1378.100000
2025-10-14,48333548,1361.900000
2025-10-15,48333548,1382.800000
2025-10-16,48333548,1382.100000
2025-10-17,48333548,1350.400000
2025-10-20,48333548,1361.000000
2025-10-21,48333548,1382.000000
2025-10-22,48333548,1379.300000
2025-10-23,48333548,1382.600000
2025-10-24,48333548,1395.500000
2025-10-27,48333548,1410.600000
2025-10-28,48333548,1405.500000
2025-10-29,48333548,1419.600000
2025-10-30,48333548,1409.900000
2025-10-31,48333548,1398.000000
2025-11-03,48333548,1405.300000
2025-11-04,48333548,1394.900000
2025-11-05,48333548,1401.700000
2025-11-06,48333548,1417.900000
2025-11-07,48333548,1416.200000
2025-11-10,48333548,1422.200000
2025-11-11,48333548,1416.200000
2025-11-12,48333548,1414.500000
2025-11-13,48333548,1430.300000
2025-11-14,48333548,1414.600000
2025-11-17,48333548,1410.900000
2025-11-18,48333548,1399.300000
2025-11-19,48333548,1400.500000
2025-11-20,48333548,1394.400000
2025-11-21,48333548,1355.900000
2025-11-24,48333548,1358.000000
2025-11-25,48333548,1374.700000
2025-11-26,48333548,1378.100000
2025-11-27,48333548,1380.100000
2025-11-28,48333548,1388.600000
2025-12-01,48333548,1400.400000
2025-12-02,48333548,1394.400000
2025-12-03,48333548,1385.900000
2025-12-04,48333548,1385.300000
2025-12-05,48333548,1398.500000
2025-12-08,48333548,1410.700000
2025-12-09,48333548,1400.200000
2025-12-10,48333548,1401.000000
2025-12-11,48333548,1387.700000
2025-12-12,48333548,1396.800000
2025-12-15,48333548,1386.300000
2025-12-16,48333548,1366.800000
2025-12-17,48333548,1391.300000
2025-12-18,48333548,1388.200000
2025-12-19,48333548,1395.500000
2025-12-22,48333548,1407.900000
2025-12-23,48333548,1410.300000
2025-12-24,48333548,1419.300000
2025-12-25,48333548,1425.000000
2025-12-26,48333548,1430.900000
2025-12-29,48333548,1426.500000
2025-12-30,48333548,1427.700000
2025-12-31,48333548,1426.200000
2026-01-05,48333548,1449.600000
2026-01-06,48333548,1472.200000
2026-01-07,48333548,1472.300000
2026-01-08,48333548,1466.200000
2026-01-09,48333548,1478.900000
2026-01-12,48333548,1497.800000
2026-01-13,48333548,1487.300000
2026-01-14,48333548,1488.900000
2026-01-15,48333548,1489.700000
2026-01-16,48333548,1483.100000
2026-01-19,48333548,1487.300000
2026-01-20,48333548,1481.600000
2026-01-21,48333548,1483.900000
2026-01-22,48333548,1489.500000
2026-01-23,48333548,1498.900000
2026-01-26,48333548,1492.900000
2026-01-27,48333548,1495.800000
2026-01-28,48333548,1497.800000
2026-01-29,48333548,1501.200000
2026-01-30,48333548,1491.800000
2026-02-02,48333548,1456.700000
2026-02-03,48333548,1485.200000
2026-02-04,48333548,1495.300000
2026-02-05,48333548,1481.800000
2026-02-06,48333548,1476.900000
2026-02-09,48333548,1501.900000
2026-02-10,48333548,1503.400000
2026-02-11,48333548,1502.700000
2026-02-12,48333548,1507.400000
2026-02-13,48333548,1487.500000
2026-02-24,48333548,1505.600000
2026-02-25,48333548,1518.900000
2026-02-26,48333548,1520.600000
2026-02-27,48333548,1524.600000
2026-03-02,48333548,1526.200000
2026-03-03,48333548,1493.700000
2026-03-04,48333548,1484.500000
2026-03-05,48333548,1499.500000
2026-03-06,48333548,1507.700000
2026-03-09,48333548,1495.400000
2026-03-10,48333548,1516.400000
2026-03-11,48333548,1522.700000
2026-03-12,48333548,1515.800000
2026-03-13,48333548,1504.200000
2026-03-16,48333548,1503.200000
2026-03-17,48333548,1487.000000
2026-03-18,48333548,1497.200000
2026-03-19,48333548,1468.800000
2026-03-20,48333548,1456.400000
2026-03-23,48333548,1405.600000
2026-03-24,48333548,1432.600000
2026-03-25,48333548,1458.000000
2026-03-26,48333548,1439.000000
2026-03-27,48333548,1450.600000
2026-03-30,48333548,1452.100000
2026-03-31,48333548,1435.200000
2026-04-01,48333548,1460.800000
2026-04-02,48333548,1441.700000
2026-04-03,48333548,1426.400000
2026-04-07,48333548,1432.400000
2026-04-08,48333548,1483.700000
2026-04-09,48333548,1474.400000
2026-04-10,48333548,1491.700000
2026-04-13,48333548,1493.900000
2026-04-14,48333548,1511.200000
2026-04-15,48333548,1505.900000
2026-04-16,48333548,1525.300000
2026-04-17,48333548,1526.300000
2026-04-20,48333548,1537.500000
2026-04-21,48333548,1539.200000
2026-04-22,48333548,1551.100000
2026-04-23,48333548,1541.700000
2026-04-24,48333548,1537.800000
2026-04-27,48333548,1542.400000
2026-04-28,48333548,1535.300000
2026-04-29,48333548,1554.000000
2026-04-30,48333548,1553.800000
2026-05-06,48333548,1576.300000
2026-05-07,48333548,1589.500000
2026-05-08,48333548,1588.600000
2026-05-11,48333548,1610.000000
2026-05-12,48333548,1603.600000
2026-05-13,48333548,1620.900000
2026-05-14,48333548,1591.200000
2026-05-15,48333548,1574.700000
2026-05-18,48333548,1572.100000
2026-05-19,48333548,1583.000000
2026-05-20,48333548,1582.500000
2026-05-21,48333548,1549.500000
2026-05-22,48333548,1575.000000
2026-05-25,48333548,1593.600000
2026-05-26,48333548,1594.300000
2026-05-27,48333548,1577.600000
2026-05-28,48333548,1584.400000
2026-05-29,48333548,1566.400000
2026-06-01,48333548,1555.800000
2026-06-02,48333548,1568.400000
2026-06-03,48333548,1575.900000
2026-06-04,48333548,1569.900000
2026-06-05,48333548,1549.600000
2026-06-08,48333548,1508.500000
2026-06-09,48333548,1541.400000
2026-06-10,48333548,1525.300000
2026-06-11,48333548,1519.900000
2026-06-12,48333548,1537.200000
2026-06-15,48333548,1580.300000
2026-06-16,48333548,1588.100000
2026-06-17,48333548,1602.100000
2026-06-18,48333548,1604.400000
2026-06-22,48333548,1638.700000
2026-06-23,48333548,1604.800000
2026-06-24,48333548,1614.100000
2026-06-25,48333548,1627.600000
2026-06-26,48333548,1586.000000
2026-06-29,48333548,1598.400000
2026-06-30,48333548,1618.600000
2026-07-01,48333548,1623.200000
2026-07-02,48333548,1585.600000
2026-07-03,48333548,1594.500000
2026-07-06,48333548,1587.000000
2020-12-31,48408839,1000.000000
2021-01-04,48408839,1009.500000
2021-01-05,48408839,1012.400000
2021-01-06,48408839,1011.200000
2021-01-07,48408839,1002.300000
2021-01-08,48408839,998.400000
2021-01-11,48408839,991.800000
2021-01-12,48408839,996.700000
2021-01-13,48408839,989.200000
2021-01-14,48408839,993.900000
2021-01-15,48408839,997.200000
2021-01-18,48408839,1006.900000
2021-01-19,48408839,1006.100000
2021-01-20,48408839,1007.000000
2021-01-21,48408839,1012.400000
2021-01-22,48408839,1008.800000
2021-01-25,48408839,1006.200000
2021-01-26,48408839,996.900000
2021-01-27,48408839,998.000000
2021-01-28,48408839,988.100000
2021-01-29,48408839,977.000000
2021-02-01,48408839,984.800000
2021-02-02,48408839,984.600000
2021-02-03,48408839,981.200000
2021-02-04,48408839,968.900000
2021-02-05,48408839,963.200000
2021-02-08,48408839,961.900000
2021-02-09,48408839,974.800000
2021-02-10,48408839,983.800000
2021-02-18,48408839,992.200000
2021-02-19,48408839,1003.900000
2021-02-22,48408839,1010.300000
2021-02-23,48408839,1006.400000
2021-02-24,48408839,1000.400000
2021-02-25,48408839,997.300000
2021-02-26,48408839,990.700000
2021-03-01,48408839,1000.000000
2021-03-02,48408839,996.100000
2021-03-03,48408839,1000.300000
2021-03-04,48408839,993.300000
2021-03-05,48408839,995.300000
2021-03-08,48408839,990.700000
2021-03-09,48408839,982.600000
2021-03-10,48408839,982.400000
2021-03-11,48408839,992.800000
2021-03-12,48408839,994.900000
2021-03-15,48408839,996.800000
2021-03-16,48408839,1001.700000
2021-03-17,48408839,1005.100000
2021-03-18,48408839,1008.200000
2021-03-19,48408839,1006.500000
2021-03-22,48408839,1016.000000
2021-03-23,48408839,1008.500000
2021-03-24,48408839,1001.000000
2021-03-25,48408839,997.600000
2021-03-26,48408839,1003.300000
2021-03-29,48408839,1006.400000
2021-03-30,48408839,1003.600000
2021-03-31,48408839,1000.100000
2021-04-01,48408839,1003.800000
2021-04-02,48408839,1003.800000
2021-04-06,48408839,1008.300000
2021-04-07,48408839,1009.900000
2021-04-08,48408839,1010.600000
2021-04-09,48408839,1012.800000
2021-04-12,48408839,1006.900000
2021-04-13,48408839,1002.700000
2021-04-14,48408839,1005.600000
2021-04-15,48408839,1004.000000
2021-04-16,48408839,1009.900000
2021-04-19,48408839,1016.200000
2021-04-20,48408839,1018.300000
2021-04-21,48408839,1017.200000
2021-04-22,48408839,1019.700000
2021-04-23,48408839,1020.900000
2021-04-26,48408839,1020.100000
2021-04-27,48408839,1017.100000
2021-04-28,48408839,1020.400000
2021-04-29,48408839,1022.800000
2021-04-30,48408839,1022.900000
2021-05-06,48408839,1027.300000
2021-05-07,48408839,1028.700000
2021-05-10,48408839,1033.700000
2021-05-11,48408839,1034.400000
2021-05-12,48408839,1041.400000
2021-05-13,48408839,1037.800000
2021-05-14,48408839,1042.700000
2021-05-17,48408839,1038.800000
2021-05-18,48408839,1040.500000
2021-05-19,48408839,1041.700000
2021-05-20,48408839,1039.700000
2021-05-21,48408839,1044.600000
2021-05-24,48408839,1047.100000
2021-05-25,48408839,1049.300000
2021-05-26,48408839,1054.500000
2021-05-27,48408839,1058.500000
2021-05-28,48408839,1057.200000
2021-05-31,48408839,1063.400000
2021-06-01,48408839,1063.600000
2021-06-02,48408839,1060.900000
2021-06-03,48408839,1061.000000
2021-06-04,48408839,1064.400000
2021-06-07,48408839,1063.900000
2021-06-08,48408839,1062.600000
2021-06-09,48408839,1064.800000
2021-06-10,48408839,1070.300000
2021-06-11,48408839,1070.500000
2021-06-15,48408839,1065.900000
2021-06-16,48408839,1053.900000
2021-06-17,48408839,1054.500000
2021-06-18,48408839,1057.600000
2021-06-21,48408839,1063.700000
2021-06-22,48408839,1070.100000
2021-06-23,48408839,1074.500000
2021-06-24,48408839,1078.800000
2021-06-25,48408839,1083.900000
2021-06-28,48408839,1087.300000
2021-06-29,48408839,1081.400000
2021-06-30,48408839,1083.500000
2021-07-01,48408839,1078.700000
2021-07-02,48408839,1075.300000
2021-07-05,48408839,1078.100000
2021-07-06,48408839,1077.700000
2021-07-07,48408839,1084.400000
2021-07-08,48408839,1085.500000
2021-07-09,48408839,1090.000000
2021-07-12,48408839,1095.100000
2021-07-13,48408839,1102.900000
2021-07-14,48408839,1100.900000
2021-07-15,48408839,1100.200000
2021-07-16,48408839,1101.800000
2021-07-19,48408839,1100.200000
2021-07-20,48408839,1100.100000
2021-07-21,48408839,1105.900000
2021-07-22,48408839,1111.000000
2021-07-23,48408839,1111.400000
2021-07-26,48408839,1100.800000
2021-07-27,48408839,1089.900000
2021-07-28,48408839,1083.500000
2021-07-29,48408839,1094.200000
2021-07-30,48408839,1097.500000
2021-08-02,48408839,1109.600000
2021-08-03,48408839,1109.000000
2021-08-04,48408839,1116.700000
2021-08-05,48408839,1115.800000
2021-08-06,48408839,1119.100000
2021-08-09,48408839,1119.300000
2021-08-10,48408839,1124.100000
2021-08-11,48408839,1129.000000
2021-08-12,48408839,1130.300000
2021-08-13,48408839,1129.000000
2021-08-16,48408839,1130.700000
2021-08-17,48408839,1121.400000
2021-08-18,48408839,1125.100000
2021-08-19,48408839,1123.700000
2021-08-20,48408839,1119.900000
2021-08-23,48408839,1127.600000
2021-08-24,48408839,1133.000000
2021-08-25,48408839,1138.100000
2021-08-26,48408839,1136.600000
2021-08-27,48408839,1139.700000
2021-08-30,48408839,1142.600000
2021-08-31,48408839,1144.100000
2021-09-01,48408839,1147.500000
2021-09-02,48408839,1156.100000
2021-09-03,48408839,1155.800000
2021-09-06,48408839,1164.100000
2021-09-07,48408839,1173.100000
2021-09-08,48408839,1179.400000
2021-09-09,48408839,1181.100000
2021-09-10,48408839,1178.200000
2021-09-13,48408839,1180.500000
2021-09-14,48408839,1170.300000
2021-09-15,48408839,1165.300000
2021-09-16,48408839,1152.300000
2021-09-17,48408839,1152.600000
2021-09-22,48408839,1154.900000
2021-09-23,48408839,1162.800000
2021-09-24,48408839,1157.200000
2021-09-27,48408839,1147.100000
2021-09-28,48408839,1153.700000
2021-09-29,48408839,1144.600000
2021-09-30,48408839,1153.300000
2021-10-08,48408839,1162.100000
2021-10-11,48408839,1160.500000
2021-10-12,48408839,1146.600000
2021-10-13,48408839,1141.600000
2021-10-14,48408839,1142.600000
2021-10-15,48408839,1144.600000
2021-10-18,48408839,1149.700000
2021-10-19,48408839,1156.900000
2021-10-20,48408839,1152.400000
2021-10-21,48408839,1152.500000
2021-10-22,48408839,1149.400000
2021-10-25,48408839,1153.900000
2021-10-26,48408839,1154.700000
2021-10-27,48408839,1147.600000
2021-10-28,48408839,1137.600000
2021-10-29,48408839,1143.300000
2021-11-01,48408839,1150.400000
2021-11-02,48408839,1147.800000
2021-11-03,48408839,1147.400000
2021-11-04,48408839,1155.200000
2021-11-05,48408839,1148.000000
2021-11-08,48408839,1153.500000
2021-11-09,48408839,1161.400000
2021-11-10,48408839,1163.700000
2021-11-11,48408839,1174.000000
2021-11-12,48408839,1182.900000
2021-11-15,48408839,1188.200000
2021-11-16,48408839,1184.200000
2021-11-17,48408839,1189.100000
2021-11-18,48408839,1186.800000
2021-11-19,48408839,1196.400000
2021-11-22,48408839,1203.900000
2021-11-23,48408839,1210.900000
2021-11-24,48408839,1214.400000
2021-11-25,48408839,1213.700000
2021-11-26,48408839,1212.200000
2021-11-29,48408839,1220.800000
2021-11-30,48408839,1223.500000
2021-12-01,48408839,1228.100000
2021-12-02,48408839,1226.500000
2021-12-03,48408839,1231.800000
2021-12-06,48408839,1221.000000
2021-12-07,48408839,1206.300000
2021-12-08,48408839,1213.900000
2021-12-09,48408839,1223.700000
2021-12-10,48408839,1226.100000
2021-12-13,48408839,1230.500000
2021-12-14,48408839,1227.200000
2021-12-15,48408839,1226.700000
2021-12-16,48408839,1232.500000
2021-12-17,48408839,1227.300000
2021-12-20,48408839,1216.700000
2021-12-21,48408839,1225.700000
2021-12-22,48408839,1230.900000
2021-12-23,48408839,1242.600000
2021-12-24,48408839,1237.200000
2021-12-27,48408839,1234.600000
2021-12-28,48408839,1235.800000
2021-12-29,48408839,1232.500000
2021-12-30,48408839,1236.200000
2021-12-31,48408839,1241.600000
2022-01-04,48408839,1248.900000
2022-01-05,48408839,1237.800000
2022-01-06,48408839,1240.100000
2022-01-07,48408839,1234.200000
2022-01-10,48408839,1240.100000
2022-01-11,48408839,1233.000000
2022-01-12,48408839,1242.100000
2022-01-13,48408839,1231.700000
2022-01-14,48408839,1223.200000
2022-01-17,48408839,1232.400000
2022-01-18,48408839,1234.700000
2022-01-19,48408839,1236.600000
2022-01-20,48408839,1234.400000
2022-01-21,48408839,1228.300000
2022-01-24,48408839,1227.400000
2022-01-25,48408839,1208.800000
2022-01-26,48408839,1213.500000
2022-01-27,48408839,1200.400000
2022-01-28,48408839,1198.500000
2022-02-07,48408839,1211.900000
2022-02-08,48408839,1214.500000
2022-02-09,48408839,1229.000000
2022-02-10,48408839,1230.000000
2022-02-11,48408839,1221.200000
2022-02-14,48408839,1201.800000
2022-02-15,48408839,1194.900000
2022-02-16,48408839,1201.400000
2022-02-17,48408839,1200.300000
2022-02-18,48408839,1208.200000
2022-02-21,48408839,1215.700000
2022-02-22,48408839,1206.600000
2022-02-23,48408839,1215.900000
2022-02-24,48408839,1203.100000
2022-02-25,48408839,1208.200000
2022-02-28,48408839,1202.200000
2022-03-01,48408839,1207.600000
2022-03-02,48408839,1206.200000
2022-03-03,48408839,1200.100000
2022-03-04,48408839,1188.200000
2022-03-07,48408839,1168.800000
2022-03-08,48408839,1148.200000
2022-03-09,48408839,1141.600000
2022-03-10,48408839,1156.400000
2022-03-11,48408839,1158.800000
2022-03-14,48408839,1146.400000
2022-03-15,48408839,1120.000000
2022-03-16,48408839,1142.200000
2022-03-17,48408839,1157.600000
2022-03-18,48408839,1166.700000
2022-03-21,48408839,1170.800000
2022-03-22,48408839,1168.600000
2022-03-23,48408839,1168.400000
2022-03-24,48408839,1158.300000
2022-03-25,48408839,1148.100000
2022-03-28,48408839,1146.400000
2022-03-29,48408839,1143.900000
2022-03-30,48408839,1157.400000
2022-03-31,48408839,1155.700000
2022-04-01,48408839,1162.400000
2022-04-06,48408839,1165.400000
2022-04-07,48408839,1156.000000
2022-04-08,48408839,1157.300000
2022-04-11,48408839,1144.200000
2022-04-12,48408839,1150.800000
2022-04-13,48408839,1143.500000
2022-04-14,48408839,1150.300000
2022-04-15,48408839,1145.900000
2022-04-18,48408839,1147.000000
2022-04-19,48408839,1147.700000
2022-04-20,48408839,1141.400000
2022-04-21,48408839,1127.300000
2022-04-22,48408839,1126.600000
2022-04-25,48408839,1096.800000
2022-04-26,48408839,1091.300000
2022-04-27,48408839,1106.700000
2022-04-28,48408839,1107.300000
2022-04-29,48408839,1123.500000
2022-05-05,48408839,1130.200000
2022-05-06,48408839,1121.100000
2022-05-09,48408839,1124.600000
2022-05-10,48408839,1130.000000
2022-05-11,48408839,1135.500000
2022-05-12,48408839,1134.900000
2022-05-13,48408839,1139.200000
2022-05-16,48408839,1138.600000
2022-05-17,48408839,1141.700000
2022-05-18,48408839,1142.500000
2022-05-19,48408839,1143.800000
2022-05-20,48408839,1151.800000
2022-05-23,48408839,1153.900000
2022-05-24,48408839,1136.200000
2022-05-25,48408839,1143.600000
2022-05-26,48408839,1147.600000
2022-05-27,48408839,1148.500000
2022-05-30,48408839,1152.400000
2022-05-31,48408839,1157.100000
2022-06-01,48408839,1156.500000
2022-06-02,48408839,1156.800000
2022-06-06,48408839,1167.300000
2022-06-07,48408839,1169.900000
2022-06-08,48408839,1173.700000
2022-06-09,48408839,1169.800000
2022-06-10,48408839,1176.200000
2022-06-13,48408839,1175.100000
2022-06-14,48408839,1176.100000
2022-06-15,48408839,1181.000000
2022-06-16,48408839,1181.700000
2022-06-17,48408839,1188.600000
2022-06-20,48408839,1187.500000
2022-06-21,48408839,1184.900000
2022-06-22,48408839,1180.500000
2022-06-23,48408839,1187.400000
2022-06-24,48408839,1196.900000
2022-06-27,48408839,1207.400000
2022-06-28,48408839,1215.100000
2022-06-29,48408839,1204.700000
2022-06-30,48408839,1213.700000
2022-07-01,48408839,1214.700000
2022-07-04,48408839,1220.800000
2022-07-05,48408839,1219.800000
2022-07-06,48408839,1211.000000
2022-07-07,48408839,1214.700000
2022-07-08,48408839,1217.300000
2022-07-11,48408839,1208.700000
2022-07-12,48408839,1203.200000
2022-07-13,48408839,1206.000000
2022-07-14,48408839,1211.600000
2022-07-15,48408839,1205.600000
2022-07-18,48408839,1214.800000
2022-07-19,48408839,1218.000000
2022-07-20,48408839,1222.800000
2022-07-21,48408839,1219.600000
2022-07-22,48408839,1217.600000
2022-07-25,48408839,1213.800000
2022-07-26,48408839,1220.500000
2022-07-27,48408839,1225.500000
2022-07-28,48408839,1228.500000
2022-07-29,48408839,1226.900000
2022-08-01,48408839,1230.300000
2022-08-02,48408839,1218.400000
2022-08-03,48408839,1214.800000
2022-08-04,48408839,1219.100000
2022-08-05,48408839,1223.800000
2022-08-08,48408839,1228.600000
2022-08-09,48408839,1229.900000
2022-08-10,48408839,1229.000000
2022-08-11,48408839,1237.300000
2022-08-12,48408839,1237.900000
2022-08-15,48408839,1242.000000
2022-08-16,48408839,1246.100000
2022-08-17,48408839,1248.600000
2022-08-18,48408839,1243.000000
2022-08-19,48408839,1235.700000
2022-08-22,48408839,1240.100000
2022-08-23,48408839,1241.500000
2022-08-24,48408839,1224.500000
2022-08-25,48408839,1221.800000
2022-08-26,48408839,1219.200000
2022-08-29,48408839,1218.700000
2022-08-30,48408839,1215.500000
2022-08-31,48408839,1202.300000
2022-09-01,48408839,1200.000000
2022-09-02,48408839,1205.500000
2022-09-05,48408839,1210.000000
2022-09-06,48408839,1219.800000
2022-09-07,48408839,1222.000000
2022-09-08,48408839,1217.500000
2022-09-09,48408839,1219.000000
2022-09-13,48408839,1219.500000
2022-09-14,48408839,1215.800000
2022-09-15,48408839,1205.900000
2022-09-16,48408839,1193.800000
2022-09-19,48408839,1190.100000
2022-09-20,48408839,1194.200000
2022-09-21,48408839,1195.600000
2022-09-22,48408839,1193.400000
2022-09-23,48408839,1185.000000
2022-09-26,48408839,1177.500000
2022-09-27,48408839,1185.900000
2022-09-28,48408839,1175.300000
2022-09-29,48408839,1172.100000
2022-09-30,48408839,1170.500000
2022-10-10,48408839,1163.200000
2022-10-11,48408839,1166.700000
2022-10-12,48408839,1176.800000
2022-10-13,48408839,1182.900000
2022-10-14,48408839,1193.700000
2022-10-17,48408839,1197.100000
2022-10-18,48408839,1198.000000
2022-10-19,48408839,1191.500000
2022-10-20,48408839,1185.700000
2022-10-21,48408839,1185.200000
2022-10-24,48408839,1173.000000
2022-10-25,48408839,1167.500000
2022-10-26,48408839,1175.200000
2022-10-27,48408839,1173.600000
2022-10-28,48408839,1158.300000
2022-10-31,48408839,1154.700000
2022-11-01,48408839,1165.900000
2022-11-02,48408839,1173.600000
2022-11-03,48408839,1174.700000
2022-11-04,48408839,1190.400000
2022-11-07,48408839,1190.500000
2022-11-08,48408839,1186.900000
2022-11-09,48408839,1185.700000
2022-11-10,48408839,1183.000000
2022-11-11,48408839,1192.800000
2022-11-14,48408839,1190.500000
2022-11-15,48408839,1196.500000
2022-11-16,48408839,1189.600000
2022-11-17,48408839,1182.100000
2022-11-18,48408839,1179.500000
2022-11-21,48408839,1179.700000
2022-11-22,48408839,1177.300000
2022-11-23,48408839,1177.600000
2022-11-24,48408839,1182.000000
2022-11-25,48408839,1181.800000
2022-11-28,48408839,1177.400000
2022-11-29,48408839,1191.200000
2022-11-30,48408839,1193.900000
2022-12-01,48408839,1200.100000
2022-12-02,48408839,1202.400000
2022-12-05,48408839,1211.700000
2022-12-06,48408839,1209.200000
2022-12-07,48408839,1203.600000
2022-12-08,48408839,1200.800000
2022-12-09,48408839,1202.200000
2022-12-12,48408839,1196.300000
2022-12-13,48408839,1191.100000
2022-12-14,48408839,1185.700000
2022-12-15,48408839,1185.200000
2022-12-16,48408839,1178.400000
2022-12-19,48408839,1164.400000
2022-12-20,48408839,1159.600000
2022-12-21,48408839,1158.700000
2022-12-22,48408839,1153.400000
2022-12-23,48408839,1149.500000
2022-12-26,48408839,1157.800000
2022-12-27,48408839,1166.200000
2022-12-28,48408839,1163.700000
2022-12-29,48408839,1159.300000
2022-12-30,48408839,1160.700000
2023-01-03,48408839,1167.800000
2023-01-04,48408839,1169.000000
2023-01-05,48408839,1177.200000
2023-01-06,48408839,1180.500000
2023-01-09,48408839,1184.400000
2023-01-10,48408839,1181.600000
2023-01-11,48408839,1179.500000
2023-01-12,48408839,1179.300000
2023-01-13,48408839,1181.500000
2023-01-16,48408839,1187.800000
2023-01-17,48408839,1189.500000
2023-01-18,48408839,1192.000000
2023-01-19,48408839,1195.300000
2023-01-20,48408839,1200.900000
2023-01-30,48408839,1204.800000
2023-01-31,48408839,1203.200000
2023-02-01,48408839,1209.800000
2023-02-02,48408839,1211.500000
2023-02-03,48408839,1207.400000
2023-02-06,48408839,1199.700000
2023-02-07,48408839,1202.900000
2023-02-08,48408839,1200.800000
2023-02-09,48408839,1208.200000
2023-02-10,48408839,1207.800000
2023-02-13,48408839,1212.000000
2023-02-14,48408839,1213.200000
2023-02-15,48408839,1210.000000
2023-02-16,48408839,1200.200000
2023-02-17,48408839,1192.900000
2023-02-20,48408839,1202.600000
2023-02-21,48408839,1204.500000
2023-02-22,48408839,1203.000000
2023-02-23,48408839,1201.300000
2023-02-24,48408839,1198.500000
2023-02-27,48408839,1194.300000
2023-02-28,48408839,1197.400000
2023-03-01,48408839,1204.400000
2023-03-02,48408839,1204.200000
2023-03-03,48408839,1207.100000
2023-03-06,48408839,1208.200000
2023-03-07,48408839,1198.000000
2023-03-08,48408839,1197.700000
2023-03-09,48408839,1199.000000
2023-03-10,48408839,1190.700000
2023-03-13,48408839,1193.200000
2023-03-14,48408839,1189.100000
2023-03-15,48408839,1193.200000
2023-03-16,48408839,1183.900000
2023-03-17,48408839,1187.300000
2023-03-20,48408839,1185.700000
2023-03-21,48408839,1192.800000
2023-03-22,48408839,1197.000000
2023-03-23,48408839,1198.800000
2023-03-24,48408839,1199.000000
2023-03-27,48408839,1197.600000
2023-03-28,48408839,1193.900000
2023-03-29,48408839,1192.300000
2023-03-30,48408839,1193.300000
2023-03-31,48408839,1197.600000
2023-04-03,48408839,1203.100000
2023-04-04,48408839,1202.700000
2023-04-06,48408839,1203.700000
2023-04-07,48408839,1207.900000
2023-04-10,48408839,1204.600000
2023-04-11,48408839,1203.000000
2023-04-12,48408839,1205.000000
2023-04-13,48408839,1203.200000
2023-04-14,48408839,1206.600000
2023-04-17,48408839,1209.500000
2023-04-18,48408839,1209.000000
2023-04-19,48408839,1204.900000
2023-04-20,48408839,1200.400000
2023-04-21,48408839,1190.800000
2023-04-24,48408839,1184.900000
2023-04-25,48408839,1181.500000
2023-04-26,48408839,1189.100000
2023-04-27,48408839,1193.300000
2023-04-28,48408839,1198.000000
2023-05-04,48408839,1197.700000
2023-05-05,48408839,1191.800000
2023-05-08,48408839,1195.700000
2023-05-09,48408839,1190.800000
2023-05-10,48408839,1190.300000
2023-05-11,48408839,1193.000000
2023-05-12,48408839,1180.400000
2023-05-15,48408839,1183.800000
2023-05-16,48408839,1184.600000
2023-05-17,48408839,1187.400000
2023-05-18,48408839,1189.000000
2023-05-19,48408839,1189.500000
2023-05-22,48408839,1192.200000
2023-05-23,48408839,1187.600000
2023-05-24,48408839,1184.700000
2023-05-25,48408839,1184.600000
2023-05-26,48408839,1186.600000
2023-05-29,48408839,1184.900000
2023-05-30,48408839,1185.000000
2023-05-31,48408839,1183.300000
2023-06-01,48408839,1184.700000
2023-06-02,48408839,1192.400000
2023-06-05,48408839,1190.700000
2023-06-06,48408839,1184.500000
2023-06-07,48408839,1183.100000
2023-06-08,48408839,1184.600000
2023-06-09,48408839,1187.400000
2023-06-12,48408839,1189.400000
2023-06-13,48408839,1189.900000
2023-06-14,48408839,1190.300000
2023-06-15,48408839,1193.300000
2023-06-16,48408839,1196.700000
2023-06-19,48408839,1194.000000
2023-06-20,48408839,1193.100000
2023-06-21,48408839,1187.200000
2023-06-26,48408839,1180.600000
2023-06-27,48408839,1185.100000
2023-06-28,48408839,1184.300000
2023-06-29,48408839,1186.200000
2023-06-30,48408839,1190.700000
2023-07-03,48408839,1194.100000
2023-07-04,48408839,1195.500000
2023-07-05,48408839,1193.400000
2023-07-06,48408839,1192.800000
2023-07-07,48408839,1191.600000
2023-07-10,48408839,1192.100000
2023-07-11,48408839,1195.200000
2023-07-12,48408839,1192.900000
2023-07-13,48408839,1198.300000
2023-07-14,48408839,1197.600000
2023-07-17,48408839,1195.400000
2023-07-18,48408839,1197.100000
2023-07-19,48408839,1196.400000
2023-07-20,48408839,1194.200000
2023-07-21,48408839,1193.400000
2023-07-24,48408839,1191.500000
2023-07-25,48408839,1199.700000
2023-07-26,48408839,1199.700000
2023-07-27,48408839,1198.700000
2023-07-28,48408839,1206.100000
2023-07-31,48408839,1209.300000
2023-08-01,48408839,1206.800000
2023-08-02,48408839,1205.600000
2023-08-03,48408839,1207.500000
2023-08-04,48408839,1209.400000
2023-08-07,48408839,1205.200000
2023-08-08,48408839,1203.500000
2023-08-09,48408839,1201.500000
2023-08-10,48408839,1203.000000
2023-08-11,48408839,1197.300000
2023-08-14,48408839,1195.300000
2023-08-15,48408839,1192.900000
2023-08-16,48408839,1190.900000
2023-08-17,48408839,1194.600000
2023-08-18,48408839,1192.200000
2023-08-21,48408839,1187.900000
2023-08-22,48408839,1185.100000
2023-08-23,48408839,1178.800000
2023-08-24,48408839,1180.900000
2023-08-25,48408839,1175.700000
2023-08-28,48408839,1178.300000
2023-08-29,48408839,1189.100000
2023-08-30,48408839,1190.800000
2023-08-31,48408839,1188.700000
2023-09-01,48408839,1191.400000
2023-09-04,48408839,1198.100000
2023-09-05,48408839,1196.100000
2023-09-06,48408839,1196.700000
2023-09-07,48408839,1185.700000
2023-09-08,48408839,1183.800000
2023-09-11,48408839,1186.700000
2023-09-12,48408839,1186.700000
2023-09-13,48408839,1181.500000
2023-09-14,48408839,1178.300000
2023-09-15,48408839,1179.400000
2023-09-18,48408839,1181.200000
2023-09-19,48408839,1178.100000
2023-09-20,48408839,1176.300000
2023-09-21,48408839,1172.900000
2023-09-22,48408839,1181.100000
2023-09-25,48408839,1178.100000
2023-09-26,48408839,1177.700000
2023-09-27,48408839,1180.500000
2023-09-28,48408839,1184.100000
2023-10-09,48408839,1181.600000
2023-10-10,48408839,1178.700000
2023-10-11,48408839,1178.700000
2023-10-12,48408839,1181.000000
2023-10-13,48408839,1177.000000
2023-10-16,48408839,1170.500000
2023-10-17,48408839,1168.600000
2023-10-18,48408839,1158.500000
2023-10-19,48408839,1148.100000
2023-10-20,48408839,1142.100000
2023-10-23,48408839,1130.500000
2023-10-24,48408839,1142.400000
2023-10-25,48408839,1148.400000
2023-10-26,48408839,1150.600000
2023-10-27,48408839,1162.600000
2023-10-30,48408839,1165.900000
2023-10-31,48408839,1161.200000
2023-11-01,48408839,1159.600000
2023-11-02,48408839,1156.700000
2023-11-03,48408839,1163.200000
2023-11-06,48408839,1172.800000
2023-11-07,48408839,1174.000000
2023-11-08,48408839,1173.300000
2023-11-09,48408839,1172.000000
2023-11-10,48408839,1170.700000
2023-11-13,48408839,1171.800000
2023-11-14,48408839,1174.700000
2023-11-15,48408839,1179.900000
2023-11-16,48408839,1173.100000
2023-11-17,48408839,1173.200000
2023-11-20,48408839,1177.100000
2023-11-21,48408839,1174.600000
2023-11-22,48408839,1166.300000
2023-11-23,48408839,1168.600000
2023-11-24,48408839,1165.400000
2023-11-27,48408839,1167.400000
2023-11-28,48408839,1171.600000
2023-11-29,48408839,1168.400000
2023-11-30,48408839,1167.600000
2023-12-01,48408839,1168.800000
2023-12-04,48408839,1167.700000
2023-12-05,48408839,1159.800000
2023-12-06,48408839,1161.300000
2023-12-07,48408839,1160.800000
2023-12-08,48408839,1160.600000
2023-12-11,48408839,1162.600000
2023-12-12,48408839,1163.200000
2023-12-13,48408839,1159.400000
2023-12-14,48408839,1159.500000
2023-12-15,48408839,1157.500000
2023-12-18,48408839,1152.000000
2023-12-19,48408839,1149.500000
2023-12-20,48408839,1146.900000
2023-12-21,48408839,1151.900000
2023-12-22,48408839,1151.200000
2023-12-25,48408839,1149.400000
2023-12-26,48408839,1143.100000
2023-12-27,48408839,1147.500000
2023-12-28,48408839,1160.900000
2023-12-29,48408839,1170.100000
2024-01-02,48408839,1172.200000
2024-01-03,48408839,1167.400000
2024-01-04,48408839,1165.300000
2024-01-05,48408839,1160.100000
2024-01-08,48408839,1151.200000
2024-01-09,48408839,1154.000000
2024-01-10,48408839,1151.800000
2024-01-11,48408839,1158.700000
2024-01-12,48408839,1159.600000
2024-01-15,48408839,1157.800000
2024-01-16,48408839,1153.700000
2024-01-17,48408839,1141.100000
2024-01-18,48408839,1138.900000
2024-01-19,48408839,1136.300000
2024-01-22,48408839,1114.800000
2024-01-23,48408839,1115.400000
2024-01-24,48408839,1115.200000
2024-01-25,48408839,1132.600000
2024-01-26,48408839,1135.200000
2024-01-29,48408839,1123.800000
2024-01-30,48408839,1112.600000
2024-01-31,48408839,1100.500000
2024-02-01,48408839,1098.800000
2024-02-02,48408839,1089.900000
2024-02-05,48408839,1074.000000
2024-02-06,48408839,1089.900000
2024-02-07,48408839,1088.800000
2024-02-08,48408839,1101.100000
2024-02-19,48408839,1108.000000
2024-02-20,48408839,1116.700000
2024-02-21,48408839,1124.100000
2024-02-22,48408839,1128.800000
2024-02-23,48408839,1133.700000
2024-02-26,48408839,1134.400000
2024-02-27,48408839,1139.100000
2024-02-28,48408839,1119.700000
2024-02-29,48408839,1129.900000
2024-03-01,48408839,1132.900000
2024-03-04,48408839,1132.200000
2024-03-05,48408839,1126.200000
2024-03-06,48408839,1127.200000
2024-03-07,48408839,1124.300000
2024-03-08,48408839,1127.700000
2024-03-11,48408839,1133.800000
2024-03-12,48408839,1136.200000
2024-03-13,48408839,1137.000000
2024-03-14,48408839,1135.200000
2024-03-15,48408839,1139.100000
2024-03-18,48408839,1146.400000
2024-03-19,48408839,1146.200000
2024-03-20,48408839,1150.700000
2024-03-21,48408839,1150.700000
2024-03-22,48408839,1146.100000
2024-03-25,48408839,1141.200000
2024-03-26,48408839,1138.800000
2024-03-27,48408839,1128.100000
2024-03-28,48408839,1133.500000
2024-03-29,48408839,1137.500000
2024-04-01,48408839,1146.700000
2024-04-02,48408839,1147.200000
2024-04-03,48408839,1147.200000
2024-04-08,48408839,1141.900000
2024-04-09,48408839,1147.200000
2024-04-10,48408839,1144.900000
2024-04-11,48408839,1147.800000
2024-04-12,48408839,1148.600000
2024-04-15,48408839,1138.300000
2024-04-16,48408839,1124.400000
2024-04-17,48408839,1137.000000
2024-04-18,48408839,1137.200000
2024-04-19,48408839,1134.300000
2024-04-22,48408839,1131.300000
2024-04-23,48408839,1131.600000
2024-04-24,48408839,1137.300000
2024-04-25,48408839,1139.000000
2024-04-26,48408839,1146.300000
2024-04-29,48408839,1151.900000
2024-04-30,48408839,1154.400000
2024-05-06,48408839,1166.800000
2024-05-07,48408839,1171.000000
2024-05-08,48408839,1167.700000
2024-05-09,48408839,1175.800000
2024-05-10,48408839,1177.300000
2024-05-13,48408839,1174.800000
2024-05-14,48408839,1177.200000
2024-05-15,48408839,1174.700000
2024-05-16,48408839,1175.900000
2024-05-17,48408839,1178.100000
2024-05-20,48408839,1182.100000
2024-05-21,48408839,1178.600000
2024-05-22,48408839,1178.900000
2024-05-23,48408839,1171.300000
2024-05-24,48408839,1169.300000
2024-05-27,48408839,1172.900000
2024-05-28,48408839,1170.400000
2024-05-29,48408839,1169.400000
2024-05-30,48408839,1169.500000
2024-05-31,48408839,1169.600000
2024-06-03,48408839,1159.200000
2024-06-04,48408839,1162.100000
2024-06-05,48408839,1158.400000
2024-06-06,48408839,1152.400000
2024-06-07,48408839,1156.300000
2024-06-11,48408839,1157.500000
2024-06-12,48408839,1161.300000
2024-06-13,48408839,1159.100000
2024-06-14,48408839,1157.900000
2024-06-17,48408839,1153.000000
2024-06-18,48408839,1154.100000
2024-06-19,48408839,1149.900000
2024-06-20,48408839,1136.900000
2024-06-21,48408839,1127.900000
2024-06-24,48408839,1112.500000
2024-06-25,48408839,1117.700000
2024-06-26,48408839,1138.000000
2024-06-27,48408839,1132.700000
2024-06-28,48408839,1137.200000
2024-07-01,48408839,1141.500000
2024-07-02,48408839,1145.200000
2024-07-03,48408839,1140.700000
2024-07-04,48408839,1132.300000
2024-07-05,48408839,1135.400000
2024-07-08,48408839,1123.800000
2024-07-09,48408839,1129.500000
2024-07-10,48408839,1125.000000
2024-07-11,48408839,1137.000000
2024-07-12,48408839,1135.400000
2024-07-15,48408839,1128.000000
2024-07-16,48408839,1126.100000
2024-07-17,48408839,1119.200000
2024-07-18,48408839,1118.000000
2024-07-19,48408839,1119.700000
2024-07-22,48408839,1117.000000
2024-07-23,48408839,1106.300000
2024-07-24,48408839,1095.700000
2024-07-25,48408839,1095.700000
2024-07-26,48408839,1106.800000
2024-07-29,48408839,1106.000000
2024-07-30,48408839,1103.700000
2024-07-31,48408839,1117.500000
2024-08-01,48408839,1118.400000
2024-08-02,48408839,1112.800000
2024-08-05,48408839,1101.300000
2024-08-06,48408839,1106.800000
2024-08-07,48408839,1109.400000
2024-08-08,48408839,1108.800000
2024-08-09,48408839,1108.400000
2024-08-12,48408839,1106.200000
2024-08-13,48408839,1106.700000
2024-08-14,48408839,1103.800000
2024-08-15,48408839,1101.800000
2024-08-16,48408839,1091.800000
2024-08-19,48408839,1122.500000
2024-08-20,48408839,1114.500000
2024-08-21,48408839,1114.000000
2024-08-22,48408839,1109.700000
2024-08-23,48408839,1109.100000
2024-08-26,48408839,1116.500000
2024-08-27,48408839,1111.600000
2024-08-28,48408839,1111.500000
2024-08-29,48408839,1119.700000
2024-08-30,48408839,1131.300000
2024-09-02,48408839,1123.400000
2024-09-03,48408839,1126.600000
2024-09-04,48408839,1125.400000
2024-09-05,48408839,1132.000000
2024-09-06,48408839,1127.600000
2024-09-09,48408839,1122.400000
2024-09-10,48408839,1119.500000
2024-09-11,48408839,1117.600000
2024-09-12,48408839,1116.400000
2024-09-13,48408839,1111.800000
2024-09-18,48408839,1106.900000
2024-09-19,48408839,1114.600000
2024-09-20,48408839,1111.000000
2024-09-23,48408839,1111.000000
2024-09-24,48408839,1131.800000
2024-09-25,48408839,1136.100000
2024-09-26,48408839,1154.100000
2024-09-27,48408839,1175.500000
2024-09-30,48408839,1217.600000
2024-10-08,48408839,1256.800000
2024-10-09,48408839,1210.600000
2024-10-10,48408839,1214.100000
2024-10-11,48408839,1196.800000
2024-10-14,48408839,1213.100000
2024-10-15,48408839,1210.800000
2024-10-16,48408839,1214.100000
2024-10-17,48408839,1213.600000
2024-10-18,48408839,1229.600000
2024-10-21,48408839,1238.900000
2024-10-22,48408839,1244.400000
2024-10-23,48408839,1249.500000
2024-10-24,48408839,1242.900000
2024-10-25,48408839,1255.700000
2024-10-28,48408839,1263.700000
2024-10-29,48408839,1252.900000
2024-10-30,48408839,1250.100000
2024-10-31,48408839,1257.400000
2024-11-01,48408839,1248.800000
2024-11-04,48408839,1257.600000
2024-11-05,48408839,1269.900000
2024-11-06,48408839,1269.900000
2024-11-07,48408839,1281.500000
2024-11-08,48408839,1279.600000
2024-11-11,48408839,1295.000000
2024-11-12,48408839,1290.100000
2024-11-13,48408839,1289.900000
2024-11-14,48408839,1276.100000
2024-11-15,48408839,1270.200000
2024-11-18,48408839,1259.900000
2024-11-19,48408839,1268.800000
2024-11-20,48408839,1279.000000
2024-11-21,48408839,1280.600000
2024-11-22,48408839,1269.200000
2024-11-25,48408839,1272.200000
2024-11-26,48408839,1270.600000
2024-11-27,48408839,1278.700000
2024-11-28,48408839,1282.100000
2024-11-29,48408839,1289.000000
2024-12-02,48408839,1297.700000
2024-12-03,48408839,1299.900000
2024-12-04,48408839,1292.900000
2024-12-05,48408839,1298.900000
2024-12-06,48408839,1305.600000
2024-12-09,48408839,1307.600000
2024-12-10,48408839,1314.100000
2024-12-11,48408839,1323.900000
2024-12-12,48408839,1333.500000
2024-12-13,48408839,1325.800000
2024-12-16,48408839,1316.500000
2024-12-17,48408839,1305.500000
2024-12-18,48408839,1311.600000
2024-12-19,48408839,1310.500000
2024-12-20,48408839,1316.200000
2024-12-23,48408839,1305.300000
2024-12-24,48408839,1310.300000
2024-12-25,48408839,1304.300000
2024-12-26,48408839,1309.800000
2024-12-27,48408839,1313.200000
2024-12-30,48408839,1311.400000
2024-12-31,48408839,1302.900000
2025-01-02,48408839,1294.600000
2025-01-03,48408839,1288.000000
2025-01-06,48408839,1281.700000
2025-01-07,48408839,1291.700000
2025-01-08,48408839,1290.100000
2025-01-09,48408839,1294.300000
2025-01-10,48408839,1285.800000
2025-01-13,48408839,1284.300000
2025-01-14,48408839,1303.200000
2025-01-15,48408839,1311.500000
2025-01-16,48408839,1310.600000
2025-01-17,48408839,1314.500000
2025-01-20,48408839,1320.100000
2025-01-21,48408839,1321.600000
2025-01-22,48408839,1319.900000
2025-01-23,48408839,1320.000000
2025-01-24,48408839,1326.500000
2025-01-27,48408839,1323.300000
2025-02-05,48408839,1328.100000
2025-02-06,48408839,1337.600000
2025-02-07,48408839,1343.700000
2025-02-10,48408839,1349.900000
2025-02-11,48408839,1347.500000
2025-02-12,48408839,1352.400000
2025-02-13,48408839,1348.600000
2025-02-14,48408839,1350.100000
2025-02-17,48408839,1353.500000
2025-02-18,48408839,1346.400000
2025-02-19,48408839,1357.000000
2025-02-20,48408839,1360.700000
2025-02-21,48408839,1369.000000
2025-02-24,48408839,1367.300000
2025-02-25,48408839,1365.900000
2025-02-26,48408839,1376.000000
2025-02-27,48408839,1373.000000
2025-02-28,48408839,1357.500000
2025-03-03,48408839,1355.300000
2025-03-04,48408839,1360.400000
2025-03-05,48408839,1364.400000
2025-03-06,48408839,1375.800000
2025-03-07,48408839,1375.500000
2025-03-10,48408839,1378.000000
2025-03-11,48408839,1374.000000
2025-03-12,48408839,1376.100000
2025-03-13,48408839,1370.400000
2025-03-14,48408839,1380.100000
2025-03-17,48408839,1384.000000
2025-03-18,48408839,1387.400000
2025-03-19,48408839,1382.100000
2025-03-20,48408839,1379.400000
2025-03-21,48408839,1367.300000
2025-03-24,48408839,1361.500000
2025-03-25,48408839,1362.700000
2025-03-26,48408839,1367.000000
2025-03-27,48408839,1367.900000
2025-03-28,48408839,1362.300000
2025-03-31,48408839,1357.400000
2025-04-01,48408839,1363.100000
2025-04-02,48408839,1366.000000
2025-04-03,48408839,1360.400000
2025-04-07,48408839,1310.800000
2025-04-08,48408839,1321.500000
2025-04-09,48408839,1332.400000
2025-04-10,48408839,1344.200000
2025-04-11,48408839,1342.500000
2025-04-14,48408839,1346.800000
2025-04-15,48408839,1343.400000
2025-04-16,48408839,1336.800000
2025-04-17,48408839,1339.300000
2025-04-18,48408839,1339.100000
2025-04-21,48408839,1344.600000
2025-04-22,48408839,1347.100000
2025-04-23,48408839,1352.000000
2025-04-24,48408839,1348.000000
2025-04-25,48408839,1350.100000
2025-04-28,48408839,1344.600000
2025-04-29,48408839,1348.700000
2025-04-30,48408839,1350.900000
2025-05-06,48408839,1362.200000
2025-05-07,48408839,1363.000000
2025-05-08,48408839,1368.500000
2025-05-09,48408839,1364.300000
2025-05-12,48408839,1370.600000
2025-05-13,48408839,1370.600000
2025-05-14,48408839,1369.800000
2025-05-15,48408839,1366.300000
2025-05-16,48408839,1367.700000
2025-05-19,48408839,1370.800000
2025-05-20,48408839,1376.100000
2025-05-21,48408839,1376.400000
2025-05-22,48408839,1371.000000
2025-05-23,48408839,1368.500000
2025-05-26,48408839,1367.500000
2025-05-27,48408839,1364.800000
2025-05-28,48408839,1365.500000
2025-05-29,48408839,1373.200000
2025-05-30,48408839,1370.400000
2025-06-03,48408839,1373.500000
2025-06-04,48408839,1378.700000
2025-06-05,48408839,1381.700000
2025-06-06,48408839,1383.500000
2025-06-09,48408839,1388.200000
2025-06-10,48408839,1385.200000
2025-06-11,48408839,1389.700000
2025-06-12,48408839,1390.000000
2025-06-13,48408839,1383.900000
2025-06-16,48408839,1388.000000
2025-06-17,48408839,1387.600000
2025-06-18,48408839,1387.000000
2025-06-19,48408839,1381.100000
2025-06-20,48408839,1380.400000
2025-06-23,48408839,1385.100000
2025-06-24,48408839,1393.600000
2025-06-25,48408839,1401.200000
2025-06-26,48408839,1399.800000
2025-06-27,48408839,1403.500000
2025-06-30,48408839,1409.600000
2025-07-01,48408839,1413.000000
2025-07-02,48408839,1408.400000
2025-07-03,48408839,1413.900000
2025-07-04,48408839,1412.500000
2025-07-07,48408839,1411.600000
2025-07-08,48408839,1419.800000
2025-07-09,48408839,1417.200000
2025-07-10,48408839,1421.800000
2025-07-11,48408839,1423.200000
2025-07-14,48408839,1422.800000
2025-07-15,48408839,1418.400000
2025-07-16,48408839,1423.100000
2025-07-17,48408839,1431.800000
2025-07-18,48408839,1434.900000
2025-07-21,48408839,1443.800000
2025-07-22,48408839,1448.400000
2025-07-23,48408839,1447.500000
2025-07-24,48408839,1456.600000
2025-07-25,48408839,1457.700000
2025-07-28,48408839,1452.800000
2025-07-29,48408839,1455.300000
2025-07-30,48408839,1454.600000
2025-07-31,48408839,1444.300000
2025-08-01,48408839,1448.100000
2025-08-04,48408839,1457.900000
2025-08-05,48408839,1466.100000
2025-08-06,48408839,1472.400000
2025-08-07,48408839,1471.500000
2025-08-08,48408839,1473.100000
2025-08-11,48408839,1481.600000
2025-08-12,48408839,1480.800000
2025-08-13,48408839,1487.600000
2025-08-14,48408839,1482.100000
2025-08-15,48408839,1491.900000
2025-08-18,48408839,1503.100000
2025-08-19,48408839,1506.900000
2025-08-20,48408839,1510.200000
2025-08-21,48408839,1514.200000
2025-08-22,48408839,1521.900000
2025-08-25,48408839,1528.100000
2025-08-26,48408839,1529.200000
2025-08-27,48408839,1500.500000
2025-08-28,48408839,1501.900000
2025-08-29,48408839,1497.300000
2025-09-01,48408839,1494.600000
2025-09-02,48408839,1484.200000
2025-09-03,48408839,1483.600000
2025-09-04,48408839,1479.000000
2025-09-05,48408839,1504.000000
2025-09-08,48408839,1514.800000
2025-09-09,48408839,1505.100000
2025-09-10,48408839,1499.000000
2025-09-11,48408839,1513.800000
2025-09-12,48408839,1514.800000
2025-09-15,48408839,1509.700000
2025-09-16,48408839,1511.100000
2025-09-17,48408839,1518.200000
2025-09-18,48408839,1509.600000
2025-09-19,48408839,1504.400000
2025-09-22,48408839,1501.100000
2025-09-23,48408839,1498.800000
2025-09-24,48408839,1512.900000
2025-09-25,48408839,1515.600000
2025-09-26,48408839,1511.400000
2025-09-29,48408839,1521.900000
2025-09-30,48408839,1528.700000
2025-10-09,48408839,1533.700000
2025-10-10,48408839,1528.500000
2025-10-13,48408839,1521.500000
2025-10-14,48408839,1511.500000
2025-10-15,48408839,1517.400000
2025-10-16,48408839,1509.100000
2025-10-17,48408839,1498.500000
2025-10-20,48408839,1502.300000
2025-10-21,48408839,1514.000000
2025-10-22,48408839,1509.900000
2025-10-23,48408839,1510.800000
2025-10-24,48408839,1518.700000
2025-10-27,48408839,1526.900000
2025-10-28,48408839,1524.800000
2025-10-29,48408839,1531.100000
2025-10-30,48408839,1522.700000
2025-10-31,48408839,1525.700000
2025-11-03,48408839,1527.300000
2025-11-04,48408839,1519.400000
2025-11-05,48408839,1526.100000
2025-11-06,48408839,1531.600000
2025-11-07,48408839,1532.000000
2025-11-10,48408839,1539.500000
2025-11-11,48408839,1539.300000
2025-11-12,48408839,1536.700000
2025-11-13,48408839,1546.500000
2025-11-14,48408839,1540.600000
2025-11-17,48408839,1537.500000
2025-11-18,48408839,1531.700000
2025-11-19,48408839,1532.200000
2025-11-20,48408839,1530.700000
2025-11-21,48408839,1516.800000
2025-11-24,48408839,1521.000000
2025-11-25,48408839,1524.600000
2025-11-26,48408839,1520.200000
2025-11-27,48408839,1517.300000
2025-11-28,48408839,1523.600000
2025-12-01,48408839,1525.100000
2025-12-02,48408839,1520.200000
2025-12-03,48408839,1517.700000
2025-12-04,48408839,1514.400000
2025-12-05,48408839,1523.800000
2025-12-08,48408839,1527.400000
2025-12-09,48408839,1521.100000
2025-12-10,48408839,1524.500000
2025-12-11,48408839,1519.300000
2025-12-12,48408839,1522.900000
2025-12-15,48408839,1520.500000
2025-12-16,48408839,1512.800000
2025-12-17,48408839,1524.300000
2025-12-18,48408839,1527.000000
2025-12-19,48408839,1532.900000
2025-12-22,48408839,1539.600000
2025-12-23,48408839,1537.500000
2025-12-24,48408839,1545.500000
2025-12-25,48408839,1552.000000
2025-12-26,48408839,1552.000000
2025-12-29,48408839,1547.000000
2025-12-30,48408839,1546.700000
2025-12-31,48408839,1547.400000
2026-01-05,48408839,1562.500000
2026-01-06,48408839,1576.200000
2026-01-07,48408839,1580.100000
2026-01-08,48408839,1584.100000
2026-01-09,48408839,1592.000000
2026-01-12,48408839,1605.900000
2026-01-13,48408839,1595.300000
2026-01-14,48408839,1597.100000
2026-01-15,48408839,1599.900000
2026-01-16,48408839,1604.300000
2026-01-19,48408839,1610.100000
2026-01-20,48408839,1604.200000
2026-01-21,48408839,1614.200000
2026-01-22,48408839,1624.500000
2026-01-23,48408839,1634.700000
2026-01-26,48408839,1621.800000
2026-01-27,48408839,1622.100000
2026-01-28,48408839,1632.100000
2026-01-29,48408839,1629.900000
2026-01-30,48408839,1617.500000
2026-02-02,48408839,1592.000000
2026-02-03,48408839,1619.100000
2026-02-04,48408839,1620.700000
2026-02-05,48408839,1612.200000
2026-02-06,48408839,1621.400000
2026-02-09,48408839,1635.100000
2026-02-10,48408839,1635.000000
2026-02-11,48408839,1635.600000
2026-02-12,48408839,1638.400000
2026-02-13,48408839,1632.200000
2026-02-24,48408839,1644.100000
2026-02-25,48408839,1646.900000
2026-02-26,48408839,1641.100000
2026-02-27,48408839,1641.600000
2026-03-02,48408839,1639.500000
2026-03-03,48408839,1623.900000
2026-03-04,48408839,1620.400000
2026-03-05,48408839,1622.600000
2026-03-06,48408839,1629.200000
2026-03-09,48408839,1625.200000
2026-03-10,48408839,1635.700000
2026-03-11,48408839,1636.700000
2026-03-12,48408839,1626.100000
2026-03-13,48408839,1617.700000
2026-03-16,48408839,1617.100000
2026-03-17,48408839,1601.400000
2026-03-18,48408839,1611.600000
2026-03-19,48408839,1594.200000
2026-03-20,48408839,1584.800000
2026-03-23,48408839,1566.300000
2026-03-24,48408839,1590.400000
2026-03-25,48408839,1601.500000
2026-03-26,48408839,1588.000000
2026-03-27,48408839,1594.300000
2026-03-30,48408839,1586.500000
2026-03-31,48408839,1573.500000
2026-04-01,48408839,1597.000000
2026-04-02,48408839,1584.100000
2026-04-03,48408839,1582.800000
2026-04-07,48408839,1588.600000
2026-04-08,48408839,1618.600000
2026-04-09,48408839,1613.000000
2026-04-10,48408839,1613.100000
2026-04-13,48408839,1608.100000
2026-04-14,48408839,1617.800000
2026-04-15,48408839,1618.000000
2026-04-16,48408839,1632.200000
2026-04-17,48408839,1634.000000
2026-04-20,48408839,1637.500000
2026-04-21,48408839,1634.200000
2026-04-22,48408839,1640.500000
2026-04-23,48408839,1633.900000
2026-04-24,48408839,1630.700000
2026-04-27,48408839,1635.000000
2026-04-28,48408839,1626.100000
2026-04-29,48408839,1634.300000
2026-04-30,48408839,1632.100000
2026-05-06,48408839,1643.800000
2026-05-07,48408839,1648.300000
2026-05-08,48408839,1652.800000
2026-05-11,48408839,1660.000000
2026-05-12,48408839,1648.100000
2026-05-13,48408839,1649.900000
2026-05-14,48408839,1635.000000
2026-05-15,48408839,1627.000000
2026-05-18,48408839,1623.400000
2026-05-19,48408839,1636.600000
2026-05-20,48408839,1630.700000
2026-05-21,48408839,1617.200000
2026-05-22,48408839,1622.700000
2026-05-25,48408839,1622.800000
2026-05-26,48408839,1613.700000
2026-05-27,48408839,1602.000000
2026-05-28,48408839,1607.000000
2026-05-29,48408839,1597.700000
2026-06-01,48408839,1606.100000
2026-06-02,48408839,1609.500000
2026-06-03,48408839,1605.500000
2026-06-04,48408839,1596.600000
2026-06-05,48408839,1593.900000
2026-06-08,48408839,1580.200000
2026-06-09,48408839,1590.100000
2026-06-10,48408839,1574.800000
2026-06-11,48408839,1575.200000
2026-06-12,48408839,1585.500000
2026-06-15,48408839,1601.000000
2026-06-16,48408839,1604.900000
2026-06-17,48408839,1600.700000
2026-06-18,48408839,1593.300000
2026-06-22,48408839,1595.800000
2026-06-23,48408839,1586.200000
2026-06-24,48408839,1584.800000
2026-06-25,48408839,1575.700000
2026-06-26,48408839,1564.400000
2026-06-29,48408839,1567.100000
2026-06-30,48408839,1577.900000
2026-07-01,48408839,1584.500000
2026-07-02,48408839,1583.400000
2026-07-03,48408839,1593.300000
2026-07-06,48408839,1593.200000
2020-01-02,48585505,1000.000000
2020-01-03,48585505,1006.000000
2020-01-06,48585505,1005.800000
2020-01-07,48585505,1004.000000
2020-01-08,48585505,1004.300000
2020-01-09,48585505,1004.400000
2020-01-10,48585505,1009.200000
2020-01-13,48585505,1005.100000
2020-01-14,48585505,1007.700000
2020-01-15,48585505,1007.800000
2020-01-16,48585505,1003.900000
2020-01-17,48585505,1002.600000
2020-01-20,48585505,1001.400000
2020-01-21,48585505,1003.000000
2020-01-22,48585505,1008.000000
2020-01-23,48585505,1010.100000
2020-02-03,48585505,1015.600000
2020-02-04,48585505,1015.800000
2020-02-05,48585505,1016.600000
2020-02-06,48585505,1019.800000
2020-02-07,48585505,1019.400000
2020-02-10,48585505,1019.700000
2020-02-11,48585505,1016.700000
2020-02-12,48585505,1018.300000
2020-02-13,48585505,1018.400000
2020-02-14,48585505,1017.700000
2020-02-17,48585505,1018.200000
2020-02-18,48585505,1021.400000
2020-02-19,48585505,1021.000000
2020-02-20,48585505,1023.500000
2020-02-21,48585505,1026.700000
2020-02-24,48585505,1031.300000
2020-02-25,48585505,1028.900000
2020-02-26,48585505,1027.000000
2020-02-27,48585505,1027.000000
2020-02-28,48585505,1031.000000
2020-03-02,48585505,1032.100000
2020-03-03,48585505,1031.500000
2020-03-04,48585505,1031.200000
2020-03-05,48585505,1033.000000
2020-03-06,48585505,1034.800000
2020-03-09,48585505,1042.200000
2020-03-10,48585505,1054.200000
2020-03-11,48585505,1056.600000
2020-03-12,48585505,1068.100000
2020-03-13,48585505,1081.300000
2020-03-16,48585505,1083.900000
2020-03-17,48585505,1088.700000
2020-03-18,48585505,1094.700000
2020-03-19,48585505,1095.000000
2020-03-20,48585505,1090.500000
2020-03-23,48585505,1085.500000
2020-03-24,48585505,1086.100000
2020-03-25,48585505,1089.000000
2020-03-26,48585505,1089.700000
2020-03-27,48585505,1089.200000
2020-03-30,48585505,1095.100000
2020-03-31,48585505,1094.400000
2020-04-01,48585505,1098.000000
2020-04-02,48585505,1099.100000
2020-04-03,48585505,1100.000000
2020-04-07,48585505,1091.000000
2020-04-08,48585505,1089.100000
2020-04-09,48585505,1088.300000
2020-04-10,48585505,1087.400000
2020-04-13,48585505,1095.200000
2020-04-14,48585505,1099.900000
2020-04-15,48585505,1098.700000
2020-04-16,48585505,1101.800000
2020-04-17,48585505,1105.400000
2020-04-20,48585505,1114.900000
2020-04-21,48585505,1120.800000
2020-04-22,48585505,1130.200000
2020-04-23,48585505,1127.700000
2020-04-24,48585505,1128.900000
2020-04-27,48585505,1134.900000
2020-04-28,48585505,1129.300000
2020-04-29,48585505,1121.900000
2020-04-30,48585505,1119.900000
2020-05-06,48585505,1120.600000
2020-05-07,48585505,1120.400000
2020-05-08,48585505,1121.300000
2020-05-11,48585505,1122.100000
2020-05-12,48585505,1125.300000
2020-05-13,48585505,1128.100000
2020-05-14,48585505,1128.500000
2020-05-15,48585505,1125.800000
2020-05-18,48585505,1134.600000
2020-05-19,48585505,1136.000000
2020-05-20,48585505,1135.100000
2020-05-21,48585505,1132.900000
2020-05-22,48585505,1134.200000
2020-05-25,48585505,1136.900000
2020-05-26,48585505,1132.100000
2020-05-27,48585505,1127.500000
2020-05-28,48585505,1128.400000
2020-05-29,48585505,1132.900000
2020-06-01,48585505,1141.400000
2020-06-02,48585505,1143.300000
2020-06-03,48585505,1141.800000
2020-06-04,48585505,1139.800000
2020-06-05,48585505,1135.500000
2020-06-08,48585505,1143.200000
2020-06-09,48585505,1143.000000
2020-06-10,48585505,1144.600000
2020-06-11,48585505,1142.000000
2020-06-12,48585505,1140.200000
2020-06-15,48585505,1141.800000
2020-06-16,48585505,1143.100000
2020-06-17,48585505,1144.800000
2020-06-18,48585505,1145.200000
2020-06-19,48585505,1143.400000
2020-06-22,48585505,1141.500000
2020-06-23,48585505,1140.800000
2020-06-24,48585505,1141.300000
2020-06-29,48585505,1141.400000
2020-06-30,48585505,1141.100000
2020-07-01,48585505,1143.100000
2020-07-02,48585505,1143.000000
2020-07-03,48585505,1144.800000
2020-07-06,48585505,1155.300000
2020-07-07,48585505,1158.300000
2020-07-08,48585505,1162.200000
2020-07-09,48585505,1167.300000
2020-07-10,48585505,1167.100000
2020-07-13,48585505,1176.700000
2020-07-14,48585505,1177.800000
2020-07-15,48585505,1173.200000
2020-07-16,48585505,1167.800000
2020-07-17,48585505,1170.600000
2020-07-20,48585505,1180.500000
2020-07-21,48585505,1182.200000
2020-07-22,48585505,1189.500000
2020-07-23,48585505,1192.100000
2020-07-24,48585505,1192.900000
2020-07-27,48585505,1196.800000
2020-07-28,48585505,1195.100000
2020-07-29,48585505,1197.600000
2020-07-30,48585505,1198.500000
2020-07-31,48585505,1200.200000
2020-08-03,48585505,1212.200000
2020-08-04,48585505,1223.500000
2020-08-05,48585505,1224.600000
2020-08-06,48585505,1230.800000
2020-08-07,48585505,1234.500000
2020-08-10,48585505,1227.500000
2020-08-11,48585505,1233.200000
2020-08-12,48585505,1226.500000
2020-08-13,48585505,1224.900000
2020-08-14,48585505,1224.400000
2020-08-17,48585505,1224.900000
2020-08-18,48585505,1227.300000
2020-08-19,48585505,1228.400000
2020-08-20,48585505,1224.200000
2020-08-21,48585505,1218.200000
2020-08-24,48585505,1213.300000
2020-08-25,48585505,1206.400000
2020-08-26,48585505,1202.400000
2020-08-27,48585505,1205.600000
2020-08-28,48585505,1210.900000
2020-08-31,48585505,1218.700000
2020-09-01,48585505,1219.400000
2020-09-02,48585505,1219.000000
2020-09-03,48585505,1223.700000
2020-09-04,48585505,1213.800000
2020-09-07,48585505,1214.500000
2020-09-08,48585505,1213.200000
2020-09-09,48585505,1214.700000
2020-09-10,48585505,1212.000000
2020-09-11,48585505,1211.100000
2020-09-14,48585505,1213.600000
2020-09-15,48585505,1211.400000
2020-09-16,48585505,1208.200000
2020-09-17,48585505,1207.000000
2020-09-18,48585505,1209.900000
2020-09-21,48585505,1212.600000
2020-09-22,48585505,1213.100000
2020-09-23,48585505,1211.400000
2020-09-24,48585505,1208.400000
2020-09-25,48585505,1205.400000
2020-09-28,48585505,1208.200000
2020-09-29,48585505,1207.100000
2020-09-30,48585505,1206.200000
2020-10-09,48585505,1201.500000
2020-10-12,48585505,1208.300000
2020-10-13,48585505,1209.400000
2020-10-14,48585505,1208.000000
2020-10-15,48585505,1204.500000
2020-10-16,48585505,1202.600000
2020-10-19,48585505,1204.500000
2020-10-20,48585505,1203.300000
2020-10-21,48585505,1200.100000
2020-10-22,48585505,1201.400000
2020-10-23,48585505,1199.700000
2020-10-26,48585505,1201.800000
2020-10-27,48585505,1208.800000
2020-10-28,48585505,1212.200000
2020-10-29,48585505,1214.300000
2020-10-30,48585505,1219.800000
2020-11-02,48585505,1222.100000
2020-11-03,48585505,1218.100000
2020-11-04,48585505,1220.800000
2020-11-05,48585505,1222.000000
2020-11-06,48585505,1230.100000
2020-11-09,48585505,1235.900000
2020-11-10,48585505,1228.800000
2020-11-11,48585505,1225.400000
2020-11-12,48585505,1222.700000
2020-11-13,48585505,1222.400000
2020-11-16,48585505,1228.000000
2020-11-17,48585505,1228.800000
2020-11-18,48585505,1232.300000
2020-11-19,48585505,1236.900000
2020-11-20,48585505,1236.100000
2020-11-23,48585505,1234.400000
2020-11-24,48585505,1231.500000
2020-11-25,48585505,1232.400000
2020-11-26,48585505,1234.900000
2020-11-27,48585505,1239.400000
2020-11-30,48585505,1243.600000
2020-12-01,48585505,1245.800000
2020-12-02,48585505,1250.700000
2020-12-03,48585505,1252.100000
2020-12-04,48585505,1253.600000
2020-12-07,48585505,1262.100000
2020-12-08,48585505,1261.600000
2020-12-09,48585505,1264.100000
2020-12-10,48585505,1273.600000
2020-12-11,48585505,1281.000000
2020-12-14,48585505,1274.300000
2020-12-15,48585505,1271.300000
2020-12-16,48585505,1272.500000
2020-12-17,48585505,1272.300000
2020-12-18,48585505,1282.100000
2020-12-21,48585505,1298.700000
2020-12-22,48585505,1296.500000
2020-12-23,48585505,1290.400000
2020-12-24,48585505,1291.600000
2020-12-25,48585505,1293.200000
2020-12-28,48585505,1296.700000
2020-12-29,48585505,1293.200000
2020-12-30,48585505,1293.500000
2020-12-31,48585505,1299.200000
2021-01-04,48585505,1306.300000
2021-01-05,48585505,1311.300000
2021-01-06,48585505,1312.000000
2021-01-07,48585505,1312.800000
2021-01-08,48585505,1317.200000
2021-01-11,48585505,1310.500000
2021-01-12,48585505,1310.400000
2021-01-13,48585505,1308.200000
2021-01-14,48585505,1301.400000
2021-01-15,48585505,1300.500000
2021-01-18,48585505,1300.700000
2021-01-19,48585505,1292.500000
2021-01-20,48585505,1292.400000
2021-01-21,48585505,1292.900000
2021-01-22,48585505,1292.300000
2021-01-25,48585505,1288.700000
2021-01-26,48585505,1287.000000
2021-01-27,48585505,1286.400000
2021-01-28,48585505,1284.600000
2021-01-29,48585505,1283.000000
2021-02-01,48585505,1282.100000
2021-02-02,48585505,1283.200000
2021-02-03,48585505,1283.900000
2021-02-04,48585505,1279.500000
2021-02-05,48585505,1277.700000
2021-02-08,48585505,1280.300000
2021-02-09,48585505,1282.300000
2021-02-10,48585505,1285.500000
2021-02-18,48585505,1301.200000
2021-02-19,48585505,1303.800000
2021-02-22,48585505,1313.600000
2021-02-23,48585505,1313.800000
2021-02-24,48585505,1312.400000
2021-02-25,48585505,1320.400000
2021-02-26,48585505,1318.300000
2021-03-01,48585505,1320.400000
2021-03-02,48585505,1316.500000
2021-03-03,48585505,1320.300000
2021-03-04,48585505,1325.200000
2021-03-05,48585505,1323.300000
2021-03-08,48585505,1334.200000
2021-03-09,48585505,1332.000000
2021-03-10,48585505,1327.400000
2021-03-11,48585505,1320.800000
2021-03-12,48585505,1320.300000
2021-03-15,48585505,1321.400000
2021-03-16,48585505,1324.200000
2021-03-17,48585505,1319.800000
2021-03-18,48585505,1320.000000
2021-03-19,48585505,1318.300000
2021-03-22,48585505,1320.800000
2021-03-23,48585505,1321.900000
2021-03-24,48585505,1323.200000
2021-03-25,48585505,1325.600000
2021-03-26,48585505,1323.600000
2021-03-29,48585505,1324.700000
2021-03-30,48585505,1325.500000
2021-03-31,48585505,1327.700000
2021-04-01,48585505,1327.900000
2021-04-02,48585505,1326.700000
2021-04-06,48585505,1328.400000
2021-04-07,48585505,1325.100000
2021-04-08,48585505,1323.700000
2021-04-09,48585505,1323.500000
2021-04-12,48585505,1316.600000
2021-04-13,48585505,1322.600000
2021-04-14,48585505,1322.000000
2021-04-15,48585505,1317.600000
2021-04-16,48585505,1317.100000
2021-04-19,48585505,1323.600000
2021-04-20,48585505,1324.400000
2021-04-21,48585505,1326.200000
2021-04-22,48585505,1330.100000
2021-04-23,48585505,1334.100000
2021-04-26,48585505,1336.200000
2021-04-27,48585505,1337.400000
2021-04-28,48585505,1336.000000
2021-04-29,48585505,1341.100000
2021-04-30,48585505,1337.800000
2021-05-06,48585505,1359.800000
2021-05-07,48585505,1371.600000
2021-05-10,48585505,1386.300000
2021-05-11,48585505,1388.200000
2021-05-12,48585505,1398.900000
2021-05-13,48585505,1392.100000
2021-05-14,48585505,1375.000000
2021-05-17,48585505,1376.900000
2021-05-18,48585505,1379.700000
2021-05-19,48585505,1373.900000
2021-05-20,48585505,1361.000000
2021-05-21,48585505,1354.700000
2021-05-24,48585505,1351.000000
2021-05-25,48585505,1352.700000
2021-05-26,48585505,1354.000000
2021-05-27,48585505,1353.400000
2021-05-28,48585505,1351.400000
2021-05-31,48585505,1354.600000
2021-06-01,48585505,1355.400000
2021-06-02,48585505,1356.200000
2021-06-03,48585505,1358.000000
2021-06-04,48585505,1349.100000
2021-06-07,48585505,1346.600000
2021-06-08,48585505,1344.900000
2021-06-09,48585505,1346.300000
2021-06-10,48585505,1345.700000
2021-06-11,48585505,1348.200000
2021-06-15,48585505,1338.800000
2021-06-16,48585505,1333.700000
2021-06-17,48585505,1333.600000
2021-06-18,48585505,1342.000000
2021-06-21,48585505,1337.100000
2021-06-22,48585505,1332.700000
2021-06-23,48585505,1334.800000
2021-06-24,48585505,1338.200000
2021-06-25,48585505,1343.000000
2021-06-28,48585505,1338.400000
2021-06-29,48585505,1332.300000
2021-06-30,48585505,1331.500000
2021-07-01,48585505,1326.800000
2021-07-02,48585505,1326.400000
2021-07-05,48585505,1327.500000
2021-07-06,48585505,1332.900000
2021-07-07,48585505,1320.700000
2021-07-08,48585505,1320.800000
2021-07-09,48585505,1320.300000
2021-07-12,48585505,1328.100000
2021-07-13,48585505,1329.700000
2021-07-14,48585505,1331.700000
2021-07-15,48585505,1332.800000
2021-07-16,48585505,1338.100000
2021-07-19,48585505,1341.600000
2021-07-20,48585505,1334.300000
2021-07-21,48585505,1338.800000
2021-07-22,48585505,1332.700000
2021-07-23,48585505,1332.300000
2021-07-26,48585505,1333.200000
2021-07-27,48585505,1338.600000
2021-07-28,48585505,1335.400000
2021-07-29,48585505,1335.100000
2021-07-30,48585505,1338.600000
2021-08-02,48585505,1323.400000
2021-08-03,48585505,1312.300000
2021-08-04,48585505,1310.500000
2021-08-05,48585505,1312.900000
2021-08-06,48585505,1314.000000
2021-08-09,48585505,1317.800000
2021-08-10,48585505,1316.800000
2021-08-11,48585505,1321.300000
2021-08-12,48585505,1323.800000
2021-08-13,48585505,1322.000000
2021-08-16,48585505,1324.100000
2021-08-17,48585505,1322.300000
2021-08-18,48585505,1318.100000
2021-08-19,48585505,1317.900000
2021-08-20,48585505,1317.800000
2021-08-23,48585505,1319.700000
2021-08-24,48585505,1320.900000
2021-08-25,48585505,1323.000000
2021-08-26,48585505,1323.800000
2021-08-27,48585505,1319.600000
2021-08-30,48585505,1323.100000
2021-08-31,48585505,1324.200000
2021-09-01,48585505,1322.200000
2021-09-02,48585505,1324.800000
2021-09-03,48585505,1321.000000
2021-09-06,48585505,1326.800000
2021-09-07,48585505,1335.400000
2021-09-08,48585505,1338.900000
2021-09-09,48585505,1350.500000
2021-09-10,48585505,1350.100000
2021-09-13,48585505,1349.400000
2021-09-14,48585505,1340.400000
2021-09-15,48585505,1341.000000
2021-09-16,48585505,1355.000000
2021-09-17,48585505,1350.000000
2021-09-22,48585505,1356.600000
2021-09-23,48585505,1369.500000
2021-09-24,48585505,1369.200000
2021-09-27,48585505,1371.500000
2021-09-28,48585505,1375.500000
2021-09-29,48585505,1379.000000
2021-09-30,48585505,1382.300000
2021-10-08,48585505,1395.800000
2021-10-11,48585505,1405.100000
2021-10-12,48585505,1405.900000
2021-10-13,48585505,1402.800000
2021-10-14,48585505,1396.300000
2021-10-15,48585505,1403.700000
2021-10-18,48585505,1414.300000
2021-10-19,48585505,1419.200000
2021-10-20,48585505,1406.300000
2021-10-21,48585505,1406.300000
2021-10-22,48585505,1396.700000
2021-10-25,48585505,1397.500000
2021-10-26,48585505,1400.400000
2021-10-27,48585505,1395.200000
2021-10-28,48585505,1388.100000
2021-10-29,48585505,1386.100000
2021-11-01,48585505,1387.700000
2021-11-02,48585505,1392.600000
2021-11-03,48585505,1394.900000
2021-11-04,48585505,1395.800000
2021-11-05,48585505,1393.500000
2021-11-08,48585505,1388.100000
2021-11-09,48585505,1387.700000
2021-11-10,48585505,1392.200000
2021-11-11,48585505,1386.200000
2021-11-12,48585505,1385.500000
2021-11-15,48585505,1386.000000
2021-11-16,48585505,1384.200000
2021-11-17,48585505,1387.000000
2021-11-18,48585505,1386.200000
2021-11-19,48585505,1384.700000
2021-11-22,48585505,1384.400000
2021-11-23,48585505,1379.700000
2021-11-24,48585505,1376.600000
2021-11-25,48585505,1378.800000
2021-11-26,48585505,1373.700000
2021-11-29,48585505,1372.100000
2021-11-30,48585505,1369.300000
2021-12-01,48585505,1368.700000
2021-12-02,48585505,1367.200000
2021-12-03,48585505,1370.300000
2021-12-06,48585505,1367.400000
2021-12-07,48585505,1362.400000
2021-12-08,48585505,1363.400000
2021-12-09,48585505,1367.200000
2021-12-10,48585505,1366.800000
2021-12-13,48585505,1364.500000
2021-12-14,48585505,1363.900000
2021-12-15,48585505,1363.200000
2021-12-16,48585505,1363.800000
2021-12-17,48585505,1358.000000
2021-12-20,48585505,1351.900000
2021-12-21,48585505,1353.000000
2021-12-22,48585505,1353.500000
2021-12-23,48585505,1357.100000
2021-12-24,48585505,1357.000000
2021-12-27,48585505,1354.600000
2021-12-28,48585505,1356.900000
2021-12-29,48585505,1356.600000
2021-12-30,48585505,1360.500000
2021-12-31,48585505,1363.300000
2022-01-04,48585505,1363.600000
2022-01-05,48585505,1363.900000
2022-01-06,48585505,1362.400000
2022-01-07,48585505,1364.900000
2022-01-10,48585505,1366.500000
2022-01-11,48585505,1366.100000
2022-01-12,48585505,1372.800000
2022-01-13,48585505,1377.600000
2022-01-14,48585505,1374.800000
2022-01-17,48585505,1370.200000
2022-01-18,48585505,1370.200000
2022-01-19,48585505,1381.100000
2022-01-20,48585505,1384.800000
2022-01-21,48585505,1386.400000
2022-01-24,48585505,1388.600000
2022-01-25,48585505,1376.800000
2022-01-26,48585505,1381.900000
2022-01-27,48585505,1390.600000
2022-01-28,48585505,1399.200000
2022-02-07,48585505,1418.100000
2022-02-08,48585505,1416.700000
2022-02-09,48585505,1406.700000
2022-02-10,48585505,1410.300000
2022-02-11,48585505,1410.000000
2022-02-14,48585505,1406.000000
2022-02-15,48585505,1402.900000
2022-02-16,48585505,1401.500000
2022-02-17,48585505,1401.600000
2022-02-18,48585505,1404.000000
2022-02-21,48585505,1407.200000
2022-02-22,48585505,1410.400000
2022-02-23,48585505,1411.200000
2022-02-24,48585505,1418.700000
2022-02-25,48585505,1420.800000
2022-02-28,48585505,1408.700000
2022-03-01,48585505,1420.500000
2022-03-02,48585505,1430.100000
2022-03-03,48585505,1439.500000
2022-03-04,48585505,1438.800000
2022-03-07,48585505,1460.100000
2022-03-08,48585505,1469.300000
2022-03-09,48585505,1482.700000
2022-03-10,48585505,1471.200000
2022-03-11,48585505,1466.300000
2022-03-14,48585505,1455.600000
2022-03-15,48585505,1449.800000
2022-03-16,48585505,1453.000000
2022-03-17,48585505,1454.200000
2022-03-18,48585505,1454.000000
2022-03-21,48585505,1455.400000
2022-03-22,48585505,1455.800000
2022-03-23,48585505,1456.200000
2022-03-24,48585505,1459.800000
2022-03-25,48585505,1456.900000
2022-03-28,48585505,1455.700000
2022-03-29,48585505,1453.800000
2022-03-30,48585505,1452.300000
2022-03-31,48585505,1453.300000
2022-04-01,48585505,1452.400000
2022-04-06,48585505,1454.100000
2022-04-07,48585505,1448.500000
2022-04-08,48585505,1445.800000
2022-04-11,48585505,1441.900000
2022-04-12,48585505,1443.400000
2022-04-13,48585505,1447.400000
2022-04-14,48585505,1450.000000
2022-04-15,48585505,1452.600000
2022-04-18,48585505,1454.400000
2022-04-19,48585505,1454.300000
2022-04-20,48585505,1449.600000
2022-04-21,48585505,1448.700000
2022-04-22,48585505,1448.100000
2022-04-25,48585505,1437.900000
2022-04-26,48585505,1433.900000
2022-04-27,48585505,1443.900000
2022-04-28,48585505,1447.800000
2022-04-29,48585505,1452.600000
2022-05-05,48585505,1449.300000
2022-05-06,48585505,1443.700000
2022-05-09,48585505,1443.700000
2022-05-10,48585505,1439.200000
2022-05-11,48585505,1436.300000
2022-05-12,48585505,1441.700000
2022-05-13,48585505,1445.400000
2022-05-16,48585505,1444.100000
2022-05-17,48585505,1442.600000
2022-05-18,48585505,1443.400000
2022-05-19,48585505,1442.700000
2022-05-20,48585505,1442.500000
2022-05-23,48585505,1446.000000
2022-05-24,48585505,1443.300000
2022-05-25,48585505,1448.800000
2022-05-26,48585505,1447.900000
2022-05-27,48585505,1454.100000
2022-05-30,48585505,1455.200000
2022-05-31,48585505,1455.800000
2022-06-01,48585505,1453.200000
2022-06-02,48585505,1455.500000
2022-06-06,48585505,1463.100000
2022-06-07,48585505,1463.600000
2022-06-08,48585505,1469.900000
2022-06-09,48585505,1469.500000
2022-06-10,48585505,1469.400000
2022-06-13,48585505,1454.400000
2022-06-14,48585505,1449.100000
2022-06-15,48585505,1447.400000
2022-06-16,48585505,1435.000000
2022-06-17,48585505,1431.300000
2022-06-20,48585505,1427.200000
2022-06-21,48585505,1426.300000
2022-06-22,48585505,1424.700000
2022-06-23,48585505,1423.800000
2022-06-24,48585505,1425.500000
2022-06-27,48585505,1427.400000
2022-06-28,48585505,1426.600000
2022-06-29,48585505,1421.700000
2022-06-30,48585505,1424.100000
2022-07-01,48585505,1427.400000
2022-07-04,48585505,1436.500000
2022-07-05,48585505,1436.200000
2022-07-06,48585505,1442.100000
2022-07-07,48585505,1437.800000
2022-07-08,48585505,1433.500000
2022-07-11,48585505,1435.700000
2022-07-12,48585505,1439.800000
2022-07-13,48585505,1446.800000
2022-07-14,48585505,1446.600000
2022-07-15,48585505,1452.000000
2022-07-18,48585505,1446.600000
2022-07-19,48585505,1442.400000
2022-07-20,48585505,1444.600000
2022-07-21,48585505,1445.400000
2022-07-22,48585505,1447.200000
2022-07-25,48585505,1441.900000
2022-07-26,48585505,1443.000000
2022-07-27,48585505,1443.900000
2022-07-28,48585505,1439.800000
2022-07-29,48585505,1436.700000
2022-08-01,48585505,1441.400000
2022-08-02,48585505,1434.600000
2022-08-03,48585505,1433.100000
2022-08-04,48585505,1431.100000
2022-08-05,48585505,1431.500000
2022-08-08,48585505,1431.800000
2022-08-09,48585505,1432.400000
2022-08-10,48585505,1433.000000
2022-08-11,48585505,1436.400000
2022-08-12,48585505,1437.200000
2022-08-15,48585505,1435.400000
2022-08-16,48585505,1433.600000
2022-08-17,48585505,1434.100000
2022-08-18,48585505,1433.900000
2022-08-19,48585505,1433.400000
2022-08-22,48585505,1430.800000
2022-08-23,48585505,1432.700000
2022-08-24,48585505,1430.500000
2022-08-25,48585505,1430.900000
2022-08-26,48585505,1429.400000
2022-08-29,48585505,1423.400000
2022-08-30,48585505,1422.000000
2022-08-31,48585505,1415.200000
2022-09-01,48585505,1412.000000
2022-09-02,48585505,1412.600000
2022-09-05,48585505,1411.200000
2022-09-06,48585505,1413.900000
2022-09-07,48585505,1412.300000
2022-09-08,48585505,1408.600000
2022-09-09,48585505,1409.200000
2022-09-13,48585505,1419.900000
2022-09-14,48585505,1412.400000
2022-09-15,48585505,1407.100000
2022-09-16,48585505,1402.500000
2022-09-19,48585505,1403.600000
2022-09-20,48585505,1404.500000
2022-09-21,48585505,1405.600000
2022-09-22,48585505,1405.800000
2022-09-23,48585505,1403.100000
2022-09-26,48585505,1394.000000
2022-09-27,48585505,1397.300000
2022-09-28,48585505,1396.700000
2022-09-29,48585505,1398.100000
2022-09-30,48585505,1397.200000
2022-10-10,48585505,1396.600000
2022-10-11,48585505,1391.200000
2022-10-12,48585505,1389.100000
2022-10-13,48585505,1391.400000
2022-10-14,48585505,1394.800000
2022-10-17,48585505,1392.900000
2022-10-18,48585505,1391.500000
2022-10-19,48585505,1390.400000
2022-10-20,48585505,1391.500000
2022-10-21,48585505,1392.500000
2022-10-24,48585505,1388.100000
2022-10-25,48585505,1391.400000
2022-10-26,48585505,1394.700000
2022-10-27,48585505,1397.100000
2022-10-28,48585505,1395.700000
2022-10-31,48585505,1399.100000
2022-11-01,48585505,1401.100000
2022-11-02,48585505,1400.200000
2022-11-03,48585505,1395.900000
2022-11-04,48585505,1392.400000
2022-11-07,48585505,1395.500000
2022-11-08,48585505,1395.300000
2022-11-09,48585505,1395.700000
2022-11-10,48585505,1397.200000
2022-11-11,48585505,1397.000000
2022-11-14,48585505,1393.200000
2022-11-15,48585505,1392.800000
2022-11-16,48585505,1392.400000
2022-11-17,48585505,1390.000000
2022-11-18,48585505,1391.600000
2022-11-21,48585505,1383.900000
2022-11-22,48585505,1380.800000
2022-11-23,48585505,1376.400000
2022-11-24,48585505,1381.500000
2022-11-25,48585505,1380.800000
2022-11-28,48585505,1379.200000
2022-11-29,48585505,1385.700000
2022-11-30,48585505,1384.500000
2022-12-01,48585505,1389.700000
2022-12-02,48585505,1392.300000
2022-12-05,48585505,1399.600000
2022-12-06,48585505,1395.500000
2022-12-07,48585505,1398.800000
2022-12-08,48585505,1401.800000
2022-12-09,48585505,1411.900000
2022-12-12,48585505,1411.500000
2022-12-13,48585505,1407.400000
2022-12-14,48585505,1407.100000
2022-12-15,48585505,1409.300000
2022-12-16,48585505,1411.800000
2022-12-19,48585505,1399.500000
2022-12-20,48585505,1395.800000
2022-12-21,48585505,1400.600000
2022-12-22,48585505,1402.500000
2022-12-23,48585505,1396.700000
2022-12-26,48585505,1399.100000
2022-12-27,48585505,1401.800000
2022-12-28,48585505,1401.400000
2022-12-29,48585505,1399.000000
2022-12-30,48585505,1404.700000
2023-01-03,48585505,1403.600000
2023-01-04,48585505,1401.700000
2023-01-05,48585505,1396.200000
2023-01-06,48585505,1392.900000
2023-01-09,48585505,1392.500000
2023-01-10,48585505,1388.700000
2023-01-11,48585505,1389.800000
2023-01-12,48585505,1391.600000
2023-01-13,48585505,1398.300000
2023-01-16,48585505,1397.700000
2023-01-17,48585505,1395.800000
2023-01-18,48585505,1401.000000
2023-01-19,48585505,1405.400000
2023-01-20,48585505,1408.800000
2023-01-30,48585505,1413.400000
2023-01-31,48585505,1409.600000
2023-02-01,48585505,1412.600000
2023-02-02,48585505,1408.900000
2023-02-03,48585505,1402.000000
2023-02-06,48585505,1395.100000
2023-02-07,48585505,1392.700000
2023-02-08,48585505,1389.300000
2023-02-09,48585505,1390.600000
2023-02-10,48585505,1388.700000
2023-02-13,48585505,1390.300000
2023-02-14,48585505,1389.000000
2023-02-15,48585505,1386.200000
2023-02-16,48585505,1381.500000
2023-02-17,48585505,1383.300000
2023-02-20,48585505,1383.800000
2023-02-21,48585505,1381.900000
2023-02-22,48585505,1382.700000
2023-02-23,48585505,1380.900000
2023-02-24,48585505,1378.000000
2023-02-27,48585505,1376.200000
2023-02-28,48585505,1373.300000
2023-03-01,48585505,1374.500000
2023-03-02,48585505,1374.600000
2023-03-03,48585505,1378.100000
2023-03-06,48585505,1374.000000
2023-03-07,48585505,1371.100000
2023-03-08,48585505,1373.000000
2023-03-09,48585505,1374.000000
2023-03-10,48585505,1378.700000
2023-03-13,48585505,1380.100000
2023-03-14,48585505,1376.600000
2023-03-15,48585505,1375.300000
2023-03-16,48585505,1378.400000
2023-03-17,48585505,1380.100000
2023-03-20,48585505,1379.500000
2023-03-21,48585505,1381.400000
2023-03-22,48585505,1381.000000
2023-03-23,48585505,1381.700000
2023-03-24,48585505,1383.600000
2023-03-27,48585505,1383.800000
2023-03-28,48585505,1375.500000
2023-03-29,48585505,1373.000000
2023-03-30,48585505,1374.600000
2023-03-31,48585505,1374.900000
2023-04-03,48585505,1372.200000
2023-04-04,48585505,1370.400000
2023-04-06,48585505,1370.800000
2023-04-07,48585505,1373.500000
2023-04-10,48585505,1370.900000
2023-04-11,48585505,1370.600000
2023-04-12,48585505,1371.800000
2023-04-13,48585505,1371.800000
2023-04-14,48585505,1373.200000
2023-04-17,48585505,1370.000000
2023-04-18,48585505,1366.300000
2023-04-19,48585505,1364.600000
2023-04-20,48585505,1361.400000
2023-04-21,48585505,1356.800000
2023-04-24,48585505,1357.900000
2023-04-25,48585505,1357.600000
2023-04-26,48585505,1358.200000
2023-04-27,48585505,1356.800000
2023-04-28,48585505,1362.100000
2023-05-04,48585505,1368.800000
2023-05-05,48585505,1368.900000
2023-05-08,48585505,1357.700000
2023-05-09,48585505,1350.600000
2023-05-10,48585505,1354.200000
2023-05-11,48585505,1359.200000
2023-05-12,48585505,1364.600000
2023-05-15,48585505,1364.000000
2023-05-16,48585505,1361.500000
2023-05-17,48585505,1363.500000
2023-05-18,48585505,1360.300000
2023-05-19,48585505,1363.900000
2023-05-22,48585505,1370.300000
2023-05-23,48585505,1373.600000
2023-05-24,48585505,1377.400000
2023-05-25,48585505,1381.800000
2023-05-26,48585505,1377.200000
2023-05-29,48585505,1370.400000
2023-05-30,48585505,1371.000000
2023-05-31,48585505,1376.400000
2023-06-01,48585505,1371.700000
2023-06-02,48585505,1365.100000
2023-06-05,48585505,1362.700000
2023-06-06,48585505,1361.600000
2023-06-07,48585505,1361.000000
2023-06-08,48585505,1361.600000
2023-06-09,48585505,1361.800000
2023-06-12,48585505,1359.700000
2023-06-13,48585505,1360.300000
2023-06-14,48585505,1359.400000
2023-06-15,48585505,1360.100000
2023-06-16,48585505,1361.600000
2023-06-19,48585505,1359.600000
2023-06-20,48585505,1358.600000
2023-06-21,48585505,1355.800000
2023-06-26,48585505,1350.000000
2023-06-27,48585505,1352.900000
2023-06-28,48585505,1350.800000
2023-06-29,48585505,1352.300000
2023-06-30,48585505,1353.800000
2023-07-03,48585505,1359.000000
2023-07-04,48585505,1361.100000
2023-07-05,48585505,1359.200000
2023-07-06,48585505,1359.700000
2023-07-07,48585505,1357.600000
2023-07-10,48585505,1356.000000
2023-07-11,48585505,1357.800000
2023-07-12,48585505,1357.100000
2023-07-13,48585505,1361.000000
2023-07-14,48585505,1367.100000
2023-07-17,48585505,1359.400000
2023-07-18,48585505,1358.400000
2023-07-19,48585505,1362.800000
2023-07-20,48585505,1367.400000
2023-07-21,48585505,1365.300000
2023-07-24,48585505,1362.500000
2023-07-25,48585505,1366.300000
2023-07-26,48585505,1374.000000
2023-07-27,48585505,1377.000000
2023-07-28,48585505,1375.800000
2023-07-31,48585505,1377.600000
2023-08-01,48585505,1381.700000
2023-08-02,48585505,1380.200000
2023-08-03,48585505,1370.500000
2023-08-04,48585505,1372.400000
2023-08-07,48585505,1366.300000
2023-08-08,48585505,1363.700000
2023-08-09,48585505,1362.500000
2023-08-10,48585505,1364.500000
2023-08-11,48585505,1362.700000
2023-08-14,48585505,1363.700000
2023-08-15,48585505,1363.900000
2023-08-16,48585505,1361.300000
2023-08-17,48585505,1363.700000
2023-08-18,48585505,1362.600000
2023-08-21,48585505,1368.900000
2023-08-22,48585505,1371.800000
2023-08-23,48585505,1370.700000
2023-08-24,48585505,1372.600000
2023-08-25,48585505,1370.600000
2023-08-28,48585505,1371.300000
2023-08-29,48585505,1372.500000
2023-08-30,48585505,1377.800000
2023-08-31,48585505,1383.400000
2023-09-01,48585505,1389.100000
2023-09-04,48585505,1391.000000
2023-09-05,48585505,1386.800000
2023-09-06,48585505,1391.500000
2023-09-07,48585505,1384.900000
2023-09-08,48585505,1381.600000
2023-09-11,48585505,1382.200000
2023-09-12,48585505,1384.700000
2023-09-13,48585505,1382.800000
2023-09-14,48585505,1382.900000
2023-09-15,48585505,1387.400000
2023-09-18,48585505,1382.100000
2023-09-19,48585505,1382.700000
2023-09-20,48585505,1379.500000
2023-09-21,48585505,1375.300000
2023-09-22,48585505,1377.800000
2023-09-25,48585505,1374.800000
2023-09-26,48585505,1374.700000
2023-09-27,48585505,1377.000000
2023-09-28,48585505,1380.100000
2023-10-09,48585505,1377.200000
2023-10-10,48585505,1375.300000
2023-10-11,48585505,1378.000000
2023-10-12,48585505,1378.200000
2023-10-13,48585505,1375.000000
2023-10-16,48585505,1371.500000
2023-10-17,48585505,1371.900000
2023-10-18,48585505,1367.600000
2023-10-19,48585505,1367.400000
2023-10-20,48585505,1363.300000
2023-10-23,48585505,1359.300000
2023-10-24,48585505,1362.900000
2023-10-25,48585505,1362.000000
2023-10-26,48585505,1361.900000
2023-10-27,48585505,1365.900000
2023-10-30,48585505,1370.500000
2023-10-31,48585505,1370.300000
2023-11-01,48585505,1371.700000
2023-11-02,48585505,1369.700000
2023-11-03,48585505,1371.300000
2023-11-06,48585505,1376.700000
2023-11-07,48585505,1379.000000
2023-11-08,48585505,1379.700000
2023-11-09,48585505,1378.600000
2023-11-10,48585505,1378.000000
2023-11-13,48585505,1379.500000
2023-11-14,48585505,1379.300000
2023-11-15,48585505,1381.800000
2023-11-16,48585505,1378.600000
2023-11-17,48585505,1380.900000
2023-11-20,48585505,1382.500000
2023-11-21,48585505,1385.900000
2023-11-22,48585505,1385.200000
2023-11-23,48585505,1387.800000
2023-11-24,48585505,1383.900000
2023-11-27,48585505,1386.300000
2023-11-28,48585505,1387.100000
2023-11-29,48585505,1385.400000
2023-11-30,48585505,1383.800000
2023-12-01,48585505,1386.100000
2023-12-04,48585505,1386.500000
2023-12-05,48585505,1385.700000
2023-12-06,48585505,1387.100000
2023-12-07,48585505,1386.700000
2023-12-08,48585505,1382.800000
2023-12-11,48585505,1381.600000
2023-12-12,48585505,1382.000000
2023-12-13,48585505,1380.400000
2023-12-14,48585505,1379.800000
2023-12-15,48585505,1376.600000
2023-12-18,48585505,1373.400000
2023-12-19,48585505,1373.200000
2023-12-20,48585505,1372.200000
2023-12-21,48585505,1376.700000
2023-12-22,48585505,1375.900000
2023-12-25,48585505,1375.900000
2023-12-26,48585505,1373.000000
2023-12-27,48585505,1377.000000
2023-12-28,48585505,1383.100000
2023-12-29,48585505,1384.800000
2024-01-02,48585505,1384.500000
2024-01-03,48585505,1384.000000
2024-01-04,48585505,1380.900000
2024-01-05,48585505,1378.500000
2024-01-08,48585505,1374.100000
2024-01-09,48585505,1374.400000
2024-01-10,48585505,1373.100000
2024-01-11,48585505,1374.100000
2024-01-12,48585505,1372.600000
2024-01-15,48585505,1370.900000
2024-01-16,48585505,1367.400000
2024-01-17,48585505,1363.400000
2024-01-18,48585505,1363.200000
2024-01-19,48585505,1361.400000
2024-01-22,48585505,1353.200000
2024-01-23,48585505,1355.000000
2024-01-24,48585505,1354.900000
2024-01-25,48585505,1360.300000
2024-01-26,48585505,1361.000000
2024-01-29,48585505,1360.300000
2024-01-30,48585505,1355.900000
2024-01-31,48585505,1350.000000
2024-02-01,48585505,1346.300000
2024-02-02,48585505,1339.800000
2024-02-05,48585505,1333.700000
2024-02-06,48585505,1339.600000
2024-02-07,48585505,1341.300000
2024-02-08,48585505,1343.100000
2024-02-19,48585505,1343.600000
2024-02-20,48585505,1342.500000
2024-02-21,48585505,1340.300000
2024-02-22,48585505,1341.200000
2024-02-23,48585505,1343.200000
2024-02-26,48585505,1343.500000
2024-02-27,48585505,1345.500000
2024-02-28,48585505,1339.600000
2024-02-29,48585505,1343.100000
2024-03-01,48585505,1343.700000
2024-03-04,48585505,1344.700000
2024-03-05,48585505,1343.500000
2024-03-06,48585505,1345.200000
2024-03-07,48585505,1344.600000
2024-03-08,48585505,1348.000000
2024-03-11,48585505,1353.400000
2024-03-12,48585505,1355.800000
2024-03-13,48585505,1357.100000
2024-03-14,48585505,1362.200000
2024-03-15,48585505,1366.500000
2024-03-18,48585505,1370.200000
2024-03-19,48585505,1366.300000
2024-03-20,48585505,1367.300000
2024-03-21,48585505,1371.600000
2024-03-22,48585505,1367.800000
2024-03-25,48585505,1363.300000
2024-03-26,48585505,1366.000000
2024-03-27,48585505,1364.100000
2024-03-28,48585505,1366.300000
2024-03-29,48585505,1370.400000
2024-04-01,48585505,1377.300000
2024-04-02,48585505,1375.500000
2024-04-03,48585505,1375.900000
2024-04-08,48585505,1373.900000
2024-04-09,48585505,1370.500000
2024-04-10,48585505,1366.500000
2024-04-11,48585505,1367.000000
2024-04-12,48585505,1366.800000
2024-04-15,48585505,1369.800000
2024-04-16,48585505,1362.800000
2024-04-17,48585505,1368.600000
2024-04-18,48585505,1369.100000
2024-04-19,48585505,1369.800000
2024-04-22,48585505,1365.500000
2024-04-23,48585505,1362.600000
2024-04-24,48585505,1364.000000
2024-04-25,48585505,1368.300000
2024-04-26,48585505,1369.600000
2024-04-29,48585505,1372.000000
2024-04-30,48585505,1371.300000
2024-05-06,48585505,1375.400000
2024-05-07,48585505,1377.400000
2024-05-08,48585505,1375.100000
2024-05-09,48585505,1376.500000
2024-05-10,48585505,1376.100000
2024-05-13,48585505,1372.800000
2024-05-14,48585505,1375.200000
2024-05-15,48585505,1375.900000
2024-05-16,48585505,1373.100000
2024-05-17,48585505,1375.400000
2024-05-20,48585505,1382.600000
2024-05-21,48585505,1380.000000
2024-05-22,48585505,1375.200000
2024-05-23,48585505,1369.600000
2024-05-24,48585505,1365.300000
2024-05-27,48585505,1365.300000
2024-05-28,48585505,1365.100000
2024-05-29,48585505,1363.400000
2024-05-30,48585505,1363.800000
2024-05-31,48585505,1361.300000
2024-06-03,48585505,1362.000000
2024-06-04,48585505,1360.100000
2024-06-05,48585505,1357.700000
2024-06-06,48585505,1355.000000
2024-06-07,48585505,1354.400000
2024-06-11,48585505,1347.900000
2024-06-12,48585505,1348.900000
2024-06-13,48585505,1355.300000
2024-06-14,48585505,1355.200000
2024-06-17,48585505,1356.000000
2024-06-18,48585505,1359.500000
2024-06-19,48585505,1362.400000
2024-06-20,48585505,1360.300000
2024-06-21,48585505,1360.800000
2024-06-24,48585505,1362.200000
2024-06-25,48585505,1365.700000
2024-06-26,48585505,1364.600000
2024-06-27,48585505,1364.400000
2024-06-28,48585505,1366.600000
2024-07-01,48585505,1364.200000
2024-07-02,48585505,1364.500000
2024-07-03,48585505,1365.200000
2024-07-04,48585505,1365.000000
2024-07-05,48585505,1365.100000
2024-07-08,48585505,1363.500000
2024-07-09,48585505,1363.400000
2024-07-10,48585505,1363.800000
2024-07-11,48585505,1368.200000
2024-07-12,48585505,1367.800000
2024-07-15,48585505,1370.200000
2024-07-16,48585505,1371.700000
2024-07-17,48585505,1368.300000
2024-07-18,48585505,1371.600000
2024-07-19,48585505,1367.400000
2024-07-22,48585505,1367.500000
2024-07-23,48585505,1372.400000
2024-07-24,48585505,1376.000000
2024-07-25,48585505,1383.300000
2024-07-26,48585505,1379.100000
2024-07-29,48585505,1383.600000
2024-07-30,48585505,1391.400000
2024-07-31,48585505,1393.200000
2024-08-01,48585505,1390.200000
2024-08-02,48585505,1390.500000
2024-08-05,48585505,1388.000000
2024-08-06,48585505,1391.400000
2024-08-07,48585505,1396.700000
2024-08-08,48585505,1399.300000
2024-08-09,48585505,1396.800000
2024-08-12,48585505,1402.300000
2024-08-13,48585505,1409.500000
2024-08-14,48585505,1421.700000
2024-08-15,48585505,1423.800000
2024-08-16,48585505,1420.000000
2024-08-19,48585505,1422.700000
2024-08-20,48585505,1417.800000
2024-08-21,48585505,1411.600000
2024-08-22,48585505,1412.300000
2024-08-23,48585505,1419.000000
2024-08-26,48585505,1419.100000
2024-08-27,48585505,1413.500000
2024-08-28,48585505,1411.900000
2024-08-29,48585505,1410.100000
2024-08-30,48585505,1406.200000
2024-09-02,48585505,1411.700000
2024-09-03,48585505,1418.200000
2024-09-04,48585505,1422.200000
2024-09-05,48585505,1428.200000
2024-09-06,48585505,1432.100000
2024-09-09,48585505,1434.200000
2024-09-10,48585505,1431.500000
2024-09-11,48585505,1437.100000
2024-09-12,48585505,1427.900000
2024-09-13,48585505,1425.300000
2024-09-18,48585505,1431.100000
2024-09-19,48585505,1428.800000
2024-09-20,48585505,1429.400000
2024-09-23,48585505,1433.200000
2024-09-24,48585505,1430.600000
2024-09-25,48585505,1422.400000
2024-09-26,48585505,1429.000000
2024-09-27,48585505,1437.000000
2024-09-30,48585505,1451.900000
2024-10-08,48585505,1464.200000
2024-10-09,48585505,1459.900000
2024-10-10,48585505,1452.700000
2024-10-11,48585505,1458.600000
2024-10-14,48585505,1465.500000
2024-10-15,48585505,1452.900000
2024-10-16,48585505,1450.900000
2024-10-17,48585505,1459.600000
2024-10-18,48585505,1481.300000
2024-10-21,48585505,1480.100000
2024-10-22,48585505,1482.100000
2024-10-23,48585505,1484.200000
2024-10-24,48585505,1479.700000
2024-10-25,48585505,1481.000000
2024-10-28,48585505,1475.400000
2024-10-29,48585505,1468.400000
2024-10-30,48585505,1468.700000
2024-10-31,48585505,1471.100000
2024-11-01,48585505,1469.600000
2024-11-04,48585505,1474.200000
2024-11-05,48585505,1487.200000
2024-11-06,48585505,1490.500000
2024-11-07,48585505,1497.500000
2024-11-08,48585505,1498.800000
2024-11-11,48585505,1506.100000
2024-11-12,48585505,1497.200000
2024-11-13,48585505,1490.000000
2024-11-14,48585505,1479.900000
2024-11-15,48585505,1478.000000
2024-11-18,48585505,1463.700000
2024-11-19,48585505,1463.900000
2024-11-20,48585505,1471.800000
2024-11-21,48585505,1472.000000
2024-11-22,48585505,1466.400000
2024-11-25,48585505,1459.600000
2024-11-26,48585505,1460.300000
2024-11-27,48585505,1469.400000
2024-11-28,48585505,1471.000000
2024-11-29,48585505,1474.700000
2024-12-02,48585505,1488.700000
2024-12-03,48585505,1492.500000
2024-12-04,48585505,1499.700000
2024-12-05,48585505,1500.100000
2024-12-06,48585505,1502.400000
2024-12-09,48585505,1501.000000
2024-12-10,48585505,1497.000000
2024-12-11,48585505,1498.200000
2024-12-12,48585505,1503.900000
2024-12-13,48585505,1498.300000
2024-12-16,48585505,1497.900000
2024-12-17,48585505,1497.400000
2024-12-18,48585505,1502.400000
2024-12-19,48585505,1506.800000
2024-12-20,48585505,1505.100000
2024-12-23,48585505,1497.500000
2024-12-24,48585505,1497.900000
2024-12-25,48585505,1495.000000
2024-12-26,48585505,1497.100000
2024-12-27,48585505,1501.400000
2024-12-30,48585505,1499.400000
2024-12-31,48585505,1499.500000
2025-01-02,48585505,1496.300000
2025-01-03,48585505,1497.700000
2025-01-06,48585505,1496.700000
2025-01-07,48585505,1495.900000
2025-01-08,48585505,1502.700000
2025-01-09,48585505,1501.000000
2025-01-10,48585505,1500.700000
2025-01-13,48585505,1502.300000
2025-01-14,48585505,1503.100000
2025-01-15,48585505,1503.100000
2025-01-16,48585505,1505.900000
2025-01-17,48585505,1506.000000
2025-01-20,48585505,1499.500000
2025-01-21,48585505,1499.700000
2025-01-22,48585505,1496.300000
2025-01-23,48585505,1490.700000
2025-01-24,48585505,1491.600000
2025-01-27,48585505,1484.900000
2025-02-05,48585505,1496.800000
2025-02-06,48585505,1502.100000
2025-02-07,48585505,1502.600000
2025-02-10,48585505,1506.500000
2025-02-11,48585505,1504.600000
2025-02-12,48585505,1506.700000
2025-02-13,48585505,1501.400000
2025-02-14,48585505,1506.500000
2025-02-17,48585505,1498.900000
2025-02-18,48585505,1491.500000
2025-02-19,48585505,1498.900000
2025-02-20,48585505,1498.900000
2025-02-21,48585505,1508.900000
2025-02-24,48585505,1502.700000
2025-02-25,48585505,1497.600000
2025-02-26,48585505,1499.100000
2025-02-27,48585505,1493.700000
2025-02-28,48585505,1484.500000
2025-03-03,48585505,1479.300000
2025-03-04,48585505,1484.200000
2025-03-05,48585505,1490.700000
2025-03-06,48585505,1502.100000
2025-03-07,48585505,1502.600000
2025-03-10,48585505,1504.700000
2025-03-11,48585505,1502.900000
2025-03-12,48585505,1507.400000
2025-03-13,48585505,1506.100000
2025-03-14,48585505,1516.000000
2025-03-17,48585505,1518.800000
2025-03-18,48585505,1519.100000
2025-03-19,48585505,1527.500000
2025-03-20,48585505,1524.300000
2025-03-21,48585505,1524.300000
2025-03-24,48585505,1514.800000
2025-03-25,48585505,1509.000000
2025-03-26,48585505,1510.600000
2025-03-27,48585505,1511.000000
2025-03-28,48585505,1511.100000
2025-03-31,48585505,1514.400000
2025-04-01,48585505,1515.900000
2025-04-02,48585505,1516.700000
2025-04-03,48585505,1515.800000
2025-04-07,48585505,1518.100000
2025-04-08,48585505,1519.000000
2025-04-09,48585505,1534.300000
2025-04-10,48585505,1529.500000
2025-04-11,48585505,1530.600000
2025-04-14,48585505,1529.900000
2025-04-15,48585505,1531.100000
2025-04-16,48585505,1534.400000
2025-04-17,48585505,1536.200000
2025-04-18,48585505,1538.300000
2025-04-21,48585505,1538.000000
2025-04-22,48585505,1543.400000
2025-04-23,48585505,1536.200000
2025-04-24,48585505,1533.800000
2025-04-25,48585505,1533.300000
2025-04-28,48585505,1527.200000
2025-04-29,48585505,1531.500000
2025-04-30,48585505,1533.500000
2025-05-06,48585505,1539.500000
2025-05-07,48585505,1535.800000
2025-05-08,48585505,1542.300000
2025-05-09,48585505,1540.300000
2025-05-12,48585505,1536.200000
2025-05-13,48585505,1534.800000
2025-05-14,48585505,1536.500000
2025-05-15,48585505,1528.500000
2025-05-16,48585505,1526.800000
2025-05-19,48585505,1528.800000
2025-05-20,48585505,1530.500000
2025-05-21,48585505,1531.600000
2025-05-22,48585505,1529.000000
2025-05-23,48585505,1527.700000
2025-05-26,48585505,1529.500000
2025-05-27,48585505,1529.400000
2025-05-28,48585505,1532.200000
2025-05-29,48585505,1536.700000
2025-05-30,48585505,1533.800000
2025-06-03,48585505,1539.900000
2025-06-04,48585505,1534.600000
2025-06-05,48585505,1535.200000
2025-06-06,48585505,1531.400000
2025-06-09,48585505,1534.000000
2025-06-10,48585505,1531.000000
2025-06-11,48585505,1531.700000
2025-06-12,48585505,1534.800000
2025-06-13,48585505,1537.100000
2025-06-16,48585505,1540.400000
2025-06-17,48585505,1540.200000
2025-06-18,48585505,1547.100000
2025-06-19,48585505,1547.100000
2025-06-20,48585505,1547.400000
2025-06-23,48585505,1547.100000
2025-06-24,48585505,1537.800000
2025-06-25,48585505,1538.900000
2025-06-26,48585505,1537.900000
2025-06-27,48585505,1539.600000
2025-06-30,48585505,1535.500000
2025-07-01,48585505,1538.700000
2025-07-02,48585505,1538.500000
2025-07-03,48585505,1540.600000
2025-07-04,48585505,1538.000000
2025-07-07,48585505,1534.900000
2025-07-08,48585505,1538.800000
2025-07-09,48585505,1536.600000
2025-07-10,48585505,1538.300000
2025-07-11,48585505,1543.200000
2025-07-14,48585505,1543.300000
2025-07-15,48585505,1540.400000
2025-07-16,48585505,1539.100000
2025-07-17,48585505,1542.700000
2025-07-18,48585505,1546.100000
2025-07-21,48585505,1552.500000
2025-07-22,48585505,1560.000000
2025-07-23,48585505,1564.300000
2025-07-24,48585505,1565.900000
2025-07-25,48585505,1568.500000
2025-07-28,48585505,1556.000000
2025-07-29,48585505,1556.900000
2025-07-30,48585505,1559.700000
2025-07-31,48585505,1550.800000
2025-08-01,48585505,1548.900000
2025-08-04,48585505,1550.100000
2025-08-05,48585505,1554.100000
2025-08-06,48585505,1554.700000
2025-08-07,48585505,1554.100000
2025-08-08,48585505,1554.000000
2025-08-11,48585505,1554.700000
2025-08-12,48585505,1557.200000
2025-08-13,48585505,1562.600000
2025-08-14,48585505,1558.600000
2025-08-15,48585505,1560.000000
2025-08-18,48585505,1566.400000
2025-08-19,48585505,1566.600000
2025-08-20,48585505,1567.100000
2025-08-21,48585505,1567.100000
2025-08-22,48585505,1573.500000
2025-08-25,48585505,1576.500000
2025-08-26,48585505,1577.700000
2025-08-27,48585505,1575.900000
2025-08-28,48585505,1577.600000
2025-08-29,48585505,1579.000000
2025-09-01,48585505,1584.100000
2025-09-02,48585505,1585.800000
2025-09-03,48585505,1583.900000
2025-09-04,48585505,1583.700000
2025-09-05,48585505,1585.200000
2025-09-08,48585505,1585.400000
2025-09-09,48585505,1583.500000
2025-09-10,48585505,1583.800000
2025-09-11,48585505,1590.200000
2025-09-12,48585505,1591.800000
2025-09-15,48585505,1588.400000
2025-09-16,48585505,1588.100000
2025-09-17,48585505,1590.700000
2025-09-18,48585505,1582.300000
2025-09-19,48585505,1582.000000
2025-09-22,48585505,1583.600000
2025-09-23,48585505,1586.300000
2025-09-24,48585505,1588.500000
2025-09-25,48585505,1587.300000
2025-09-26,48585505,1585.800000
2025-09-29,48585505,1595.000000
2025-09-30,48585505,1601.200000
2025-10-09,48585505,1616.100000
2025-10-10,48585505,1609.100000
2025-10-13,48585505,1609.100000
2025-10-14,48585505,1611.700000
2025-10-15,48585505,1615.600000
2025-10-16,48585505,1616.800000
2025-10-17,48585505,1614.500000
2025-10-20,48585505,1612.800000
2025-10-21,48585505,1619.600000
2025-10-22,48585505,1611.900000
2025-10-23,48585505,1608.800000
2025-10-24,48585505,1614.200000
2025-10-27,48585505,1617.600000
2025-10-28,48585505,1616.600000
2025-10-29,48585505,1621.900000
2025-10-30,48585505,1622.200000
2025-10-31,48585505,1620.300000
2025-11-03,48585505,1620.600000
2025-11-04,48585505,1618.000000
2025-11-05,48585505,1618.600000
2025-11-06,48585505,1623.500000
2025-11-07,48585505,1621.200000
2025-11-10,48585505,1623.900000
2025-11-11,48585505,1625.700000
2025-11-12,48585505,1626.000000
2025-11-13,48585505,1631.100000
2025-11-14,48585505,1626.700000
2025-11-17,48585505,1622.600000
2025-11-18,48585505,1620.700000
2025-11-19,48585505,1624.000000
2025-11-20,48585505,1624.900000
2025-11-21,48585505,1616.500000
2025-11-24,48585505,1616.000000
2025-11-25,48585505,1618.700000
2025-11-26,48585505,1620.600000
2025-11-27,48585505,1619.100000
2025-11-28,48585505,1620.200000
2025-12-01,48585505,1626.700000
2025-12-02,48585505,1623.900000
2025-12-03,48585505,1623.400000
2025-12-04,48585505,1624.900000
2025-12-05,48585505,1631.300000
2025-12-08,48585505,1638.100000
2025-12-09,48585505,1635.500000
2025-12-10,48585505,1637.500000
2025-12-11,48585505,1639.800000
2025-12-12,48585505,1648.300000
2025-12-15,48585505,1641.300000
2025-12-16,48585505,1636.100000
2025-12-17,48585505,1643.500000
2025-12-18,48585505,1640.300000
2025-12-19,48585505,1645.000000
2025-12-22,48585505,1655.200000
2025-12-23,48585505,1658.200000
2025-12-24,48585505,1666.200000
2025-12-25,48585505,1669.000000
2025-12-26,48585505,1678.600000
2025-12-29,48585505,1673.800000
2025-12-30,48585505,1668.500000
2025-12-31,48585505,1666.000000
2026-01-05,48585505,1684.400000
2026-01-06,48585505,1703.600000
2026-01-07,48585505,1707.000000
2026-01-08,48585505,1703.200000
2026-01-09,48585505,1707.400000
2026-01-12,48585505,1724.300000
2026-01-13,48585505,1727.600000
2026-01-14,48585505,1728.000000
2026-01-15,48585505,1726.000000
2026-01-16,48585505,1719.800000
2026-01-19,48585505,1717.600000
2026-01-20,48585505,1721.000000
2026-01-21,48585505,1731.200000
2026-01-22,48585505,1734.500000
2026-01-23,48585505,1748.300000
2026-01-26,48585505,1754.400000
2026-01-27,48585505,1752.800000
2026-01-28,48585505,1755.500000
2026-01-29,48585505,1763.000000
2026-01-30,48585505,1754.400000
2026-02-02,48585505,1723.500000
2026-02-03,48585505,1725.200000
2026-02-04,48585505,1729.200000
2026-02-05,48585505,1721.700000
2026-02-06,48585505,1719.000000
2026-02-09,48585505,1728.700000
2026-02-10,48585505,1730.000000
2026-02-11,48585505,1732.200000
2026-02-12,48585505,1736.300000
2026-02-13,48585505,1727.800000
2026-02-24,48585505,1737.100000
2026-02-25,48585505,1741.600000
2026-02-26,48585505,1744.400000
2026-02-27,48585505,1748.000000
2026-03-02,48585505,1745.600000
2026-03-03,48585505,1738.000000
2026-03-04,48585505,1734.800000
2026-03-05,48585505,1738.900000
2026-03-06,48585505,1739.400000
2026-03-09,48585505,1739.700000
2026-03-10,48585505,1741.100000
2026-03-11,48585505,1740.800000
2026-03-12,48585505,1745.800000
2026-03-13,48585505,1743.400000
2026-03-16,48585505,1741.500000
2026-03-17,48585505,1738.600000
2026-03-18,48585505,1738.400000
2026-03-19,48585505,1734.100000
2026-03-20,48585505,1736.300000
2026-03-23,48585505,1727.500000
2026-03-24,48585505,1725.100000
2026-03-25,48585505,1727.800000
2026-03-26,48585505,1726.600000
2026-03-27,48585505,1732.000000
2026-03-30,48585505,1733.700000
2026-03-31,48585505,1724.400000
2026-04-01,48585505,1724.800000
2026-04-02,48585505,1717.800000
2026-04-03,48585505,1718.800000
2026-04-07,48585505,1726.200000
2026-04-08,48585505,1729.800000
2026-04-09,48585505,1721.000000
2026-04-10,48585505,1729.700000
2026-04-13,48585505,1729.900000
2026-04-14,48585505,1737.800000
2026-04-15,48585505,1743.700000
2026-04-16,48585505,1751.900000
2026-04-17,48585505,1756.600000
2026-04-20,48585505,1759.300000
2026-04-21,48585505,1755.300000
2026-04-22,48585505,1761.600000
2026-04-23,48585505,1760.200000
2026-04-24,48585505,1758.800000
2026-04-27,48585505,1763.500000
2026-04-28,48585505,1757.600000
2026-04-29,48585505,1768.100000
2026-04-30,48585505,1774.000000
2026-05-06,48585505,1799.400000
2026-05-07,48585505,1802.900000
2026-05-08,48585505,1802.400000
2026-05-11,48585505,1813.400000
2026-05-12,48585505,1822.000000
2026-05-13,48585505,1826.300000
2026-05-14,48585505,1812.700000
2026-05-15,48585505,1790.600000
2026-05-18,48585505,1784.700000
2026-05-19,48585505,1784.200000
2026-05-20,48585505,1780.600000
2026-05-21,48585505,1772.800000
2026-05-22,48585505,1774.400000
2026-05-25,48585505,1772.900000
2026-05-26,48585505,1762.800000
2026-05-27,48585505,1756.200000
2026-05-28,48585505,1755.500000
2026-05-29,48585505,1754.700000
2026-06-01,48585505,1756.400000
2026-06-02,48585505,1757.400000
2026-06-03,48585505,1757.500000
2026-06-04,48585505,1753.000000
2026-06-05,48585505,1745.800000
2026-06-08,48585505,1734.100000
2026-06-09,48585505,1736.300000
2026-06-10,48585505,1729.500000
2026-06-11,48585505,1725.800000
2026-06-12,48585505,1729.200000
2026-06-15,48585505,1731.000000
2026-06-16,48585505,1736.300000
2026-06-17,48585505,1740.700000
2026-06-18,48585505,1740.800000
2026-06-22,48585505,1741.100000
2026-06-23,48585505,1731.500000
2026-06-24,48585505,1736.500000
2026-06-25,48585505,1738.800000
2026-06-26,48585505,1733.400000
2026-06-29,48585505,1737.400000
2026-06-30,48585505,1743.600000
2026-07-01,48585505,1745.300000
2026-07-02,48585505,1738.600000
2026-07-03,48585505,1742.000000
2026-07-06,48585505,1737.700000
2020-01-02,49069575,1000.000000
2020-01-03,49069575,1000.100000
2020-01-06,49069575,1000.600000
2020-01-07,49069575,1002.300000
2020-01-08,49069575,1000.100000
2020-01-09,49069575,1008.000000
2020-01-10,49069575,1010.000000
2020-01-13,49069575,1012.600000
2020-01-14,49069575,1008.200000
2020-01-15,49069575,1008.700000
2020-01-16,49069575,1009.500000
2020-01-17,49069575,1010.400000
2020-01-20,49069575,1009.900000
2020-01-21,49069575,1009.200000
2020-01-22,49069575,1008.300000
2020-01-23,49069575,1009.400000
2020-02-03,49069575,1009.500000
2020-02-04,49069575,1004.600000
2020-02-05,49069575,1007.100000
2020-02-06,49069575,1006.700000
2020-02-07,49069575,1011.100000
2020-02-10,49069575,1017.200000
2020-02-11,49069575,1016.600000
2020-02-12,49069575,1018.700000
2020-02-13,49069575,1015.700000
2020-02-14,49069575,1017.700000
2020-02-17,49069575,1017.600000
2020-02-18,49069575,1024.600000
2020-02-19,49069575,1023.900000
2020-02-20,49069575,1028.900000
2020-02-21,49069575,1030.000000
2020-02-24,49069575,1031.900000
2020-02-25,49069575,1033.300000
2020-02-26,49069575,1030.800000
2020-02-27,49069575,1035.300000
2020-02-28,49069575,1028.800000
2020-03-02,49069575,1032.300000
2020-03-03,49069575,1039.400000
2020-03-04,49069575,1043.100000
2020-03-05,49069575,1045.500000
2020-03-06,49069575,1045.800000
2020-03-09,49069575,1040.200000
2020-03-10,49069575,1044.400000
2020-03-11,49069575,1044.300000
2020-03-12,49069575,1042.800000
2020-03-13,49069575,1041.700000
2020-03-16,49069575,1034.800000
2020-03-17,49069575,1037.000000
2020-03-18,49069575,1036.300000
2020-03-19,49069575,1037.700000
2020-03-20,49069575,1041.600000
2020-03-23,49069575,1030.000000
2020-03-24,49069575,1037.200000
2020-03-25,49069575,1044.300000
2020-03-26,49069575,1045.000000
2020-03-27,49069575,1041.600000
2020-03-30,49069575,1038.300000
2020-03-31,49069575,1041.500000
2020-04-01,49069575,1042.400000
2020-04-02,49069575,1046.300000
2020-04-03,49069575,1045.600000
2020-04-07,49069575,1048.400000
2020-04-08,49069575,1048.800000
2020-04-09,49069575,1050.300000
2020-04-10,49069575,1047.400000
2020-04-13,49069575,1046.700000
2020-04-14,49069575,1052.900000
2020-04-15,49069575,1051.500000
2020-04-16,49069575,1051.200000
2020-04-17,49069575,1053.500000
2020-04-20,49069575,1057.700000
2020-04-21,49069575,1059.100000
2020-04-22,49069575,1060.700000
2020-04-23,49069575,1058.700000
2020-04-24,49069575,1056.900000
2020-04-27,49069575,1056.500000
2020-04-28,49069575,1060.500000
2020-04-29,49069575,1059.700000
2020-04-30,49069575,1058.400000
2020-05-06,49069575,1064.100000
2020-05-07,49069575,1065.200000
2020-05-08,49069575,1066.300000
2020-05-11,49069575,1067.500000
2020-05-12,49069575,1069.700000
2020-05-13,49069575,1071.600000
2020-05-14,49069575,1069.000000
2020-05-15,49069575,1069.400000
2020-05-18,49069575,1068.400000
2020-05-19,49069575,1072.800000
2020-05-20,49069575,1071.200000
2020-05-21,49069575,1068.600000
2020-05-22,49069575,1062.600000
2020-05-25,49069575,1065.200000
2020-05-26,49069575,1071.800000
2020-05-27,49069575,1070.300000
2020-05-28,49069575,1070.400000
2020-05-29,49069575,1075.100000
2020-06-01,49069575,1075.500000
2020-06-02,49069575,1074.500000
2020-06-03,49069575,1076.400000
2020-06-04,49069575,1079.800000
2020-06-05,49069575,1080.900000
2020-06-08,49069575,1081.000000
2020-06-09,49069575,1083.700000
2020-06-10,49069575,1086.300000
2020-06-11,49069575,1086.000000
2020-06-12,49069575,1085.100000
2020-06-15,49069575,1084.900000
2020-06-16,49069575,1088.500000
2020-06-17,49069575,1087.300000
2020-06-18,49069575,1085.500000
2020-06-19,49069575,1084.300000
2020-06-22,49069575,1083.300000
2020-06-23,49069575,1088.600000
2020-06-24,49069575,1088.000000
2020-06-29,49069575,1091.100000
2020-06-30,49069575,1095.000000
2020-07-01,49069575,1096.100000
2020-07-02,49069575,1086.500000
2020-07-03,49069575,1084.400000
2020-07-06,49069575,1070.700000
2020-07-07,49069575,1073.300000
2020-07-08,49069575,1081.500000
2020-07-09,49069575,1088.400000
2020-07-10,49069575,1088.600000
2020-07-13,49069575,1097.400000
2020-07-14,49069575,1103.700000
2020-07-15,49069575,1097.300000
2020-07-16,49069575,1093.400000
2020-07-17,49069575,1098.700000
2020-07-20,49069575,1106.300000
2020-07-21,49069575,1108.300000
2020-07-22,49069575,1106.700000
2020-07-23,49069575,1107.800000
2020-07-24,49069575,1106.000000
2020-07-27,49069575,1108.300000
2020-07-28,49069575,1112.700000
2020-07-29,49069575,1111.900000
2020-07-30,49069575,1111.400000
2020-07-31,49069575,1112.300000
2020-08-03,49069575,1113.900000
2020-08-04,49069575,1112.800000
2020-08-05,49069575,1117.300000
2020-08-06,49069575,1115.900000
2020-08-07,49069575,1114.400000
2020-08-10,49069575,1113.800000
2020-08-11,49069575,1112.800000
2020-08-12,49069575,1112.700000
2020-08-13,49069575,1111.700000
2020-08-14,49069575,1111.700000
2020-08-17,49069575,1112.600000
2020-08-18,49069575,1114.900000
2020-08-19,49069575,1113.600000
2020-08-20,49069575,1113.300000
2020-08-21,49069575,1116.900000
2020-08-24,49069575,1120.300000
2020-08-25,49069575,1121.400000
2020-08-26,49069575,1119.700000
2020-08-27,49069575,1121.400000
2020-08-28,49069575,1121.800000
2020-08-31,49069575,1122.400000
2020-09-01,49069575,1124.900000
2020-09-02,49069575,1125.300000
2020-09-03,49069575,1125.000000
2020-09-04,49069575,1122.900000
2020-09-07,49069575,1118.000000
2020-09-08,49069575,1116.300000
2020-09-09,49069575,1110.100000
2020-09-10,49069575,1110.600000
2020-09-11,49069575,1117.000000
2020-09-14,49069575,1119.800000
2020-09-15,49069575,1121.500000
2020-09-16,49069575,1119.700000
2020-09-17,49069575,1117.300000
2020-09-18,49069575,1117.600000
2020-09-21,49069575,1117.400000
2020-09-22,49069575,1117.600000
2020-09-23,49069575,1119.900000
2020-09-24,49069575,1116.300000
2020-09-25,49069575,1114.600000
2020-09-28,49069575,1112.100000
2020-09-29,49069575,1112.600000
2020-09-30,49069575,1117.400000
2020-10-09,49069575,1118.800000
2020-10-12,49069575,1120.000000
2020-10-13,49069575,1123.100000
2020-10-14,49069575,1122.600000
2020-10-15,49069575,1121.500000
2020-10-16,49069575,1123.000000
2020-10-19,49069575,1123.400000
2020-10-20,49069575,1125.400000
2020-10-21,49069575,1122.900000
2020-10-22,49069575,1121.300000
2020-10-23,49069575,1115.800000
2020-10-26,49069575,1119.700000
2020-10-27,49069575,1122.700000
2020-10-28,49069575,1122.900000
2020-10-29,49069575,1123.000000
2020-10-30,49069575,1121.300000
2020-11-02,49069575,1123.200000
2020-11-03,49069575,1124.900000
2020-11-04,49069575,1126.700000
2020-11-05,49069575,1126.100000
2020-11-06,49069575,1123.900000
2020-11-09,49069575,1126.200000
2020-11-10,49069575,1125.500000
2020-11-11,49069575,1119.300000
2020-11-12,49069575,1120.600000
2020-11-13,49069575,1122.000000
2020-11-16,49069575,1121.300000
2020-11-17,49069575,1117.500000
2020-11-18,49069575,1115.900000
2020-11-19,49069575,1116.900000
2020-11-20,49069575,1115.700000
2020-11-23,49069575,1112.600000
2020-11-24,49069575,1113.700000
2020-11-25,49069575,1109.700000
2020-11-26,49069575,1107.900000
2020-11-27,49069575,1107.800000
2020-11-30,49069575,1105.800000
2020-12-01,49069575,1107.800000
2020-12-02,49069575,1109.400000
2020-12-03,49069575,1107.800000
2020-12-04,49069575,1109.700000
2020-12-07,49069575,1111.600000
2020-12-08,49069575,1110.400000
2020-12-09,49069575,1106.600000
2020-12-10,49069575,1108.700000
2020-12-11,49069575,1110.400000
2020-12-14,49069575,1113.400000
2020-12-15,49069575,1115.000000
2020-12-16,49069575,1113.800000
2020-12-17,49069575,1111.900000
2020-12-18,49069575,1111.300000
2020-12-21,49069575,1110.800000
2020-12-22,49069575,1106.900000
2020-12-23,49069575,1110.300000
2020-12-24,49069575,1109.900000
2020-12-25,49069575,1112.100000
2020-12-28,49069575,1114.300000
2020-12-29,49069575,1111.600000
2020-12-30,49069575,1114.200000
2020-12-31,49069575,1117.300000
2021-01-04,49069575,1121.300000
2021-01-05,49069575,1124.200000
2021-01-06,49069575,1121.500000
2021-01-07,49069575,1120.800000
2021-01-08,49069575,1116.100000
2021-01-11,49069575,1115.800000
2021-01-12,49069575,1120.800000
2021-01-13,49069575,1118.300000
2021-01-14,49069575,1114.200000
2021-01-15,49069575,1118.500000
2021-01-18,49069575,1123.300000
2021-01-19,49069575,1122.600000
2021-01-20,49069575,1126.300000
2021-01-21,49069575,1126.700000
2021-01-22,49069575,1130.900000
2021-01-25,49069575,1131.500000
2021-01-26,49069575,1129.400000
2021-01-27,49069575,1131.700000
2021-01-28,49069575,1125.600000
2021-01-29,49069575,1127.700000
2021-02-01,49069575,1130.600000
2021-02-02,49069575,1136.600000
2021-02-03,49069575,1133.100000
2021-02-04,49069575,1131.100000
2021-02-05,49069575,1127.000000
2021-02-08,49069575,1129.700000
2021-02-09,49069575,1134.800000
2021-02-10,49069575,1136.800000
2021-02-18,49069575,1135.100000
2021-02-19,49069575,1132.300000
2021-02-22,49069575,1127.000000
2021-02-23,49069575,1126.900000
2021-02-24,49069575,1124.100000
2021-02-25,49069575,1125.300000
2021-02-26,49069575,1122.300000
2021-03-01,49069575,1129.600000
2021-03-02,49069575,1129.200000
2021-03-03,49069575,1132.300000
2021-03-04,49069575,1125.300000
2021-03-05,49069575,1122.200000
2021-03-08,49069575,1117.100000
2021-03-09,49069575,1112.100000
2021-03-10,49069575,1118.500000
2021-03-11,49069575,1125.900000
2021-03-12,49069575,1126.900000
2021-03-15,49069575,1122.900000
2021-03-16,49069575,1125.200000
2021-03-17,49069575,1127.300000
2021-03-18,49069575,1129.100000
2021-03-19,49069575,1124.500000
2021-03-22,49069575,1124.000000
2021-03-23,49069575,1120.800000
2021-03-24,49069575,1112.800000
2021-03-25,49069575,1112.700000
2021-03-26,49069575,1118.300000
2021-03-29,49069575,1121.600000
2021-03-30,49069575,1123.500000
2021-03-31,49069575,1122.400000
2021-04-01,49069575,1123.300000
2021-04-02,49069575,1125.300000
2021-04-06,49069575,1126.600000
2021-04-07,49069575,1127.600000
2021-04-08,49069575,1126.300000
2021-04-09,49069575,1125.900000
2021-04-12,49069575,1120.100000
2021-04-13,49069575,1117.800000
2021-04-14,49069575,1121.400000
2021-04-15,49069575,1119.200000
2021-04-16,49069575,1115.900000
2021-04-19,49069575,1120.600000
2021-04-20,49069575,1119.700000
2021-04-21,49069575,1121.800000
2021-04-22,49069575,1124.200000
2021-04-23,49069575,1122.000000
2021-04-26,49069575,1120.100000
2021-04-27,49069575,1120.800000
2021-04-28,49069575,1122.900000
2021-04-29,49069575,1121.600000
2021-04-30,49069575,1120.100000
2021-05-06,49069575,1118.500000
2021-05-07,49069575,1113.500000
2021-05-10,49069575,1114.900000
2021-05-11,49069575,1114.500000
2021-05-12,49069575,1116.200000
2021-05-13,49069575,1114.800000
2021-05-14,49069575,1114.400000
2021-05-17,49069575,1113.200000
2021-05-18,49069575,1114.900000
2021-05-19,49069575,1114.700000
2021-05-20,49069575,1114.900000
2021-05-21,49069575,1116.400000
2021-05-24,49069575,1118.500000
2021-05-25,49069575,1120.600000
2021-05-26,49069575,1122.500000
2021-05-27,49069575,1124.800000
2021-05-28,49069575,1125.900000
2021-05-31,49069575,1131.700000
2021-06-01,49069575,1135.500000
2021-06-02,49069575,1133.500000
2021-06-03,49069575,1134.000000
2021-06-04,49069575,1137.200000
2021-06-07,49069575,1140.000000
2021-06-08,49069575,1137.500000
2021-06-09,49069575,1139.400000
2021-06-10,49069575,1139.900000
2021-06-11,49069575,1137.600000
2021-06-15,49069575,1138.400000
2021-06-16,49069575,1129.900000
2021-06-17,49069575,1135.100000
2021-06-18,49069575,1137.900000
2021-06-21,49069575,1141.000000
2021-06-22,49069575,1145.200000
2021-06-23,49069575,1144.400000
2021-06-24,49069575,1142.900000
2021-06-25,49069575,1143.400000
2021-06-28,49069575,1150.200000
2021-06-29,49069575,1150.000000
2021-06-30,49069575,1155.600000
2021-07-01,49069575,1156.200000
2021-07-02,49069575,1153.700000
2021-07-05,49069575,1159.600000
2021-07-06,49069575,1159.900000
2021-07-07,49069575,1164.000000
2021-07-08,49069575,1162.600000
2021-07-09,49069575,1163.100000
2021-07-12,49069575,1168.000000
2021-07-13,49069575,1168.200000
2021-07-14,49069575,1165.400000
2021-07-15,49069575,1168.100000
2021-07-16,49069575,1165.800000
2021-07-19,49069575,1166.200000
2021-07-20,49069575,1166.500000
2021-07-21,49069575,1172.900000
2021-07-22,49069575,1176.600000
2021-07-23,49069575,1173.000000
2021-07-26,49069575,1172.900000
2021-07-27,49069575,1158.900000
2021-07-28,49069575,1162.100000
2021-07-29,49069575,1174.300000
2021-07-30,49069575,1175.200000
2021-08-02,49069575,1180.900000
2021-08-03,49069575,1177.100000
2021-08-04,49069575,1184.000000
2021-08-05,49069575,1182.700000
2021-08-06,49069575,1185.200000
2021-08-09,49069575,1187.500000
2021-08-10,49069575,1191.200000
2021-08-11,49069575,1192.700000
2021-08-12,49069575,1191.300000
2021-08-13,49069575,1191.900000
2021-08-16,49069575,1190.000000
2021-08-17,49069575,1183.300000
2021-08-18,49069575,1188.000000
2021-08-19,49069575,1188.800000
2021-08-20,49069575,1186.500000
2021-08-23,49069575,1192.600000
2021-08-24,49069575,1196.400000
2021-08-25,49069575,1200.100000
2021-08-26,49069575,1195.200000
2021-08-27,49069575,1194.900000
2021-08-30,49069575,1197.600000
2021-08-31,49069575,1196.600000
2021-09-01,49069575,1192.700000
2021-09-02,49069575,1193.600000
2021-09-03,49069575,1190.200000
2021-09-06,49069575,1194.200000
2021-09-07,49069575,1195.000000
2021-09-08,49069575,1195.000000
2021-09-09,49069575,1194.500000
2021-09-10,49069575,1189.900000
2021-09-13,49069575,1193.800000
2021-09-14,49069575,1193.200000
2021-09-15,49069575,1195.700000
2021-09-16,49069575,1191.700000
2021-09-17,49069575,1195.900000
2021-09-22,49069575,1196.000000
2021-09-23,49069575,1195.600000
2021-09-24,49069575,1186.700000
2021-09-27,49069575,1177.200000
2021-09-28,49069575,1177.900000
2021-09-29,49069575,1167.000000
2021-09-30,49069575,1178.100000
2021-10-08,49069575,1175.200000
2021-10-11,49069575,1171.400000
2021-10-12,49069575,1168.500000
2021-10-13,49069575,1168.000000
2021-10-14,49069575,1168.200000
2021-10-15,49069575,1166.400000
2021-10-18,49069575,1172.300000
2021-10-19,49069575,1171.800000
2021-10-20,49069575,1172.100000
2021-10-21,49069575,1174.700000
2021-10-22,49069575,1170.700000
2021-10-25,49069575,1173.700000
2021-10-26,49069575,1171.800000
2021-10-27,49069575,1171.400000
2021-10-28,49069575,1161.400000
2021-10-29,49069575,1162.800000
2021-11-01,49069575,1161.500000
2021-11-02,49069575,1158.100000
2021-11-03,49069575,1155.200000
2021-11-04,49069575,1157.000000
2021-11-05,49069575,1150.700000
2021-11-08,49069575,1152.900000
2021-11-09,49069575,1155.200000
2021-11-10,49069575,1157.000000
2021-11-11,49069575,1156.800000
2021-11-12,49069575,1158.200000
2021-11-15,49069575,1159.300000
2021-11-16,49069575,1157.100000
2021-11-17,49069575,1162.700000
2021-11-18,49069575,1162.100000
2021-11-19,49069575,1161.400000
2021-11-22,49069575,1167.000000
2021-11-23,49069575,1166.500000
2021-11-24,49069575,1166.200000
2021-11-25,49069575,1166.300000
2021-11-26,49069575,1167.800000
2021-11-29,49069575,1170.900000
2021-11-30,49069575,1172.400000
2021-12-01,49069575,1171.200000
2021-12-02,49069575,1169.200000
2021-12-03,49069575,1170.700000
2021-12-06,49069575,1164.500000
2021-12-07,49069575,1160.300000
2021-12-08,49069575,1163.900000
2021-12-09,49069575,1161.500000
2021-12-10,49069575,1162.500000
2021-12-13,49069575,1164.200000
2021-12-14,49069575,1163.400000
2021-12-15,49069575,1161.400000
2021-12-16,49069575,1162.000000
2021-12-17,49069575,1156.400000
2021-12-20,49069575,1151.400000
2021-12-21,49069575,1154.800000
2021-12-22,49069575,1157.700000
2021-12-23,49069575,1155.700000
2021-12-24,49069575,1149.300000
2021-12-27,49069575,1149.300000
2021-12-28,49069575,1153.300000
2021-12-29,49069575,1150.600000
2021-12-30,49069575,1153.300000
2021-12-31,49069575,1155.200000
2022-01-04,49069575,1154.500000
2022-01-05,49069575,1149.700000
2022-01-06,49069575,1153.300000
2022-01-07,49069575,1145.900000
2022-01-10,49069575,1149.900000
2022-01-11,49069575,1146.600000
2022-01-12,49069575,1150.700000
2022-01-13,49069575,1145.500000
2022-01-14,49069575,1147.900000
2022-01-17,49069575,1151.200000
2022-01-18,49069575,1151.000000
2022-01-19,49069575,1149.000000
2022-01-20,49069575,1142.300000
2022-01-21,49069575,1141.900000
2022-01-24,49069575,1146.000000
2022-01-25,49069575,1139.800000
2022-01-26,49069575,1145.200000
2022-01-27,49069575,1141.600000
2022-01-28,49069575,1143.200000
2022-02-07,49069575,1145.100000
2022-02-08,49069575,1141.500000
2022-02-09,49069575,1142.600000
2022-02-10,49069575,1140.200000
2022-02-11,49069575,1135.900000
2022-02-14,49069575,1137.500000
2022-02-15,49069575,1141.900000
2022-02-16,49069575,1144.400000
2022-02-17,49069575,1146.500000
2022-02-18,49069575,1145.200000
2022-02-21,49069575,1146.800000
2022-02-22,49069575,1147.700000
2022-02-23,49069575,1150.600000
2022-02-24,49069575,1148.600000
2022-02-25,49069575,1149.500000
2022-02-28,49069575,1151.300000
2022-03-01,49069575,1153.600000
2022-03-02,49069575,1151.800000
2022-03-03,49069575,1149.600000
2022-03-04,49069575,1146.200000
2022-03-07,49069575,1145.400000
2022-03-08,49069575,1145.300000
2022-03-09,49069575,1161.000000
2022-03-10,49069575,1157.800000
2022-03-11,49069575,1157.300000
2022-03-14,49069575,1148.300000
2022-03-15,49069575,1151.500000
2022-03-16,49069575,1159.000000
2022-03-17,49069575,1161.900000
2022-03-18,49069575,1161.900000
2022-03-21,49069575,1169.000000
2022-03-22,49069575,1167.800000
2022-03-23,49069575,1167.300000
2022-03-24,49069575,1165.700000
2022-03-25,49069575,1165.400000
2022-03-28,49069575,1162.900000
2022-03-29,49069575,1161.300000
2022-03-30,49069575,1161.600000
2022-03-31,49069575,1159.500000
2022-04-01,49069575,1158.300000
2022-04-06,49069575,1162.300000
2022-04-07,49069575,1160.000000
2022-04-08,49069575,1160.600000
2022-04-11,49069575,1157.700000
2022-04-12,49069575,1156.400000
2022-04-13,49069575,1152.800000
2022-04-14,49069575,1154.600000
2022-04-15,49069575,1154.800000
2022-04-18,49069575,1157.700000
2022-04-19,49069575,1158.900000
2022-04-20,49069575,1157.800000
2022-04-21,49069575,1154.100000
2022-04-22,49069575,1154.000000
2022-04-25,49069575,1143.200000
2022-04-26,49069575,1145.700000
2022-04-27,49069575,1154.400000
2022-04-28,49069575,1155.400000
2022-04-29,49069575,1155.000000
2022-05-05,49069575,1155.900000
2022-05-06,49069575,1159.400000
2022-05-09,49069575,1162.500000
2022-05-10,49069575,1162.200000
2022-05-11,49069575,1160.300000
2022-05-12,49069575,1165.200000
2022-05-13,49069575,1164.200000
2022-05-16,49069575,1166.600000
2022-05-17,49069575,1167.800000
2022-05-18,49069575,1167.900000
2022-05-19,49069575,1172.100000
2022-05-20,49069575,1171.700000
2022-05-23,49069575,1174.700000
2022-05-24,49069575,1169.800000
2022-05-25,49069575,1175.600000
2022-05-26,49069575,1171.200000
2022-05-27,49069575,1172.200000
2022-05-30,49069575,1174.400000
2022-05-31,49069575,1172.000000
2022-06-01,49069575,1175.100000
2022-06-02,49069575,1172.300000
2022-06-06,49069575,1175.800000
2022-06-07,49069575,1177.300000
2022-06-08,49069575,1179.400000
2022-06-09,49069575,1177.000000
2022-06-10,49069575,1177.000000
2022-06-13,49069575,1181.900000
2022-06-14,49069575,1181.700000
2022-06-15,49069575,1173.100000
2022-06-16,49069575,1178.400000
2022-06-17,49069575,1181.100000
2022-06-20,49069575,1183.800000
2022-06-21,49069575,1185.200000
2022-06-22,49069575,1185.700000
2022-06-23,49069575,1185.500000
2022-06-24,49069575,1184.900000
2022-06-27,49069575,1189.500000
2022-06-28,49069575,1190.100000
2022-06-29,49069575,1183.900000
2022-06-30,49069575,1188.300000
2022-07-01,49069575,1192.200000
2022-07-04,49069575,1194.700000
2022-07-05,49069575,1197.300000
2022-07-06,49069575,1195.500000
2022-07-07,49069575,1197.000000
2022-07-08,49069575,1195.900000
2022-07-11,49069575,1195.800000
2022-07-12,49069575,1192.500000
2022-07-13,49069575,1197.000000
2022-07-14,49069575,1196.300000
2022-07-15,49069575,1196.400000
2022-07-18,49069575,1197.000000
2022-07-19,49069575,1198.500000
2022-07-20,49069575,1197.400000
2022-07-21,49069575,1193.700000
2022-07-22,49069575,1201.700000
2022-07-25,49069575,1202.000000
2022-07-26,49069575,1202.800000
2022-07-27,49069575,1204.200000
2022-07-28,49069575,1204.500000
2022-07-29,49069575,1205.700000
2022-08-01,49069575,1207.700000
2022-08-02,49069575,1197.900000
2022-08-03,49069575,1198.100000
2022-08-04,49069575,1206.300000
2022-08-05,49069575,1201.700000
2022-08-08,49069575,1205.600000
2022-08-09,49069575,1208.500000
2022-08-10,49069575,1209.800000
2022-08-11,49069575,1205.000000
2022-08-12,49069575,1203.200000
2022-08-15,49069575,1206.500000
2022-08-16,49069575,1208.800000
2022-08-17,49069575,1205.800000
2022-08-18,49069575,1208.100000
2022-08-19,49069575,1207.400000
2022-08-22,49069575,1207.600000
2022-08-23,49069575,1211.500000
2022-08-24,49069575,1208.700000
2022-08-25,49069575,1209.100000
2022-08-26,49069575,1205.200000
2022-08-29,49069575,1208.200000
2022-08-30,49069575,1205.300000
2022-08-31,49069575,1197.600000
2022-09-01,49069575,1198.000000
2022-09-02,49069575,1202.100000
2022-09-05,49069575,1203.600000
2022-09-06,49069575,1204.500000
2022-09-07,49069575,1205.400000
2022-09-08,49069575,1201.500000
2022-09-09,49069575,1197.800000
2022-09-13,49069575,1199.100000
2022-09-14,49069575,1196.200000
2022-09-15,49069575,1195.600000
2022-09-16,49069575,1193.300000
2022-09-19,49069575,1196.000000
2022-09-20,49069575,1199.800000
2022-09-21,49069575,1196.100000
2022-09-22,49069575,1195.900000
2022-09-23,49069575,1191.800000
2022-09-26,49069575,1191.100000
2022-09-27,49069575,1194.300000
2022-09-28,49069575,1187.200000
2022-09-29,49069575,1188.400000
2022-09-30,49069575,1184.300000
2022-10-10,49069575,1180.400000
2022-10-11,49069575,1180.500000
2022-10-12,49069575,1185.600000
2022-10-13,49069575,1183.000000
2022-10-14,49069575,1183.100000
2022-10-17,49069575,1183.800000
2022-10-18,49069575,1185.500000
2022-10-19,49069575,1182.800000
2022-10-20,49069575,1182.000000
2022-10-21,49069575,1182.600000
2022-10-24,49069575,1178.700000
2022-10-25,49069575,1178.200000
2022-10-26,49069575,1179.800000
2022-10-27,49069575,1172.500000
2022-10-28,49069575,1169.200000
2022-10-31,49069575,1168.500000
2022-11-01,49069575,1172.300000
2022-11-02,49069575,1175.500000
2022-11-03,49069575,1178.600000
2022-11-04,49069575,1179.400000
2022-11-07,49069575,1182.600000
2022-11-08,49069575,1181.100000
2022-11-09,49069575,1179.200000
2022-11-10,49069575,1175.700000
2022-11-11,49069575,1173.100000
2022-11-14,49069575,1175.100000
2022-11-15,49069575,1177.000000
2022-11-16,49069575,1175.700000
2022-11-17,49069575,1175.700000
2022-11-18,49069575,1169.600000
2022-11-21,49069575,1171.900000
2022-11-22,49069575,1175.000000
2022-11-23,49069575,1173.800000
2022-11-24,49069575,1175.700000
2022-11-25,49069575,1174.700000
2022-11-28,49069575,1175.500000
2022-11-29,49069575,1175.000000
2022-11-30,49069575,1178.500000
2022-12-01,49069575,1177.800000
2022-12-02,49069575,1180.600000
2022-12-05,49069575,1185.000000
2022-12-06,49069575,1184.900000
2022-12-07,49069575,1185.900000
2022-12-08,49069575,1185.400000
2022-12-09,49069575,1182.800000
2022-12-12,49069575,1181.400000
2022-12-13,49069575,1182.700000
2022-12-14,49069575,1185.100000
2022-12-15,49069575,1184.100000
2022-12-16,49069575,1181.200000
2022-12-19,49069575,1180.300000
2022-12-20,49069575,1179.600000
2022-12-21,49069575,1181.500000
2022-12-22,49069575,1181.200000
2022-12-23,49069575,1182.000000
2022-12-26,49069575,1182.300000
2022-12-27,49069575,1184.200000
2022-12-28,49069575,1181.500000
2022-12-29,49069575,1179.700000
2022-12-30,49069575,1183.400000
2023-01-03,49069575,1185.300000
2023-01-04,49069575,1188.300000
2023-01-05,49069575,1187.200000
2023-01-06,49069575,1187.600000
2023-01-09,49069575,1189.300000
2023-01-10,49069575,1188.700000
2023-01-11,49069575,1187.700000
2023-01-12,49069575,1187.300000
2023-01-13,49069575,1187.200000
2023-01-16,49069575,1184.100000
2023-01-17,49069575,1182.500000
2023-01-18,49069575,1181.300000
2023-01-19,49069575,1180.200000
2023-01-20,49069575,1182.000000
2023-01-30,49069575,1184.100000
2023-01-31,49069575,1183.300000
2023-02-01,49069575,1187.300000
2023-02-02,49069575,1187.100000
2023-02-03,49069575,1188.000000
2023-02-06,49069575,1188.400000
2023-02-07,49069575,1191.400000
2023-02-08,49069575,1191.300000
2023-02-09,49069575,1190.100000
2023-02-10,49069575,1191.500000
2023-02-13,49069575,1193.900000
2023-02-14,49069575,1193.800000
2023-02-15,49069575,1195.000000
2023-02-16,49069575,1188.600000
2023-02-17,49069575,1189.700000
2023-02-20,49069575,1194.300000
2023-02-21,49069575,1195.600000
2023-02-22,49069575,1194.700000
2023-02-23,49069575,1195.500000
2023-02-24,49069575,1194.300000
2023-02-27,49069575,1193.900000
2023-02-28,49069575,1195.100000
2023-03-01,49069575,1195.500000
2023-03-02,49069575,1195.000000
2023-03-03,49069575,1195.700000
2023-03-06,49069575,1196.800000
2023-03-07,49069575,1192.600000
2023-03-08,49069575,1197.100000
2023-03-09,49069575,1197.000000
2023-03-10,49069575,1194.700000
2023-03-13,49069575,1198.300000
2023-03-14,49069575,1193.900000
2023-03-15,49069575,1196.600000
2023-03-16,49069575,1192.800000
2023-03-17,49069575,1192.900000
2023-03-20,49069575,1193.200000
2023-03-21,49069575,1196.700000
2023-03-22,49069575,1198.000000
2023-03-23,49069575,1196.500000
2023-03-24,49069575,1195.500000
2023-03-27,49069575,1195.200000
2023-03-28,49069575,1192.700000
2023-03-29,49069575,1192.900000
2023-03-30,49069575,1191.500000
2023-03-31,49069575,1193.000000
2023-04-03,49069575,1193.100000
2023-04-04,49069575,1191.400000
2023-04-06,49069575,1190.300000
2023-04-07,49069575,1190.700000
2023-04-10,49069575,1188.500000
2023-04-11,49069575,1191.200000
2023-04-12,49069575,1194.000000
2023-04-13,49069575,1193.000000
2023-04-14,49069575,1193.600000
2023-04-17,49069575,1193.700000
2023-04-18,49069575,1194.000000
2023-04-19,49069575,1195.000000
2023-04-20,49069575,1196.000000
2023-04-21,49069575,1191.600000
2023-04-24,49069575,1195.400000
2023-04-25,49069575,1194.500000
2023-04-26,49069575,1194.200000
2023-04-27,49069575,1193.800000
2023-04-28,49069575,1196.300000
2023-05-04,49069575,1198.400000
2023-05-05,49069575,1199.500000
2023-05-08,49069575,1199.900000
2023-05-09,49069575,1196.200000
2023-05-10,49069575,1198.600000
2023-05-11,49069575,1200.500000
2023-05-12,49069575,1199.500000
2023-05-15,49069575,1200.600000
2023-05-16,49069575,1198.200000
2023-05-17,49069575,1201.300000
2023-05-18,49069575,1204.700000
2023-05-19,49069575,1201.800000
2023-05-22,49069575,1204.300000
2023-05-23,49069575,1200.600000
2023-05-24,49069575,1201.600000
2023-05-25,49069575,1208.200000
2023-05-26,49069575,1205.600000
2023-05-29,49069575,1206.300000
2023-05-30,49069575,1207.000000
2023-05-31,49069575,1206.600000
2023-06-01,49069575,1207.000000
2023-06-02,49069575,1206.800000
2023-06-05,49069575,1210.600000
2023-06-06,49069575,1208.700000
2023-06-07,49069575,1213.600000
2023-06-08,49069575,1213.500000
2023-06-09,49069575,1213.400000
2023-06-12,49069575,1214.600000
2023-06-13,49069575,1217.000000
2023-06-14,49069575,1217.100000
2023-06-15,49069575,1216.300000
2023-06-16,49069575,1215.700000
2023-06-19,49069575,1216.400000
2023-06-20,49069575,1214.900000
2023-06-21,49069575,1214.400000
2023-06-26,49069575,1212.500000
2023-06-27,49069575,1220.000000
2023-06-28,49069575,1218.900000
2023-06-29,49069575,1222.300000
2023-06-30,49069575,1222.800000
2023-07-03,49069575,1223.700000
2023-07-04,49069575,1225.700000
2023-07-05,49069575,1223.200000
2023-07-06,49069575,1225.700000
2023-07-07,49069575,1224.400000
2023-07-10,49069575,1224.100000
2023-07-11,49069575,1223.700000
2023-07-12,49069575,1220.800000
2023-07-13,49069575,1221.600000
2023-07-14,49069575,1223.600000
2023-07-17,49069575,1226.600000
2023-07-18,49069575,1225.900000
2023-07-19,49069575,1226.800000
2023-07-20,49069575,1222.000000
2023-07-21,49069575,1220.800000
2023-07-24,49069575,1223.300000
2023-07-25,49069575,1223.400000
2023-07-26,49069575,1220.300000
2023-07-27,49069575,1220.700000
2023-07-28,49069575,1219.300000
2023-07-31,49069575,1219.900000
2023-08-01,49069575,1219.700000
2023-08-02,49069575,1221.900000
2023-08-03,49069575,1221.700000
2023-08-04,49069575,1217.700000
2023-08-07,49069575,1215.800000
2023-08-08,49069575,1215.900000
2023-08-09,49069575,1214.500000
2023-08-10,49069575,1217.200000
2023-08-11,49069575,1216.100000
2023-08-14,49069575,1221.200000
2023-08-15,49069575,1222.500000
2023-08-16,49069575,1219.500000
2023-08-17,49069575,1223.200000
2023-08-18,49069575,1220.800000
2023-08-21,49069575,1223.200000
2023-08-22,49069575,1229.900000
2023-08-23,49069575,1227.100000
2023-08-24,49069575,1227.500000
2023-08-25,49069575,1227.500000
2023-08-28,49069575,1229.000000
2023-08-29,49069575,1231.700000
2023-08-30,49069575,1233.700000
2023-08-31,49069575,1233.300000
2023-09-01,49069575,1234.900000
2023-09-04,49069575,1235.700000
2023-09-05,49069575,1235.800000
2023-09-06,49069575,1235.700000
2023-09-07,49069575,1235.000000
2023-09-08,49069575,1235.300000
2023-09-11,49069575,1236.000000
2023-09-12,49069575,1234.500000
2023-09-13,49069575,1236.700000
2023-09-14,49069575,1234.400000
2023-09-15,49069575,1234.300000
2023-09-18,49069575,1232.300000
2023-09-19,49069575,1230.700000
2023-09-20,49069575,1230.000000
2023-09-21,49069575,1230.800000
2023-09-22,49069575,1233.900000
2023-09-25,49069575,1233.500000
2023-09-26,49069575,1232.800000
2023-09-27,49069575,1231.400000
2023-09-28,49069575,1238.200000
2023-10-09,49069575,1237.500000
2023-10-10,49069575,1236.900000
2023-10-11,49069575,1239.200000
2023-10-12,49069575,1238.900000
2023-10-13,49069575,1237.400000
2023-10-16,49069575,1238.700000
2023-10-17,49069575,1239.000000
2023-10-18,49069575,1234.900000
2023-10-19,49069575,1234.000000
2023-10-20,49069575,1234.200000
2023-10-23,49069575,1235.500000
2023-10-24,49069575,1239.700000
2023-10-25,49069575,1242.500000
2023-10-26,49069575,1244.000000
2023-10-27,49069575,1238.500000
2023-10-30,49069575,1239.800000
2023-10-31,49069575,1240.900000
2023-11-01,49069575,1242.200000
2023-11-02,49069575,1240.400000
2023-11-03,49069575,1240.500000
2023-11-06,49069575,1244.100000
2023-11-07,49069575,1244.300000
2023-11-08,49069575,1248.500000
2023-11-09,49069575,1247.600000
2023-11-10,49069575,1248.100000
2023-11-13,49069575,1252.100000
2023-11-14,49069575,1253.300000
2023-11-15,49069575,1254.300000
2023-11-16,49069575,1253.500000
2023-11-17,49069575,1257.300000
2023-11-20,49069575,1260.600000
2023-11-21,49069575,1259.800000
2023-11-22,49069575,1259.200000
2023-11-23,49069575,1261.000000
2023-11-24,49069575,1261.400000
2023-11-27,49069575,1264.100000
2023-11-28,49069575,1267.600000
2023-11-29,49069575,1266.800000
2023-11-30,49069575,1267.300000
2023-12-01,49069575,1267.300000
2023-12-04,49069575,1269.900000
2023-12-05,49069575,1267.500000
2023-12-06,49069575,1270.000000
2023-12-07,49069575,1265.500000
2023-12-08,49069575,1259.100000
2023-12-11,49069575,1260.600000
2023-12-12,49069575,1262.800000
2023-12-13,49069575,1264.500000
2023-12-14,49069575,1266.200000
2023-12-15,49069575,1268.800000
2023-12-18,49069575,1266.200000
2023-12-19,49069575,1268.400000
2023-12-20,49069575,1266.900000
2023-12-21,49069575,1268.800000
2023-12-22,49069575,1264.100000
2023-12-25,49069575,1263.600000
2023-12-26,49069575,1261.500000
2023-12-27,49069575,1265.100000
2023-12-28,49069575,1262.900000
2023-12-29,49069575,1265.900000
2024-01-02,49069575,1271.700000
2024-01-03,49069575,1274.600000
2024-01-04,49069575,1277.900000
2024-01-05,49069575,1276.700000
2024-01-08,49069575,1281.700000
2024-01-09,49069575,1286.200000
2024-01-10,49069575,1280.800000
2024-01-11,49069575,1282.700000
2024-01-12,49069575,1280.200000
2024-01-15,49069575,1283.000000
2024-01-16,49069575,1287.000000
2024-01-17,49069575,1284.100000
2024-01-18,49069575,1295.600000
2024-01-19,49069575,1282.600000
2024-01-22,49069575,1285.600000
2024-01-23,49069575,1272.300000
2024-01-24,49069575,1277.700000
2024-01-25,49069575,1274.600000
2024-01-26,49069575,1279.100000
2024-01-29,49069575,1275.800000
2024-01-30,49069575,1274.800000
2024-01-31,49069575,1268.100000
2024-02-01,49069575,1265.300000
2024-02-02,49069575,1267.700000
2024-02-05,49069575,1245.700000
2024-02-06,49069575,1223.800000
2024-02-07,49069575,1201.700000
2024-02-08,49069575,1203.900000
2024-02-19,49069575,1219.700000
2024-02-20,49069575,1219.700000
2024-02-21,49069575,1217.600000
2024-02-22,49069575,1228.300000
2024-02-23,49069575,1232.900000
2024-02-26,49069575,1235.100000
2024-02-27,49069575,1238.100000
2024-02-28,49069575,1218.300000
2024-02-29,49069575,1230.700000
2024-03-01,49069575,1229.200000
2024-03-04,49069575,1232.300000
2024-03-05,49069575,1231.400000
2024-03-06,49069575,1231.900000
2024-03-07,49069575,1232.700000
2024-03-08,49069575,1235.200000
2024-03-11,49069575,1237.500000
2024-03-12,49069575,1239.700000
2024-03-13,49069575,1238.500000
2024-03-14,49069575,1241.900000
2024-03-15,49069575,1240.900000
2024-03-18,49069575,1240.800000
2024-03-19,49069575,1240.200000
2024-03-20,49069575,1245.800000
2024-03-21,49069575,1247.300000
2024-03-22,49069575,1247.600000
2024-03-25,49069575,1244.600000
2024-03-26,49069575,1250.300000
2024-03-27,49069575,1244.100000
2024-03-28,49069575,1253.500000
2024-03-29,49069575,1257.800000
2024-04-01,49069575,1257.500000
2024-04-02,49069575,1259.300000
2024-04-03,49069575,1257.700000
2024-04-08,49069575,1256.400000
2024-04-09,49069575,1259.400000
2024-04-10,49069575,1256.200000
2024-04-11,49069575,1255.100000
2024-04-12,49069575,1256.700000
2024-04-15,49069575,1250.800000
2024-04-16,49069575,1233.000000
2024-04-17,49069575,1246.000000
2024-04-18,49069575,1239.100000
2024-04-19,49069575,1244.200000
2024-04-22,49069575,1240.700000
2024-04-23,49069575,1247.000000
2024-04-24,49069575,1250.100000
2024-04-25,49069575,1250.500000
2024-04-26,49069575,1244.100000
2024-04-29,49069575,1240.100000
2024-04-30,49069575,1242.800000
2024-05-06,49069575,1245.500000
2024-05-07,49069575,1249.400000
2024-05-08,49069575,1250.700000
2024-05-09,49069575,1248.500000
2024-05-10,49069575,1249.600000
2024-05-13,49069575,1246.700000
2024-05-14,49069575,1249.100000
2024-05-15,49069575,1249.600000
2024-05-16,49069575,1253.500000
2024-05-17,49069575,1255.800000
2024-05-20,49069575,1252.600000
2024-05-21,49069575,1254.500000
2024-05-22,49069575,1254.400000
2024-05-23,49069575,1255.600000
2024-05-24,49069575,1253.800000
2024-05-27,49069575,1259.000000
2024-05-28,49069575,1257.300000
2024-05-29,49069575,1257.600000
2024-05-30,49069575,1254.000000
2024-05-31,49069575,1254.100000
2024-06-03,49069575,1257.200000
2024-06-04,49069575,1248.300000
2024-06-05,49069575,1242.200000
2024-06-06,49069575,1238.000000
2024-06-07,49069575,1245.600000
2024-06-11,49069575,1243.800000
2024-06-12,49069575,1248.200000
2024-06-13,49069575,1247.300000
2024-06-14,49069575,1245.300000
2024-06-17,49069575,1243.300000
2024-06-18,49069575,1246.700000
2024-06-19,49069575,1248.600000
2024-06-20,49069575,1248.400000
2024-06-21,49069575,1248.700000
2024-06-24,49069575,1245.300000
2024-06-25,49069575,1252.300000
2024-06-26,49069575,1254.500000
2024-06-27,49069575,1253.900000
2024-06-28,49069575,1256.600000
2024-07-01,49069575,1257.500000
2024-07-02,49069575,1260.400000
2024-07-03,49069575,1258.700000
2024-07-04,49069575,1257.800000
2024-07-05,49069575,1258.600000
2024-07-08,49069575,1258.700000
2024-07-09,49069575,1255.300000
2024-07-10,49069575,1253.600000
2024-07-11,49069575,1258.200000
2024-07-12,49069575,1256.400000
2024-07-15,49069575,1258.600000
2024-07-16,49069575,1259.200000
2024-07-17,49069575,1255.100000
2024-07-18,49069575,1254.900000
2024-07-19,49069575,1255.100000
2024-07-22,49069575,1256.800000
2024-07-23,49069575,1252.700000
2024-07-24,49069575,1256.100000
2024-07-25,49069575,1257.400000
2024-07-26,49069575,1258.000000
2024-07-29,49069575,1259.200000
2024-07-30,49069575,1259.900000
2024-07-31,49069575,1252.500000
2024-08-01,49069575,1254.500000
2024-08-02,49069575,1255.300000
2024-08-05,49069575,1253.200000
2024-08-06,49069575,1260.700000
2024-08-07,49069575,1259.900000
2024-08-08,49069575,1256.500000
2024-08-09,49069575,1258.500000
2024-08-12,49069575,1258.200000
2024-08-13,49069575,1263.600000
2024-08-14,49069575,1261.200000
2024-08-15,49069575,1264.200000
2024-08-16,49069575,1263.500000
2024-08-19,49069575,1261.700000
2024-08-20,49069575,1264.300000
2024-08-21,49069575,1262.700000
2024-08-22,49069575,1263.300000
2024-08-23,49069575,1260.800000
2024-08-26,49069575,1264.500000
2024-08-27,49069575,1261.500000
2024-08-28,49069575,1261.800000
2024-08-29,49069575,1257.300000
2024-08-30,49069575,1253.700000
2024-09-02,49069575,1258.600000
2024-09-03,49069575,1261.300000
2024-09-04,49069575,1259.000000
2024-09-05,49069575,1260.100000
2024-09-06,49069575,1259.300000
2024-09-09,49069575,1262.400000
2024-09-10,49069575,1263.400000
2024-09-11,49069575,1260.400000
2024-09-12,49069575,1257.100000
2024-09-13,49069575,1256.300000
2024-09-18,49069575,1258.300000
2024-09-19,49069575,1259.600000
2024-09-20,49069575,1262.600000
2024-09-23,49069575,1261.700000
2024-09-24,49069575,1258.400000
2024-09-25,49069575,1254.600000
2024-09-26,49069575,1252.700000
2024-09-27,49069575,1216.900000
2024-09-30,49069575,1221.900000
2024-10-08,49069575,1244.500000
2024-10-09,49069575,1217.900000
2024-10-10,49069575,1237.400000
2024-10-11,49069575,1246.900000
2024-10-14,49069575,1249.900000
2024-10-15,49069575,1244.500000
2024-10-16,49069575,1251.500000
2024-10-17,49069575,1246.500000
2024-10-18,49069575,1226.600000
2024-10-21,49069575,1242.200000
2024-10-22,49069575,1248.200000
2024-10-23,49069575,1246.100000
2024-10-24,49069575,1249.700000
2024-10-25,49069575,1249.200000
2024-10-28,49069575,1255.300000
2024-10-29,49069575,1251.100000
2024-10-30,49069575,1253.000000
2024-10-31,49069575,1248.700000
2024-11-01,49069575,1247.800000
2024-11-04,49069575,1254.400000
2024-11-05,49069575,1248.700000
2024-11-06,49069575,1250.800000
2024-11-07,49069575,1259.500000
2024-11-08,49069575,1256.900000
2024-11-11,49069575,1263.300000
2024-11-12,49069575,1264.600000
2024-11-13,49069575,1265.500000
2024-11-14,49069575,1262.300000
2024-11-15,49069575,1260.000000
2024-11-18,49069575,1268.400000
2024-11-19,49069575,1276.000000
2024-11-20,49069575,1278.100000
2024-11-21,49069575,1281.100000
2024-11-22,49069575,1273.500000
2024-11-25,49069575,1290.100000
2024-11-26,49069575,1287.000000
2024-11-27,49069575,1288.600000
2024-11-28,49069575,1287.100000
2024-11-29,49069575,1286.300000
2024-12-02,49069575,1291.000000
2024-12-03,49069575,1291.600000
2024-12-04,49069575,1294.600000
2024-12-05,49069575,1296.600000
2024-12-06,49069575,1295.100000
2024-12-09,49069575,1301.000000
2024-12-10,49069575,1293.400000
2024-12-11,49069575,1298.300000
2024-12-12,49069575,1300.500000
2024-12-13,49069575,1299.200000
2024-12-16,49069575,1308.900000
2024-12-17,49069575,1297.900000
2024-12-18,49069575,1298.600000
2024-12-19,49069575,1298.100000
2024-12-20,49069575,1298.500000
2024-12-23,49069575,1289.600000
2024-12-24,49069575,1293.100000
2024-12-25,49069575,1289.600000
2024-12-26,49069575,1288.100000
2024-12-27,49069575,1291.300000
2024-12-30,49069575,1289.900000
2024-12-31,49069575,1291.300000
2025-01-02,49069575,1297.200000
2025-01-03,49069575,1287.900000
2025-01-06,49069575,1291.600000
2025-01-07,49069575,1298.500000
2025-01-08,49069575,1297.000000
2025-01-09,49069575,1301.100000
2025-01-10,49069575,1293.500000
2025-01-13,49069575,1297.200000
2025-01-14,49069575,1301.400000
2025-01-15,49069575,1303.100000
2025-01-16,49069575,1306.300000
2025-01-17,49069575,1300.400000
2025-01-20,49069575,1303.500000
2025-01-21,49069575,1303.300000
2025-01-22,49069575,1300.900000
2025-01-23,49069575,1300.800000
2025-01-24,49069575,1298.800000
2025-01-27,49069575,1300.100000
2025-02-05,49069575,1305.300000
2025-02-06,49069575,1304.500000
2025-02-07,49069575,1307.900000
2025-02-10,49069575,1310.000000
2025-02-11,49069575,1310.600000
2025-02-12,49069575,1312.100000
2025-02-13,49069575,1305.400000
2025-02-14,49069575,1307.600000
2025-02-17,49069575,1317.700000
2025-02-18,49069575,1310.000000
2025-02-19,49069575,1312.700000
2025-02-20,49069575,1316.200000
2025-02-21,49069575,1312.400000
2025-02-24,49069575,1321.200000
2025-02-25,49069575,1319.500000
2025-02-26,49069575,1326.600000
2025-02-27,49069575,1326.700000
2025-02-28,49069575,1318.400000
2025-03-03,49069575,1321.700000
2025-03-04,49069575,1325.600000
2025-03-05,49069575,1330.200000
2025-03-06,49069575,1327.500000
2025-03-07,49069575,1330.200000
2025-03-10,49069575,1334.600000
2025-03-11,49069575,1335.600000
2025-03-12,49069575,1334.000000
2025-03-13,49069575,1335.800000
2025-03-14,49069575,1331.700000
2025-03-17,49069575,1334.200000
2025-03-18,49069575,1335.800000
2025-03-19,49069575,1336.700000
2025-03-20,49069575,1338.200000
2025-03-21,49069575,1340.900000
2025-03-24,49069575,1340.400000
2025-03-25,49069575,1338.000000
2025-03-26,49069575,1338.600000
2025-03-27,49069575,1336.000000
2025-03-28,49069575,1334.200000
2025-03-31,49069575,1336.700000
2025-04-01,49069575,1337.300000
2025-04-02,49069575,1337.200000
2025-04-03,49069575,1337.100000
2025-04-07,49069575,1336.300000
2025-04-08,49069575,1342.000000
2025-04-09,49069575,1335.500000
2025-04-10,49069575,1337.500000
2025-04-11,49069575,1338.300000
2025-04-14,49069575,1345.200000
2025-04-15,49069575,1347.800000
2025-04-16,49069575,1347.000000
2025-04-17,49069575,1341.500000
2025-04-18,49069575,1343.000000
2025-04-21,49069575,1345.400000
2025-04-22,49069575,1345.000000
2025-04-23,49069575,1348.600000
2025-04-24,49069575,1347.900000
2025-04-25,49069575,1348.100000
2025-04-28,49069575,1347.100000
2025-04-29,49069575,1348.400000
2025-04-30,49069575,1349.100000
2025-05-06,49069575,1352.400000
2025-05-07,49069575,1355.900000
2025-05-08,49069575,1355.400000
2025-05-09,49069575,1355.600000
2025-05-12,49069575,1356.400000
2025-05-13,49069575,1358.000000
2025-05-14,49069575,1356.900000
2025-05-15,49069575,1357.500000
2025-05-16,49069575,1360.700000
2025-05-19,49069575,1363.100000
2025-05-20,49069575,1364.700000
2025-05-21,49069575,1364.100000
2025-05-22,49069575,1363.500000
2025-05-23,49069575,1362.000000
2025-05-26,49069575,1364.900000
2025-05-27,49069575,1365.000000
2025-05-28,49069575,1366.200000
2025-05-29,49069575,1363.800000
2025-05-30,49069575,1362.500000
2025-06-03,49069575,1364.000000
2025-06-04,49069575,1365.700000
2025-06-05,49069575,1364.700000
2025-06-06,49069575,1365.300000
2025-06-09,49069575,1365.200000
2025-06-10,49069575,1366.400000
2025-06-11,49069575,1365.400000
2025-06-12,49069575,1368.100000
2025-06-13,49069575,1365.300000
2025-06-16,49069575,1366.100000
2025-06-17,49069575,1367.000000
2025-06-18,49069575,1365.900000
2025-06-19,49069575,1364.300000
2025-06-20,49069575,1362.100000
2025-06-23,49069575,1363.300000
2025-06-24,49069575,1364.200000
2025-06-25,49069575,1360.800000
2025-06-26,49069575,1359.600000
2025-06-27,49069575,1361.600000
2025-06-30,49069575,1365.700000
2025-07-01,49069575,1369.800000
2025-07-02,49069575,1369.200000
2025-07-03,49069575,1370.800000
2025-07-04,49069575,1369.500000
2025-07-07,49069575,1372.900000
2025-07-08,49069575,1370.200000
2025-07-09,49069575,1370.600000
2025-07-10,49069575,1371.200000
2025-07-11,49069575,1366.400000
2025-07-14,49069575,1372.400000
2025-07-15,49069575,1371.800000
2025-07-16,49069575,1372.500000
2025-07-17,49069575,1371.000000
2025-07-18,49069575,1370.300000
2025-07-21,49069575,1372.900000
2025-07-22,49069575,1373.200000
2025-07-23,49069575,1369.000000
2025-07-24,49069575,1367.400000
2025-07-25,49069575,1368.100000
2025-07-28,49069575,1372.100000
2025-07-29,49069575,1372.500000
2025-07-30,49069575,1373.100000
2025-07-31,49069575,1373.900000
2025-08-01,49069575,1375.600000
2025-08-04,49069575,1376.200000
2025-08-05,49069575,1378.200000
2025-08-06,49069575,1374.000000
2025-08-07,49069575,1377.600000
2025-08-08,49069575,1379.300000
2025-08-11,49069575,1378.000000
2025-08-12,49069575,1376.100000
2025-08-13,49069575,1370.900000
2025-08-14,49069575,1362.500000
2025-08-15,49069575,1363.300000
2025-08-18,49069575,1363.400000
2025-08-19,49069575,1367.200000
2025-08-20,49069575,1370.300000
2025-08-21,49069575,1371.400000
2025-08-22,49069575,1363.100000
2025-08-25,49069575,1361.800000
2025-08-26,49069575,1360.900000
2025-08-27,49069575,1349.300000
2025-08-28,49069575,1363.100000
2025-08-29,49069575,1357.000000
2025-09-01,49069575,1360.100000
2025-09-02,49069575,1360.500000
2025-09-03,49069575,1357.300000
2025-09-04,49069575,1365.100000
2025-09-05,49069575,1359.900000
2025-09-08,49069575,1364.000000
2025-09-09,49069575,1365.100000
2025-09-10,49069575,1364.700000
2025-09-11,49069575,1362.800000
2025-09-12,49069575,1359.700000
2025-09-15,49069575,1362.000000
2025-09-16,49069575,1364.700000
2025-09-17,49069575,1361.600000
2025-09-18,49069575,1365.000000
2025-09-19,49069575,1359.700000
2025-09-22,49069575,1364.500000
2025-09-23,49069575,1368.300000
2025-09-24,49069575,1359.800000
2025-09-25,49069575,1355.400000
2025-09-26,49069575,1355.000000
2025-09-29,49069575,1353.200000
2025-09-30,49069575,1351.300000
2025-10-09,49069575,1350.800000
2025-10-10,49069575,1357.000000
2025-10-13,49069575,1359.300000
2025-10-14,49069575,1362.600000
2025-10-15,49069575,1365.100000
2025-10-16,49069575,1366.300000
2025-10-17,49069575,1361.900000
2025-10-20,49069575,1367.800000
2025-10-21,49069575,1367.100000
2025-10-22,49069575,1368.100000
2025-10-23,49069575,1371.900000
2025-10-24,49069575,1367.400000
2025-10-27,49069575,1367.900000
2025-10-28,49069575,1366.900000
2025-10-29,49069575,1365.200000
2025-10-30,49069575,1362.600000
2025-10-31,49069575,1362.000000
2025-11-03,49069575,1369.200000
2025-11-04,49069575,1376.200000
2025-11-05,49069575,1375.300000
2025-11-06,49069575,1375.200000
2025-11-07,49069575,1374.300000
2025-11-10,49069575,1378.100000
2025-11-11,49069575,1379.800000
2025-11-12,49069575,1379.900000
2025-11-13,49069575,1381.700000
2025-11-14,49069575,1379.400000
2025-11-17,49069575,1384.700000
2025-11-18,49069575,1382.900000
2025-11-19,49069575,1378.400000
2025-11-20,49069575,1377.500000
2025-11-21,49069575,1368.500000
2025-11-24,49069575,1368.400000
2025-11-25,49069575,1375.400000
2025-11-26,49069575,1374.100000
2025-11-27,49069575,1376.500000
2025-11-28,49069575,1381.900000
2025-12-01,49069575,1383.000000
2025-12-02,49069575,1382.800000
2025-12-03,49069575,1380.600000
2025-12-04,49069575,1374.100000
2025-12-05,49069575,1374.700000
2025-12-08,49069575,1377.600000
2025-12-09,49069575,1378.000000
2025-12-10,49069575,1377.900000
2025-12-11,49069575,1371.800000
2025-12-12,49069575,1369.400000
2025-12-15,49069575,1370.200000
2025-12-16,49069575,1367.600000
2025-12-17,49069575,1367.900000
2025-12-18,49069575,1367.300000
2025-12-19,49069575,1368.900000
2025-12-22,49069575,1369.900000
2025-12-23,49069575,1371.100000
2025-12-24,49069575,1369.400000
2025-12-25,49069575,1368.200000
2025-12-26,49069575,1367.800000
2025-12-29,49069575,1370.300000
2025-12-30,49069575,1365.800000
2025-12-31,49069575,1370.400000
2026-01-05,49069575,1366.100000
2026-01-06,49069575,1367.000000
2026-01-07,49069575,1367.400000
2026-01-08,49069575,1370.500000
2026-01-09,49069575,1365.400000
2026-01-12,49069575,1359.800000
2026-01-13,49069575,1360.500000
2026-01-14,49069575,1366.400000
2026-01-15,49069575,1364.100000
2026-01-16,49069575,1361.500000
2026-01-19,49069575,1362.500000
2026-01-20,49069575,1364.600000
2026-01-21,49069575,1360.200000
2026-01-22,49069575,1366.600000
2026-01-23,49069575,1364.000000
2026-01-26,49069575,1365.900000
2026-01-27,49069575,1362.300000
2026-01-28,49069575,1358.100000
2026-01-29,49069575,1356.700000
2026-01-30,49069575,1361.100000
2026-02-02,49069575,1370.100000
2026-02-03,49069575,1371.200000
2026-02-04,49069575,1375.200000
2026-02-05,49069575,1372.300000
2026-02-06,49069575,1372.600000
2026-02-09,49069575,1378.400000
2026-02-10,49069575,1377.600000
2026-02-11,49069575,1375.700000
2026-02-12,49069575,1373.400000
2026-02-13,49069575,1375.100000
2026-02-24,49069575,1381.200000
2026-02-25,49069575,1381.300000
2026-02-26,49069575,1385.500000
2026-02-27,49069575,1387.800000
2026-03-02,49069575,1386.600000
2026-03-03,49069575,1381.500000
2026-03-04,49069575,1386.600000
2026-03-05,49069575,1396.900000
2026-03-06,49069575,1396.200000
2026-03-09,49069575,1395.300000
2026-03-10,49069575,1399.000000
2026-03-11,49069575,1401.000000
2026-03-12,49069575,1401.000000
2026-03-13,49069575,1396.200000
2026-03-16,49069575,1399.100000
2026-03-17,49069575,1393.600000
2026-03-18,49069575,1401.000000
2026-03-19,49069575,1397.300000
2026-03-20,49069575,1384.700000
2026-03-23,49069575,1384.000000
2026-03-24,49069575,1393.100000
2026-03-25,49069575,1397.700000
2026-03-26,49069575,1394.600000
2026-03-27,49069575,1395.800000
2026-03-30,49069575,1398.700000
2026-03-31,49069575,1396.200000
2026-04-01,49069575,1400.200000
2026-04-02,49069575,1403.100000
2026-04-03,49069575,1392.700000
2026-04-07,49069575,1397.200000
2026-04-08,49069575,1396.600000
2026-04-09,49069575,1396.700000
2026-04-10,49069575,1394.000000
2026-04-13,49069575,1398.200000
2026-04-14,49069575,1401.700000
2026-04-15,49069575,1394.000000
2026-04-16,49069575,1395.600000
2026-04-17,49069575,1395.400000
2026-04-20,49069575,1398.600000
2026-04-21,49069575,1399.100000
2026-04-22,49069575,1398.300000
2026-04-23,49069575,1395.500000
2026-04-24,49069575,1392.800000
2026-04-27,49069575,1398.800000
2026-04-28,49069575,1399.800000
2026-04-29,49069575,1397.500000
2026-04-30,49069575,1399.300000
2026-05-06,49069575,1398.000000
2026-05-07,49069575,1401.600000
2026-05-08,49069575,1406.600000
2026-05-11,49069575,1409.800000
2026-05-12,49069575,1407.300000
2026-05-13,49069575,1407.200000
2026-05-14,49069575,1400.100000
2026-05-15,49069575,1410.400000
2026-05-18,49069575,1413.900000
2026-05-19,49069575,1414.400000
2026-05-20,49069575,1416.000000
2026-05-21,49069575,1400.200000
2026-05-22,49069575,1415.900000
2026-05-25,49069575,1417.800000
2026-05-26,49069575,1418.100000
2026-05-27,49069575,1412.700000
2026-05-28,49069575,1414.800000
2026-05-29,49069575,1410.400000
2026-06-01,49069575,1406.000000
2026-06-02,49069575,1405.700000
2026-06-03,49069575,1409.500000
2026-06-04,49069575,1410.200000
2026-06-05,49069575,1410.800000
2026-06-08,49069575,1404.000000
2026-06-09,49069575,1414.200000
2026-06-10,49069575,1410.100000
2026-06-11,49069575,1411.400000
2026-06-12,49069575,1405.800000
2026-06-15,49069575,1416.400000
2026-06-16,49069575,1419.200000
2026-06-17,49069575,1421.800000
2026-06-18,49069575,1416.600000
2026-06-22,49069575,1426.400000
2026-06-23,49069575,1427.500000
2026-06-24,49069575,1425.200000
2026-06-25,49069575,1421.300000
2026-06-26,49069575,1415.600000
2026-06-29,49069575,1413.600000
2026-06-30,49069575,1415.000000
2026-07-01,49069575,1420.800000
2026-07-02,49069575,1413.100000
2026-07-03,49069575,1413.100000
2026-07-06,49069575,1410.300000
2020-01-02,49361940,1000.000000
2020-01-03,49361940,1013.700000
2020-01-06,49361940,1014.200000
2020-01-07,49361940,1023.600000
2020-01-08,49361940,1014.000000
2020-01-09,49361940,1031.300000
2020-01-10,49361940,1032.500000
2020-01-13,49361940,1045.100000
2020-01-14,49361940,1040.500000
2020-01-15,49361940,1041.000000
2020-01-16,49361940,1043.800000
2020-01-17,49361940,1046.400000
2020-01-20,49361940,1052.700000
2020-01-21,49361940,1036.900000
2020-01-22,49361940,1047.600000
2020-01-23,49361940,1016.100000
2020-02-03,49361940,951.700000
2020-02-04,49361940,977.800000
2020-02-05,49361940,991.300000
2020-02-06,49361940,1012.600000
2020-02-07,49361940,1015.600000
2020-02-10,49361940,1021.900000
2020-02-11,49361940,1026.500000
2020-02-12,49361940,1038.500000
2020-02-13,49361940,1034.200000
2020-02-14,49361940,1036.900000
2020-02-17,49361940,1058.200000
2020-02-18,49361940,1060.800000
2020-02-19,49361940,1059.400000
2020-02-20,49361940,1074.500000
2020-02-21,49361940,1079.000000
2020-02-24,49361940,1081.100000
2020-02-25,49361940,1086.100000
2020-02-26,49361940,1065.200000
2020-02-27,49361940,1071.100000
2020-02-28,49361940,1033.800000
2020-03-02,49361940,1061.300000
2020-03-03,49361940,1067.900000
2020-03-04,49361940,1071.200000
2020-03-05,49361940,1086.200000
2020-03-06,49361940,1075.800000
2020-03-09,49361940,1037.500000
2020-03-10,49361940,1055.400000
2020-03-11,49361940,1044.600000
2020-03-12,49361940,1021.300000
2020-03-13,49361940,1012.800000
2020-03-16,49361940,970.700000
2020-03-17,49361940,968.600000
2020-03-18,49361940,952.400000
2020-03-19,49361940,947.400000
2020-03-20,49361940,967.500000
2020-03-23,49361940,937.400000
2020-03-24,49361940,960.800000
2020-03-25,49361940,984.400000
2020-03-26,49361940,981.700000
2020-03-27,49361940,981.600000
2020-03-30,49361940,969.600000
2020-03-31,49361940,978.600000
2020-04-01,49361940,972.100000
2020-04-02,49361940,986.100000
2020-04-03,49361940,982.500000
2020-04-07,49361940,1007.700000
2020-04-08,49361940,1003.100000
2020-04-09,49361940,1012.300000
2020-04-10,49361940,1003.100000
2020-04-13,49361940,1001.300000
2020-04-14,49361940,1016.300000
2020-04-15,49361940,1011.200000
2020-04-16,49361940,1016.100000
2020-04-17,49361940,1022.700000
2020-04-20,49361940,1032.000000
2020-04-21,49361940,1022.500000
2020-04-22,49361940,1032.500000
2020-04-23,49361940,1030.800000
2020-04-24,49361940,1020.600000
2020-04-27,49361940,1028.700000
2020-04-28,49361940,1032.800000
2020-04-29,49361940,1034.400000
2020-04-30,49361940,1042.700000
2020-05-06,49361940,1050.000000
2020-05-07,49361940,1050.500000
2020-05-08,49361940,1062.000000
2020-05-11,49361940,1062.300000
2020-05-12,49361940,1065.200000
2020-05-13,49361940,1070.800000
2020-05-14,49361940,1062.400000
2020-05-15,49361940,1063.200000
2020-05-18,49361940,1067.500000
2020-05-19,49361940,1079.500000
2020-05-20,49361940,1071.900000
2020-05-21,49361940,1063.800000
2020-05-22,49361940,1039.600000
2020-05-25,49361940,1046.500000
2020-05-26,49361940,1062.900000
2020-05-27,49361940,1054.700000
2020-05-28,49361940,1051.300000
2020-05-29,49361940,1063.100000
2020-06-01,49361940,1087.900000
2020-06-02,49361940,1086.700000
2020-06-03,49361940,1089.000000
2020-06-04,49361940,1091.300000
2020-06-05,49361940,1095.300000
2020-06-08,49361940,1092.500000
2020-06-09,49361940,1100.100000
2020-06-10,49361940,1106.800000
2020-06-11,49361940,1097.600000
2020-06-12,49361940,1101.000000
2020-06-15,49361940,1094.300000
2020-06-16,49361940,1115.000000
2020-06-17,49361940,1118.700000
2020-06-18,49361940,1120.300000
2020-06-19,49361940,1132.000000
2020-06-22,49361940,1132.000000
2020-06-23,49361940,1142.900000
2020-06-24,49361940,1143.700000
2020-06-29,49361940,1140.200000
2020-06-30,49361940,1155.300000
2020-07-01,49361940,1162.600000
2020-07-02,49361940,1180.600000
2020-07-03,49361940,1195.000000
2020-07-06,49361940,1234.000000
2020-07-07,49361940,1246.100000
2020-07-08,49361940,1267.900000
2020-07-09,49361940,1292.200000
2020-07-10,49361940,1285.000000
2020-07-13,49361940,1317.500000
2020-07-14,49361940,1300.500000
2020-07-15,49361940,1291.400000
2020-07-16,49361940,1230.900000
2020-07-17,49361940,1246.100000
2020-07-20,49361940,1272.100000
2020-07-21,49361940,1289.900000
2020-07-22,49361940,1291.100000
2020-07-23,49361940,1299.900000
2020-07-24,49361940,1243.100000
2020-07-27,49361940,1246.100000
2020-07-28,49361940,1261.200000
2020-07-29,49361940,1288.300000
2020-07-30,49361940,1286.600000
2020-07-31,49361940,1299.600000
2020-08-03,49361940,1321.700000
2020-08-04,49361940,1320.900000
2020-08-05,49361940,1333.900000
2020-08-06,49361940,1328.000000
2020-08-07,49361940,1314.300000
2020-08-10,49361940,1312.900000
2020-08-11,49361940,1301.300000
2020-08-12,49361940,1283.600000
2020-08-13,49361940,1283.300000
2020-08-14,49361940,1297.000000
2020-08-17,49361940,1316.100000
2020-08-18,49361940,1324.600000
2020-08-19,49361940,1304.700000
2020-08-20,49361940,1291.300000
2020-08-21,49361940,1303.000000
2020-08-24,49361940,1317.900000
2020-08-25,49361940,1315.500000
2020-08-26,49361940,1299.000000
2020-08-27,49361940,1311.200000
2020-08-28,49361940,1332.000000
2020-08-31,49361940,1327.100000
2020-09-01,49361940,1336.800000
2020-09-02,49361940,1340.500000
2020-09-03,49361940,1329.200000
2020-09-04,49361940,1318.000000
2020-09-07,49361940,1289.300000
2020-09-08,49361940,1285.100000
2020-09-09,49361940,1252.300000
2020-09-10,49361940,1244.500000
2020-09-11,49361940,1263.300000
2020-09-14,49361940,1273.700000
2020-09-15,49361940,1284.300000
2020-09-16,49361940,1277.500000
2020-09-17,49361940,1272.400000
2020-09-18,49361940,1289.500000
2020-09-21,49361940,1276.800000
2020-09-22,49361940,1265.400000
2020-09-23,49361940,1274.700000
2020-09-24,49361940,1247.800000
2020-09-25,49361940,1244.000000
2020-09-28,49361940,1243.800000
2020-09-29,49361940,1250.500000
2020-09-30,49361940,1255.500000
2020-10-09,49361940,1287.800000
2020-10-12,49361940,1318.300000
2020-10-13,49361940,1326.100000
2020-10-14,49361940,1322.500000
2020-10-15,49361940,1310.800000
2020-10-16,49361940,1308.900000
2020-10-19,49361940,1294.100000
2020-10-20,49361940,1307.100000
2020-10-21,49361940,1298.700000
2020-10-22,49361940,1291.700000
2020-10-23,49361940,1272.400000
2020-10-26,49361940,1272.900000
2020-10-27,49361940,1279.000000
2020-10-28,49361940,1287.200000
2020-10-29,49361940,1294.700000
2020-10-30,49361940,1274.400000
2020-11-02,49361940,1284.200000
2020-11-03,49361940,1297.200000
2020-11-04,49361940,1304.400000
2020-11-05,49361940,1330.300000
2020-11-06,49361940,1319.900000
2020-11-09,49361940,1340.700000
2020-11-10,49361940,1327.200000
2020-11-11,49361940,1305.700000
2020-11-12,49361940,1317.000000
2020-11-13,49361940,1316.500000
2020-11-16,49361940,1327.200000
2020-11-17,49361940,1315.800000
2020-11-18,49361940,1312.900000
2020-11-19,49361940,1318.500000
2020-11-20,49361940,1329.900000
2020-11-23,49361940,1339.300000
2020-11-24,49361940,1334.400000
2020-11-25,49361940,1312.900000
2020-11-26,49361940,1313.800000
2020-11-27,49361940,1321.100000
2020-11-30,49361940,1314.300000
2020-12-01,49361940,1334.700000
2020-12-02,49361940,1331.800000
2020-12-03,49361940,1333.300000
2020-12-04,49361940,1340.200000
2020-12-07,49361940,1335.100000
2020-12-08,49361940,1336.600000
2020-12-09,49361940,1320.700000
2020-12-10,49361940,1321.600000
2020-12-11,49361940,1312.100000
2020-12-14,49361940,1325.600000
2020-12-15,49361940,1330.000000
2020-12-16,49361940,1333.200000
2020-12-17,49361940,1345.300000
2020-12-18,49361940,1342.700000
2020-12-21,49361940,1362.000000
2020-12-22,49361940,1344.600000
2020-12-23,49361940,1357.100000
2020-12-24,49361940,1349.700000
2020-12-25,49361940,1360.700000
2020-12-28,49361940,1357.900000
2020-12-29,49361940,1351.700000
2020-12-30,49361940,1372.900000
2020-12-31,49361940,1398.100000
2021-01-04,49361940,1424.900000
2021-01-05,49361940,1440.700000
2021-01-06,49361940,1445.800000
2021-01-07,49361940,1453.200000
2021-01-08,49361940,1454.200000
2021-01-11,49361940,1442.700000
2021-01-12,49361940,1470.900000
2021-01-13,49361940,1462.800000
2021-01-14,49361940,1449.100000
2021-01-15,49361940,1446.700000
2021-01-18,49361940,1471.900000
2021-01-19,49361940,1468.900000
2021-01-20,49361940,1491.200000
2021-01-21,49361940,1507.800000
2021-01-22,49361940,1511.900000
2021-01-25,49361940,1526.700000
2021-01-26,49361940,1496.800000
2021-01-27,49361940,1494.000000
2021-01-28,49361940,1453.300000
2021-01-29,49361940,1443.500000
2021-02-01,49361940,1464.800000
2021-02-02,49361940,1489.100000
2021-02-03,49361940,1485.400000
2021-02-04,49361940,1473.600000
2021-02-05,49361940,1462.600000
2021-02-08,49361940,1480.100000
2021-02-09,49361940,1509.600000
2021-02-10,49361940,1530.800000
2021-02-18,49361940,1534.800000
2021-02-19,49361940,1542.900000
2021-02-22,49361940,1511.000000
2021-02-23,49361940,1506.000000
2021-02-24,49361940,1469.800000
2021-02-25,49361940,1473.400000
2021-02-26,49361940,1444.000000
2021-03-01,49361940,1474.000000
2021-03-02,49361940,1462.200000
2021-03-03,49361940,1482.000000
2021-03-04,49361940,1439.600000
2021-03-05,49361940,1436.200000
2021-03-08,49361940,1393.300000
2021-03-09,49361940,1371.700000
2021-03-10,49361940,1377.700000
2021-03-11,49361940,1407.400000
2021-03-12,49361940,1406.100000
2021-03-15,49361940,1388.600000
2021-03-16,49361940,1401.700000
2021-03-17,49361940,1409.900000
2021-03-18,49361940,1419.700000
2021-03-19,49361940,1396.800000
2021-03-22,49361940,1409.600000
2021-03-23,49361940,1391.600000
2021-03-24,49361940,1368.800000
2021-03-25,49361940,1368.700000
2021-03-26,49361940,1393.900000
2021-03-29,49361940,1395.900000
2021-03-30,49361940,1405.500000
2021-03-31,49361940,1398.300000
2021-04-01,49361940,1416.100000
2021-04-02,49361940,1425.200000
2021-04-06,49361940,1425.700000
2021-04-07,49361940,1418.500000
2021-04-08,49361940,1420.900000
2021-04-09,49361940,1409.600000
2021-04-12,49361940,1384.100000
2021-04-13,49361940,1380.600000
2021-04-14,49361940,1396.400000
2021-04-15,49361940,1392.900000
2021-04-16,49361940,1401.700000
2021-04-19,49361940,1427.100000
2021-04-20,49361940,1426.500000
2021-04-21,49361940,1426.800000
2021-04-22,49361940,1432.000000
2021-04-23,49361940,1441.100000
2021-04-26,49361940,1434.700000
2021-04-27,49361940,1436.500000
2021-04-28,49361940,1444.000000
2021-04-29,49361940,1445.900000
2021-04-30,49361940,1442.100000
2021-05-06,49361940,1432.200000
2021-05-07,49361940,1411.300000
2021-05-10,49361940,1412.600000
2021-05-11,49361940,1409.600000
2021-05-12,49361940,1420.700000
2021-05-13,49361940,1407.400000
2021-05-14,49361940,1427.600000
2021-05-17,49361940,1444.000000
2021-05-18,49361940,1450.500000
2021-05-19,49361940,1451.000000
2021-05-20,49361940,1451.600000
2021-05-21,49361940,1445.900000
2021-05-24,49361940,1450.200000
2021-05-25,49361940,1476.600000
2021-05-26,49361940,1478.000000
2021-05-27,49361940,1487.400000
2021-05-28,49361940,1481.200000
2021-05-31,49361940,1500.300000
2021-06-01,49361940,1509.000000
2021-06-02,49361940,1494.700000
2021-06-03,49361940,1485.900000
2021-06-04,49361940,1490.500000
2021-06-07,49361940,1494.300000
2021-06-08,49361940,1483.900000
2021-06-09,49361940,1484.900000
2021-06-10,49361940,1496.300000
2021-06-11,49361940,1489.300000
2021-06-15,49361940,1480.300000
2021-06-16,49361940,1450.800000
2021-06-17,49361940,1466.200000
2021-06-18,49361940,1478.600000
2021-06-21,49361940,1487.000000
2021-06-22,49361940,1493.900000
2021-06-23,49361940,1506.800000
2021-06-24,49361940,1504.200000
2021-06-25,49361940,1518.000000
2021-06-28,49361940,1527.900000
2021-06-29,49361940,1517.400000
2021-06-30,49361940,1528.400000
2021-07-01,49361940,1523.600000
2021-07-02,49361940,1497.400000
2021-07-05,49361940,1504.600000
2021-07-06,49361940,1494.500000
2021-07-07,49361940,1514.300000
2021-07-08,49361940,1501.700000
2021-07-09,49361940,1507.400000
2021-07-12,49361940,1531.300000
2021-07-13,49361940,1538.000000
2021-07-14,49361940,1526.500000
2021-07-15,49361940,1536.300000
2021-07-16,49361940,1525.900000
2021-07-19,49361940,1521.400000
2021-07-20,49361940,1521.100000
2021-07-21,49361940,1539.700000
2021-07-22,49361940,1546.700000
2021-07-23,49361940,1527.200000
2021-07-26,49361940,1487.400000
2021-07-27,49361940,1436.300000
2021-07-28,49361940,1437.400000
2021-07-29,49361940,1482.900000
2021-07-30,49361940,1480.400000
2021-08-02,49361940,1507.500000
2021-08-03,49361940,1497.000000
2021-08-04,49361940,1521.400000
2021-08-05,49361940,1513.400000
2021-08-06,49361940,1509.100000
2021-08-09,49361940,1518.500000
2021-08-10,49361940,1533.700000
2021-08-11,49361940,1533.500000
2021-08-12,49361940,1528.800000
2021-08-13,49361940,1521.900000
2021-08-16,49361940,1509.900000
2021-08-17,49361940,1475.700000
2021-08-18,49361940,1483.900000
2021-08-19,49361940,1484.400000
2021-08-20,49361940,1467.500000
2021-08-23,49361940,1498.200000
2021-08-24,49361940,1518.300000
2021-08-25,49361940,1526.000000
2021-08-26,49361940,1504.900000
2021-08-27,49361940,1510.500000
2021-08-30,49361940,1517.800000
2021-08-31,49361940,1516.500000
2021-09-01,49361940,1509.900000
2021-09-02,49361940,1517.200000
2021-09-03,49361940,1507.700000
2021-09-06,49361940,1529.400000
2021-09-07,49361940,1546.300000
2021-09-08,49361940,1542.000000
2021-09-09,49361940,1534.500000
2021-09-10,49361940,1543.400000
2021-09-13,49361940,1534.200000
2021-09-14,49361940,1525.100000
2021-09-15,49361940,1517.400000
2021-09-16,49361940,1488.000000
2021-09-17,49361940,1497.700000
2021-09-22,49361940,1492.300000
2021-09-23,49361940,1500.800000
2021-09-24,49361940,1491.700000
2021-09-27,49361940,1479.000000
2021-09-28,49361940,1480.300000
2021-09-29,49361940,1456.100000
2021-09-30,49361940,1476.300000
2021-10-08,49361940,1475.000000
2021-10-11,49361940,1474.300000
2021-10-12,49361940,1453.400000
2021-10-13,49361940,1469.400000
2021-10-14,49361940,1471.700000
2021-10-15,49361940,1479.300000
2021-10-18,49361940,1480.200000
2021-10-19,49361940,1493.700000
2021-10-20,49361940,1496.100000
2021-10-21,49361940,1492.900000
2021-10-22,49361940,1493.500000
2021-10-25,49361940,1504.200000
2021-10-26,49361940,1499.800000
2021-10-27,49361940,1485.100000
2021-10-28,49361940,1471.100000
2021-10-29,49361940,1484.300000
2021-11-01,49361940,1484.400000
2021-11-02,49361940,1471.900000
2021-11-03,49361940,1470.500000
2021-11-04,49361940,1486.600000
2021-11-05,49361940,1472.200000
2021-11-08,49361940,1474.000000
2021-11-09,49361940,1485.000000
2021-11-10,49361940,1485.800000
2021-11-11,49361940,1499.600000
2021-11-12,49361940,1509.600000
2021-11-15,49361940,1502.500000
2021-11-16,49361940,1502.300000
2021-11-17,49361940,1513.700000
2021-11-18,49361940,1505.000000
2021-11-19,49361940,1518.700000
2021-11-22,49361940,1532.600000
2021-11-23,49361940,1528.100000
2021-11-24,49361940,1526.600000
2021-11-25,49361940,1528.000000
2021-11-26,49361940,1520.800000
2021-11-29,49361940,1526.500000
2021-11-30,49361940,1522.800000
2021-12-01,49361940,1521.000000
2021-12-02,49361940,1513.900000
2021-12-03,49361940,1522.300000
2021-12-06,49361940,1503.200000
2021-12-07,49361940,1500.200000
2021-12-08,49361940,1521.200000
2021-12-09,49361940,1533.200000
2021-12-10,49361940,1532.500000
2021-12-13,49361940,1536.600000
2021-12-14,49361940,1529.200000
2021-12-15,49361940,1517.200000
2021-12-16,49361940,1524.300000
2021-12-17,49361940,1501.600000
2021-12-20,49361940,1476.600000
2021-12-21,49361940,1489.600000
2021-12-22,49361940,1498.900000
2021-12-23,49361940,1506.700000
2021-12-24,49361940,1497.200000
2021-12-27,49361940,1495.900000
2021-12-28,49361940,1502.900000
2021-12-29,49361940,1489.100000
2021-12-30,49361940,1499.200000
2021-12-31,49361940,1510.800000
2022-01-04,49361940,1500.400000
2022-01-05,49361940,1471.000000
2022-01-06,49361940,1469.700000
2022-01-07,49361940,1457.900000
2022-01-10,49361940,1467.600000
2022-01-11,49361940,1456.100000
2022-01-12,49361940,1476.300000
2022-01-13,49361940,1452.600000
2022-01-14,49361940,1453.300000
2022-01-17,49361940,1464.300000
2022-01-18,49361940,1464.000000
2022-01-19,49361940,1453.500000
2022-01-20,49361940,1451.500000
2022-01-21,49361940,1439.700000
2022-01-24,49361940,1439.800000
2022-01-25,49361940,1405.200000
2022-01-26,49361940,1409.300000
2022-01-27,49361940,1379.600000
2022-01-28,49361940,1373.500000
2022-02-07,49361940,1392.500000
2022-02-08,49361940,1386.800000
2022-02-09,49361940,1404.100000
2022-02-10,49361940,1401.200000
2022-02-11,49361940,1383.300000
2022-02-14,49361940,1373.800000
2022-02-15,49361940,1388.400000
2022-02-16,49361940,1395.900000
2022-02-17,49361940,1399.800000
2022-02-18,49361940,1400.000000
2022-02-21,49361940,1399.200000
2022-02-22,49361940,1385.600000
2022-02-23,49361940,1406.100000
2022-02-24,49361940,1380.500000
2022-02-25,49361940,1392.300000
2022-02-28,49361940,1395.100000
2022-03-01,49361940,1400.600000
2022-03-02,49361940,1391.800000
2022-03-03,49361940,1381.000000
2022-03-04,49361940,1364.400000
2022-03-07,49361940,1332.800000
2022-03-08,49361940,1303.000000
2022-03-09,49361940,1294.300000
2022-03-10,49361940,1310.900000
2022-03-11,49361940,1309.000000
2022-03-14,49361940,1269.400000
2022-03-15,49361940,1222.300000
2022-03-16,49361940,1270.600000
2022-03-17,49361940,1299.400000
2022-03-18,49361940,1304.500000
2022-03-21,49361940,1307.200000
2022-03-22,49361940,1309.500000
2022-03-23,49361940,1317.000000
2022-03-24,49361940,1308.300000
2022-03-25,49361940,1288.800000
2022-03-28,49361940,1283.700000
2022-03-29,49361940,1282.800000
2022-03-30,49361940,1306.500000
2022-03-31,49361940,1292.200000
2022-04-01,49361940,1298.600000
2022-04-06,49361940,1297.800000
2022-04-07,49361940,1278.800000
2022-04-08,49361940,1277.100000
2022-04-11,49361940,1241.500000
2022-04-12,49361940,1254.700000
2022-04-13,49361940,1243.900000
2022-04-14,49361940,1254.800000
2022-04-15,49361940,1250.000000
2022-04-18,49361940,1254.500000
2022-04-19,49361940,1248.500000
2022-04-20,49361940,1234.900000
2022-04-21,49361940,1208.700000
2022-04-22,49361940,1205.700000
2022-04-25,49361940,1154.900000
2022-04-26,49361940,1144.500000
2022-04-27,49361940,1172.900000
2022-04-28,49361940,1176.000000
2022-04-29,49361940,1208.000000
2022-05-05,49361940,1209.700000
2022-05-06,49361940,1191.300000
2022-05-09,49361940,1193.200000
2022-05-10,49361940,1203.300000
2022-05-11,49361940,1215.300000
2022-05-12,49361940,1212.500000
2022-05-13,49361940,1223.100000
2022-05-16,49361940,1220.500000
2022-05-17,49361940,1233.200000
2022-05-18,49361940,1233.100000
2022-05-19,49361940,1234.600000
2022-05-20,49361940,1250.500000
2022-05-23,49361940,1250.200000
2022-05-24,49361940,1219.300000
2022-05-25,49361940,1228.600000
2022-05-26,49361940,1232.300000
2022-05-27,49361940,1236.100000
2022-05-30,49361940,1247.900000
2022-05-31,49361940,1265.300000
2022-06-01,49361940,1266.100000
2022-06-02,49361940,1275.700000
2022-06-06,49361940,1298.200000
2022-06-07,49361940,1298.700000
2022-06-08,49361940,1308.300000
2022-06-09,49361940,1293.500000
2022-06-10,49361940,1311.500000
2022-06-13,49361940,1306.400000
2022-06-14,49361940,1307.000000
2022-06-15,49361940,1310.200000
2022-06-16,49361940,1309.200000
2022-06-17,49361940,1323.200000
2022-06-20,49361940,1333.600000
2022-06-21,49361940,1330.000000
2022-06-22,49361940,1316.300000
2022-06-23,49361940,1339.100000
2022-06-24,49361940,1357.400000
2022-06-27,49361940,1372.000000
2022-06-28,49361940,1385.000000
2022-06-29,49361940,1357.100000
2022-06-30,49361940,1372.900000
2022-07-01,49361940,1371.200000
2022-07-04,49361940,1382.800000
2022-07-05,49361940,1378.000000
2022-07-06,49361940,1365.200000
2022-07-07,49361940,1372.400000
2022-07-08,49361940,1368.600000
2022-07-11,49361940,1346.700000
2022-07-12,49361940,1328.900000
2022-07-13,49361940,1333.800000
2022-07-14,49361940,1345.200000
2022-07-15,49361940,1333.400000
2022-07-18,49361940,1348.400000
2022-07-19,49361940,1348.500000
2022-07-20,49361940,1360.100000
2022-07-21,49361940,1351.400000
2022-07-22,49361940,1348.200000
2022-07-25,49361940,1339.000000
2022-07-26,49361940,1350.800000
2022-07-27,49361940,1354.400000
2022-07-28,49361940,1359.300000
2022-07-29,49361940,1346.200000
2022-08-01,49361940,1352.500000
2022-08-02,49361940,1326.000000
2022-08-03,49361940,1318.600000
2022-08-04,49361940,1327.800000
2022-08-05,49361940,1341.600000
2022-08-08,49361940,1346.700000
2022-08-09,49361940,1350.000000
2022-08-10,49361940,1342.800000
2022-08-11,49361940,1360.800000
2022-08-12,49361940,1353.900000
2022-08-15,49361940,1359.300000
2022-08-16,49361940,1364.200000
2022-08-17,49361940,1368.700000
2022-08-18,49361940,1368.400000
2022-08-19,49361940,1353.500000
2022-08-22,49361940,1363.100000
2022-08-23,49361940,1364.700000
2022-08-24,49361940,1330.800000
2022-08-25,49361940,1336.500000
2022-08-26,49361940,1333.900000
2022-08-29,49361940,1335.800000
2022-08-30,49361940,1329.200000
2022-08-31,49361940,1308.300000
2022-09-01,49361940,1299.100000
2022-09-02,49361940,1300.300000
2022-09-05,49361940,1298.900000
2022-09-06,49361940,1315.000000
2022-09-07,49361940,1320.100000
2022-09-08,49361940,1311.500000
2022-09-09,49361940,1319.900000
2022-09-13,49361940,1321.100000
2022-09-14,49361940,1310.100000
2022-09-15,49361940,1285.700000
2022-09-16,49361940,1264.800000
2022-09-19,49361940,1256.400000
2022-09-20,49361940,1266.700000
2022-09-21,49361940,1258.500000
2022-09-22,49361940,1254.900000
2022-09-23,49361940,1239.700000
2022-09-26,49361940,1238.000000
2022-09-27,49361940,1256.700000
2022-09-28,49361940,1230.900000
2022-09-29,49361940,1231.600000
2022-09-30,49361940,1217.500000
2022-10-10,49361940,1195.100000
2022-10-11,49361940,1196.900000
2022-10-12,49361940,1213.500000
2022-10-13,49361940,1212.300000
2022-10-14,49361940,1238.500000
2022-10-17,49361940,1243.100000
2022-10-18,49361940,1250.800000
2022-10-19,49361940,1236.900000
2022-10-20,49361940,1227.500000
2022-10-21,49361940,1230.100000
2022-10-24,49361940,1205.100000
2022-10-25,49361940,1205.700000
2022-10-26,49361940,1222.700000
2022-10-27,49361940,1212.600000
2022-10-28,49361940,1182.300000
2022-10-31,49361940,1179.900000
2022-11-01,49361940,1209.600000
2022-11-02,49361940,1227.200000
2022-11-03,49361940,1227.000000
2022-11-04,49361940,1258.400000
2022-11-07,49361940,1262.000000
2022-11-08,49361940,1254.900000
2022-11-09,49361940,1247.700000
2022-11-10,49361940,1236.000000
2022-11-11,49361940,1255.900000
2022-11-14,49361940,1252.400000
2022-11-15,49361940,1279.000000
2022-11-16,49361940,1271.800000
2022-11-17,49361940,1268.200000
2022-11-18,49361940,1263.900000
2022-11-21,49361940,1260.800000
2022-11-22,49361940,1247.800000
2022-11-23,49361940,1246.500000
2022-11-24,49361940,1249.200000
2022-11-25,49361940,1239.600000
2022-11-28,49361940,1233.700000
2022-11-29,49361940,1258.700000
2022-11-30,49361940,1262.000000
2022-12-01,49361940,1272.700000
2022-12-02,49361940,1271.000000
2022-12-05,49361940,1284.700000
2022-12-06,49361940,1284.200000
2022-12-07,49361940,1279.600000
2022-12-08,49361940,1284.100000
2022-12-09,49361940,1292.300000
2022-12-12,49361940,1282.200000
2022-12-13,49361940,1276.500000
2022-12-14,49361940,1276.800000
2022-12-15,49361940,1274.600000
2022-12-16,49361940,1268.300000
2022-12-19,49361940,1250.800000
2022-12-20,49361940,1236.800000
2022-12-21,49361940,1233.300000
2022-12-22,49361940,1231.400000
2022-12-23,49361940,1226.700000
2022-12-26,49361940,1239.600000
2022-12-27,49361940,1249.400000
2022-12-28,49361940,1245.900000
2022-12-29,49361940,1244.500000
2022-12-30,49361940,1247.800000
2023-01-03,49361940,1263.700000
2023-01-04,49361940,1268.200000
2023-01-05,49361940,1284.600000
2023-01-06,49361940,1287.500000
2023-01-09,49361940,1297.500000
2023-01-10,49361940,1297.900000
2023-01-11,49361940,1293.200000
2023-01-12,49361940,1292.400000
2023-01-13,49361940,1303.000000
2023-01-16,49361940,1313.800000
2023-01-17,49361940,1313.200000
2023-01-18,49361940,1314.500000
2023-01-19,49361940,1322.100000
2023-01-20,49361940,1332.700000
2023-01-30,49361940,1338.000000
2023-01-31,49361940,1332.500000
2023-02-01,49361940,1348.900000
2023-02-02,49361940,1348.900000
2023-02-03,49361940,1342.800000
2023-02-06,49361940,1328.100000
2023-02-07,49361940,1333.300000
2023-02-08,49361940,1327.400000
2023-02-09,49361940,1345.700000
2023-02-10,49361940,1336.000000
2023-02-13,49361940,1348.900000
2023-02-14,49361940,1348.000000
2023-02-15,49361940,1342.600000
2023-02-16,49361940,1328.400000
2023-02-17,49361940,1315.400000
2023-02-20,49361940,1334.400000
2023-02-21,49361940,1333.100000
2023-02-22,49361940,1328.100000
2023-02-23,49361940,1327.100000
2023-02-24,49361940,1316.700000
2023-02-27,49361940,1311.500000
2023-02-28,49361940,1316.800000
2023-03-01,49361940,1333.200000
2023-03-02,49361940,1325.700000
2023-03-03,49361940,1328.100000
2023-03-06,49361940,1329.900000
2023-03-07,49361940,1309.300000
2023-03-08,49361940,1305.900000
2023-03-09,49361940,1303.400000
2023-03-10,49361940,1286.100000
2023-03-13,49361940,1295.900000
2023-03-14,49361940,1282.900000
2023-03-15,49361940,1287.600000
2023-03-16,49361940,1272.500000
2023-03-17,49361940,1280.000000
2023-03-20,49361940,1270.500000
2023-03-21,49361940,1287.200000
2023-03-22,49361940,1291.700000
2023-03-23,49361940,1301.500000
2023-03-24,49361940,1298.200000
2023-03-27,49361940,1295.800000
2023-03-28,49361940,1291.200000
2023-03-29,49361940,1293.600000
2023-03-30,49361940,1297.800000
2023-03-31,49361940,1305.700000
2023-04-03,49361940,1316.900000
2023-04-04,49361940,1314.700000
2023-04-06,49361940,1316.300000
2023-04-07,49361940,1325.900000
2023-04-10,49361940,1315.200000
2023-04-11,49361940,1317.300000
2023-04-12,49361940,1319.300000
2023-04-13,49361940,1312.300000
2023-04-14,49361940,1319.200000
2023-04-17,49361940,1326.100000
2023-04-18,49361940,1324.300000
2023-04-19,49361940,1316.000000
2023-04-20,49361940,1315.300000
2023-04-21,49361940,1287.900000
2023-04-24,49361940,1278.300000
2023-04-25,49361940,1263.200000
2023-04-26,49361940,1267.700000
2023-04-27,49361940,1269.300000
2023-04-28,49361940,1282.200000
2023-05-04,49361940,1279.900000
2023-05-05,49361940,1273.300000
2023-05-08,49361940,1280.300000
2023-05-09,49361940,1264.400000
2023-05-10,49361940,1263.900000
2023-05-11,49361940,1263.000000
2023-05-12,49361940,1250.200000
2023-05-15,49361940,1262.200000
2023-05-16,49361940,1256.900000
2023-05-17,49361940,1254.100000
2023-05-18,49361940,1258.200000
2023-05-19,49361940,1258.300000
2023-05-22,49361940,1263.700000
2023-05-23,49361940,1252.100000
2023-05-24,49361940,1244.000000
2023-05-25,49361940,1239.000000
2023-05-26,49361940,1243.800000
2023-05-29,49361940,1237.200000
2023-05-30,49361940,1242.100000
2023-05-31,49361940,1234.700000
2023-06-01,49361940,1238.500000
2023-06-02,49361940,1253.100000
2023-06-05,49361940,1251.300000
2023-06-06,49361940,1237.500000
2023-06-07,49361940,1238.100000
2023-06-08,49361940,1236.600000
2023-06-09,49361940,1245.100000
2023-06-12,49361940,1248.200000
2023-06-13,49361940,1254.900000
2023-06-14,49361940,1258.400000
2023-06-15,49361940,1271.700000
2023-06-16,49361940,1282.500000
2023-06-19,49361940,1280.400000
2023-06-20,49361940,1277.600000
2023-06-21,49361940,1256.400000
2023-06-26,49361940,1237.100000
2023-06-27,49361940,1250.500000
2023-06-28,49361940,1247.000000
2023-06-29,49361940,1248.400000
2023-06-30,49361940,1257.500000
2023-07-03,49361940,1266.400000
2023-07-04,49361940,1272.400000
2023-07-05,49361940,1261.700000
2023-07-06,49361940,1255.400000
2023-07-07,49361940,1248.300000
2023-07-10,49361940,1250.000000
2023-07-11,49361940,1260.200000
2023-07-12,49361940,1251.900000
2023-07-13,49361940,1267.700000
2023-07-14,49361940,1266.800000
2023-07-17,49361940,1263.000000
2023-07-18,49361940,1257.600000
2023-07-19,49361940,1254.400000
2023-07-20,49361940,1243.200000
2023-07-21,49361940,1242.200000
2023-07-24,49361940,1237.800000
2023-07-25,49361940,1262.300000
2023-07-26,49361940,1256.700000
2023-07-27,49361940,1255.100000
2023-07-28,49361940,1270.100000
2023-07-31,49361940,1275.100000
2023-08-01,49361940,1271.300000
2023-08-02,49361940,1263.100000
2023-08-03,49361940,1265.800000
2023-08-04,49361940,1269.900000
2023-08-07,49361940,1260.500000
2023-08-08,49361940,1255.400000
2023-08-09,49361940,1250.800000
2023-08-10,49361940,1252.100000
2023-08-11,49361940,1233.500000
2023-08-14,49361940,1230.100000
2023-08-15,49361940,1223.800000
2023-08-16,49361940,1213.600000
2023-08-17,49361940,1220.300000
2023-08-18,49361940,1205.000000
2023-08-21,49361940,1193.500000
2023-08-22,49361940,1198.800000
2023-08-23,49361940,1184.200000
2023-08-24,49361940,1192.500000
2023-08-25,49361940,1181.000000
2023-08-28,49361940,1187.200000
2023-08-29,49361940,1213.100000
2023-08-30,49361940,1216.600000
2023-08-31,49361940,1212.100000
2023-09-01,49361940,1214.300000
2023-09-04,49361940,1228.500000
2023-09-05,49361940,1221.000000
2023-09-06,49361940,1222.600000
2023-09-07,49361940,1206.100000
2023-09-08,49361940,1206.500000
2023-09-11,49361940,1216.500000
2023-09-12,49361940,1213.900000
2023-09-13,49361940,1205.100000
2023-09-14,49361940,1201.900000
2023-09-15,49361940,1201.400000
2023-09-18,49361940,1204.300000
2023-09-19,49361940,1199.200000
2023-09-20,49361940,1191.500000
2023-09-21,49361940,1181.700000
2023-09-22,49361940,1200.000000
2023-09-25,49361940,1194.100000
2023-09-26,49361940,1188.200000
2023-09-27,49361940,1193.300000
2023-09-28,49361940,1195.100000
2023-10-09,49361940,1192.100000
2023-10-10,49361940,1188.100000
2023-10-11,49361940,1193.800000
2023-10-12,49361940,1200.900000
2023-10-13,49361940,1191.100000
2023-10-16,49361940,1181.300000
2023-10-17,49361940,1183.800000
2023-10-18,49361940,1171.800000
2023-10-19,49361940,1156.500000
2023-10-20,49361940,1148.600000
2023-10-23,49361940,1136.000000
2023-10-24,49361940,1144.500000
2023-10-25,49361940,1150.800000
2023-10-26,49361940,1151.700000
2023-10-27,49361940,1169.600000
2023-10-30,49361940,1181.200000
2023-10-31,49361940,1174.400000
2023-11-01,49361940,1174.600000
2023-11-02,49361940,1168.300000
2023-11-03,49361940,1182.300000
2023-11-06,49361940,1201.900000
2023-11-07,49361940,1199.300000
2023-11-08,49361940,1199.900000
2023-11-09,49361940,1195.200000
2023-11-10,49361940,1189.000000
2023-11-13,49361940,1193.600000
2023-11-14,49361940,1196.900000
2023-11-15,49361940,1208.800000
2023-11-16,49361940,1197.800000
2023-11-17,49361940,1199.500000
2023-11-20,49361940,1207.800000
2023-11-21,49361940,1202.700000
2023-11-22,49361940,1191.500000
2023-11-23,49361940,1202.200000
2023-11-24,49361940,1191.000000
2023-11-27,49361940,1190.500000
2023-11-28,49361940,1195.800000
2023-11-29,49361940,1187.000000
2023-11-30,49361940,1186.700000
2023-12-01,49361940,1185.600000
2023-12-04,49361940,1178.400000
2023-12-05,49361940,1160.400000
2023-12-06,49361940,1164.100000
2023-12-07,49361940,1160.500000
2023-12-08,49361940,1158.200000
2023-12-11,49361940,1165.000000
2023-12-12,49361940,1168.800000
2023-12-13,49361940,1157.600000
2023-12-14,49361940,1156.000000
2023-12-15,49361940,1154.500000
2023-12-18,49361940,1145.200000
2023-12-19,49361940,1145.100000
2023-12-20,49361940,1135.800000
2023-12-21,49361940,1142.000000
2023-12-22,49361940,1132.900000
2023-12-25,49361940,1134.000000
2023-12-26,49361940,1125.500000
2023-12-27,49361940,1132.100000
2023-12-28,49361940,1150.800000
2023-12-29,49361940,1160.400000
2024-01-02,49361940,1152.500000
2024-01-03,49361940,1148.000000
2024-01-04,49361940,1142.900000
2024-01-05,49361940,1130.900000
2024-01-08,49361940,1112.900000
2024-01-09,49361940,1115.800000
2024-01-10,49361940,1110.800000
2024-01-11,49361940,1121.000000
2024-01-12,49361940,1116.100000
2024-01-15,49361940,1114.700000
2024-01-16,49361940,1111.400000
2024-01-17,49361940,1085.700000
2024-01-18,49361940,1088.800000
2024-01-19,49361940,1080.200000
2024-01-22,49361940,1046.100000
2024-01-23,49361940,1053.800000
2024-01-24,49361940,1065.800000
2024-01-25,49361940,1087.700000
2024-01-26,49361940,1078.600000
2024-01-29,49361940,1065.300000
2024-01-30,49361940,1044.800000
2024-01-31,49361940,1023.700000
2024-02-01,49361940,1021.300000
2024-02-02,49361940,1004.500000
2024-02-05,49361940,984.800000
2024-02-06,49361940,1018.800000
2024-02-07,49361940,1028.100000
2024-02-08,49361940,1048.000000
2024-02-19,49361940,1060.900000
2024-02-20,49361940,1065.800000
2024-02-21,49361940,1074.400000
2024-02-22,49361940,1087.500000
2024-02-23,49361940,1095.100000
2024-02-26,49361940,1097.000000
2024-02-27,49361940,1113.300000
2024-02-28,49361940,1086.300000
2024-02-29,49361940,1106.400000
2024-03-01,49361940,1113.900000
2024-03-04,49361940,1117.700000
2024-03-05,49361940,1108.400000
2024-03-06,49361940,1112.800000
2024-03-07,49361940,1104.600000
2024-03-08,49361940,1113.900000
2024-03-11,49361940,1126.200000
2024-03-12,49361940,1134.800000
2024-03-13,49361940,1135.800000
2024-03-14,49361940,1132.000000
2024-03-15,49361940,1136.000000
2024-03-18,49361940,1148.100000
2024-03-19,49361940,1140.300000
2024-03-20,49361940,1145.700000
2024-03-21,49361940,1146.700000
2024-03-22,49361940,1133.400000
2024-03-25,49361940,1122.800000
2024-03-26,49361940,1122.000000
2024-03-27,49361940,1105.400000
2024-03-28,49361940,1116.000000
2024-03-29,49361940,1122.800000
2024-04-01,49361940,1136.700000
2024-04-02,49361940,1138.400000
2024-04-03,49361940,1135.100000
2024-04-08,49361940,1121.800000
2024-04-09,49361940,1128.600000
2024-04-10,49361940,1122.100000
2024-04-11,49361940,1124.900000
2024-04-12,49361940,1118.200000
2024-04-15,49361940,1118.400000
2024-04-16,49361940,1092.900000
2024-04-17,49361940,1115.000000
2024-04-18,49361940,1116.100000
2024-04-19,49361940,1109.600000
2024-04-22,49361940,1109.200000
2024-04-23,49361940,1108.600000
2024-04-24,49361940,1121.500000
2024-04-25,49361940,1123.000000
2024-04-26,49361940,1141.000000
2024-04-29,49361940,1154.400000
2024-04-30,49361940,1151.800000
2024-05-06,49361940,1175.900000
2024-05-07,49361940,1177.200000
2024-05-08,49361940,1165.900000
2024-05-09,49361940,1181.500000
2024-05-10,49361940,1183.500000
2024-05-13,49361940,1181.300000
2024-05-14,49361940,1182.700000
2024-05-15,49361940,1177.400000
2024-05-16,49361940,1179.900000
2024-05-17,49361940,1189.200000
2024-05-20,49361940,1195.100000
2024-05-21,49361940,1182.600000
2024-05-22,49361940,1182.000000
2024-05-23,49361940,1166.100000
2024-05-24,49361940,1155.000000
2024-05-27,49361940,1166.600000
2024-05-28,49361940,1160.400000
2024-05-29,49361940,1158.800000
2024-05-30,49361940,1152.400000
2024-05-31,49361940,1151.300000
2024-06-03,49361940,1151.800000
2024-06-04,49361940,1158.900000
2024-06-05,49361940,1149.100000
2024-06-06,49361940,1142.000000
2024-06-07,49361940,1141.300000
2024-06-11,49361940,1138.000000
2024-06-12,49361940,1140.900000
2024-06-13,49361940,1140.200000
2024-06-14,49361940,1141.000000
2024-06-17,49361940,1139.100000
2024-06-18,49361940,1142.700000
2024-06-19,49361940,1142.600000
2024-06-20,49361940,1132.500000
2024-06-21,49361940,1128.300000
2024-06-24,49361940,1111.800000
2024-06-25,49361940,1109.600000
2024-06-26,49361940,1121.000000
2024-06-27,49361940,1104.900000
2024-06-28,49361940,1109.300000
2024-07-01,49361940,1114.400000
2024-07-02,49361940,1110.400000
2024-07-03,49361940,1109.700000
2024-07-04,49361940,1101.700000
2024-07-05,49361940,1104.400000
2024-07-08,49361940,1089.900000
2024-07-09,49361940,1101.100000
2024-07-10,49361940,1095.700000
2024-07-11,49361940,1112.900000
2024-07-12,49361940,1115.300000
2024-07-15,49361940,1107.200000
2024-07-16,49361940,1106.500000
2024-07-17,49361940,1099.300000
2024-07-18,49361940,1102.200000
2024-07-19,49361940,1098.100000
2024-07-22,49361940,1100.300000
2024-07-23,49361940,1078.900000
2024-07-24,49361940,1068.200000
2024-07-25,49361940,1059.900000
2024-07-26,49361940,1067.500000
2024-07-29,49361940,1065.200000
2024-07-30,49361940,1058.800000
2024-07-31,49361940,1086.200000
2024-08-01,49361940,1081.200000
2024-08-02,49361940,1069.100000
2024-08-05,49361940,1051.400000
2024-08-06,49361940,1058.400000
2024-08-07,49361940,1062.200000
2024-08-08,49361940,1064.000000
2024-08-09,49361940,1062.900000
2024-08-12,49361940,1062.000000
2024-08-13,49361940,1065.600000
2024-08-14,49361940,1056.600000
2024-08-15,49361940,1060.900000
2024-08-16,49361940,1063.100000
2024-08-19,49361940,1064.800000
2024-08-20,49361940,1054.400000
2024-08-21,49361940,1052.000000
2024-08-22,49361940,1046.800000
2024-08-23,49361940,1045.700000
2024-08-26,49361940,1048.400000
2024-08-27,49361940,1044.500000
2024-08-28,49361940,1040.400000
2024-08-29,49361940,1048.300000
2024-08-30,49361940,1061.700000
2024-09-02,49361940,1045.100000
2024-09-03,49361940,1050.200000
2024-09-04,49361940,1043.400000
2024-09-05,49361940,1046.000000
2024-09-06,49361940,1036.200000
2024-09-09,49361940,1027.100000
2024-09-10,49361940,1027.400000
2024-09-11,49361940,1027.600000
2024-09-12,49361940,1024.700000
2024-09-13,49361940,1021.800000
2024-09-18,49361940,1024.400000
2024-09-19,49361940,1036.600000
2024-09-20,49361940,1036.800000
2024-09-23,49361940,1035.800000
2024-09-24,49361940,1070.700000
2024-09-25,49361940,1076.800000
2024-09-26,49361940,1117.200000
2024-09-27,49361940,1165.700000
2024-09-30,49361940,1251.600000
2024-10-08,49361940,1310.800000
2024-10-09,49361940,1243.500000
2024-10-10,49361940,1253.300000
2024-10-11,49361940,1228.600000
2024-10-14,49361940,1242.400000
2024-10-15,49361940,1213.700000
2024-10-16,49361940,1213.900000
2024-10-17,49361940,1205.200000
2024-10-18,49361940,1247.000000
2024-10-21,49361940,1250.800000
2024-10-22,49361940,1259.200000
2024-10-23,49361940,1264.800000
2024-10-24,49361940,1254.400000
2024-10-25,49361940,1265.900000
2024-10-28,49361940,1273.200000
2024-10-29,49361940,1261.700000
2024-10-30,49361940,1254.500000
2024-10-31,49361940,1255.600000
2024-11-01,49361940,1248.600000
2024-11-04,49361940,1265.400000
2024-11-05,49361940,1295.000000
2024-11-06,49361940,1290.100000
2024-11-07,49361940,1318.400000
2024-11-08,49361940,1313.200000
2024-11-11,49361940,1325.900000
2024-11-12,49361940,1307.200000
2024-11-13,49361940,1309.000000
2024-11-14,49361940,1282.700000
2024-11-15,49361940,1267.300000
2024-11-18,49361940,1257.200000
2024-11-19,49361940,1273.100000
2024-11-20,49361940,1286.000000
2024-11-21,49361940,1283.500000
2024-11-22,49361940,1249.700000
2024-11-25,49361940,1250.500000
2024-11-26,49361940,1243.700000
2024-11-27,49361940,1266.100000
2024-11-28,49361940,1257.000000
2024-11-29,49361940,1271.600000
2024-12-02,49361940,1284.800000
2024-12-03,49361940,1286.800000
2024-12-04,49361940,1278.900000
2024-12-05,49361940,1280.100000
2024-12-06,49361940,1293.300000
2024-12-09,49361940,1301.400000
2024-12-10,49361940,1303.400000
2024-12-11,49361940,1310.000000
2024-12-12,49361940,1321.000000
2024-12-13,49361940,1297.600000
2024-12-16,49361940,1286.000000
2024-12-17,49361940,1274.600000
2024-12-18,49361940,1282.500000
2024-12-19,49361940,1284.300000
2024-12-20,49361940,1290.800000
2024-12-23,49361940,1277.900000
2024-12-24,49361940,1291.500000
2024-12-25,49361940,1286.100000
2024-12-26,49361940,1293.700000
2024-12-27,49361940,1293.600000
2024-12-30,49361940,1293.300000
2024-12-31,49361940,1277.400000
2025-01-02,49361940,1253.000000
2025-01-03,49361940,1239.200000
2025-01-06,49361940,1236.400000
2025-01-07,49361940,1240.200000
2025-01-08,49361940,1233.900000
2025-01-09,49361940,1237.200000
2025-01-10,49361940,1221.300000
2025-01-13,49361940,1218.300000
2025-01-14,49361940,1251.800000
2025-01-15,49361940,1247.800000
2025-01-16,49361940,1252.000000
2025-01-17,49361940,1259.600000
2025-01-20,49361940,1269.700000
2025-01-21,49361940,1276.800000
2025-01-22,49361940,1268.000000
2025-01-23,49361940,1262.000000
2025-01-24,49361940,1278.900000
2025-01-27,49361940,1271.700000
2025-02-05,49361940,1280.300000
2025-02-06,49361940,1302.500000
2025-02-07,49361940,1317.000000
2025-02-10,49361940,1328.400000
2025-02-11,49361940,1320.200000
2025-02-12,49361940,1337.800000
2025-02-13,49361940,1324.900000
2025-02-14,49361940,1346.300000
2025-02-17,49361940,1355.500000
2025-02-18,49361940,1351.300000
2025-02-19,49361940,1369.700000
2025-02-20,49361940,1369.100000
2025-02-21,49361940,1397.200000
2025-02-24,49361940,1392.300000
2025-02-25,49361940,1380.600000
2025-02-26,49361940,1404.800000
2025-02-27,49361940,1402.500000
2025-02-28,49361940,1362.600000
2025-03-03,49361940,1364.200000
2025-03-04,49361940,1369.800000
2025-03-05,49361940,1387.200000
2025-03-06,49361940,1413.300000
2025-03-07,49361940,1409.600000
2025-03-10,49361940,1401.700000
2025-03-11,49361940,1408.500000
2025-03-12,49361940,1406.100000
2025-03-13,49361940,1393.400000
2025-03-14,49361940,1422.800000
2025-03-17,49361940,1428.000000
2025-03-18,49361940,1441.800000
2025-03-19,49361940,1437.400000
2025-03-20,49361940,1423.100000
2025-03-21,49361940,1396.500000
2025-03-24,49361940,1401.200000
2025-03-25,49361940,1386.900000
2025-03-26,49361940,1391.600000
2025-03-27,49361940,1397.000000
2025-03-28,49361940,1387.900000
2025-03-31,49361940,1374.600000
2025-04-01,49361940,1383.000000
2025-04-02,49361940,1385.200000
2025-04-03,49361940,1368.600000
2025-04-07,49361940,1229.700000
2025-04-08,49361940,1243.200000
2025-04-09,49361940,1263.800000
2025-04-10,49361940,1287.000000
2025-04-11,49361940,1301.100000
2025-04-14,49361940,1317.200000
2025-04-15,49361940,1316.500000
2025-04-16,49361940,1301.900000
2025-04-17,49361940,1308.100000
2025-04-18,49361940,1307.100000
2025-04-21,49361940,1318.000000
2025-04-22,49361940,1326.000000
2025-04-23,49361940,1338.500000
2025-04-24,49361940,1335.600000
2025-04-25,49361940,1336.800000
2025-04-28,49361940,1330.400000
2025-04-29,49361940,1334.100000
2025-04-30,49361940,1340.200000
2025-05-06,49361940,1363.300000
2025-05-07,49361940,1362.200000
2025-05-08,49361940,1368.800000
2025-05-09,49361940,1364.200000
2025-05-12,49361940,1383.500000
2025-05-13,49361940,1376.200000
2025-05-14,49361940,1386.200000
2025-05-15,49361940,1374.300000
2025-05-16,49361940,1373.900000
2025-05-19,49361940,1376.600000
2025-05-20,49361940,1388.800000
2025-05-21,49361940,1395.600000
2025-05-22,49361940,1385.500000
2025-05-23,49361940,1381.000000
2025-05-26,49361940,1375.700000
2025-05-27,49361940,1376.600000
2025-05-28,49361940,1374.000000
2025-05-29,49361940,1389.800000
2025-05-30,49361940,1377.100000
2025-06-03,49361940,1386.500000
2025-06-04,49361940,1398.100000
2025-06-05,49361940,1403.700000
2025-06-06,49361940,1403.000000
2025-06-09,49361940,1416.000000
2025-06-10,49361940,1413.900000
2025-06-11,49361940,1422.600000
2025-06-12,49361940,1424.100000
2025-06-13,49361940,1411.200000
2025-06-16,49361940,1417.800000
2025-06-17,49361940,1410.100000
2025-06-18,49361940,1408.600000
2025-06-19,49361940,1389.500000
2025-06-20,49361940,1388.800000
2025-06-23,49361940,1397.400000
2025-06-24,49361940,1418.900000
2025-06-25,49361940,1432.000000
2025-06-26,49361940,1426.400000
2025-06-27,49361940,1428.200000
2025-06-30,49361940,1435.200000
2025-07-01,49361940,1438.200000
2025-07-02,49361940,1434.700000
2025-07-03,49361940,1443.400000
2025-07-04,49361940,1440.600000
2025-07-07,49361940,1438.300000
2025-07-08,49361940,1452.300000
2025-07-09,49361940,1447.100000
2025-07-10,49361940,1449.900000
2025-07-11,49361940,1456.700000
2025-07-14,49361940,1464.600000
2025-07-15,49361940,1471.800000
2025-07-16,49361940,1473.700000
2025-07-17,49361940,1488.600000
2025-07-18,49361940,1497.400000
2025-07-21,49361940,1507.300000
2025-07-22,49361940,1513.800000
2025-07-23,49361940,1517.400000
2025-07-24,49361940,1534.800000
2025-07-25,49361940,1532.000000
2025-07-28,49361940,1541.300000
2025-07-29,49361940,1552.500000
2025-07-30,49361940,1541.900000
2025-07-31,49361940,1524.900000
2025-08-01,49361940,1516.700000
2025-08-04,49361940,1533.400000
2025-08-05,49361940,1548.400000
2025-08-06,49361940,1559.800000
2025-08-07,49361940,1556.800000
2025-08-08,49361940,1552.300000
2025-08-11,49361940,1563.900000
2025-08-12,49361940,1567.900000
2025-08-13,49361940,1593.800000
2025-08-14,49361940,1584.800000
2025-08-15,49361940,1606.700000
2025-08-18,49361940,1626.400000
2025-08-19,49361940,1623.500000
2025-08-20,49361940,1630.900000
2025-08-21,49361940,1628.600000
2025-08-22,49361940,1653.200000
2025-08-25,49361940,1680.100000
2025-08-26,49361940,1675.700000
2025-08-27,49361940,1648.900000
2025-08-28,49361940,1664.900000
2025-08-29,49361940,1673.900000
2025-09-01,49361940,1694.600000
2025-09-02,49361940,1671.900000
2025-09-03,49361940,1662.800000
2025-09-04,49361940,1626.100000
2025-09-05,49361940,1669.600000
2025-09-08,49361940,1682.800000
2025-09-09,49361940,1676.900000
2025-09-10,49361940,1679.700000
2025-09-11,49361940,1703.700000
2025-09-12,49361940,1710.300000
2025-09-15,49361940,1711.300000
2025-09-16,49361940,1719.200000
2025-09-17,49361940,1734.900000
2025-09-18,49361940,1719.900000
2025-09-19,49361940,1718.600000
2025-09-22,49361940,1725.900000
2025-09-23,49361940,1715.000000
2025-09-24,49361940,1734.700000
2025-09-25,49361940,1737.800000
2025-09-26,49361940,1714.500000
2025-09-29,49361940,1740.300000
2025-09-30,49361940,1756.300000
2025-10-09,49361940,1769.200000
2025-10-10,49361940,1733.600000
2025-10-13,49361940,1723.800000
2025-10-14,49361940,1687.000000
2025-10-15,49361940,1716.300000
2025-10-16,49361940,1710.200000
2025-10-17,49361940,1665.300000
2025-10-20,49361940,1681.000000
2025-10-21,49361940,1701.500000
2025-10-22,49361940,1691.900000
2025-10-23,49361940,1691.700000
2025-10-24,49361940,1715.000000
2025-10-27,49361940,1736.200000
2025-10-28,49361940,1723.800000
2025-10-29,49361940,1739.000000
2025-10-30,49361940,1725.400000
2025-10-31,49361940,1712.700000
2025-11-03,49361940,1718.400000
2025-11-04,49361940,1692.600000
2025-11-05,49361940,1698.000000
2025-11-06,49361940,1723.900000
2025-11-07,49361940,1715.000000
2025-11-10,49361940,1728.100000
2025-11-11,49361940,1722.500000
2025-11-12,49361940,1720.900000
2025-11-13,49361940,1741.500000
2025-11-14,49361940,1715.500000
2025-11-17,49361940,1708.800000
2025-11-18,49361940,1686.700000
2025-11-19,49361940,1683.000000
2025-11-20,49361940,1672.900000
2025-11-21,49361940,1626.900000
2025-11-24,49361940,1641.600000
2025-11-25,49361940,1657.900000
2025-11-26,49361940,1662.600000
2025-11-27,49361940,1665.200000
2025-11-28,49361940,1674.600000
2025-12-01,49361940,1685.200000
2025-12-02,49361940,1676.300000
2025-12-03,49361940,1665.800000
2025-12-04,49361940,1670.800000
2025-12-05,49361940,1686.500000
2025-12-08,49361940,1692.900000
2025-12-09,49361940,1680.700000
2025-12-10,49361940,1684.900000
2025-12-11,49361940,1670.200000
2025-12-12,49361940,1686.000000
2025-12-15,49361940,1670.100000
2025-12-16,49361940,1646.300000
2025-12-17,49361940,1670.800000
2025-12-18,49361940,1665.000000
2025-12-19,49361940,1678.500000
2025-12-22,49361940,1695.500000
2025-12-23,49361940,1694.400000
2025-12-24,49361940,1704.100000
2025-12-25,49361940,1709.900000
2025-12-26,49361940,1713.200000
2025-12-29,49361940,1703.600000
2025-12-30,49361940,1707.700000
2025-12-31,49361940,1701.400000
2026-01-05,49361940,1741.800000
2026-01-06,49361940,1764.600000
2026-01-07,49361940,1770.000000
2026-01-08,49361940,1764.500000
2026-01-09,49361940,1781.300000
2026-01-12,49361940,1802.400000
2026-01-13,49361940,1793.700000
2026-01-14,49361940,1802.500000
2026-01-15,49361940,1805.300000
2026-01-16,49361940,1805.500000
2026-01-19,49361940,1808.400000
2026-01-20,49361940,1800.300000
2026-01-21,49361940,1817.300000
2026-01-22,49361940,1823.900000
2026-01-23,49361940,1839.600000
2026-01-26,49361940,1831.200000
2026-01-27,49361940,1838.500000
2026-01-28,49361940,1851.400000
2026-01-29,49361940,1843.800000
2026-01-30,49361940,1823.800000
2026-02-02,49361940,1773.300000
2026-02-03,49361940,1803.000000
2026-02-04,49361940,1805.000000
2026-02-05,49361940,1787.800000
2026-02-06,49361940,1783.800000
2026-02-09,49361940,1815.000000
2026-02-10,49361940,1818.700000
2026-02-11,49361940,1819.800000
2026-02-12,49361940,1826.600000
2026-02-13,49361940,1807.900000
2026-02-24,49361940,1823.800000
2026-02-25,49361940,1840.000000
2026-02-26,49361940,1834.300000
2026-02-27,49361940,1841.400000
2026-03-02,49361940,1832.400000
2026-03-03,49361940,1779.900000
2026-03-04,49361940,1767.200000
2026-03-05,49361940,1777.900000
2026-03-06,49361940,1790.700000
2026-03-09,49361940,1777.600000
2026-03-10,49361940,1811.700000
2026-03-11,49361940,1813.700000
2026-03-12,49361940,1802.100000
2026-03-13,49361940,1787.700000
2026-03-16,49361940,1792.300000
2026-03-17,49361940,1769.200000
2026-03-18,49361940,1783.500000
2026-03-19,49361940,1743.100000
2026-03-20,49361940,1725.500000
2026-03-23,49361940,1667.500000
2026-03-24,49361940,1700.800000
2026-03-25,49361940,1722.200000
2026-03-26,49361940,1697.500000
2026-03-27,49361940,1714.000000
2026-03-30,49361940,1710.000000
2026-03-31,49361940,1687.200000
2026-04-01,49361940,1722.100000
2026-04-02,49361940,1700.500000
2026-04-03,49361940,1690.900000
2026-04-07,49361940,1697.000000
2026-04-08,49361940,1757.700000
2026-04-09,49361940,1750.000000
2026-04-10,49361940,1767.300000
2026-04-13,49361940,1766.900000
2026-04-14,49361940,1788.700000
2026-04-15,49361940,1786.500000
2026-04-16,49361940,1814.000000
2026-04-17,49361940,1815.500000
2026-04-20,49361940,1824.800000
2026-04-21,49361940,1824.600000
2026-04-22,49361940,1835.800000
2026-04-23,49361940,1815.100000
2026-04-24,49361940,1813.900000
2026-04-27,49361940,1819.400000
2026-04-28,49361940,1803.400000
2026-04-29,49361940,1827.000000
2026-04-30,49361940,1831.100000
2026-05-06,49361940,1861.900000
2026-05-07,49361940,1886.500000
2026-05-08,49361940,1886.200000
2026-05-11,49361940,1909.500000
2026-05-12,49361940,1902.500000
2026-05-13,49361940,1920.900000
2026-05-14,49361940,1891.000000
2026-05-15,49361940,1870.200000
2026-05-18,49361940,1864.500000
2026-05-19,49361940,1876.300000
2026-05-20,49361940,1883.300000
2026-05-21,49361940,1846.000000
2026-05-22,49361940,1877.700000
2026-05-25,49361940,1896.300000
2026-05-26,49361940,1890.400000
2026-05-27,49361940,1868.000000
2026-05-28,49361940,1872.300000
2026-05-29,49361940,1848.900000
2026-06-01,49361940,1838.300000
2026-06-02,49361940,1858.700000
2026-06-03,49361940,1859.900000
2026-06-04,49361940,1852.700000
2026-06-05,49361940,1827.900000
2026-06-08,49361940,1783.900000
2026-06-09,49361940,1814.100000
2026-06-10,49361940,1795.400000
2026-06-11,49361940,1790.600000
2026-06-12,49361940,1806.100000
2026-06-15,49361940,1851.800000
2026-06-16,49361940,1854.000000
2026-06-17,49361940,1866.400000
2026-06-18,49361940,1874.000000
2026-06-22,49361940,1891.000000
2026-06-23,49361940,1850.500000
2026-06-24,49361940,1868.600000
2026-06-25,49361940,1875.700000
2026-06-26,49361940,1831.300000
2026-06-29,49361940,1849.500000
2026-06-30,49361940,1875.500000
2026-07-01,49361940,1874.200000
2026-07-02,49361940,1835.800000
2026-07-03,49361940,1849.200000
2026-07-06,49361940,1842.300000
